open,high,low,close,date
1.95,1.995,1.95,1.95,2018-11-02
2.0,2.0,2.0,2.0,2018-11-01
1.975,1.975,1.95,1.95,2018-10-31
1.95,2.0,1.95,1.96,2018-10-30
1.95,1.995,1.95,1.95,2018-10-29
2.0,2.05,1.95,2.03,2018-10-26
2.06,2.06,2.0,2.01,2018-10-25
1.95,2.04,1.95,2.04,2018-10-24
2.0,2.0,2.0,2.0,2018-10-23
2.0,2.09,2.0,2.0,2018-10-22
2.01,2.05,1.95,2.0,2018-10-19
1.9,2.07,1.9,2.01,2018-10-18
1.955,2.07,1.955,2.07,2018-10-17
1.99,2.05,1.955,2.05,2018-10-16
2.05,2.1,1.995,1.995,2018-10-15
1.955,1.99,1.955,1.99,2018-10-12
2.11,2.11,1.95,2.11,2018-10-11
2.02,2.12,2.0,2.1,2018-10-10
2.05,2.13,2.01,2.13,2018-10-09
2.07,2.07,2.05,2.05,2018-10-08
2.07,2.07,2.07,2.07,2018-10-05
2.1,2.15,2.1,2.1,2018-10-04
2.16,2.16,2.04,2.04,2018-10-03
2.09,2.16,2.03,2.13,2018-10-02
2.06,2.07,2.06,2.06,2018-10-01
2.06,2.11,2.06,2.11,2018-09-28
2.08,2.18,2.07,2.18,2018-09-27
2.06,2.1,2.06,2.09,2018-09-26
2.01,2.19,2.01,2.07,2018-09-25
2.12,2.2,1.94,2.19,2018-09-24
2.09,2.2,2.09,2.1,2018-09-21
2.09,2.09,1.95,1.995,2018-09-20
2.05,2.09,2.04,2.09,2018-09-19
2.09,2.09,2.05,2.06,2018-09-18
2.03,2.09,2.03,2.06,2018-09-17
2.02,2.06,2.01,2.01,2018-09-14
2.05,2.09,2.0,2.02,2018-09-13
2.0,2.03,2.0,2.03,2018-09-12
2.0,2.04,2.0,2.01,2018-09-11
2.0,2.14,2.0,2.03,2018-09-10
2.05,2.09,1.95,2.0,2018-09-07
1.875,2.05,1.755,2.05,2018-09-06
2.14,2.14,1.865,1.885,2018-09-05
2.37,2.37,2.14,2.22,2018-09-04
2.33,2.33,2.33,2.33,2018-09-03
2.32,2.36,2.3,2.33,2018-08-31
2.6,2.74,2.38,2.38,2018-08-30
2.19,2.24,2.12,2.24,2018-08-29
2.13,2.16,2.12,2.15,2018-08-28
2.2,2.2,2.16,2.16,2018-08-27
2.19,2.23,2.13,2.2,2018-08-24
2.2,2.22,2.17,2.22,2018-08-23
2.23,2.23,2.13,2.2,2018-08-22
2.1,2.24,2.1,2.24,2018-08-21
1.98,2.18,1.96,2.18,2018-08-20
1.93,1.975,1.93,1.975,2018-08-17
1.975,1.975,1.9,1.97,2018-08-16
1.85,2.01,1.85,2.0,2018-08-15
1.805,1.83,1.77,1.8,2018-08-14
1.85,1.85,1.78,1.79,2018-08-13
1.745,1.85,1.74,1.85,2018-08-10
1.75,1.75,1.705,1.715,2018-08-09
1.74,1.745,1.7,1.705,2018-08-08
1.745,1.75,1.71,1.74,2018-08-07
1.62,1.745,1.62,1.745,2018-08-06
1.7,1.7,1.7,1.7,2018-08-03
1.765,1.765,1.675,1.695,2018-08-02
1.68,1.77,1.68,1.765,2018-08-01
1.68,1.755,1.67,1.68,2018-07-31
1.645,1.775,1.64,1.68,2018-07-30
1.655,1.655,1.635,1.635,2018-07-27
1.66,1.66,1.65,1.655,2018-07-26
1.67,1.67,1.66,1.66,2018-07-25
1.75,1.75,1.655,1.67,2018-07-24
1.65,1.68,1.65,1.655,2018-07-23
1.64,1.68,1.635,1.635,2018-07-20
1.64,1.66,1.635,1.66,2018-07-19
1.635,1.66,1.635,1.66,2018-07-18
1.66,1.7,1.66,1.7,2018-07-17
1.745,1.745,1.61,1.65,2018-07-16
1.745,1.825,1.745,1.8,2018-07-13
1.745,1.835,1.745,1.755,2018-07-12
1.84,1.84,1.71,1.82,2018-07-11
1.8,1.84,1.7,1.84,2018-07-10
1.77,1.8,1.655,1.795,2018-07-09
1.83,1.83,1.75,1.8,2018-07-06
1.75,1.85,1.7,1.83,2018-07-05
1.52,1.87,1.475,1.78,2018-07-04
1.41,1.615,1.41,1.59,2018-07-03
1.35,1.4,1.35,1.365,2018-07-02
1.35,1.35,1.35,1.35,2018-06-29
1.35,1.36,1.35,1.36,2018-06-28
1.35,1.35,1.35,1.35,2018-06-27
1.35,1.35,1.35,1.35,2018-06-26
1.35,1.35,1.35,1.35,2018-06-23
1.4,1.435,1.35,1.35,2018-06-22
1.4,1.4,1.4,1.4,2018-06-21
1.355,1.4,1.35,1.4,2018-06-20
1.355,1.355,1.35,1.35,2018-06-19
1.35,1.355,1.35,1.355,2018-06-18
1.35,1.4,1.35,1.4,2018-06-15
1.335,1.4,1.335,1.335,2018-06-14
1.335,1.4,1.335,1.395,2018-06-13
1.3,1.42,1.3,1.335,2018-06-12
1.325,1.365,1.255,1.265,2018-06-11
1.325,1.325,1.325,1.325,2018-06-08
1.34,1.38,1.325,1.325,2018-06-07
1.35,1.38,1.35,1.35,2018-06-06
1.35,1.35,1.35,1.35,2018-06-05
1.33,1.39,1.33,1.345,2018-06-04
1.39,1.39,1.305,1.325,2018-06-01
1.395,1.395,1.395,1.395,2018-05-31
1.33,1.33,1.32,1.32,2018-05-30
1.38,1.38,1.33,1.34,2018-05-29
1.36,1.36,1.34,1.34,2018-05-28
1.35,1.355,1.35,1.355,2018-05-25
1.345,1.35,1.34,1.35,2018-05-24
1.36,1.36,1.36,1.36,2018-05-23
1.365,1.365,1.36,1.36,2018-05-22
1.38,1.435,1.32,1.365,2018-05-21
1.4,1.445,1.4,1.4,2018-05-18
1.4,1.42,1.4,1.42,2018-05-17
1.32,1.445,1.32,1.4,2018-05-16
1.44,1.44,1.365,1.365,2018-05-15
1.45,1.45,1.34,1.43,2018-05-14
1.32,1.32,1.32,1.32,2018-05-08
1.32,1.325,1.32,1.325,2018-05-07
1.32,1.335,1.32,1.32,2018-05-04
1.31,1.36,1.31,1.36,2018-05-03
1.3,1.39,1.3,1.37,2018-05-02
1.35,1.35,1.3,1.3,2018-04-30
1.385,1.405,1.385,1.395,2018-04-27
1.385,1.39,1.38,1.38,2018-04-26
1.365,1.365,1.365,1.365,2018-04-24
1.335,1.4,1.335,1.4,2018-04-23
1.49,1.49,1.375,1.38,2018-04-20
1.37,1.37,1.36,1.37,2018-04-19
1.375,1.375,1.365,1.37,2018-04-18
1.335,1.49,1.335,1.365,2018-04-17
1.4,1.405,1.335,1.39,2018-04-16
1.435,1.53,1.435,1.5,2018-04-13
1.435,1.515,1.435,1.5,2018-04-12
1.415,1.515,1.415,1.45,2018-04-11
1.435,1.435,1.39,1.405,2018-04-10
1.5,1.5,1.405,1.405,2018-04-09
1.495,1.59,1.4,1.48,2018-04-06
1.365,1.47,1.365,1.47,2018-04-05
1.4,1.495,1.4,1.415,2018-04-04
1.385,1.505,1.38,1.49,2018-04-03
1.37,1.37,1.33,1.36,2018-03-29
1.37,1.37,1.37,1.37,2018-03-28
1.4,1.55,1.4,1.4,2018-03-27
1.37,1.45,1.355,1.37,2018-03-26
1.37,1.37,1.37,1.37,2018-03-23
1.37,1.37,1.37,1.37,2018-03-22
1.37,1.375,1.37,1.37,2018-03-21
1.38,1.38,1.38,1.38,2018-03-20
1.38,1.4,1.38,1.38,2018-03-19
1.38,1.4,1.38,1.4,2018-03-16
1.36,1.485,1.36,1.415,2018-03-15
1.5,1.505,1.365,1.365,2018-03-14
1.45,1.47,1.33,1.355,2018-03-13
1.4,1.45,1.4,1.45,2018-03-12
1.37,1.4,1.37,1.4,2018-03-09
1.37,1.4,1.37,1.4,2018-03-08
1.37,1.375,1.37,1.375,2018-03-07
1.37,1.4,1.37,1.37,2018-03-06
1.37,1.4,1.37,1.4,2018-03-05
1.37,1.37,1.37,1.37,2018-03-02
1.33,1.5,1.33,1.37,2018-03-01
1.29,1.29,1.29,1.29,2018-02-28
1.35,1.38,1.27,1.29,2018-02-27
1.31,1.325,1.265,1.325,2018-02-26
1.26,1.305,1.26,1.305,2018-02-23
1.255,1.265,1.255,1.265,2018-02-22
1.325,1.325,1.25,1.25,2018-02-21
1.295,1.3,1.25,1.3,2018-02-20
1.3,1.3,1.295,1.295,2018-02-19
1.25,1.3,1.25,1.295,2018-02-16
1.25,1.25,1.25,1.25,2018-02-15
1.255,1.26,1.255,1.26,2018-02-14
1.31,1.32,1.255,1.255,2018-02-12
1.26,1.26,1.245,1.25,2018-02-09
1.26,1.26,1.26,1.26,2018-02-08
1.26,1.265,1.26,1.265,2018-02-07
1.245,1.265,1.245,1.26,2018-02-06
1.32,1.325,1.3,1.3,2018-02-05
1.28,1.3,1.215,1.245,2018-02-02
1.265,1.33,1.265,1.33,2018-02-01
1.34,1.34,1.26,1.265,2018-01-31
1.395,1.395,1.255,1.3,2018-01-30
1.305,1.42,1.3,1.395,2018-01-29
1.35,1.415,1.35,1.37,2018-01-26
1.305,1.365,1.3,1.36,2018-01-25
1.29,1.365,1.29,1.295,2018-01-24
1.22,1.4,1.22,1.365,2018-01-23
1.25,1.29,1.22,1.29,2018-01-22
1.25,1.25,1.22,1.22,2018-01-19
1.22,1.25,1.22,1.25,2018-01-18
1.22,1.27,1.22,1.23,2018-01-17
1.28,1.28,1.23,1.23,2018-01-16
1.235,1.27,1.225,1.27,2018-01-15
1.205,1.245,1.2,1.245,2018-01-12
1.24,1.24,1.185,1.195,2018-01-11
1.2,1.235,1.2,1.23,2018-01-10
1.18,1.245,1.18,1.2,2018-01-09
1.175,1.2,1.175,1.2,2018-01-08
1.14,1.34,1.14,1.18,2018-01-05
1.2,1.3,1.14,1.165,2018-01-04
1.11,1.225,1.11,1.225,2018-01-03
1.1,1.11,1.1,1.11,2018-01-02
1.189,1.189,1.145,1.15,2017-12-29
1.144,1.15,1.144,1.146,2017-12-28
1.124,1.213,1.124,1.213,2017-12-27
1.12,1.18,1.12,1.144,2017-12-22
1.121,1.2,1.121,1.15,2017-12-21
1.2,1.2,1.17,1.17,2017-12-20
1.251,1.251,1.2,1.2,2017-12-19
1.105,1.2,1.105,1.2,2017-12-18
1.13,1.18,1.13,1.18,2017-12-15
1.2,1.2,1.151,1.151,2017-12-14
1.13,1.19,1.13,1.16,2017-12-13
1.11,1.16,1.11,1.13,2017-12-12
1.104,1.11,1.104,1.11,2017-12-11
1.12,1.19,1.104,1.15,2017-12-07
1.12,1.12,1.12,1.12,2017-12-06
1.12,1.2,1.12,1.2,2017-12-05
1.121,1.2,1.121,1.131,2017-12-04
1.104,1.2,1.104,1.2,2017-11-30
1.26,1.26,1.104,1.145,2017-11-29
1.282,1.282,1.22,1.22,2017-11-28
1.101,1.107,1.101,1.107,2017-11-27
1.171,1.173,1.117,1.126,2017-11-24
1.171,1.171,1.171,1.171,2017-11-23
1.17,1.172,1.17,1.172,2017-11-22
1.2,1.2,1.2,1.2,2017-11-21
1.211,1.25,1.202,1.202,2017-11-20
1.211,1.211,1.211,1.211,2017-11-17
1.23,1.25,1.211,1.212,2017-11-16
1.231,1.232,1.226,1.232,2017-11-15
1.213,1.33,1.213,1.217,2017-11-14
1.329,1.329,1.206,1.206,2017-11-13
1.202,1.329,1.202,1.329,2017-11-10
1.285,1.285,1.28,1.28,2017-11-09
1.27,1.344,1.27,1.285,2017-11-08
1.266,1.3,1.266,1.3,2017-11-07
1.32,1.35,1.25,1.35,2017-11-06
1.326,1.327,1.325,1.325,2017-11-03
1.32,1.409,1.32,1.325,2017-11-02
1.342,1.342,1.342,1.342,2017-11-01
1.338,1.4,1.338,1.338,2017-10-31
1.342,1.36,1.342,1.342,2017-10-30
1.462,1.462,1.334,1.336,2017-10-27
1.332,1.469,1.332,1.336,2017-10-26
1.324,1.332,1.324,1.332,2017-10-25
1.45,1.45,1.321,1.323,2017-10-24
1.32,1.486,1.32,1.322,2017-10-23
1.4,1.4,1.312,1.345,2017-10-20
1.4,1.4,1.4,1.4,2017-10-19
1.46,1.46,1.41,1.46,2017-10-18
1.46,1.46,1.46,1.46,2017-10-17
1.45,1.57,1.45,1.46,2017-10-16
1.403,1.435,1.403,1.435,2017-10-13
1.58,1.58,1.56,1.56,2017-10-12
1.58,1.581,1.58,1.58,2017-10-11
1.58,1.581,1.58,1.581,2017-10-10
1.58,1.6,1.58,1.6,2017-10-09
1.6,1.6,1.52,1.58,2017-10-06
1.574,1.615,1.574,1.6,2017-10-05
1.611,1.664,1.611,1.615,2017-10-04
1.64,1.7,1.57,1.61,2017-10-03
1.404,1.56,1.404,1.56,2017-10-02
1.44,1.44,1.4,1.405,2017-09-29
1.456,1.456,1.391,1.408,2017-09-28
1.445,1.519,1.445,1.456,2017-09-27
1.432,1.5,1.432,1.5,2017-09-26
1.421,1.52,1.421,1.462,2017-09-25
1.401,1.5,1.379,1.421,2017-09-22
1.38,1.56,1.38,1.5,2017-09-21
1.37,1.459,1.37,1.374,2017-09-20
1.322,1.4,1.322,1.365,2017-09-19
1.321,1.37,1.311,1.37,2017-09-18
1.312,1.37,1.312,1.37,2017-09-15
1.278,1.5,1.278,1.326,2017-09-14
1.38,1.4,1.252,1.274,2017-09-13
1.27,1.4,1.27,1.4,2017-09-12
1.439,1.439,1.33,1.4,2017-09-11
1.34,1.459,1.34,1.341,2017-09-08
1.251,1.32,1.251,1.32,2017-09-07
1.222,1.3,1.222,1.24,2017-09-06
1.26,1.327,1.26,1.3,2017-09-05
1.178,1.25,1.178,1.25,2017-09-04
1.214,1.25,1.214,1.217,2017-09-01
1.214,1.214,1.214,1.214,2017-08-31
1.212,1.25,1.212,1.214,2017-08-30
1.209,1.241,1.209,1.24,2017-08-29
1.215,1.3,1.215,1.3,2017-08-28
1.3,1.3,1.253,1.256,2017-08-24
1.281,1.31,1.26,1.31,2017-08-23
1.252,1.32,1.252,1.3,2017-08-22
1.299,1.335,1.241,1.28,2017-08-21
1.349,1.349,1.216,1.28,2017-08-18
1.3,1.478,1.3,1.327,2017-08-17
1.124,1.39,1.124,1.39,2017-08-16
1.117,1.117,1.117,1.117,2017-08-15
1.163,1.2,1.163,1.174,2017-08-14
1.125,1.35,1.125,1.35,2017-08-11
1.124,1.194,1.124,1.151,2017-08-10
1.124,1.187,1.124,1.141,2017-08-09
1.092,1.17,1.092,1.17,2017-08-08
1.091,1.164,1.091,1.164,2017-08-07
1.081,1.082,1.081,1.082,2017-08-04
1.12,1.159,1.12,1.13,2017-08-03
1.073,1.15,1.073,1.12,2017-08-02
1.077,1.17,1.076,1.076,2017-08-01
1.073,1.075,1.073,1.075,2017-07-31
1.15,1.159,1.09,1.091,2017-07-28
1.09,1.091,1.09,1.09,2017-07-27
1.091,1.091,1.091,1.091,2017-07-26
1.139,1.16,1.075,1.084,2017-07-25
1.072,1.123,1.072,1.123,2017-07-24
1.104,1.122,1.104,1.122,2017-07-21
1.15,1.159,1.117,1.15,2017-07-20
1.09,1.159,1.09,1.116,2017-07-19
1.12,1.16,1.117,1.117,2017-07-18
1.12,1.122,1.12,1.122,2017-07-17
1.11,1.11,1.11,1.11,2017-07-14
1.1,1.14,1.073,1.14,2017-07-13
1.14,1.15,1.098,1.098,2017-07-12
1.04,1.1,1.04,1.096,2017-07-11
1.04,1.06,1.04,1.06,2017-07-10
1.04,1.065,1.04,1.04,2017-07-07
1.04,1.04,1.04,1.04,2017-07-06
1.04,1.04,1.04,1.04,2017-07-05
1.04,1.04,1.04,1.04,2017-07-04
1.05,1.05,1.04,1.04,2017-07-03
1.04,1.04,1.04,1.04,2017-06-30
1.04,1.04,1.04,1.04,2017-06-29
1.022,1.022,1.022,1.022,2017-06-28
1.021,1.038,1.021,1.022,2017-06-27
1.02,1.02,1.02,1.02,2017-06-26
1.02,1.02,1.02,1.02,2017-06-23
1.02,1.02,1.02,1.02,2017-06-22
1.05,1.05,1.05,1.05,2017-06-21
1.05,1.05,1.05,1.05,2017-06-20
1.03,1.05,1.03,1.05,2017-06-19
1.03,1.03,1.03,1.03,2017-06-16
1.031,1.06,1.03,1.03,2017-06-14
1.03,1.03,1.03,1.03,2017-06-13
1.03,1.032,1.03,1.031,2017-06-12
1.05,1.05,1.05,1.05,2017-06-09
1.055,1.07,1.049,1.05,2017-06-08
1.011,1.07,1.011,1.05,2017-06-07
1.042,1.042,1.003,1.023,2017-06-06
1.05,1.069,1.031,1.05,2017-06-05
1.01,1.069,1.01,1.042,2017-06-02
1.03,1.06,1.03,1.06,2017-06-01
1.046,1.05,1.03,1.04,2017-05-31
1.021,1.021,1.021,1.021,2017-05-30
1.01,1.065,1.01,1.02,2017-05-29
1.04,1.05,1.04,1.04,2017-05-26
1.04,1.07,1.04,1.04,2017-05-25
1.0,1.059,1.0,1.04,2017-05-24
1.03,1.07,1.03,1.03,2017-05-23
1.03,1.04,1.03,1.04,2017-05-22
1.03,1.07,1.03,1.06,2017-05-19
1.05,1.05,1.049,1.05,2017-05-18
1.06,1.079,1.06,1.06,2017-05-17
1.051,1.051,1.05,1.05,2017-05-16
1.061,1.062,1.05,1.051,2017-05-15
1.099,1.1,1.061,1.1,2017-05-12
1.06,1.088,1.06,1.061,2017-05-11
1.06,1.098,1.06,1.07,2017-05-10
1.1,1.1,1.051,1.07,2017-05-09
1.069,1.149,1.051,1.051,2017-05-08
1.04,1.067,1.04,1.067,2017-05-05
1.069,1.069,1.04,1.04,2017-05-04
1.021,1.041,1.021,1.041,2017-05-03
1.055,1.055,1.055,1.055,2017-05-02
1.05,1.056,1.05,1.055,2017-04-28
1.098,1.1,1.05,1.05,2017-04-27
1.05,1.05,1.05,1.05,2017-04-26
1.021,1.06,1.021,1.06,2017-04-25
1.098,1.098,1.031,1.051,2017-04-24
1.03,1.05,1.03,1.05,2017-04-21
1.05,1.05,1.03,1.03,2017-04-20
1.05,1.05,1.021,1.021,2017-04-19
1.051,1.051,1.05,1.05,2017-04-18
1.02,1.065,1.02,1.065,2017-04-13
1.017,1.017,1.017,1.017,2017-04-12
1.017,1.017,1.017,1.017,2017-04-11
1.011,1.018,1.011,1.018,2017-04-10
1.021,1.05,1.02,1.05,2017-04-07
1.012,1.05,1.012,1.05,2017-04-06
1.012,1.05,1.012,1.021,2017-04-05
1.011,1.05,1.011,1.022,2017-04-04
1.0,1.05,1.0,1.013,2017-04-03
1.05,1.051,1.05,1.051,2017-03-31
1.06,1.07,1.051,1.07,2017-03-30
1.06,1.06,1.06,1.06,2017-03-29
1.07,1.07,1.06,1.06,2017-03-28
1.05,1.06,1.05,1.06,2017-03-27
1.05,1.07,1.05,1.05,2017-03-24
1.05,1.059,1.05,1.05,2017-03-23
1.05,1.062,1.05,1.05,2017-03-22
1.051,1.06,1.05,1.05,2017-03-21
1.051,1.051,1.05,1.051,2017-03-20
1.051,1.051,1.051,1.051,2017-03-17
1.051,1.051,1.051,1.051,2017-03-16
1.051,1.052,1.051,1.052,2017-03-15
1.05,1.098,1.05,1.052,2017-03-14
1.051,1.051,1.051,1.051,2017-03-13
1.051,1.061,1.049,1.05,2017-03-10
1.1,1.1,1.046,1.071,2017-03-09
1.07,1.128,1.07,1.128,2017-03-08
1.047,1.128,1.047,1.128,2017-03-07
1.15,1.15,1.052,1.137,2017-03-06
1.05,1.119,1.05,1.096,2017-03-03
1.099,1.099,1.047,1.047,2017-03-02
1.046,1.099,1.046,1.049,2017-03-01
1.099,1.099,1.099,1.099,2017-02-28
1.05,1.05,1.046,1.046,2017-02-27
1.05,1.05,1.05,1.05,2017-02-24
1.051,1.099,1.051,1.099,2017-02-23
1.052,1.052,1.05,1.05,2017-02-22
1.047,1.099,1.047,1.07,2017-02-21
1.049,1.055,1.049,1.055,2017-02-20
1.048,1.088,1.048,1.088,2017-02-17
1.047,1.054,1.047,1.054,2017-02-16
1.045,1.081,1.045,1.081,2017-02-15
1.036,1.13,1.036,1.048,2017-02-14
1.1,1.1,1.076,1.076,2017-02-13
1.05,1.101,1.03,1.1,2017-02-10
1.034,1.089,1.034,1.034,2017-02-09
1.03,1.031,1.023,1.031,2017-02-08
1.06,1.06,1.031,1.031,2017-02-07
1.051,1.051,1.051,1.051,2017-02-06
1.096,1.096,1.05,1.05,2017-02-03
1.05,1.099,1.05,1.05,2017-02-02
1.03,1.098,1.03,1.05,2017-02-01
1.08,1.08,1.04,1.04,2017-01-31
1.07,1.1,1.067,1.08,2017-01-30
1.13,1.15,1.07,1.1,2017-01-27
1.14,1.16,1.12,1.132,2017-01-26
1.14,1.16,1.14,1.16,2017-01-25
1.176,1.19,1.11,1.19,2017-01-24
1.2,1.2,1.19,1.19,2017-01-23
1.18,1.185,1.097,1.184,2017-01-20
1.149,1.2,1.149,1.2,2017-01-19
1.19,1.2,1.161,1.2,2017-01-18
1.1,1.2,1.1,1.19,2017-01-17
1.11,1.147,1.1,1.147,2017-01-16
1.183,1.183,1.1,1.117,2017-01-13
1.199,1.22,1.101,1.183,2017-01-12
1.07,1.2,1.07,1.199,2017-01-11
1.071,1.29,1.07,1.16,2017-01-10
1.0,1.065,1.0,1.065,2017-01-09
0.99,1.05,0.99,1.05,2017-01-06
1.02,1.059,0.983,1.059,2017-01-05
0.972,1.027,0.972,1.026,2017-01-04
0.98,0.992,0.971,0.971,2017-01-03
0.988,0.988,0.971,0.972,2017-01-02
0.98,0.98,0.98,0.98,2016-12-31
0.956,0.992,0.956,0.98,2016-12-30
0.97,0.994,0.97,0.994,2016-12-29
0.98,0.982,0.98,0.98,2016-12-28
0.953,1.029,0.953,0.98,2016-12-27
0.966,0.971,0.966,0.971,2016-12-23
0.97,0.98,0.97,0.98,2016-12-22
0.964,0.973,0.964,0.971,2016-12-21
0.971,0.976,0.971,0.976,2016-12-20
0.971,1.018,0.971,0.977,2016-12-19
0.953,0.962,0.953,0.962,2016-12-16
1.026,1.026,0.965,0.965,2016-12-15
0.956,1.026,0.956,0.956,2016-12-14
0.965,1.01,0.954,1.01,2016-12-13
1.02,1.02,0.971,1.009,2016-12-12
0.973,1.02,0.973,0.978,2016-12-09
0.926,1.025,0.926,0.972,2016-12-08
1.023,1.023,0.943,0.95,2016-12-07
0.936,1.024,0.936,1.02,2016-12-06
0.97,0.97,0.925,0.97,2016-12-05
0.99,0.99,0.97,0.98,2016-12-02
0.97,0.97,0.97,0.97,2016-12-01
0.96,0.96,0.96,0.96,2016-11-30
0.98,0.98,0.952,0.961,2016-11-29
0.951,0.981,0.951,0.98,2016-11-28
0.991,1.028,0.951,1.026,2016-11-25
0.96,0.96,0.96,0.96,2016-11-24
1.03,1.03,0.951,0.953,2016-11-23
1.0,1.029,0.972,1.0,2016-11-22
0.926,1.0,0.926,1.0,2016-11-21
0.932,0.97,0.932,0.949,2016-11-18
0.93,0.956,0.93,0.94,2016-11-17
0.926,0.94,0.926,0.94,2016-11-16
0.975,0.975,0.933,0.94,2016-11-15
0.925,0.935,0.925,0.935,2016-11-14
0.934,0.937,0.934,0.937,2016-11-11
0.93,0.975,0.93,0.975,2016-11-10
0.922,0.95,0.922,0.922,2016-11-09
0.927,0.954,0.927,0.954,2016-11-08
0.97,0.97,0.925,0.927,2016-11-07
0.96,0.97,0.96,0.97,2016-11-04
0.994,1.02,0.95,0.998,2016-11-03
0.938,0.938,0.938,0.938,2016-11-02
0.916,1.0,0.916,0.936,2016-10-31
0.916,0.94,0.916,0.916,2016-10-28
0.916,0.94,0.916,0.929,2016-10-27
0.917,0.924,0.917,0.924,2016-10-26
0.916,0.95,0.916,0.95,2016-10-25
0.917,0.918,0.917,0.918,2016-10-24
0.923,0.923,0.915,0.92,2016-10-21
0.923,0.954,0.923,0.923,2016-10-20
0.922,0.923,0.922,0.922,2016-10-19
0.922,0.95,0.922,0.925,2016-10-18
0.95,0.95,0.922,0.922,2016-10-17
0.922,0.925,0.922,0.925,2016-10-14
0.917,0.918,0.917,0.917,2016-10-13
0.91,0.973,0.91,0.916,2016-10-12
0.911,0.914,0.911,0.914,2016-10-11
0.977,0.977,0.91,0.911,2016-10-10
0.914,0.914,0.914,0.914,2016-10-07
0.915,0.915,0.914,0.914,2016-10-06
0.978,0.978,0.93,0.93,2016-10-05
0.93,0.95,0.93,0.95,2016-10-04
0.933,0.933,0.932,0.932,2016-10-03
0.924,0.932,0.923,0.932,2016-09-30
0.924,0.924,0.924,0.924,2016-09-29
0.931,0.94,0.931,0.94,2016-09-28
0.936,0.936,0.936,0.936,2016-09-27
0.923,0.95,0.923,0.944,2016-09-26
0.931,0.931,0.914,0.922,2016-09-23
0.983,0.985,0.95,0.951,2016-09-22
0.955,0.955,0.95,0.95,2016-09-21
0.951,0.952,0.951,0.951,2016-09-20
0.914,0.941,0.914,0.93,2016-09-16
0.951,0.998,0.921,0.997,2016-09-15
0.915,0.951,0.915,0.925,2016-09-14
0.931,0.997,0.921,0.95,2016-09-13
0.94,0.99,0.914,0.931,2016-09-12
0.964,0.964,0.93,0.93,2016-09-09
0.961,0.998,0.961,0.963,2016-09-08
0.957,0.959,0.957,0.959,2016-09-07
0.951,0.956,0.951,0.956,2016-09-06
0.965,0.965,0.951,0.951,2016-09-05
0.953,0.962,0.953,0.962,2016-09-02
0.961,1.008,0.961,1.008,2016-09-01
0.961,0.99,0.961,0.99,2016-08-31
1.009,1.009,0.962,0.963,2016-08-30
1.005,1.005,0.962,0.962,2016-08-29
0.96,1.005,0.96,1.005,2016-08-26
0.954,1.002,0.954,0.956,2016-08-25
0.951,0.999,0.951,0.955,2016-08-24
0.951,0.952,0.951,0.952,2016-08-23
1.01,1.01,0.951,0.952,2016-08-22
0.951,0.96,0.951,0.96,2016-08-19
0.951,1.01,0.951,0.999,2016-08-18
0.96,0.99,0.951,0.951,2016-08-17
0.952,1.02,0.952,0.957,2016-08-16
0.951,1.018,0.951,1.018,2016-08-12
0.953,0.953,0.953,0.953,2016-08-11
0.951,0.96,0.951,0.96,2016-08-10
0.94,0.952,0.94,0.952,2016-08-09
0.961,0.961,0.961,0.961,2016-08-08
0.922,0.939,0.922,0.939,2016-08-05
0.923,1.0,0.923,0.941,2016-08-04
0.924,0.924,0.924,0.924,2016-08-03
0.955,0.956,0.955,0.955,2016-08-02
0.935,0.935,0.934,0.934,2016-08-01
1.0,1.0,0.926,0.934,2016-07-29
0.957,0.957,0.95,0.95,2016-07-28
0.955,0.955,0.955,0.955,2016-07-27
0.95,0.95,0.95,0.95,2016-07-26
0.94,0.956,0.94,0.956,2016-07-25
0.934,0.94,0.934,0.937,2016-07-22
0.97,0.97,0.932,0.934,2016-07-20
0.916,0.926,0.916,0.921,2016-07-19
0.959,0.961,0.959,0.961,2016-07-18
0.951,0.959,0.945,0.959,2016-07-15
0.946,0.946,0.945,0.945,2016-07-14
0.914,0.98,0.914,0.959,2016-07-13
0.92,0.959,0.92,0.921,2016-07-12
0.92,0.92,0.92,0.92,2016-07-11
0.947,0.959,0.915,0.916,2016-07-08
0.912,0.914,0.912,0.914,2016-07-07
0.948,0.948,0.9,0.947,2016-07-06
0.915,0.915,0.9,0.9,2016-07-05
0.915,0.92,0.915,0.915,2016-07-04
0.915,0.917,0.915,0.916,2016-07-01
0.9,0.949,0.9,0.915,2016-06-29
0.871,0.915,0.871,0.9,2016-06-28
0.9,0.9,0.87,0.888,2016-06-27
0.862,0.871,0.862,0.871,2016-06-24
0.9,0.902,0.9,0.902,2016-06-23
0.891,0.891,0.891,0.891,2016-06-22
0.901,0.92,0.901,0.902,2016-06-21
0.911,0.914,0.911,0.914,2016-06-20
0.904,0.911,0.904,0.911,2016-06-17
0.9,0.941,0.9,0.911,2016-06-16
0.915,0.935,0.846,0.935,2016-06-15
0.792,0.935,0.792,0.935,2016-06-14
0.87,0.88,0.87,0.88,2016-06-13
0.9,0.9,0.87,0.87,2016-06-09
0.921,0.945,0.87,0.9,2016-06-08
0.921,0.921,0.921,0.921,2016-06-07
0.921,0.921,0.921,0.921,2016-06-06
1.022,1.022,0.921,0.921,2016-06-03
0.951,0.971,0.951,0.971,2016-06-02
0.95,1.009,0.95,0.951,2016-06-01
1.036,1.036,0.951,1.0,2016-05-31
1.036,1.07,1.036,1.07,2016-05-30
1.046,1.07,1.036,1.07,2016-05-27
1.035,1.046,1.035,1.036,2016-05-26
0.98,1.035,0.96,1.035,2016-05-25
0.995,1.029,0.961,1.027,2016-05-24
1.01,1.01,1.0,1.01,2016-05-23
1.01,1.03,1.01,1.03,2016-05-20
1.0,1.078,1.0,1.078,2016-05-19
1.069,1.069,0.995,1.0,2016-05-18
1.05,1.07,1.05,1.05,2016-05-17
1.15,1.15,1.05,1.05,2016-05-16
1.149,1.149,1.111,1.149,2016-05-13
1.141,1.148,1.101,1.138,2016-05-12
1.19,1.199,1.121,1.14,2016-05-11
1.08,1.175,1.08,1.127,2016-05-10
1.17,1.2,1.061,1.061,2016-05-09
1.02,1.17,1.02,1.17,2016-05-06
1.11,1.154,1.1,1.125,2016-05-05
1.12,1.168,1.114,1.115,2016-05-04
1.133,1.133,1.133,1.133,2016-05-03
1.15,1.19,1.131,1.19,2016-05-02
1.2,1.2,1.17,1.2,2016-04-29
1.16,1.178,1.15,1.16,2016-04-28
1.2,1.2,1.15,1.15,2016-04-27
1.19,1.235,1.15,1.17,2016-04-26
1.15,1.25,1.15,1.25,2016-04-25
1.15,1.161,1.15,1.161,2016-04-22
1.17,1.21,1.14,1.151,2016-04-21
1.15,1.15,1.12,1.12,2016-04-20
1.211,1.24,1.15,1.154,2016-04-19
1.232,1.232,1.2,1.23,2016-04-18
1.218,1.289,1.218,1.23,2016-04-15
1.231,1.231,1.201,1.217,2016-04-14
1.2,1.297,1.2,1.24,2016-04-13
1.225,1.266,1.225,1.266,2016-04-12
1.232,1.28,1.212,1.225,2016-04-11
1.25,1.297,1.25,1.297,2016-04-08
1.231,1.25,1.231,1.233,2016-04-07
1.3,1.348,1.24,1.24,2016-04-06
1.252,1.348,1.25,1.25,2016-04-05
1.3,1.377,1.231,1.35,2016-04-04
1.2,1.2,1.2,1.2,2016-04-01
1.18,1.298,1.18,1.295,2016-03-31
1.171,1.181,1.171,1.181,2016-03-30
1.2,1.201,1.19,1.201,2016-03-29
1.2,1.2,1.19,1.19,2016-03-24
1.21,1.213,1.2,1.2,2016-03-23
1.223,1.269,1.21,1.231,2016-03-22
1.324,1.324,1.16,1.223,2016-03-21
1.32,1.32,1.264,1.265,2016-03-18
1.252,1.282,1.251,1.282,2016-03-17
1.29,1.29,1.233,1.263,2016-03-16
1.33,1.34,1.286,1.29,2016-03-15
1.348,1.348,1.261,1.329,2016-03-14
1.25,1.349,1.25,1.31,2016-03-11
1.321,1.459,1.305,1.31,2016-03-10
1.205,1.3,1.205,1.26,2016-03-09
1.25,1.25,1.206,1.218,2016-03-08
1.25,1.289,1.181,1.25,2016-03-07
1.12,1.15,1.12,1.15,2016-03-04
1.132,1.135,1.12,1.12,2016-03-03
1.265,1.265,1.12,1.131,2016-03-02
1.15,1.15,1.1,1.13,2016-03-01
1.09,1.15,1.09,1.15,2016-02-29
1.129,1.19,1.111,1.131,2016-02-26
1.087,1.088,1.087,1.088,2016-02-25
1.082,1.129,1.082,1.086,2016-02-24
1.085,1.13,1.08,1.082,2016-02-23
1.08,1.1,1.08,1.1,2016-02-22
1.085,1.119,1.084,1.119,2016-02-19
1.09,1.12,1.08,1.087,2016-02-18
1.13,1.14,1.07,1.08,2016-02-17
1.17,1.184,1.1,1.184,2016-02-16
1.122,1.17,1.06,1.17,2016-02-15
1.18,1.2,1.12,1.2,2016-02-12
1.25,1.25,1.151,1.18,2016-02-11
1.2,1.28,1.18,1.25,2016-02-10
1.17,1.199,1.15,1.18,2016-02-09
1.15,1.2,1.1,1.154,2016-02-08
1.096,1.1,1.096,1.1,2016-02-05
1.09,1.09,1.09,1.09,2016-02-04
1.091,1.091,1.083,1.09,2016-02-03
1.11,1.14,1.061,1.14,2016-02-02
1.101,1.2,1.101,1.106,2016-02-01
1.065,1.103,1.065,1.101,2016-01-29
1.08,1.116,1.08,1.116,2016-01-28
1.072,1.2,1.072,1.14,2016-01-27
1.101,1.18,1.06,1.121,2016-01-26
1.101,1.18,1.101,1.18,2016-01-25
1.101,1.22,1.101,1.18,2016-01-22
1.115,1.16,1.115,1.16,2016-01-21
1.1,1.2,1.1,1.17,2016-01-20
0.971,1.05,0.971,1.05,2016-01-19
1.041,1.05,1.041,1.05,2016-01-18
1.05,1.05,1.041,1.041,2016-01-15
1.042,1.189,1.042,1.05,2016-01-14
1.05,1.05,1.05,1.05,2016-01-13
1.11,1.115,1.041,1.041,2016-01-12
1.221,1.221,1.1,1.11,2016-01-11
1.22,1.248,1.22,1.22,2016-01-08
1.152,1.2,1.15,1.19,2016-01-07
1.081,1.13,1.07,1.13,2016-01-06
1.076,1.13,1.076,1.09,2016-01-05
1.06,1.138,1.06,1.076,2016-01-04
0.985,1.04,0.985,1.04,2015-12-31
0.972,0.976,0.972,0.976,2015-12-30
0.97,0.972,0.97,0.972,2015-12-29
0.99,1.03,0.99,1.0,2015-12-28
1.0,1.02,1.0,1.02,2015-12-23
0.971,1.02,0.971,1.02,2015-12-22
1.01,1.011,1.0,1.0,2015-12-21
1.023,1.023,1.001,1.01,2015-12-18
0.962,0.975,0.942,0.975,2015-12-17
0.942,0.963,0.942,0.962,2015-12-16
1.02,1.04,1.0,1.04,2015-12-15
1.021,1.04,1.021,1.03,2015-12-14
1.11,1.17,1.11,1.13,2015-12-11
1.185,1.209,1.185,1.185,2015-12-10
1.33,1.33,1.183,1.183,2015-12-09
1.201,1.261,1.201,1.261,2015-12-08
1.21,1.278,1.21,1.278,2015-12-07
1.348,1.381,1.24,1.3,2015-12-04
1.401,1.549,1.37,1.45,2015-12-03
1.098,1.4,1.098,1.348,2015-12-02
0.98,1.098,0.98,1.098,2015-12-01
0.96,0.96,0.96,0.96,2015-11-30
1.094,1.094,1.01,1.01,2015-11-27
0.951,0.96,0.95,0.95,2015-11-26
0.98,1.05,0.98,1.0,2015-11-25
0.927,0.927,0.912,0.923,2015-11-24
0.907,1.065,0.907,0.926,2015-11-23
0.901,1.035,0.901,1.035,2015-11-20
0.901,0.903,0.901,0.903,2015-11-19
0.89,0.896,0.89,0.896,2015-11-18
0.922,0.922,0.851,0.911,2015-11-16
0.939,0.94,0.939,0.94,2015-11-13
1.028,1.028,0.93,0.938,2015-11-12
0.922,0.935,0.922,0.935,2015-11-11
1.03,1.03,1.03,1.03,2015-11-10
1.022,1.022,1.022,1.022,2015-11-09
1.021,1.021,1.021,1.021,2015-11-06
1.016,1.02,1.016,1.02,2015-11-05
1.098,1.1,1.015,1.05,2015-11-04
1.03,1.03,0.97,0.986,2015-11-03
1.03,1.03,1.003,1.003,2015-11-02
1.002,1.021,1.002,1.019,2015-10-30
1.0,1.005,1.0,1.005,2015-10-29
1.106,1.108,1.001,1.06,2015-10-28
1.06,1.1,1.06,1.06,2015-10-27
1.06,1.11,1.06,1.06,2015-10-26
1.062,1.062,1.062,1.062,2015-10-23
1.063,1.08,1.06,1.062,2015-10-22
1.09,1.1,1.09,1.096,2015-10-21
1.081,1.081,1.081,1.081,2015-10-20
1.078,1.081,1.078,1.081,2015-10-19
1.075,1.114,1.075,1.114,2015-10-16
1.072,1.076,1.072,1.075,2015-10-15
1.06,1.09,1.06,1.061,2015-10-14
1.002,1.06,1.002,1.06,2015-10-13
1.086,1.138,1.07,1.07,2015-10-12
1.08,1.089,1.065,1.065,2015-10-09
1.011,1.09,1.011,1.07,2015-10-08
1.03,1.087,1.03,1.087,2015-10-07
1.044,1.069,1.001,1.029,2015-10-06
1.052,1.089,1.015,1.086,2015-10-05
1.002,1.09,1.002,1.054,2015-10-02
0.965,1.098,0.965,1.098,2015-10-01
0.9,0.989,0.9,0.935,2015-09-30
0.85,0.998,0.85,0.9,2015-09-29
0.9,0.9,0.9,0.9,2015-09-28
0.9,0.9,0.836,0.86,2015-09-25
0.9,0.9,0.842,0.862,2015-09-24
0.89,0.898,0.832,0.898,2015-09-23
0.817,0.861,0.817,0.861,2015-09-22
0.881,0.881,0.88,0.88,2015-09-21
0.865,0.942,0.865,0.88,2015-09-18
0.84,0.939,0.84,0.893,2015-09-17
0.834,0.899,0.832,0.899,2015-09-16
0.831,0.899,0.83,0.899,2015-09-15
0.812,0.823,0.812,0.823,2015-09-14
0.84,0.9,0.84,0.841,2015-09-11
0.828,0.83,0.828,0.83,2015-09-10
0.9,0.9,0.827,0.829,2015-09-09
0.811,0.9,0.811,0.822,2015-09-08
0.811,0.811,0.811,0.811,2015-09-07
0.811,0.811,0.811,0.811,2015-09-04
0.81,0.889,0.81,0.81,2015-09-03
0.81,0.81,0.81,0.81,2015-09-02
0.84,0.84,0.81,0.81,2015-09-01
0.84,0.84,0.84,0.84,2015-08-31
0.9,0.9,0.8,0.84,2015-08-28
0.8,0.903,0.8,0.903,2015-08-27
0.8,0.81,0.8,0.801,2015-08-26
0.78,0.92,0.78,0.791,2015-08-25
0.946,0.946,0.8,0.8,2015-08-24
0.83,0.86,0.83,0.86,2015-08-21
0.831,0.831,0.83,0.83,2015-08-20
0.823,0.84,0.823,0.84,2015-08-19
0.851,0.861,0.851,0.855,2015-08-18
0.852,0.92,0.852,0.877,2015-08-17
0.99,0.99,0.833,0.85,2015-08-14
0.907,0.907,0.901,0.901,2015-08-13
0.901,0.91,0.9,0.91,2015-08-12
0.95,0.95,0.901,0.901,2015-08-11
0.93,0.93,0.901,0.901,2015-08-10
0.901,0.901,0.901,0.901,2015-08-07
0.92,0.925,0.9,0.925,2015-08-06
0.92,0.92,0.92,0.92,2015-08-05
0.927,0.93,0.92,0.93,2015-08-04
0.933,0.947,0.926,0.931,2015-08-03
0.936,0.936,0.936,0.936,2015-07-31
0.93,0.947,0.93,0.936,2015-07-30
0.963,0.963,0.931,0.934,2015-07-29
0.937,0.941,0.93,0.935,2015-07-28
0.935,0.967,0.935,0.95,2015-07-27
0.934,0.989,0.934,0.955,2015-07-24
0.935,0.97,0.934,0.935,2015-07-23
0.974,0.974,0.949,0.949,2015-07-22
0.951,0.951,0.951,0.951,2015-07-21
0.949,0.955,0.949,0.955,2015-07-20
0.96,0.985,0.948,0.949,2015-07-17
0.915,0.976,0.915,0.971,2015-07-16
0.94,0.94,0.914,0.94,2015-07-15
0.931,0.978,0.931,0.935,2015-07-14
0.93,0.95,0.93,0.95,2015-07-13
0.886,0.956,0.886,0.956,2015-07-10
0.954,0.956,0.887,0.915,2015-07-09
0.882,0.956,0.882,0.882,2015-07-08
0.882,0.882,0.881,0.881,2015-07-07
0.9,0.9,0.899,0.899,2015-07-06
0.903,0.903,0.902,0.902,2015-07-03
0.902,0.958,0.902,0.902,2015-07-02
0.901,0.902,0.901,0.901,2015-07-01
0.911,0.965,0.911,0.911,2015-06-30
0.95,0.969,0.9,0.91,2015-06-29
0.95,0.95,0.95,0.95,2015-06-26
1.0,1.0,0.95,0.959,2015-06-25
1.0,1.0,0.99,0.99,2015-06-24
0.986,1.02,0.986,1.0,2015-06-23
1.021,1.021,0.95,0.972,2015-06-22
1.001,1.011,1.0,1.0,2015-06-19
1.001,1.001,1.0,1.0,2015-06-18
0.99,1.01,0.99,1.0,2015-06-17
1.049,1.049,0.999,0.999,2015-06-16
1.1,1.1,0.99,1.033,2015-06-15
1.08,1.125,1.08,1.08,2015-06-12
1.032,1.08,1.032,1.08,2015-06-11
1.061,1.074,1.033,1.036,2015-06-10
1.077,1.077,1.027,1.04,2015-06-09
1.12,1.12,1.0,1.003,2015-06-08
1.127,1.127,1.077,1.086,2015-06-05
1.144,1.144,1.05,1.086,2015-06-04
1.19,1.191,1.145,1.15,2015-06-03
1.121,1.187,1.121,1.187,2015-06-02
1.185,1.254,1.113,1.244,2015-06-01
1.249,1.35,1.185,1.185,2015-05-29
1.26,1.331,1.201,1.27,2015-05-28
1.26,1.27,1.26,1.26,2015-05-27
1.257,1.26,1.255,1.26,2015-05-26
1.399,1.399,1.267,1.291,2015-05-25
1.28,1.3,1.28,1.3,2015-05-22
1.256,1.3,1.255,1.3,2015-05-21
1.3,1.3,1.255,1.296,2015-05-20
1.4,1.4,1.255,1.3,2015-05-19
1.6,1.6,1.391,1.4,2015-05-18
1.527,1.68,1.527,1.58,2015-05-15
1.549,1.589,1.495,1.57,2015-05-14
1.47,1.598,1.47,1.491,2015-05-13
1.469,1.496,1.4,1.491,2015-05-12
1.447,1.45,1.401,1.42,2015-05-11
1.28,1.4,1.2,1.39,2015-05-08
1.2,1.25,1.2,1.25,2015-05-07
1.28,1.28,1.17,1.201,2015-05-06
1.371,1.371,1.27,1.3,2015-05-05
1.433,1.469,1.35,1.37,2015-05-04
1.43,1.464,1.43,1.44,2015-04-30
1.45,1.46,1.43,1.431,2015-04-29
1.42,1.43,1.42,1.43,2015-04-28
1.48,1.48,1.401,1.467,2015-04-27
1.48,1.48,1.376,1.47,2015-04-24
1.43,1.48,1.43,1.48,2015-04-23
1.46,1.48,1.415,1.45,2015-04-22
1.463,1.485,1.449,1.455,2015-04-21
1.5,1.52,1.451,1.485,2015-04-20
1.467,1.6,1.467,1.571,2015-04-17
1.428,1.47,1.428,1.467,2015-04-16
1.395,1.468,1.395,1.432,2015-04-15
1.421,1.45,1.421,1.422,2015-04-14
1.415,1.42,1.415,1.42,2015-04-13
1.411,1.42,1.411,1.42,2015-04-10
1.42,1.46,1.41,1.411,2015-04-09
1.411,1.421,1.411,1.421,2015-04-08
1.45,1.45,1.41,1.411,2015-04-07
1.41,1.451,1.41,1.451,2015-04-02
1.382,1.46,1.382,1.46,2015-04-01
1.42,1.42,1.387,1.4,2015-03-31
1.384,1.459,1.384,1.411,2015-03-30
1.4,1.41,1.383,1.385,2015-03-27
1.42,1.42,1.41,1.41,2015-03-26
1.402,1.404,1.401,1.401,2015-03-25
1.456,1.471,1.412,1.412,2015-03-24
1.452,1.51,1.42,1.51,2015-03-23
1.5,1.554,1.5,1.55,2015-03-20
1.5,1.5,1.48,1.5,2015-03-19
1.48,1.5,1.48,1.5,2015-03-18
1.504,1.56,1.5,1.5,2015-03-17
1.599,1.599,1.502,1.502,2015-03-16
1.52,1.548,1.52,1.52,2015-03-13
1.5,1.52,1.5,1.52,2015-03-12
1.55,1.6,1.53,1.53,2015-03-11
1.535,1.535,1.531,1.532,2015-03-10
1.53,1.541,1.526,1.535,2015-03-09
1.49,1.64,1.49,1.601,2015-03-06
1.49,1.596,1.49,1.55,2015-03-05
1.48,1.53,1.48,1.53,2015-03-04
1.57,1.571,1.54,1.54,2015-03-03
1.65,1.65,1.568,1.57,2015-03-02
1.57,1.599,1.54,1.595,2015-02-27
1.54,1.56,1.54,1.56,2015-02-26
1.6,1.6,1.53,1.53,2015-02-25
1.552,1.6,1.552,1.59,2015-02-24
1.6,1.6,1.52,1.6,2015-02-23
1.5,1.59,1.462,1.482,2015-02-20
1.431,1.499,1.431,1.499,2015-02-19
1.42,1.55,1.42,1.445,2015-02-18
1.55,1.589,1.403,1.403,2015-02-17
1.624,1.624,1.55,1.55,2015-02-16
1.516,1.56,1.509,1.52,2015-02-13
1.58,1.625,1.525,1.557,2015-02-12
1.5,1.59,1.5,1.58,2015-02-11
1.48,1.5,1.404,1.5,2015-02-10
1.44,1.488,1.352,1.393,2015-02-09
1.6,1.69,1.5,1.556,2015-02-06
1.51,1.643,1.51,1.55,2015-02-05
1.54,1.719,1.54,1.649,2015-02-04
1.748,1.748,1.66,1.66,2015-02-03
1.73,1.73,1.634,1.655,2015-02-02
1.643,1.72,1.6,1.622,2015-01-30
1.66,1.7,1.659,1.67,2015-01-29
1.66,1.74,1.66,1.673,2015-01-28
1.797,1.797,1.621,1.651,2015-01-27
1.71,1.899,1.71,1.899,2015-01-26
1.46,1.765,1.36,1.661,2015-01-23
1.87,1.9,1.52,1.63,2015-01-22
1.59,1.85,1.507,1.85,2015-01-21
1.44,1.589,1.33,1.46,2015-01-20
1.2,1.45,1.2,1.35,2015-01-19
0.97,1.154,0.97,1.099,2015-01-16
0.9,0.97,0.9,0.97,2015-01-15
0.92,0.939,0.92,0.922,2015-01-14
0.911,0.911,0.91,0.91,2015-01-13
0.905,0.939,0.905,0.911,2015-01-12
0.921,0.921,0.921,0.921,2015-01-09
0.9,0.939,0.9,0.939,2015-01-08
0.9,0.939,0.9,0.902,2015-01-07
0.9,0.92,0.9,0.92,2015-01-06
0.94,0.96,0.94,0.94,2015-01-05
0.91,0.949,0.91,0.91,2015-01-02
0.91,0.91,0.91,0.91,2014-12-31
0.993,0.993,0.9,0.95,2014-12-30
0.91,0.911,0.91,0.91,2014-12-29
0.91,0.91,0.91,0.91,2014-12-24
0.91,0.91,0.91,0.91,2014-12-23
0.9,0.91,0.855,0.91,2014-12-22
0.902,0.951,0.902,0.93,2014-12-19
0.901,0.979,0.901,0.979,2014-12-18
0.88,0.92,0.88,0.92,2014-12-17
0.9,0.9,0.871,0.871,2014-12-16
0.85,0.9,0.85,0.88,2014-12-15
0.78,0.78,0.78,0.78,2014-12-12
0.78,0.82,0.78,0.82,2014-12-11
0.78,0.782,0.78,0.782,2014-12-10
0.782,0.793,0.782,0.793,2014-12-09
0.78,0.82,0.78,0.82,2014-12-08
0.85,0.85,0.782,0.82,2014-12-05
0.785,0.863,0.785,0.81,2014-12-04
0.78,0.8,0.78,0.785,2014-12-03
0.75,0.815,0.75,0.815,2014-12-02
0.77,0.817,0.77,0.817,2014-12-01
0.771,0.772,0.77,0.77,2014-11-28
0.752,0.818,0.752,0.771,2014-11-27
0.766,0.825,0.766,0.825,2014-11-26
0.813,0.837,0.751,0.837,2014-11-25
0.81,0.845,0.81,0.845,2014-11-24
0.801,0.843,0.801,0.843,2014-11-21
0.8,0.843,0.8,0.843,2014-11-20
0.811,0.845,0.8,0.845,2014-11-19
0.821,0.824,0.81,0.81,2014-11-18
0.85,0.85,0.82,0.82,2014-11-17
0.82,0.85,0.82,0.85,2014-11-14
0.821,0.85,0.821,0.85,2014-11-13
0.88,0.88,0.82,0.821,2014-11-12
0.845,0.881,0.845,0.88,2014-11-11
0.82,0.87,0.82,0.87,2014-11-10
0.88,0.9,0.85,0.9,2014-11-07
0.884,0.884,0.88,0.88,2014-11-06
0.91,0.928,0.883,0.883,2014-11-05
0.881,0.881,0.881,0.881,2014-11-04
0.909,0.909,0.84,0.881,2014-11-03
0.884,0.909,0.884,0.887,2014-10-31
0.9,0.901,0.881,0.901,2014-10-30
0.902,0.902,0.879,0.881,2014-10-29
0.903,0.909,0.902,0.909,2014-10-28
0.902,0.91,0.902,0.903,2014-10-27
0.91,0.91,0.91,0.91,2014-10-24
0.925,0.977,0.901,0.948,2014-10-23
0.891,0.978,0.891,0.919,2014-10-22
0.906,0.913,0.906,0.913,2014-10-21
0.871,0.904,0.871,0.904,2014-10-20
0.87,0.915,0.87,0.915,2014-10-17
0.922,0.974,0.89,0.974,2014-10-16
0.924,0.924,0.924,0.924,2014-10-15
0.923,0.923,0.922,0.922,2014-10-14
0.931,0.931,0.923,0.923,2014-10-13
0.94,0.97,0.934,0.934,2014-10-10
0.93,0.934,0.93,0.934,2014-10-09
0.99,0.99,0.941,0.941,2014-10-08
0.923,1.09,0.922,0.94,2014-10-07
0.922,0.944,0.922,0.928,2014-10-06
0.92,0.97,0.92,0.922,2014-10-03
0.922,0.947,0.92,0.92,2014-10-02
0.97,1.0,0.9,0.99,2014-10-01
0.9,0.935,0.9,0.935,2014-09-30
0.94,0.95,0.923,0.95,2014-09-29
0.923,0.948,0.923,0.926,2014-09-26
0.921,0.95,0.921,0.926,2014-09-25
0.945,0.945,0.913,0.913,2014-09-24
0.938,0.938,0.902,0.902,2014-09-23
0.902,0.902,0.902,0.902,2014-09-22
0.911,0.937,0.901,0.902,2014-09-19
0.925,0.938,0.908,0.91,2014-09-18
0.938,0.938,0.906,0.92,2014-09-17
0.94,0.94,0.892,0.938,2014-09-16
0.948,0.948,0.9,0.942,2014-09-15
0.9,0.948,0.9,0.901,2014-09-12
0.939,0.939,0.891,0.891,2014-09-11
0.891,0.902,0.891,0.901,2014-09-10
0.89,0.948,0.89,0.948,2014-09-09
0.894,0.969,0.89,0.952,2014-09-08
0.93,0.968,0.893,0.966,2014-09-05
0.929,0.931,0.929,0.931,2014-09-04
0.891,0.927,0.891,0.927,2014-09-03
0.9,0.927,0.89,0.891,2014-09-02
0.9,0.93,0.9,0.93,2014-09-01
0.93,0.93,0.91,0.915,2014-08-29
0.911,0.93,0.911,0.93,2014-08-28
0.933,0.933,0.91,0.911,2014-08-27
0.916,0.944,0.913,0.928,2014-08-26
0.951,0.97,0.942,0.97,2014-08-25
0.941,1.034,0.941,0.951,2014-08-22
0.974,0.974,0.931,0.94,2014-08-21
1.0,1.003,0.9,1.003,2014-08-20
0.931,0.933,0.931,0.933,2014-08-19
1.0,1.05,0.925,0.98,2014-08-18
0.87,0.98,0.87,0.98,2014-08-15
0.91,0.91,0.88,0.88,2014-08-14
0.9,0.9,0.9,0.9,2014-08-13
0.91,0.91,0.91,0.91,2014-08-12
0.92,0.92,0.9,0.901,2014-08-11
0.892,0.934,0.88,0.91,2014-08-08
0.891,0.978,0.891,0.894,2014-08-07
0.89,0.923,0.89,0.912,2014-08-06
1.077,1.077,0.939,1.02,2014-08-05
1.012,1.012,0.94,0.94,2014-08-04
1.012,1.078,1.012,1.03,2014-08-01
1.03,1.079,1.012,1.02,2014-07-31
1.031,1.09,1.03,1.03,2014-07-30
1.03,1.031,1.03,1.03,2014-07-29
1.022,1.1,1.022,1.1,2014-07-28
1.02,1.094,1.02,1.094,2014-07-25
1.02,1.07,1.02,1.07,2014-07-24
1.04,1.04,1.04,1.04,2014-07-23
1.02,1.1,1.02,1.04,2014-07-22
1.02,1.02,1.02,1.02,2014-07-21
1.1,1.1,1.016,1.05,2014-07-18
1.1,1.1,1.02,1.1,2014-07-17
1.03,1.05,1.03,1.05,2014-07-16
1.073,1.175,1.016,1.02,2014-07-15
1.05,1.19,1.05,1.19,2014-07-14
1.0,1.1,1.0,1.09,2014-07-11
1.03,1.05,1.0,1.0,2014-07-10
1.07,1.07,1.02,1.03,2014-07-09
1.065,1.139,1.0,1.0,2014-07-08
1.099,1.1,1.06,1.066,2014-07-07
1.1,1.11,1.1,1.1,2014-07-04
1.15,1.205,1.1,1.1,2014-07-03
1.1,1.15,1.1,1.1,2014-07-02
1.1,1.1,1.1,1.1,2014-07-01
1.11,1.11,1.1,1.1,2014-06-30
1.12,1.15,1.1,1.149,2014-06-27
1.12,1.17,1.12,1.17,2014-06-26
1.15,1.15,1.14,1.14,2014-06-25
1.153,1.16,1.15,1.15,2014-06-24
1.12,1.2,1.12,1.151,2014-06-23
1.198,1.198,1.15,1.15,2014-06-20
1.16,1.199,1.1,1.197,2014-06-19
1.162,1.162,1.16,1.16,2014-06-18
1.145,1.17,1.145,1.17,2014-06-17
1.141,1.23,1.141,1.23,2014-06-16
1.17,1.239,1.17,1.239,2014-06-13
1.2,1.2,1.15,1.16,2014-06-12
1.23,1.23,1.2,1.2,2014-06-11
1.239,1.239,1.2,1.239,2014-06-10
1.13,1.24,1.13,1.24,2014-06-09
1.17,1.175,1.17,1.175,2014-06-06
1.16,1.16,1.16,1.16,2014-06-05
1.16,1.224,1.16,1.16,2014-06-04
1.15,1.19,1.15,1.16,2014-06-03
1.15,1.265,1.141,1.2,2014-06-02
1.1,1.159,1.1,1.13,2014-05-30
1.169,1.169,1.1,1.1,2014-05-29
1.188,1.188,1.1,1.121,2014-05-28
1.121,1.2,1.121,1.15,2014-05-27
1.121,1.2,1.121,1.14,2014-05-26
1.159,1.21,1.15,1.15,2014-05-23
1.06,1.299,1.06,1.299,2014-05-22
1.21,1.21,1.15,1.15,2014-05-21
1.15,1.3,1.04,1.201,2014-05-20
1.333,1.39,1.18,1.2,2014-05-19
1.44,1.47,1.261,1.409,2014-05-16
1.513,1.6,1.43,1.52,2014-05-15
1.772,1.85,1.75,1.85,2014-05-14
1.68,1.85,1.68,1.84,2014-05-13
1.778,1.789,1.666,1.789,2014-05-12
1.721,1.83,1.685,1.778,2014-05-09
1.8,1.885,1.72,1.721,2014-05-08
1.845,1.93,1.731,1.859,2014-05-07
1.74,1.878,1.686,1.849,2014-05-06
1.8,1.8,1.65,1.72,2014-05-05
2.0,2.099,1.807,1.84,2014-05-02
2.078,2.078,1.75,1.818,2014-04-30
2.2,2.22,2.0,2.08,2014-04-29
2.29,2.3,2.111,2.26,2014-04-28
2.421,2.421,2.272,2.275,2014-04-25
2.47,2.51,2.45,2.45,2014-04-24
2.534,2.599,2.421,2.47,2014-04-23
2.72,2.749,2.512,2.55,2014-04-22
2.7,2.7,2.56,2.7,2014-04-17
2.501,2.6,2.501,2.502,2014-04-16
2.6,2.68,2.5,2.54,2014-04-15
2.75,2.75,2.241,2.696,2014-04-14
2.85,2.85,2.612,2.7,2014-04-11
2.88,2.9,2.8,2.9,2014-04-10
2.87,2.91,2.832,2.89,2014-04-09
2.98,2.98,2.831,2.86,2014-04-08
2.867,2.98,2.7,2.935,2014-04-07
3.0,3.07,2.7,2.84,2014-04-04
2.95,3.0,2.86,2.9,2014-04-03
2.7,2.85,2.64,2.85,2014-04-02
2.66,2.67,2.55,2.63,2014-04-01
2.44,2.68,2.44,2.56,2014-03-31
2.14,2.33,2.14,2.28,2014-03-28
2.1,2.27,1.9,2.13,2014-03-27
1.92,2.3,1.92,2.21,2014-03-26
1.87,1.89,1.79,1.84,2014-03-25
2.29,2.29,1.87,1.89,2014-03-24
3.0,3.0,2.24,2.29,2014-03-21
2.42,3.05,2.42,3.02,2014-03-20
1.93,2.48,1.93,2.41,2014-03-19
1.92,1.95,1.85,1.89,2014-03-18
1.69,1.77,1.56,1.77,2014-03-17
1.45,1.74,1.44,1.61,2014-03-14
1.39,1.44,1.39,1.44,2014-03-13
1.39,1.44,1.37,1.41,2014-03-12
1.35,1.41,1.35,1.4,2014-03-11
1.3,1.49,1.29,1.4,2014-03-10
1.28,1.28,1.22,1.28,2014-03-07
1.25,1.3,1.22,1.22,2014-03-06
1.28,1.29,1.23,1.25,2014-03-05
1.2,1.29,1.16,1.27,2014-03-04
1.29,1.29,1.19,1.2,2014-03-03
1.34,1.34,1.25,1.28,2014-02-28
1.25,1.34,1.22,1.28,2014-02-27
1.17,1.25,1.17,1.23,2014-02-26
1.27,1.41,1.15,1.16,2014-02-25
0.98,1.25,0.96,1.25,2014-02-24
0.97,0.97,0.95,0.95,2014-02-21
0.93,0.95,0.93,0.95,2014-02-20
0.94,0.95,0.94,0.94,2014-02-19
0.94,0.97,0.93,0.93,2014-02-18
0.98,0.98,0.93,0.96,2014-02-17
0.97,0.97,0.93,0.95,2014-02-14
0.93,0.94,0.92,0.93,2014-02-13
0.96,1.0,0.9,0.92,2014-02-12
0.88,0.95,0.88,0.88,2014-02-11
0.92,0.92,0.88,0.92,2014-02-10
0.88,0.92,0.88,0.89,2014-02-07
0.88,0.88,0.88,0.88,2014-02-06
0.87,0.96,0.87,0.88,2014-02-05
0.85,0.88,0.85,0.88,2014-02-04
0.85,0.9,0.85,0.85,2014-02-03
0.85,0.85,0.85,0.85,2014-01-31
0.84,0.9,0.84,0.88,2014-01-30
0.85,0.86,0.85,0.85,2014-01-29
0.86,0.86,0.86,0.86,2014-01-28
0.85,0.85,0.85,0.85,2014-01-27
0.86,0.86,0.86,0.86,2014-01-24
0.85,0.89,0.85,0.86,2014-01-23
0.87,0.88,0.85,0.86,2014-01-22
0.87,0.9,0.87,0.9,2014-01-21
0.92,0.92,0.85,0.87,2014-01-20
0.85,0.9,0.85,0.9,2014-01-17
0.88,0.9,0.85,0.85,2014-01-16
0.89,0.92,0.87,0.87,2014-01-15
0.87,0.91,0.87,0.91,2014-01-14
0.86,0.96,0.86,0.89,2014-01-13
0.84,0.84,0.83,0.84,2014-01-10
0.82,0.83,0.79,0.83,2014-01-09
0.84,0.84,0.79,0.8,2014-01-08
0.78,0.84,0.78,0.84,2014-01-07
0.78,0.84,0.78,0.8,2014-01-06
0.79,0.85,0.79,0.83,2014-01-03
0.79,0.81,0.78,0.81,2014-01-02
0.78,0.84,0.78,0.84,2013-12-31
0.78,0.84,0.76,0.78,2013-12-30
0.77,0.78,0.76,0.78,2013-12-27
0.77,0.77,0.77,0.77,2013-12-24
0.78,0.78,0.78,0.78,2013-12-23
0.84,0.84,0.77,0.78,2013-12-20
0.75,0.78,0.75,0.78,2013-12-19
0.75,0.76,0.75,0.76,2013-12-18
0.75,0.8,0.75,0.8,2013-12-17
0.84,0.84,0.72,0.8,2013-12-16
0.85,0.85,0.84,0.84,2013-12-13
0.68,0.68,0.67,0.67,2013-12-12
0.7,0.7,0.68,0.68,2013-12-11
0.7,0.7,0.7,0.7,2013-12-10
0.72,0.72,0.7,0.7,2013-12-09
0.72,0.76,0.72,0.76,2013-12-06
0.72,0.72,0.72,0.72,2013-12-05
0.72,0.72,0.72,0.72,2013-12-04
0.73,0.77,0.72,0.72,2013-12-03
0.8,0.81,0.75,0.76,2013-12-02
0.69,0.7,0.69,0.69,2013-11-29
0.74,0.87,0.74,0.77,2013-11-28
0.67,0.68,0.67,0.68,2013-11-27
0.75,0.77,0.75,0.75,2013-11-26
0.62,0.67,0.62,0.63,2013-11-25
0.67,0.67,0.62,0.62,2013-11-22
0.62,0.67,0.62,0.63,2013-11-21
0.67,0.67,0.62,0.64,2013-11-20
0.63,0.68,0.62,0.63,2013-11-19
0.62,0.68,0.61,0.63,2013-11-18
0.61,0.67,0.61,0.67,2013-11-15
0.62,0.67,0.61,0.61,2013-11-14
0.63,0.63,0.63,0.63,2013-11-13
0.63,0.66,0.63,0.66,2013-11-12
0.64,0.64,0.63,0.63,2013-11-11
0.63,0.64,0.63,0.64,2013-11-08
0.62,0.63,0.62,0.63,2013-11-07
0.62,0.65,0.6,0.65,2013-11-06
0.62,0.62,0.62,0.62,2013-11-05
0.62,0.62,0.62,0.62,2013-11-04
0.66,0.66,0.63,0.63,2013-11-01
0.63,0.65,0.63,0.63,2013-10-31
0.62,0.62,0.62,0.62,2013-10-30
0.62,0.62,0.62,0.62,2013-10-29
0.62,0.65,0.61,0.61,2013-10-28
0.62,0.62,0.62,0.62,2013-10-25
0.65,0.65,0.62,0.62,2013-10-24
0.65,0.68,0.65,0.65,2013-10-23
0.65,0.66,0.65,0.65,2013-10-22
0.69,0.69,0.65,0.65,2013-10-21
0.65,0.65,0.65,0.65,2013-10-18
0.63,0.69,0.63,0.64,2013-10-17
0.64,0.69,0.64,0.64,2013-10-16
0.7,0.7,0.64,0.65,2013-10-15
0.64,0.69,0.64,0.65,2013-10-14
0.64,0.7,0.64,0.64,2013-10-11
0.69,0.69,0.65,0.65,2013-10-10
0.63,0.72,0.63,0.64,2013-10-09
0.63,0.63,0.63,0.63,2013-10-08
0.64,0.64,0.63,0.63,2013-10-07
0.63,0.73,0.63,0.63,2013-10-04
0.66,0.66,0.63,0.63,2013-10-03
0.65,0.74,0.65,0.66,2013-10-02
0.75,0.75,0.66,0.66,2013-10-01
0.7,0.7,0.64,0.7,2013-09-30
0.7,0.74,0.7,0.7,2013-09-27
0.67,0.7,0.67,0.7,2013-09-26
0.66,0.68,0.66,0.68,2013-09-25
0.67,0.74,0.67,0.74,2013-09-24
0.66,0.66,0.66,0.66,2013-09-23
0.65,0.7,0.65,0.66,2013-09-20
0.64,0.64,0.64,0.64,2013-09-19
0.68,0.68,0.64,0.64,2013-09-18
0.62,0.68,0.62,0.68,2013-09-17
0.61,0.65,0.61,0.65,2013-09-16
0.62,0.62,0.61,0.61,2013-09-13
0.63,0.63,0.62,0.62,2013-09-12
0.64,0.64,0.62,0.62,2013-09-11
0.62,0.62,0.62,0.62,2013-09-10
0.62,0.65,0.62,0.62,2013-09-09
0.65,0.65,0.65,0.65,2013-09-06
0.64,0.64,0.63,0.63,2013-09-05
0.64,0.7,0.64,0.64,2013-09-04
0.69,0.69,0.63,0.64,2013-09-03
0.61,0.64,0.61,0.64,2013-09-02
0.62,0.63,0.62,0.63,2013-08-30
0.62,0.7,0.62,0.62,2013-08-29
0.62,0.63,0.62,0.63,2013-08-28
0.66,0.66,0.66,0.66,2013-08-27
0.7,0.7,0.65,0.66,2013-08-26
0.65,0.65,0.65,0.65,2013-08-23
0.66,0.66,0.64,0.65,2013-08-22
0.67,0.67,0.66,0.66,2013-08-21
0.67,0.69,0.67,0.67,2013-08-20
0.67,0.67,0.67,0.67,2013-08-19
0.68,0.68,0.68,0.68,2013-08-16
0.67,0.72,0.67,0.68,2013-08-14
0.71,0.71,0.67,0.67,2013-08-13
0.67,0.67,0.67,0.67,2013-08-12
0.67,0.67,0.67,0.67,2013-08-09
0.68,0.7,0.66,0.66,2013-08-08
0.68,0.68,0.68,0.68,2013-08-07
0.68,0.73,0.68,0.68,2013-08-06
0.69,0.69,0.69,0.69,2013-08-05
0.69,0.73,0.69,0.73,2013-08-02
0.7,0.73,0.67,0.73,2013-08-01
0.7,0.74,0.7,0.74,2013-07-31
0.7,0.7,0.7,0.7,2013-07-30
0.74,0.74,0.7,0.7,2013-07-29
0.68,0.7,0.68,0.7,2013-07-26
0.73,0.73,0.68,0.68,2013-07-25
0.69,0.69,0.68,0.68,2013-07-24
0.67,0.73,0.67,0.69,2013-07-23
0.67,0.71,0.67,0.67,2013-07-22
0.67,0.7,0.67,0.67,2013-07-19
0.65,0.66,0.65,0.66,2013-07-18
0.67,0.67,0.67,0.67,2013-07-17
0.65,0.69,0.65,0.65,2013-07-16
0.71,0.71,0.67,0.67,2013-07-15
0.67,0.67,0.67,0.67,2013-07-12
0.67,0.72,0.66,0.67,2013-07-11
0.65,0.72,0.65,0.67,2013-07-10
0.66,0.75,0.66,0.66,2013-07-09
0.61,0.62,0.61,0.62,2013-07-08
0.61,0.71,0.61,0.71,2013-07-05
0.61,0.65,0.61,0.65,2013-07-04
0.64,0.64,0.61,0.64,2013-07-03
0.66,0.67,0.66,0.67,2013-07-02
0.66,0.72,0.66,0.66,2013-07-01
0.66,0.66,0.66,0.66,2013-06-28
0.65,0.66,0.65,0.66,2013-06-27
0.65,0.72,0.65,0.66,2013-06-26
0.65,0.68,0.65,0.68,2013-06-25
0.72,0.72,0.67,0.67,2013-06-24
0.7,0.7,0.7,0.7,2013-06-21
0.7,0.7,0.7,0.7,2013-06-20
0.7,0.71,0.7,0.71,2013-06-19
0.71,0.71,0.7,0.7,2013-06-18
0.71,0.71,0.71,0.71,2013-06-17
0.74,0.74,0.74,0.74,2013-06-14
0.73,0.73,0.73,0.73,2013-06-13
0.72,0.8,0.72,0.73,2013-06-12
0.77,0.77,0.75,0.75,2013-06-11
0.78,0.78,0.78,0.78,2013-06-10
0.73,0.82,0.73,0.76,2013-06-07
0.77,0.77,0.72,0.73,2013-06-06
0.75,0.83,0.75,0.82,2013-06-05
0.75,0.8,0.74,0.75,2013-06-04
0.79,0.8,0.79,0.8,2013-06-03
0.77,0.8,0.77,0.79,2013-05-31
0.76,0.79,0.76,0.77,2013-05-30
0.75,0.78,0.75,0.75,2013-05-29
0.76,0.76,0.74,0.74,2013-05-28
0.72,0.76,0.7,0.76,2013-05-27
0.8,0.8,0.77,0.8,2013-05-24
0.75,0.76,0.75,0.76,2013-05-23
0.72,0.76,0.72,0.75,2013-05-22
0.78,0.8,0.72,0.77,2013-05-21
0.88,0.88,0.8,0.8,2013-05-20
0.78,0.85,0.78,0.8,2013-05-17
0.77,0.81,0.77,0.78,2013-05-16
0.8,0.88,0.8,0.87,2013-05-15
0.82,0.86,0.8,0.86,2013-05-14
0.8,0.82,0.8,0.81,2013-05-13
0.9,0.94,0.9,0.92,2013-05-10
0.92,0.94,0.92,0.92,2013-05-09
0.94,0.94,0.9,0.9,2013-05-08
0.9,0.94,0.89,0.91,2013-05-07
1.01,1.06,0.99,1.04,2013-05-06
0.96,1.08,0.96,1.02,2013-05-03
0.94,0.95,0.94,0.94,2013-05-02
0.95,0.95,0.93,0.93,2013-04-30
0.91,0.93,0.88,0.93,2013-04-29
0.9,0.92,0.86,0.91,2013-04-26
0.9,0.92,0.9,0.92,2013-04-25
0.9,0.93,0.88,0.92,2013-04-24
0.9,0.92,0.9,0.92,2013-04-23
0.9,0.9,0.89,0.9,2013-04-22
0.86,0.89,0.85,0.89,2013-04-19
0.85,0.87,0.81,0.87,2013-04-18
0.85,0.89,0.85,0.85,2013-04-17
0.84,0.85,0.84,0.85,2013-04-16
0.96,0.96,0.84,0.85,2013-04-15
0.98,1.0,0.89,0.91,2013-04-12
0.97,0.98,0.89,0.98,2013-04-11
0.75,0.97,0.73,0.97,2013-04-10
0.81,0.89,0.73,0.76,2013-04-09
1.02,1.02,0.86,0.9,2013-04-08
1.1,1.1,1.0,1.01,2013-04-05
1.06,1.1,1.04,1.1,2013-04-04
1.07,1.14,1.04,1.11,2013-04-03
1.06,1.13,1.06,1.06,2013-04-02
1.04,1.13,1.04,1.04,2013-03-28
1.01,1.1,1.01,1.1,2013-03-27
1.12,1.12,1.01,1.1,2013-03-26
1.08,1.13,1.07,1.12,2013-03-25
1.14,1.14,1.06,1.08,2013-03-22
1.04,1.1,1.04,1.1,2013-03-21
1.02,1.09,1.02,1.05,2013-03-20
0.89,1.18,0.89,1.09,2013-03-19
0.87,0.95,0.83,0.93,2013-03-18
0.8,0.83,0.78,0.8,2013-03-15
0.77,0.8,0.72,0.76,2013-03-14
0.75,0.77,0.74,0.77,2013-03-13
0.68,0.77,0.68,0.75,2013-03-12
0.8,0.8,0.67,0.69,2013-03-11
0.65,0.72,0.65,0.67,2013-03-08
0.66,0.72,0.66,0.68,2013-03-07
0.65,0.66,0.65,0.66,2013-03-06
0.62,0.63,0.62,0.63,2013-03-05
0.65,0.7,0.64,0.7,2013-03-04
0.61,0.64,0.61,0.61,2013-03-01
0.6,0.64,0.59,0.61,2013-02-28
0.58,0.59,0.58,0.59,2013-02-27
0.58,0.65,0.58,0.64,2013-02-26
0.7,0.7,0.57,0.58,2013-02-25
0.68,0.7,0.62,0.62,2013-02-22
0.61,0.73,0.61,0.65,2013-02-21
0.59,0.61,0.54,0.61,2013-02-20
0.5,0.54,0.5,0.51,2013-02-19
0.46,0.5,0.46,0.5,2013-02-18
0.5,0.53,0.5,0.5,2013-02-15
0.52,0.52,0.52,0.52,2013-02-14
0.5,0.53,0.5,0.52,2013-02-13
0.54,0.54,0.47,0.49,2013-02-12
0.45,0.5,0.45,0.5,2013-02-11
0.45,0.49,0.45,0.45,2013-02-08
0.43,0.5,0.43,0.47,2013-02-07
0.46,0.46,0.43,0.43,2013-02-06
0.46,0.46,0.43,0.43,2013-02-05
0.48,0.48,0.44,0.44,2013-02-04
0.46,0.5,0.46,0.48,2013-02-01
0.47,0.47,0.46,0.46,2013-01-31
0.46,0.5,0.46,0.46,2013-01-30
0.49,0.49,0.44,0.45,2013-01-29
0.49,0.49,0.46,0.49,2013-01-28
0.45,0.46,0.45,0.46,2013-01-25
0.46,0.48,0.46,0.48,2013-01-24
0.47,0.51,0.46,0.46,2013-01-23
0.51,0.51,0.47,0.48,2013-01-22
0.46,0.5,0.46,0.5,2013-01-21
0.46,0.48,0.46,0.48,2013-01-18
0.5,0.51,0.46,0.48,2013-01-17
0.47,0.47,0.46,0.46,2013-01-16
0.5,0.5,0.46,0.47,2013-01-15
0.49,0.54,0.49,0.5,2013-01-14
0.46,0.54,0.46,0.49,2013-01-11
0.52,0.52,0.46,0.52,2013-01-10
0.43,0.51,0.43,0.45,2013-01-09
0.4,0.42,0.4,0.42,2013-01-08
0.46,0.46,0.45,0.45,2013-01-07
0.48,0.49,0.44,0.45,2013-01-04
0.42,0.51,0.42,0.44,2013-01-03
0.47,0.47,0.41,0.41,2013-01-02
0.41,0.41,0.41,0.41,2012-12-31
0.46,0.46,0.42,0.42,2012-12-28
0.4,0.48,0.39,0.4,2012-12-27
0.42,0.44,0.42,0.43,2012-12-21
0.39,0.48,0.39,0.42,2012-12-20
0.38,0.48,0.38,0.48,2012-12-19
0.39,0.39,0.38,0.38,2012-12-18
0.42,0.42,0.38,0.38,2012-12-17
0.38,0.42,0.38,0.42,2012-12-14
0.37,0.38,0.37,0.38,2012-12-13
0.39,0.39,0.39,0.39,2012-12-12
0.38,0.4,0.38,0.4,2012-12-11
0.35,0.37,0.35,0.37,2012-12-10
0.39,0.44,0.32,0.41,2012-12-07
0.41,0.41,0.39,0.39,2012-12-06
0.41,0.41,0.41,0.41,2012-12-05
0.4,0.41,0.4,0.41,2012-12-04
0.42,0.42,0.42,0.42,2012-12-03
0.43,0.43,0.41,0.42,2012-11-30
0.43,0.43,0.43,0.43,2012-11-29
0.43,0.44,0.43,0.44,2012-11-28
0.47,0.47,0.42,0.43,2012-11-27
0.47,0.47,0.42,0.42,2012-11-26
0.42,0.42,0.42,0.42,2012-11-23
0.44,0.44,0.44,0.44,2012-11-22
0.48,0.48,0.43,0.43,2012-11-21
0.43,0.45,0.43,0.45,2012-11-20
0.48,0.48,0.42,0.48,2012-11-19
0.45,0.48,0.45,0.45,2012-11-16
0.45,0.48,0.45,0.45,2012-11-15
0.46,0.46,0.45,0.45,2012-11-14
0.46,0.46,0.46,0.46,2012-11-13
0.46,0.46,0.46,0.46,2012-11-12
0.49,0.49,0.45,0.46,2012-11-09
0.47,0.47,0.45,0.45,2012-11-08
0.45,0.47,0.45,0.47,2012-11-07
0.45,0.5,0.45,0.45,2012-11-06
0.44,0.45,0.44,0.45,2012-11-05
0.43,0.47,0.43,0.47,2012-11-02
0.43,0.43,0.43,0.43,2012-11-01
0.47,0.47,0.47,0.47,2012-10-31
0.47,0.47,0.47,0.47,2012-10-30
0.47,0.47,0.47,0.47,2012-10-29
0.47,0.47,0.47,0.47,2012-10-26
0.51,0.51,0.46,0.51,2012-10-25
0.46,0.52,0.46,0.46,2012-10-24
0.44,0.46,0.44,0.46,2012-10-23
0.47,0.52,0.47,0.47,2012-10-22
0.47,0.47,0.47,0.47,2012-10-19
0.46,0.5,0.46,0.5,2012-10-18
0.46,0.52,0.46,0.52,2012-10-17
0.47,0.52,0.43,0.46,2012-10-16
0.47,0.51,0.47,0.51,2012-10-15
0.52,0.52,0.47,0.47,2012-10-12
0.47,0.5,0.46,0.46,2012-10-11
0.52,0.52,0.47,0.47,2012-10-10
0.52,0.52,0.47,0.47,2012-10-09
0.52,0.52,0.47,0.49,2012-10-08
0.47,0.53,0.47,0.53,2012-10-05
0.46,0.46,0.46,0.46,2012-10-04
0.49,0.49,0.47,0.47,2012-10-03
0.49,0.49,0.49,0.49,2012-10-02
0.5,0.5,0.49,0.49,2012-10-01
0.5,0.54,0.5,0.5,2012-09-28
0.49,0.5,0.49,0.5,2012-09-27
0.49,0.49,0.49,0.49,2012-09-26
0.53,0.53,0.5,0.5,2012-09-25
0.53,0.53,0.5,0.5,2012-09-24
0.53,0.53,0.53,0.53,2012-09-21
0.58,0.58,0.53,0.53,2012-09-20
0.53,0.59,0.53,0.53,2012-09-19
0.53,0.53,0.53,0.53,2012-09-18
0.54,0.54,0.53,0.53,2012-09-17
0.54,0.59,0.52,0.54,2012-09-14
0.53,0.57,0.53,0.57,2012-09-13
0.57,0.57,0.54,0.55,2012-09-12
0.54,0.61,0.54,0.54,2012-09-11
0.54,0.55,0.54,0.54,2012-09-10
0.55,0.55,0.54,0.54,2012-09-07
0.54,0.55,0.54,0.55,2012-09-06
0.55,0.55,0.55,0.55,2012-09-05
0.54,0.55,0.54,0.55,2012-09-04
0.55,0.55,0.55,0.55,2012-09-03
0.55,0.55,0.55,0.55,2012-08-31
0.55,0.55,0.55,0.55,2012-08-30
0.55,0.55,0.55,0.55,2012-08-29
0.55,0.6,0.55,0.55,2012-08-28
0.55,0.55,0.55,0.55,2012-08-27
0.57,0.62,0.55,0.55,2012-08-24
0.57,0.58,0.57,0.58,2012-08-23
0.57,0.62,0.57,0.57,2012-08-22
0.58,0.6,0.57,0.6,2012-08-21
0.57,0.6,0.57,0.58,2012-08-20
0.56,0.59,0.56,0.59,2012-08-17
0.56,0.56,0.56,0.56,2012-08-16
0.63,0.63,0.57,0.59,2012-08-15
0.56,0.57,0.56,0.57,2012-08-14
0.57,0.57,0.56,0.56,2012-08-13
0.57,0.63,0.57,0.59,2012-08-10
0.57,0.57,0.57,0.57,2012-08-09
0.57,0.57,0.57,0.57,2012-08-08
0.57,0.57,0.57,0.57,2012-08-07
0.63,0.63,0.57,0.57,2012-08-06
0.6,0.6,0.57,0.59,2012-08-03
0.63,0.63,0.6,0.6,2012-08-02
0.56,0.58,0.56,0.56,2012-08-01
0.56,0.56,0.56,0.56,2012-07-31
0.62,0.62,0.56,0.57,2012-07-30
0.55,0.56,0.55,0.56,2012-07-27
0.57,0.6,0.57,0.58,2012-07-26
0.58,0.58,0.58,0.58,2012-07-25
0.57,0.62,0.57,0.58,2012-07-24
0.63,0.63,0.55,0.57,2012-07-23
0.57,0.6,0.56,0.57,2012-07-20
0.57,0.6,0.57,0.57,2012-07-19
0.56,0.58,0.56,0.57,2012-07-18
0.59,0.59,0.55,0.56,2012-07-17
0.6,0.6,0.58,0.58,2012-07-16
0.59,0.6,0.59,0.6,2012-07-13
0.56,0.58,0.56,0.58,2012-07-12
0.56,0.63,0.55,0.63,2012-07-11
0.56,0.56,0.56,0.56,2012-07-10
0.55,0.55,0.55,0.55,2012-07-09
0.58,0.59,0.56,0.56,2012-07-06
0.58,0.61,0.58,0.58,2012-07-05
0.61,0.61,0.54,0.57,2012-07-04
0.61,0.63,0.61,0.63,2012-07-03
0.6,0.67,0.6,0.61,2012-07-02
0.6,0.69,0.6,0.69,2012-06-29
0.6,0.6,0.6,0.6,2012-06-28
0.7,0.7,0.6,0.6,2012-06-27
0.6,0.6,0.6,0.6,2012-06-26
0.6,0.71,0.58,0.71,2012-06-25
0.72,0.72,0.72,0.72,2012-06-22
0.57,0.58,0.57,0.57,2012-06-21
0.62,0.62,0.6,0.6,2012-06-20
0.61,0.63,0.61,0.61,2012-06-19
0.65,0.65,0.56,0.65,2012-06-18
0.64,0.7,0.64,0.64,2012-06-15
0.64,0.64,0.64,0.64,2012-06-14
0.61,0.63,0.61,0.63,2012-06-13
0.63,0.63,0.63,0.63,2012-06-12
0.63,0.63,0.63,0.63,2012-06-11
0.73,0.73,0.63,0.63,2012-06-08
0.63,0.7,0.63,0.7,2012-06-07
0.63,0.64,0.63,0.64,2012-06-06
0.65,0.65,0.63,0.63,2012-06-05
0.61,0.61,0.61,0.61,2012-06-04
0.64,0.64,0.64,0.64,2012-06-01
0.75,0.75,0.63,0.63,2012-05-31
0.53,0.6,0.53,0.6,2012-05-30
0.64,0.64,0.62,0.62,2012-05-29
0.64,0.64,0.62,0.62,2012-05-28
0.64,0.64,0.64,0.64,2012-05-25
0.65,0.65,0.64,0.64,2012-05-24
0.62,0.72,0.62,0.65,2012-05-23
0.62,0.62,0.62,0.62,2012-05-22
0.78,0.78,0.61,0.61,2012-05-21
0.65,0.65,0.61,0.65,2012-05-18
0.65,0.65,0.65,0.65,2012-05-17
0.68,0.68,0.65,0.65,2012-05-16
0.66,0.72,0.66,0.7,2012-05-15
0.68,0.7,0.65,0.7,2012-05-14
0.68,0.69,0.68,0.68,2012-05-11
0.69,0.69,0.69,0.69,2012-05-10
0.69,0.74,0.69,0.74,2012-05-09
0.69,0.69,0.69,0.69,2012-05-08
0.68,0.69,0.68,0.69,2012-05-07
0.68,0.69,0.68,0.68,2012-05-04
0.67,0.68,0.67,0.68,2012-05-03
0.67,0.67,0.67,0.67,2012-05-02
0.65,0.65,0.65,0.65,2012-04-30
0.65,0.65,0.65,0.65,2012-04-27
0.64,0.65,0.64,0.65,2012-04-26
0.64,0.64,0.64,0.64,2012-04-24
0.78,0.78,0.64,0.64,2012-04-23
0.67,0.67,0.64,0.64,2012-04-20
0.69,0.8,0.65,0.67,2012-04-19
0.8,0.8,0.67,0.67,2012-04-18
0.66,0.66,0.66,0.66,2012-04-17
0.64,0.64,0.64,0.64,2012-04-16
0.69,0.71,0.69,0.7,2012-04-13
0.73,0.75,0.67,0.68,2012-04-12
0.73,0.73,0.73,0.73,2012-04-11
0.73,0.84,0.73,0.73,2012-04-10
0.81,0.81,0.77,0.78,2012-04-05
0.82,0.9,0.81,0.81,2012-04-04
0.82,0.82,0.82,0.82,2012-04-03
0.85,0.91,0.82,0.91,2012-04-02
0.85,0.85,0.85,0.85,2012-03-30
0.85,0.85,0.85,0.85,2012-03-29
0.85,0.89,0.85,0.85,2012-03-28
0.9,0.9,0.84,0.84,2012-03-27
0.9,0.9,0.9,0.9,2012-03-26
0.9,0.9,0.9,0.9,2012-03-23
0.91,0.94,0.9,0.9,2012-03-22
0.91,0.95,0.91,0.91,2012-03-21
0.93,0.93,0.9,0.91,2012-03-20
0.91,0.94,0.91,0.91,2012-03-19
0.9,0.95,0.9,0.91,2012-03-16
0.84,0.9,0.84,0.9,2012-03-15
0.9,0.9,0.9,0.9,2012-03-14
0.9,0.9,0.9,0.9,2012-03-13
0.9,0.9,0.9,0.9,2012-03-12
0.91,0.94,0.91,0.91,2012-03-09
0.89,0.91,0.89,0.91,2012-03-08
0.94,0.98,0.94,0.94,2012-03-07
0.84,1.08,0.84,0.95,2012-03-06
0.8,0.94,0.77,0.94,2012-03-05
0.9,0.96,0.9,0.96,2012-03-02
0.89,0.97,0.89,0.97,2012-03-01
0.9,0.98,0.87,0.89,2012-02-29
0.98,0.98,0.89,0.95,2012-02-28
0.95,0.95,0.84,0.89,2012-02-27
0.92,1.0,0.92,0.96,2012-02-24
0.97,0.97,0.97,0.97,2012-02-23
0.97,1.06,0.97,0.97,2012-02-22
0.97,0.97,0.97,0.97,2012-02-21
1.0,1.07,0.94,1.07,2012-02-20
0.93,1.0,0.9,1.0,2012-02-17
0.95,0.96,0.95,0.95,2012-02-16
0.88,1.0,0.87,1.0,2012-02-15
0.85,0.94,0.85,0.87,2012-02-14
0.91,0.91,0.85,0.86,2012-02-13
0.82,0.89,0.82,0.85,2012-02-10
0.9,0.9,0.81,0.85,2012-02-09
0.91,0.94,0.82,0.82,2012-02-08
0.81,0.81,0.81,0.81,2012-02-07
0.83,0.85,0.83,0.85,2012-02-06
0.81,0.82,0.81,0.82,2012-02-03
0.81,0.81,0.81,0.81,2012-02-02
0.91,0.91,0.8,0.81,2012-02-01
0.8,0.85,0.8,0.82,2012-01-31
0.8,0.87,0.8,0.81,2012-01-30
0.8,0.8,0.77,0.77,2012-01-27
0.75,0.84,0.75,0.8,2012-01-26
0.8,0.8,0.8,0.8,2012-01-25
0.8,0.85,0.8,0.85,2012-01-24
0.81,0.81,0.81,0.81,2012-01-23
0.8,0.83,0.8,0.81,2012-01-20
0.81,0.85,0.8,0.8,2012-01-19
0.84,0.87,0.78,0.8,2012-01-18
0.8,0.84,0.76,0.77,2012-01-17
0.71,0.8,0.71,0.76,2012-01-16
0.7,0.8,0.66,0.7,2012-01-13
0.7,0.76,0.7,0.7,2012-01-12
0.75,0.75,0.64,0.75,2012-01-11
0.73,0.73,0.62,0.64,2012-01-10
0.75,0.75,0.64,0.74,2012-01-09
0.62,0.62,0.62,0.62,2012-01-06
0.64,0.69,0.64,0.65,2012-01-05
0.64,0.66,0.64,0.65,2012-01-04
0.64,0.68,0.64,0.68,2012-01-03
0.63,0.65,0.63,0.65,2012-01-02
0.64,0.69,0.64,0.69,2011-12-30
0.63,0.65,0.63,0.64,2011-12-29
0.61,0.62,0.61,0.62,2011-12-28
0.66,0.68,0.65,0.65,2011-12-27
0.65,0.66,0.65,0.66,2011-12-23
0.77,0.77,0.65,0.65,2011-12-22
0.64,0.66,0.64,0.66,2011-12-21
0.65,0.65,0.65,0.65,2011-12-20
0.64,0.64,0.64,0.64,2011-12-19
0.7,0.7,0.7,0.7,2011-12-16
0.7,0.78,0.7,0.7,2011-12-15
0.79,0.79,0.73,0.73,2011-12-14
0.8,0.8,0.73,0.73,2011-12-13
0.73,0.73,0.67,0.67,2011-12-12
0.73,0.73,0.73,0.73,2011-12-09
0.75,0.75,0.73,0.73,2011-12-08
0.74,0.8,0.74,0.8,2011-12-07
0.73,0.75,0.73,0.74,2011-12-06
0.72,0.72,0.72,0.72,2011-12-05
0.72,0.72,0.72,0.72,2011-12-02
0.72,0.72,0.72,0.72,2011-12-01
0.72,0.72,0.72,0.72,2011-11-30
0.73,0.73,0.73,0.73,2011-11-29
0.73,0.74,0.73,0.73,2011-11-28
0.75,0.84,0.75,0.75,2011-11-25
0.75,0.84,0.75,0.76,2011-11-24
0.89,0.89,0.76,0.76,2011-11-23
0.87,0.87,0.77,0.77,2011-11-22
0.77,0.77,0.77,0.77,2011-11-21
0.77,0.77,0.77,0.77,2011-11-18
0.74,0.86,0.74,0.86,2011-11-17
0.87,0.87,0.74,0.74,2011-11-16
0.75,0.8,0.74,0.74,2011-11-15
0.8,0.8,0.74,0.76,2011-11-14
0.8,0.91,0.8,0.8,2011-11-11
0.94,0.94,0.8,0.8,2011-11-10
0.78,0.78,0.78,0.78,2011-11-09
0.8,0.8,0.8,0.8,2011-11-08
0.8,0.8,0.8,0.8,2011-11-07
0.82,0.82,0.8,0.8,2011-11-04
0.8,0.82,0.8,0.82,2011-11-03
0.9,0.9,0.8,0.8,2011-11-02
0.9,0.93,0.78,0.93,2011-11-01
0.83,0.83,0.79,0.79,2011-10-31
0.83,0.83,0.83,0.83,2011-10-28
0.85,0.89,0.84,0.84,2011-10-27
0.85,0.9,0.85,0.85,2011-10-26
0.87,0.87,0.87,0.87,2011-10-25
0.96,0.96,0.87,0.87,2011-10-24
0.88,0.88,0.87,0.87,2011-10-21
0.87,0.9,0.87,0.9,2011-10-20
0.85,0.87,0.85,0.87,2011-10-19
0.84,0.85,0.84,0.85,2011-10-18
0.83,0.92,0.83,0.83,2011-10-17
0.9,0.9,0.86,0.87,2011-10-14
0.9,0.9,0.8,0.86,2011-10-13
0.87,0.9,0.83,0.9,2011-10-12
0.91,0.91,0.88,0.88,2011-10-11
0.86,0.87,0.86,0.87,2011-10-10
0.91,0.91,0.83,0.84,2011-10-07
0.98,0.98,0.87,0.89,2011-10-06
0.99,0.99,0.94,0.96,2011-10-05
1.3,1.3,0.84,0.84,2011-10-04
1.0,1.35,1.0,1.35,2011-10-03
0.95,1.02,0.95,1.0,2011-09-30
0.88,0.93,0.87,0.93,2011-09-29
1.05,1.05,0.88,0.89,2011-09-28
0.95,0.96,0.95,0.96,2011-09-27
0.9,1.04,0.81,0.88,2011-09-26
1.05,1.05,0.95,0.95,2011-09-23
0.94,0.94,0.94,0.94,2011-09-22
0.99,1.0,0.99,1.0,2011-09-21
0.93,1.05,0.93,0.98,2011-09-20
0.95,1.0,0.95,1.0,2011-09-19
1.0,1.0,0.95,0.95,2011-09-16
1.0,1.0,1.0,1.0,2011-09-15
0.88,1.0,0.88,1.0,2011-09-14
0.9,0.94,0.9,0.94,2011-09-13
1.0,1.1,0.97,0.97,2011-09-12
1.05,1.05,0.98,0.99,2011-09-09
1.01,1.03,0.96,0.96,2011-09-08
1.0,1.0,1.0,1.0,2011-09-07
1.05,1.05,1.0,1.0,2011-09-06
1.1,1.15,1.05,1.05,2011-09-05
1.09,1.1,1.09,1.1,2011-09-02
1.05,1.14,1.05,1.09,2011-09-01
1.01,1.09,1.01,1.05,2011-08-31
0.93,1.01,0.93,1.01,2011-08-30
0.93,1.2,0.93,0.95,2011-08-29
1.05,1.05,1.05,1.05,2011-08-26
1.05,1.05,1.0,1.05,2011-08-25
1.01,1.01,1.0,1.0,2011-08-24
1.01,1.01,1.01,1.01,2011-08-23
1.01,1.01,1.01,1.01,2011-08-22
1.01,1.01,1.01,1.01,2011-08-19
1.01,1.01,1.01,1.01,2011-08-18
1.04,1.04,1.01,1.01,2011-08-17
1.02,1.02,1.02,1.02,2011-08-16
1.04,1.04,1.02,1.02,2011-08-12
1.02,1.03,1.02,1.03,2011-08-11
1.0,1.03,1.0,1.02,2011-08-10
1.02,1.02,0.92,0.94,2011-08-09
1.11,1.11,1.0,1.0,2011-08-08
1.15,1.16,1.1,1.1,2011-08-05
1.16,1.16,1.16,1.16,2011-08-04
1.11,1.13,1.09,1.09,2011-08-03
1.14,1.14,1.14,1.14,2011-08-02
1.28,1.28,1.13,1.13,2011-08-01
1.12,1.23,1.12,1.19,2011-07-29
1.12,1.26,1.12,1.12,2011-07-28
1.1,1.13,1.09,1.09,2011-07-27
1.2,1.2,1.2,1.2,2011-07-26
1.16,1.18,1.16,1.18,2011-07-25
1.2,1.2,1.1,1.14,2011-07-22
1.12,1.21,1.1,1.2,2011-07-21
1.14,1.2,1.14,1.14,2011-07-20
1.13,1.14,1.13,1.14,2011-07-19
1.11,1.12,1.11,1.12,2011-07-18
1.13,1.2,1.11,1.15,2011-07-15
1.16,1.27,1.16,1.27,2011-07-14
1.16,1.16,1.16,1.16,2011-07-13
1.13,1.28,1.13,1.16,2011-07-12
1.13,1.29,1.13,1.29,2011-07-11
1.14,1.14,1.14,1.14,2011-07-08
1.15,1.15,1.15,1.15,2011-07-07
1.17,1.2,1.15,1.2,2011-07-06
1.17,1.25,1.17,1.25,2011-07-05
1.25,1.25,1.17,1.17,2011-07-04
1.25,1.25,1.17,1.17,2011-07-01
1.2,1.2,1.17,1.17,2011-06-30
1.16,1.2,1.13,1.2,2011-06-29
1.15,1.25,1.15,1.15,2011-06-28
1.22,1.22,1.15,1.15,2011-06-27
1.22,1.25,1.22,1.25,2011-06-24
1.17,1.2,1.17,1.2,2011-06-23
1.19,1.2,1.14,1.18,2011-06-22
1.19,1.2,1.19,1.2,2011-06-21
1.19,1.19,1.19,1.19,2011-06-20
1.19,1.2,1.19,1.2,2011-06-17
1.25,1.25,1.19,1.25,2011-06-16
1.25,1.25,1.25,1.25,2011-06-15
1.04,1.32,1.04,1.25,2011-06-14
1.27,1.27,1.26,1.26,2011-06-13
1.26,1.26,1.26,1.26,2011-06-10
1.29,1.29,1.2,1.23,2011-06-09
1.29,1.29,1.29,1.29,2011-06-08
1.27,1.38,1.27,1.37,2011-06-07
1.26,1.27,1.26,1.27,2011-06-06
1.26,1.26,1.26,1.26,2011-06-03
1.3,1.3,1.27,1.27,2011-06-02
1.37,1.37,1.26,1.27,2011-06-01
1.26,1.29,1.26,1.26,2011-05-31
1.3,1.42,1.27,1.28,2011-05-30
1.4,1.4,1.3,1.3,2011-05-27
1.4,1.4,1.4,1.4,2011-05-26
1.38,1.4,1.38,1.4,2011-05-25
1.32,1.32,1.32,1.32,2011-05-24
1.39,1.39,1.32,1.32,2011-05-23
1.44,1.44,1.3,1.32,2011-05-20
1.27,1.45,1.27,1.32,2011-05-19
1.26,1.27,1.26,1.27,2011-05-18
1.26,1.27,1.26,1.26,2011-05-17
1.4,1.4,1.26,1.27,2011-05-16
1.26,1.28,1.26,1.28,2011-05-13
1.27,1.27,1.26,1.26,2011-05-12
1.27,1.27,1.27,1.27,2011-05-11
1.26,1.26,1.25,1.25,2011-05-10
1.25,1.25,1.25,1.25,2011-05-09
1.25,1.3,1.25,1.25,2011-05-06
1.5,1.5,1.5,1.5,2011-05-05
1.23,1.3,1.23,1.3,2011-05-04
1.23,1.4,1.23,1.4,2011-05-03
1.23,1.25,1.23,1.24,2011-05-02
1.28,1.28,1.28,1.28,2011-04-29
1.3,1.4,1.3,1.3,2011-04-28
1.45,1.45,1.27,1.27,2011-04-27
1.39,1.39,1.26,1.26,2011-04-26
1.3,1.3,1.2,1.25,2011-04-21
1.3,1.38,1.24,1.3,2011-04-20
1.31,1.33,1.31,1.31,2011-04-19
1.43,1.43,1.3,1.3,2011-04-18
1.45,1.45,1.43,1.43,2011-04-15
1.43,1.45,1.43,1.45,2011-04-14
1.43,1.43,1.43,1.43,2011-04-13
1.44,1.44,1.43,1.43,2011-04-12
1.44,1.53,1.44,1.45,2011-04-11
1.5,1.53,1.5,1.53,2011-04-08
1.43,1.44,1.43,1.44,2011-04-07
1.43,1.45,1.43,1.45,2011-04-06
1.44,1.44,1.43,1.43,2011-04-05
1.46,1.46,1.44,1.44,2011-04-04
1.46,1.46,1.46,1.46,2011-04-01
1.44,1.44,1.44,1.44,2011-03-31
1.46,1.55,1.39,1.43,2011-03-30
1.5,1.5,1.45,1.46,2011-03-29
1.5,1.5,1.5,1.5,2011-03-28
1.5,1.5,1.5,1.5,2011-03-25
1.45,1.53,1.45,1.53,2011-03-24
1.44,1.5,1.44,1.5,2011-03-23
1.44,1.55,1.44,1.55,2011-03-22
1.55,1.55,1.5,1.5,2011-03-21
1.45,1.55,1.45,1.48,2011-03-18
1.45,1.45,1.45,1.45,2011-03-17
1.43,1.56,1.43,1.48,2011-03-16
1.55,1.55,1.4,1.41,2011-03-15
1.55,1.55,1.55,1.55,2011-03-14
1.55,1.55,1.55,1.55,2011-03-11
1.55,1.57,1.55,1.55,2011-03-10
1.55,1.58,1.55,1.55,2011-03-09
1.55,1.55,1.55,1.55,2011-03-08
1.55,1.55,1.55,1.55,2011-03-07
1.57,1.57,1.55,1.55,2011-03-04
1.51,1.57,1.51,1.57,2011-03-03
1.51,1.61,1.51,1.55,2011-03-02
1.54,1.54,1.51,1.51,2011-03-01
1.6,1.6,1.55,1.55,2011-02-28
1.6,1.6,1.58,1.58,2011-02-25
1.47,1.59,1.47,1.58,2011-02-24
1.46,1.58,1.46,1.47,2011-02-23
1.46,1.6,1.46,1.58,2011-02-22
1.49,1.49,1.45,1.45,2011-02-21
1.49,1.52,1.49,1.52,2011-02-18
1.53,1.6,1.52,1.54,2011-02-17
1.47,1.52,1.47,1.5,2011-02-16
1.48,1.5,1.48,1.5,2011-02-15
1.47,1.47,1.47,1.47,2011-02-14
1.5,1.5,1.49,1.49,2011-02-11
1.5,1.52,1.5,1.52,2011-02-10
1.54,1.54,1.5,1.5,2011-02-09
1.5,1.52,1.5,1.5,2011-02-08
1.51,1.51,1.48,1.48,2011-02-07
1.51,1.52,1.49,1.5,2011-02-04
1.5,1.52,1.49,1.52,2011-02-03
1.56,1.59,1.47,1.51,2011-02-02
1.61,1.61,1.56,1.56,2011-02-01
1.56,1.56,1.56,1.56,2011-01-31
1.56,1.63,1.56,1.57,2011-01-28
1.56,1.56,1.56,1.56,2011-01-27
1.56,1.56,1.56,1.56,2011-01-26
1.55,1.55,1.55,1.55,2011-01-25
1.55,1.55,1.55,1.55,2011-01-24
1.55,1.55,1.55,1.55,2011-01-21
1.55,1.55,1.55,1.55,2011-01-20
1.55,1.55,1.55,1.55,2011-01-19
1.55,1.55,1.55,1.55,2011-01-18
1.56,1.56,1.55,1.55,2011-01-17
1.55,1.6,1.55,1.56,2011-01-14
1.55,1.6,1.55,1.55,2011-01-13
1.55,1.56,1.55,1.56,2011-01-12
1.55,1.55,1.55,1.55,2011-01-11
1.55,1.57,1.55,1.56,2011-01-10
1.55,1.55,1.55,1.55,2011-01-07
1.52,1.56,1.51,1.55,2011-01-06
1.52,1.6,1.46,1.51,2011-01-05
1.53,1.53,1.43,1.5,2011-01-04
1.51,1.63,1.51,1.55,2011-01-03
1.51,1.51,1.51,1.51,2010-12-31
1.51,1.51,1.5,1.51,2010-12-30
1.5,1.58,1.5,1.51,2010-12-29
1.56,1.6,1.55,1.55,2010-12-28
1.56,1.6,1.56,1.56,2010-12-27
1.56,1.63,1.56,1.63,2010-12-23
1.56,1.6,1.56,1.6,2010-12-22
1.56,1.64,1.56,1.63,2010-12-21
1.66,1.66,1.56,1.56,2010-12-20
1.57,1.66,1.57,1.58,2010-12-17
1.67,1.67,1.56,1.66,2010-12-16
1.68,1.69,1.68,1.69,2010-12-15
1.69,1.69,1.69,1.69,2010-12-14
1.7,1.7,1.69,1.69,2010-12-13
1.69,1.77,1.69,1.69,2010-12-10
1.67,1.78,1.67,1.77,2010-12-09
1.7,1.72,1.7,1.72,2010-12-08
1.67,1.78,1.67,1.72,2010-12-07
1.63,1.76,1.63,1.76,2010-12-06
1.73,1.73,1.63,1.73,2010-12-03
1.56,1.73,1.56,1.73,2010-12-02
1.6,1.72,1.6,1.72,2010-12-01
1.66,1.66,1.6,1.61,2010-11-30
1.7,1.7,1.7,1.7,2010-11-29
1.65,1.74,1.65,1.7,2010-11-26
1.57,1.76,1.57,1.62,2010-11-25
1.76,1.8,1.72,1.72,2010-11-24
1.76,1.78,1.76,1.76,2010-11-23
1.77,1.8,1.77,1.78,2010-11-22
1.77,1.77,1.77,1.77,2010-11-19
1.72,1.87,1.72,1.76,2010-11-18
1.87,1.87,1.75,1.8,2010-11-17
1.78,1.78,1.78,1.78,2010-11-16
1.78,1.78,1.77,1.78,2010-11-15
1.85,1.85,1.85,1.85,2010-11-12
1.86,1.87,1.85,1.86,2010-11-11
1.91,1.91,1.91,1.91,2010-11-10
1.85,1.88,1.85,1.88,2010-11-09
1.81,2.02,1.81,2.0,2010-11-08
1.91,1.91,1.7,1.86,2010-11-05
1.95,1.99,1.91,1.91,2010-11-04
1.94,2.03,1.94,2.0,2010-11-03
1.92,2.0,1.92,2.0,2010-11-02
1.97,2.0,1.95,2.0,2010-11-01
1.96,2.0,1.96,2.0,2010-10-29
1.96,2.03,1.96,2.03,2010-10-28
1.96,2.01,1.96,2.01,2010-10-27
2.0,2.03,1.96,2.03,2010-10-26
1.98,2.03,1.98,2.0,2010-10-25
1.97,2.06,1.97,2.06,2010-10-22
2.06,2.06,1.97,2.04,2010-10-21
2.02,2.05,2.0,2.04,2010-10-20
2.01,2.07,2.01,2.02,2010-10-19
2.07,2.07,2.02,2.05,2010-10-18
2.03,2.07,2.02,2.07,2010-10-15
2.08,2.08,2.01,2.01,2010-10-14
2.03,2.08,2.03,2.03,2010-10-13
2.02,2.02,2.02,2.02,2010-10-12
2.08,2.08,2.05,2.05,2010-10-11
2.04,2.09,2.04,2.05,2010-10-08
2.12,2.13,2.06,2.06,2010-10-07
2.08,2.24,2.08,2.17,2010-10-06
2.08,2.24,2.08,2.24,2010-10-05
2.06,2.28,2.06,2.27,2010-10-04
2.01,2.29,2.01,2.22,2010-10-01
2.03,2.15,1.93,2.15,2010-09-30
2.0,2.1,2.0,2.02,2010-09-29
2.05,2.05,2.02,2.03,2010-09-28
2.05,2.14,2.05,2.09,2010-09-27
2.13,2.13,2.04,2.1,2010-09-24
2.13,2.13,2.13,2.13,2010-09-23
2.11,2.2,2.11,2.2,2010-09-22
2.19,2.29,2.03,2.16,2010-09-21
2.19,2.29,2.19,2.19,2010-09-20
2.2,2.2,2.2,2.2,2010-09-17
2.3,2.3,2.19,2.2,2010-09-16
2.26,2.28,2.26,2.26,2010-09-15
2.23,2.25,2.23,2.25,2010-09-14
2.2,2.25,2.2,2.25,2010-09-13
2.25,2.26,2.25,2.26,2010-09-10
2.25,2.3,2.25,2.3,2010-09-09
2.25,2.25,2.25,2.25,2010-09-08
2.25,2.31,2.25,2.25,2010-09-07
2.31,2.38,2.2,2.25,2010-09-06
2.31,2.32,2.31,2.32,2010-09-03
2.33,2.35,2.33,2.35,2010-09-02
2.31,2.39,2.31,2.32,2010-09-01
2.31,2.31,2.31,2.31,2010-08-31
2.43,2.43,2.32,2.32,2010-08-30
2.33,2.33,2.31,2.33,2010-08-27
2.32,2.32,2.32,2.32,2010-08-26
2.32,2.32,2.32,2.32,2010-08-25
2.37,2.37,2.32,2.36,2010-08-24
2.36,2.37,2.36,2.37,2010-08-23
2.43,2.43,2.37,2.37,2010-08-20
2.36,2.46,2.36,2.37,2010-08-19
2.4,2.4,2.36,2.36,2010-08-18
2.4,2.4,2.36,2.36,2010-08-17
2.4,2.4,2.37,2.37,2010-08-16
2.4,2.5,2.39,2.5,2010-08-13
2.4,2.44,2.38,2.39,2010-08-12
2.32,2.38,2.32,2.38,2010-08-11
2.39,2.39,2.37,2.38,2010-08-10
2.4,2.41,2.39,2.39,2010-08-09
2.46,2.46,2.4,2.43,2010-08-06
2.47,2.5,2.45,2.5,2010-08-05
2.55,2.55,2.38,2.4,2010-08-04
2.43,2.55,2.38,2.55,2010-08-03
2.33,2.42,2.33,2.42,2010-08-02
2.34,2.4,2.34,2.39,2010-07-30
2.34,2.4,2.34,2.4,2010-07-29
2.34,2.42,2.34,2.4,2010-07-28
2.32,2.4,2.32,2.4,2010-07-27
2.3,2.31,2.3,2.31,2010-07-26
2.32,2.43,2.31,2.35,2010-07-23
2.4,2.44,2.28,2.44,2010-07-22
2.26,2.4,2.26,2.4,2010-07-21
2.25,2.35,2.25,2.35,2010-07-20
2.26,2.39,2.25,2.39,2010-07-19
2.3,2.34,2.26,2.28,2010-07-16
2.31,2.31,2.3,2.3,2010-07-15
2.3,2.39,2.3,2.35,2010-07-14
2.29,2.31,2.28,2.31,2010-07-13
2.28,2.29,2.28,2.29,2010-07-12
2.37,2.45,2.36,2.37,2010-07-09
2.3,2.45,2.3,2.45,2010-07-08
2.26,2.29,2.26,2.29,2010-07-07
2.31,2.31,2.25,2.3,2010-07-06
2.36,2.36,2.36,2.36,2010-07-05
2.36,2.37,2.36,2.36,2010-07-02
2.35,2.37,2.35,2.36,2010-07-01
2.34,2.35,2.34,2.35,2010-06-30
2.38,2.38,2.34,2.38,2010-06-29
2.38,2.47,2.38,2.38,2010-06-28
2.38,2.38,2.38,2.38,2010-06-25
2.39,2.47,2.38,2.38,2010-06-24
2.34,2.48,2.34,2.4,2010-06-23
2.38,2.48,2.38,2.4,2010-06-22
2.34,2.38,2.34,2.38,2010-06-21
2.4,2.48,2.4,2.48,2010-06-18
2.39,2.47,2.39,2.4,2010-06-17
2.49,2.49,2.38,2.47,2010-06-16
2.36,2.48,2.36,2.39,2010-06-15
2.38,2.45,2.34,2.45,2010-06-14
2.29,2.39,2.29,2.36,2010-06-11
2.36,2.36,2.36,2.36,2010-06-10
2.26,2.31,2.21,2.31,2010-06-09
2.3,2.36,2.28,2.32,2010-06-08
2.29,2.51,2.21,2.4,2010-06-07
2.3,2.3,2.3,2.3,2010-06-04
2.39,2.4,2.37,2.4,2010-06-03
2.37,2.37,2.29,2.29,2010-06-02
2.36,2.43,2.34,2.37,2010-06-01
2.3,2.44,2.3,2.44,2010-05-31
2.3,2.44,2.29,2.44,2010-05-28
2.3,2.49,2.3,2.4,2010-05-27
2.29,2.39,2.29,2.39,2010-05-26
2.4,2.44,2.29,2.35,2010-05-25
2.39,2.4,2.36,2.37,2010-05-24
2.4,2.48,2.35,2.39,2010-05-21
2.55,2.55,2.4,2.42,2010-05-20
2.41,2.45,2.41,2.45,2010-05-19
2.55,2.55,2.49,2.49,2010-05-18
2.6,2.6,2.34,2.41,2010-05-17
2.59,2.59,2.33,2.35,2010-05-14
2.78,2.78,2.5,2.64,2010-05-13
2.5,2.78,2.5,2.6,2010-05-12
3.0,3.0,2.4,2.42,2010-05-11
3.2,3.2,2.85,2.91,2010-05-10
3.06,3.16,2.98,3.14,2010-05-07
3.19,3.19,3.04,3.17,2010-05-06
2.99,2.99,2.95,2.99,2010-05-05
3.11,3.11,2.98,3.05,2010-05-04
3.08,3.11,2.95,3.11,2010-05-03
3.0,3.25,3.0,3.11,2010-04-30
2.83,3.0,2.83,2.95,2010-04-29
2.99,2.99,2.65,2.91,2010-04-28
3.08,3.09,3.0,3.03,2010-04-27
3.24,3.24,3.04,3.1,2010-04-26
3.28,3.28,3.12,3.15,2010-04-23
3.19,3.19,3.16,3.17,2010-04-22
3.22,3.28,3.17,3.28,2010-04-21
3.15,3.3,3.15,3.28,2010-04-20
3.1,3.37,3.1,3.1,2010-04-19
3.31,3.39,3.28,3.38,2010-04-16
3.32,3.37,3.31,3.32,2010-04-15
3.45,3.45,3.3,3.3,2010-04-14
3.27,3.45,3.17,3.45,2010-04-13
3.38,3.38,3.0,3.15,2010-04-12
3.06,3.2,2.94,3.1,2010-04-09
3.44,3.44,3.29,3.29,2010-04-08
3.37,3.47,3.35,3.35,2010-04-07
3.45,3.48,3.37,3.39,2010-04-06
3.44,3.44,3.37,3.44,2010-04-01
3.43,3.44,3.31,3.44,2010-03-31
3.34,3.44,3.34,3.43,2010-03-30
3.65,3.65,3.3,3.35,2010-03-29
3.26,3.5,3.26,3.5,2010-03-26
3.2,3.25,3.09,3.25,2010-03-25
3.1,3.2,3.03,3.15,2010-03-24
3.08,3.19,3.08,3.1,2010-03-23
3.17,3.24,3.08,3.08,2010-03-22
3.05,3.25,3.02,3.02,2010-03-19
2.98,3.0,2.91,2.99,2010-03-18
2.92,2.99,2.92,2.98,2010-03-17
3.01,3.01,2.85,3.0,2010-03-16
2.97,3.05,2.89,3.0,2010-03-15
2.97,2.97,2.89,2.91,2010-03-12
2.89,2.98,2.89,2.98,2010-03-11
2.99,2.99,2.86,2.87,2010-03-10
2.98,2.98,2.9,2.9,2010-03-09
2.94,3.01,2.88,2.98,2010-03-08
2.7,2.89,2.7,2.89,2010-03-05
2.65,2.97,2.65,2.85,2010-03-04
2.6,2.63,2.6,2.63,2010-03-03
2.65,2.65,2.56,2.58,2010-03-02
2.5,2.69,2.5,2.69,2010-03-01
2.5,2.6,2.5,2.5,2010-02-26
2.5,2.62,2.5,2.5,2010-02-25
2.55,2.55,2.42,2.5,2010-02-24
2.5,2.55,2.5,2.55,2010-02-23
2.55,2.55,2.45,2.5,2010-02-22
2.45,2.54,2.45,2.54,2010-02-19
2.42,2.5,2.42,2.45,2010-02-18
2.4,2.44,2.4,2.43,2010-02-17
2.55,2.55,2.5,2.54,2010-02-16
2.45,2.54,2.45,2.54,2010-02-15
2.41,2.5,2.41,2.45,2010-02-12
2.41,2.41,2.41,2.41,2010-02-11
2.36,2.49,2.36,2.41,2010-02-10
2.27,2.36,2.27,2.36,2010-02-09
2.5,2.5,2.21,2.3,2010-02-08
2.55,2.55,2.36,2.36,2010-02-05
2.58,2.58,2.37,2.57,2010-02-04
2.41,2.55,2.41,2.55,2010-02-03
2.41,2.41,2.41,2.41,2010-02-02
2.42,2.55,2.38,2.41,2010-02-01
2.4,2.52,2.4,2.52,2010-01-29
2.51,2.52,2.51,2.52,2010-01-28
2.48,2.61,2.48,2.51,2010-01-27
2.5,2.5,2.49,2.49,2010-01-26
2.36,2.63,2.36,2.46,2010-01-25
2.55,2.56,2.55,2.55,2010-01-22
2.55,2.56,2.55,2.55,2010-01-21
2.55,2.63,2.55,2.55,2010-01-20
2.6,2.6,2.55,2.55,2010-01-19
2.55,2.61,2.55,2.6,2010-01-18
2.56,2.63,2.56,2.56,2010-01-15
2.55,2.63,2.55,2.55,2010-01-14
2.55,2.64,2.51,2.55,2010-01-13
2.51,2.65,2.51,2.59,2010-01-12
2.61,2.61,2.55,2.55,2010-01-11
2.47,2.64,2.47,2.55,2010-01-08
2.52,2.61,2.52,2.61,2010-01-07
2.41,2.57,2.41,2.5,2010-01-06
2.5,2.55,2.5,2.55,2010-01-05
2.55,2.63,2.51,2.51,2010-01-04
2.51,2.55,2.51,2.55,2009-12-31
2.51,2.55,2.51,2.55,2009-12-30
2.51,2.64,2.51,2.55,2009-12-29
2.67,2.67,2.5,2.5,2009-12-28
2.5,2.5,2.49,2.49,2009-12-24
2.55,2.71,2.41,2.48,2009-12-23
2.72,2.72,2.49,2.51,2009-12-22
2.6,2.72,2.32,2.72,2009-12-21
2.54,2.55,2.53,2.55,2009-12-18
2.5,2.53,2.5,2.53,2009-12-17
2.55,2.55,2.5,2.53,2009-12-16
2.5,2.52,2.5,2.51,2009-12-15
2.7,2.7,2.51,2.52,2009-12-14
2.55,2.56,2.55,2.56,2009-12-11
2.56,2.56,2.5,2.55,2009-12-10
2.7,2.7,2.55,2.59,2009-12-09
2.63,2.75,2.63,2.7,2009-12-08
2.6,2.79,2.6,2.67,2009-12-07
2.7,2.75,2.7,2.7,2009-12-04
2.71,2.75,2.71,2.71,2009-12-03
2.7,2.75,2.7,2.73,2009-12-02
2.79,2.79,2.75,2.75,2009-12-01
2.71,2.79,2.71,2.79,2009-11-30
2.75,2.8,2.71,2.8,2009-11-27
2.7,2.84,2.7,2.74,2009-11-26
2.85,2.85,2.71,2.75,2009-11-25
2.76,2.91,2.65,2.85,2009-11-24
2.8,2.8,2.76,2.76,2009-11-23
2.8,2.82,2.8,2.8,2009-11-20
2.83,2.83,2.82,2.82,2009-11-19
2.88,2.88,2.82,2.82,2009-11-18
2.81,2.81,2.81,2.81,2009-11-17
2.8,2.9,2.77,2.84,2009-11-16
2.85,2.85,2.79,2.8,2009-11-13
2.95,2.95,2.84,2.84,2009-11-12
2.98,2.98,2.83,2.86,2009-11-11
3.0,3.0,2.76,2.98,2009-11-10
2.88,2.99,2.88,2.98,2009-11-09
2.7,2.85,2.7,2.76,2009-11-06
2.7,2.7,2.65,2.67,2009-11-05
2.65,2.71,2.61,2.65,2009-11-04
2.63,2.65,2.61,2.65,2009-11-03
2.9,2.9,2.58,2.63,2009-11-02
2.95,3.05,2.9,2.9,2009-10-30
2.9,2.94,2.9,2.94,2009-10-29
2.93,3.0,2.93,2.93,2009-10-28
3.0,3.09,2.93,2.93,2009-10-27
2.93,3.01,2.9,2.96,2009-10-26
3.05,3.05,3.01,3.01,2009-10-23
3.03,3.05,2.93,2.98,2009-10-22
3.1,3.1,3.03,3.03,2009-10-21
3.14,3.14,3.03,3.05,2009-10-20
3.1,3.1,3.03,3.05,2009-10-19
3.01,3.09,3.01,3.03,2009-10-16
2.95,3.07,2.95,3.01,2009-10-15
2.81,2.99,2.81,2.91,2009-10-14
2.9,2.91,2.9,2.91,2009-10-13
3.03,3.03,3.0,3.0,2009-10-12
3.08,3.08,2.98,2.98,2009-10-09
3.06,3.11,3.06,3.06,2009-10-08
3.1,3.17,3.09,3.11,2009-10-07
3.2,3.3,2.98,3.09,2009-10-06
3.18,3.18,2.91,3.07,2009-10-05
3.04,3.1,2.7,2.96,2009-10-02
3.51,3.51,3.35,3.42,2009-10-01
2.96,3.55,2.96,3.55,2009-09-30
2.8,2.99,2.66,2.99,2009-09-29
2.5,2.86,2.5,2.75,2009-09-28
2.4,2.6,2.36,2.5,2009-09-25
2.32,2.4,2.32,2.4,2009-09-24
2.31,2.35,2.31,2.34,2009-09-23
2.35,2.35,2.3,2.31,2009-09-22
2.39,2.39,2.34,2.35,2009-09-21
2.45,2.45,2.26,2.31,2009-09-18
2.29,2.4,2.21,2.35,2009-09-17
2.3,2.3,2.22,2.29,2009-09-16
2.28,2.3,2.21,2.3,2009-09-15
2.21,2.21,2.21,2.21,2009-09-14
2.1,2.29,2.1,2.19,2009-09-11
2.01,2.12,2.01,2.1,2009-09-10
2.01,2.01,2.01,2.01,2009-09-09
2.05,2.1,2.01,2.01,2009-09-08
2.02,2.02,2.01,2.02,2009-09-07
2.01,2.01,2.01,2.01,2009-09-04
2.01,2.01,2.01,2.01,2009-09-03
2.05,2.05,2.01,2.01,2009-09-02
2.05,2.05,2.05,2.05,2009-09-01
2.05,2.09,2.05,2.06,2009-08-31
2.1,2.1,2.05,2.05,2009-08-28
2.06,2.07,2.06,2.07,2009-08-27
2.15,2.15,2.06,2.1,2009-08-26
2.07,2.08,2.07,2.08,2009-08-25
2.15,2.15,2.07,2.07,2009-08-24
2.16,2.16,2.13,2.14,2009-08-21
2.15,2.15,2.07,2.11,2009-08-20
2.15,2.15,2.05,2.05,2009-08-19
2.04,2.15,2.04,2.1,2009-08-18
2.16,2.16,2.03,2.08,2009-08-17
2.0,2.13,2.0,2.13,2009-08-14
1.99,2.05,1.99,2.02,2009-08-13
1.99,1.99,1.96,1.99,2009-08-12
1.96,1.96,1.96,1.96,2009-08-11
2.0,2.0,1.97,1.97,2009-08-10
1.96,2.03,1.96,1.98,2009-08-07
1.94,2.03,1.94,1.95,2009-08-06
2.0,2.0,2.0,2.0,2009-08-05
2.0,2.0,1.94,2.0,2009-08-04
1.97,2.05,1.93,1.94,2009-08-03
1.94,1.98,1.91,1.93,2009-07-31
1.86,2.13,1.86,2.13,2009-07-30
1.81,1.9,1.81,1.9,2009-07-29
1.82,1.85,1.8,1.8,2009-07-28
1.81,1.81,1.8,1.8,2009-07-27
1.79,1.85,1.78,1.79,2009-07-24
1.8,1.8,1.78,1.79,2009-07-23
1.81,1.81,1.79,1.79,2009-07-22
1.81,1.86,1.81,1.81,2009-07-21
1.83,1.83,1.82,1.82,2009-07-20
1.81,1.81,1.81,1.81,2009-07-17
1.8,1.82,1.8,1.82,2009-07-16
1.85,1.88,1.8,1.81,2009-07-15
1.8,1.88,1.8,1.88,2009-07-14
1.8,1.84,1.77,1.84,2009-07-13
1.78,1.78,1.77,1.77,2009-07-10
1.78,1.87,1.78,1.87,2009-07-09
1.85,1.85,1.77,1.78,2009-07-08
1.8,1.8,1.77,1.77,2009-07-07
1.79,1.8,1.78,1.78,2009-07-06
1.77,1.8,1.77,1.78,2009-07-03
1.8,1.8,1.79,1.79,2009-07-02
1.79,1.8,1.79,1.8,2009-07-01
1.83,1.87,1.8,1.8,2009-06-30
1.9,1.9,1.82,1.83,2009-06-29
1.84,1.85,1.84,1.85,2009-06-26
1.9,1.94,1.87,1.87,2009-06-25
1.84,1.85,1.84,1.85,2009-06-24
1.85,1.85,1.84,1.84,2009-06-23
1.9,1.92,1.86,1.87,2009-06-22
1.85,1.85,1.85,1.85,2009-06-19
1.85,1.95,1.85,1.86,2009-06-18
1.9,1.9,1.83,1.89,2009-06-17
1.89,1.89,1.83,1.84,2009-06-16
1.79,1.82,1.79,1.82,2009-06-15
1.77,1.9,1.77,1.9,2009-06-12
1.77,1.77,1.77,1.77,2009-06-10
1.83,1.9,1.74,1.76,2009-06-09
1.74,1.85,1.74,1.85,2009-06-08
1.72,1.76,1.72,1.76,2009-06-05
1.72,1.74,1.72,1.74,2009-06-04
1.7,1.8,1.7,1.73,2009-06-03
1.76,1.79,1.76,1.77,2009-06-02
1.82,1.97,1.75,1.76,2009-06-01
1.75,1.75,1.75,1.75,2009-05-29
1.74,1.74,1.74,1.74,2009-05-28
1.76,1.82,1.75,1.75,2009-05-27
1.75,1.75,1.75,1.75,2009-05-26
1.81,1.81,1.75,1.75,2009-05-25
1.74,1.81,1.74,1.75,2009-05-22
1.78,1.78,1.78,1.78,2009-05-21
1.74,1.78,1.73,1.73,2009-05-20
1.72,1.81,1.71,1.72,2009-05-19
1.75,1.82,1.72,1.72,2009-05-18
1.8,1.8,1.75,1.75,2009-05-15
1.81,1.81,1.72,1.75,2009-05-14
1.8,1.8,1.7,1.7,2009-05-13
1.8,1.8,1.8,1.8,2009-05-12
1.74,1.85,1.74,1.77,2009-05-11
1.75,1.85,1.75,1.85,2009-05-08
1.85,1.85,1.75,1.75,2009-05-07
1.89,1.89,1.72,1.85,2009-05-06
1.75,1.75,1.73,1.73,2009-05-05
1.73,1.89,1.73,1.78,2009-05-04
1.76,1.77,1.76,1.77,2009-04-30
1.78,1.78,1.72,1.73,2009-04-29
1.72,1.72,1.72,1.72,2009-04-28
1.78,1.78,1.78,1.78,2009-04-27
1.76,1.87,1.76,1.78,2009-04-24
1.76,1.8,1.76,1.76,2009-04-23
1.75,1.76,1.75,1.76,2009-04-22
1.81,1.81,1.8,1.8,2009-04-21
1.81,1.81,1.81,1.81,2009-04-20
1.86,1.9,1.81,1.81,2009-04-17
1.87,1.87,1.86,1.86,2009-04-16
1.86,1.87,1.86,1.87,2009-04-15
1.86,1.98,1.86,1.86,2009-04-14
1.84,1.98,1.84,1.85,2009-04-09
1.84,1.98,1.84,1.85,2009-04-08
1.86,2.0,1.81,1.85,2009-04-07
1.81,1.82,1.81,1.82,2009-04-06
1.85,1.87,1.85,1.87,2009-04-03
1.86,1.97,1.85,1.85,2009-04-02
1.8,1.87,1.8,1.86,2009-04-01
1.87,2.0,1.87,2.0,2009-03-31
1.95,1.95,1.85,1.86,2009-03-30
1.83,1.95,1.83,1.95,2009-03-27
1.92,1.92,1.85,1.86,2009-03-26
1.88,1.92,1.86,1.86,2009-03-25
1.92,1.95,1.86,1.88,2009-03-24
1.91,2.09,1.91,1.95,2009-03-23
1.96,1.96,1.96,1.96,2009-03-20
1.97,1.97,1.95,1.95,2009-03-19
1.99,1.99,1.97,1.97,2009-03-18
2.0,2.0,1.97,1.97,2009-03-17
1.97,2.01,1.95,2.0,2009-03-16
1.96,2.0,1.96,1.97,2009-03-13
1.98,1.98,1.96,1.96,2009-03-12
2.1,2.1,1.97,1.98,2009-03-11
2.0,2.1,1.96,1.96,2009-03-10
1.96,2.0,1.96,2.0,2009-03-09
1.96,1.96,1.96,1.96,2009-03-06
2.01,2.01,1.96,1.96,2009-03-05
2.01,2.01,2.01,2.01,2009-03-04
2.02,2.02,2.01,2.01,2009-03-03
2.02,2.02,2.01,2.01,2009-03-02
2.02,2.02,2.02,2.02,2009-02-27
2.01,2.01,2.01,2.01,2009-02-26
2.01,2.01,2.01,2.01,2009-02-25
2.01,2.01,2.01,2.01,2009-02-24
2.01,2.1,2.01,2.01,2009-02-23
2.08,2.08,2.01,2.02,2009-02-20
2.15,2.15,2.08,2.08,2009-02-19
2.14,2.14,2.11,2.11,2009-02-18
2.1,2.15,2.1,2.15,2009-02-17
2.08,2.1,2.08,2.1,2009-02-16
2.08,2.12,2.08,2.08,2009-02-13
2.07,2.08,2.07,2.08,2009-02-12
2.08,2.08,2.08,2.08,2009-02-11
2.07,2.14,2.07,2.14,2009-02-10
2.09,2.1,2.07,2.07,2009-02-09
2.09,2.14,2.09,2.09,2009-02-06
2.11,2.11,2.11,2.11,2009-02-05
2.15,2.16,2.15,2.15,2009-02-04
2.15,2.16,2.15,2.16,2009-02-03
2.16,2.2,2.16,2.16,2009-02-02
2.18,2.28,2.18,2.18,2009-01-30
2.15,2.32,2.15,2.21,2009-01-29
2.15,2.28,2.15,2.28,2009-01-28
2.25,2.27,2.25,2.27,2009-01-27
2.15,2.27,2.15,2.27,2009-01-26
2.15,2.15,2.15,2.15,2009-01-23
2.15,2.15,2.15,2.15,2009-01-22
2.15,2.15,2.15,2.15,2009-01-21
2.15,2.15,2.15,2.15,2009-01-20
2.15,2.15,2.15,2.15,2009-01-19
2.15,2.2,2.15,2.15,2009-01-16
2.15,2.2,2.15,2.2,2009-01-15
2.15,2.2,2.15,2.15,2009-01-14
2.15,2.25,2.15,2.2,2009-01-13
2.15,2.25,2.15,2.25,2009-01-12
2.15,2.25,2.15,2.24,2009-01-09
2.15,2.2,2.06,2.15,2009-01-08
2.15,2.15,2.15,2.15,2009-01-07
2.15,2.15,2.15,2.15,2009-01-06
2.1,2.18,2.1,2.15,2009-01-05
2.1,2.1,2.1,2.1,2009-01-02
2.1,2.1,2.1,2.1,2008-12-31
2.1,2.1,2.1,2.1,2008-12-30
2.1,2.12,2.1,2.1,2008-12-29
2.1,2.12,2.1,2.12,2008-12-23
2.07,2.12,2.07,2.1,2008-12-22
2.05,2.1,2.05,2.1,2008-12-19
2.05,2.06,2.05,2.05,2008-12-18
2.03,2.1,2.03,2.05,2008-12-17
2.03,2.03,2.03,2.03,2008-12-16
2.03,2.06,2.03,2.03,2008-12-15
2.03,2.03,2.03,2.03,2008-12-12
2.06,2.08,2.03,2.03,2008-12-11
2.06,2.06,2.06,2.06,2008-12-10
2.06,2.06,2.06,2.06,2008-12-09
2.06,2.09,2.06,2.09,2008-12-08
2.06,2.06,2.06,2.06,2008-12-05
2.06,2.1,2.06,2.06,2008-12-04
2.06,2.09,2.06,2.06,2008-12-03
2.06,2.06,2.06,2.06,2008-12-02
2.06,2.09,2.06,2.06,2008-12-01
2.06,2.06,2.06,2.06,2008-11-28
2.06,2.09,2.06,2.09,2008-11-27
2.06,2.06,2.06,2.06,2008-11-26
2.1,2.1,2.06,2.06,2008-11-25
2.06,2.06,2.06,2.06,2008-11-24
2.06,2.06,2.06,2.06,2008-11-21
2.06,2.06,2.06,2.06,2008-11-20
2.06,2.06,2.06,2.06,2008-11-19
2.06,2.06,2.06,2.06,2008-11-18
2.06,2.06,2.06,2.06,2008-11-17
2.06,2.06,2.06,2.06,2008-11-14
2.06,2.06,2.06,2.06,2008-11-13
2.06,2.14,2.06,2.06,2008-11-12
2.06,2.1,2.06,2.06,2008-11-11
2.08,2.1,2.06,2.1,2008-11-10
2.05,2.05,2.05,2.05,2008-11-07
2.04,2.12,2.04,2.04,2008-11-06
2.04,2.12,2.04,2.04,2008-11-05
2.03,2.1,2.03,2.04,2008-11-04
2.04,2.05,2.04,2.04,2008-11-03
2.1,2.1,2.03,2.04,2008-10-31
2.06,2.1,2.06,2.1,2008-10-30
2.12,2.12,2.06,2.06,2008-10-29
2.06,2.06,2.06,2.06,2008-10-28
2.05,2.05,2.05,2.05,2008-10-27
2.15,2.15,2.05,2.05,2008-10-24
2.05,2.05,2.05,2.05,2008-10-23
2.05,2.05,2.05,2.05,2008-10-22
2.05,2.07,2.05,2.07,2008-10-21
2.12,2.12,2.05,2.05,2008-10-20
2.01,2.12,2.01,2.05,2008-10-17
2.0,2.1,2.0,2.1,2008-10-16
2.1,2.1,2.0,2.01,2008-10-15
2.1,2.1,2.1,2.1,2008-10-14
2.02,2.08,2.0,2.05,2008-10-13
2.03,2.03,2.0,2.02,2008-10-10
2.03,2.03,2.03,2.03,2008-10-09
2.06,2.06,2.03,2.03,2008-10-08
2.11,2.11,2.06,2.1,2008-10-07
2.07,2.11,2.07,2.1,2008-10-06
2.1,2.1,2.07,2.07,2008-10-03
2.15,2.15,2.06,2.07,2008-10-02
2.05,2.05,2.05,2.05,2008-10-01
2.05,2.1,2.05,2.05,2008-09-30
2.1,2.1,2.1,2.1,2008-09-29
2.02,2.08,2.0,2.08,2008-09-26
2.0,2.07,2.0,2.07,2008-09-25
1.97,2.07,1.97,2.05,2008-09-24
2.08,2.08,2.0,2.07,2008-09-23
1.97,2.05,1.97,2.05,2008-09-22
2.0,2.0,2.0,2.0,2008-09-19
1.98,2.0,1.97,1.97,2008-09-18
1.99,1.99,1.98,1.98,2008-09-17
2.0,2.07,1.98,1.98,2008-09-16
2.02,2.02,1.98,2.0,2008-09-15
2.12,2.12,2.01,2.02,2008-09-12
2.06,2.06,1.95,1.95,2008-09-11
2.05,2.06,2.05,2.05,2008-09-10
2.06,2.11,2.05,2.06,2008-09-09
2.05,2.06,2.05,2.06,2008-09-08
2.05,2.1,2.05,2.05,2008-09-05
1.96,2.05,1.96,2.05,2008-09-04
1.99,2.08,1.99,2.08,2008-09-03
1.96,1.99,1.96,1.99,2008-09-02
2.0,2.08,1.9,1.97,2008-09-01
2.08,2.08,2.01,2.01,2008-08-29
2.02,2.02,2.01,2.01,2008-08-28
2.02,2.02,2.02,2.02,2008-08-27
2.02,2.08,2.02,2.02,2008-08-26
2.03,2.03,2.03,2.03,2008-08-25
2.02,2.03,2.02,2.03,2008-08-22
2.02,2.02,2.02,2.02,2008-08-21
2.12,2.12,2.03,2.1,2008-08-20
2.02,2.03,2.02,2.03,2008-08-19
2.19,2.19,2.05,2.15,2008-08-18
2.01,2.01,2.01,2.01,2008-08-15
2.05,2.05,2.0,2.01,2008-08-14
2.0,2.05,2.0,2.05,2008-08-13
2.0,2.05,2.0,2.01,2008-08-12
2.1,2.1,2.0,2.0,2008-08-11
2.0,2.01,2.0,2.0,2008-08-08
2.01,2.01,2.01,2.01,2008-08-07
2.0,2.01,2.0,2.01,2008-08-06
1.99,2.0,1.98,2.0,2008-08-05
2.0,2.0,2.0,2.0,2008-08-04
2.0,2.0,2.0,2.0,2008-08-01
2.1,2.1,2.0,2.0,2008-07-31
2.0,2.05,2.0,2.05,2008-07-30
2.05,2.05,2.0,2.0,2008-07-29
2.0,2.05,2.0,2.0,2008-07-28
2.0,2.0,2.0,2.0,2008-07-25
2.04,2.04,2.02,2.02,2008-07-24
2.04,2.04,2.04,2.04,2008-07-23
2.05,2.05,2.04,2.04,2008-07-22
2.04,2.08,2.04,2.05,2008-07-21
2.04,2.05,2.04,2.04,2008-07-18
2.04,2.04,2.04,2.04,2008-07-17
2.04,2.05,2.04,2.05,2008-07-16
2.04,2.04,2.04,2.04,2008-07-15
2.04,2.08,2.04,2.06,2008-07-14
2.04,2.08,2.04,2.08,2008-07-11
2.0,2.01,2.0,2.01,2008-07-10
2.0,2.0,2.0,2.0,2008-07-09
2.01,2.08,1.97,2.0,2008-07-08
1.95,2.0,1.94,1.94,2008-07-07
1.94,1.97,1.94,1.94,2008-07-04
1.94,2.01,1.93,1.94,2008-07-03
1.93,2.0,1.93,2.0,2008-07-02
1.93,1.97,1.93,1.94,2008-07-01
1.93,1.93,1.93,1.93,2008-06-30
1.95,2.04,1.94,1.94,2008-06-27
2.05,2.05,1.96,1.96,2008-06-26
1.94,2.04,1.94,1.97,2008-06-25
1.91,1.96,1.9,1.94,2008-06-24
1.91,2.07,1.91,1.95,2008-06-23
1.96,2.01,1.96,1.98,2008-06-20
2.0,2.1,1.98,1.98,2008-06-19
1.9,2.0,1.9,2.0,2008-06-18
1.92,2.03,1.92,2.03,2008-06-17
2.05,2.05,1.96,2.03,2008-06-16
2.05,2.18,2.0,2.05,2008-06-13
2.01,2.18,2.01,2.05,2008-06-12
2.15,2.15,2.04,2.15,2008-06-11
2.16,2.16,2.15,2.15,2008-06-10
2.0,2.08,2.0,2.02,2008-06-09
2.09,2.09,2.0,2.09,2008-06-06
2.18,2.18,2.08,2.1,2008-06-05
2.09,2.2,2.05,2.2,2008-06-04
2.05,2.1,2.05,2.07,2008-06-03
2.1,2.12,2.06,2.07,2008-06-02
2.05,2.1,2.05,2.1,2008-05-30
2.05,2.1,2.05,2.08,2008-05-29
2.1,2.1,2.07,2.07,2008-05-28
2.07,2.15,2.07,2.08,2008-05-27
2.18,2.18,2.06,2.18,2008-05-26
2.1,2.17,2.08,2.12,2008-05-23
2.06,2.17,2.06,2.07,2008-05-22
2.06,2.1,2.06,2.1,2008-05-21
2.17,2.17,2.09,2.17,2008-05-20
2.19,2.19,2.08,2.08,2008-05-19
2.12,2.18,2.12,2.18,2008-05-16
2.15,2.15,2.11,2.12,2008-05-15
2.12,2.15,2.12,2.15,2008-05-14
2.13,2.19,2.12,2.12,2008-05-13
2.24,2.24,2.15,2.15,2008-05-12
2.12,2.19,2.12,2.14,2008-05-09
2.2,2.2,2.11,2.13,2008-05-08
2.12,2.16,2.12,2.16,2008-05-07
2.12,2.22,2.11,2.13,2008-05-06
2.17,2.17,2.11,2.13,2008-05-05
2.19,2.21,2.17,2.17,2008-05-02
2.25,2.25,2.16,2.19,2008-04-30
2.26,2.31,2.24,2.25,2008-04-29
2.39,2.44,2.26,2.26,2008-04-28
2.2,2.45,2.2,2.39,2008-04-25
2.18,2.27,2.17,2.27,2008-04-24
2.2,2.27,2.19,2.27,2008-04-23
2.2,2.3,2.15,2.3,2008-04-22
2.1,2.25,2.1,2.25,2008-04-21
2.12,2.17,2.11,2.13,2008-04-18
2.11,2.14,2.09,2.11,2008-04-17
2.19,2.24,2.16,2.23,2008-04-16
2.08,2.34,2.08,2.34,2008-04-15
2.07,2.15,2.07,2.15,2008-04-14
2.08,2.1,2.08,2.08,2008-04-11
2.12,2.18,2.07,2.08,2008-04-10
2.02,2.48,2.02,2.19,2008-04-09
2.02,2.04,2.02,2.02,2008-04-08
2.02,2.02,2.02,2.02,2008-04-07
2.01,2.01,2.01,2.01,2008-04-04
2.0,2.01,2.0,2.01,2008-04-03
2.0,2.0,2.0,2.0,2008-04-02
2.01,2.01,2.0,2.0,2008-04-01
2.0,2.08,2.0,2.01,2008-03-31
2.01,2.01,2.0,2.0,2008-03-28
2.0,2.03,1.98,2.01,2008-03-27
2.0,2.05,2.0,2.0,2008-03-26
2.0,2.07,2.0,2.07,2008-03-25
2.0,2.07,2.0,2.01,2008-03-20
2.0,2.08,2.0,2.0,2008-03-19
2.0,2.09,2.0,2.0,2008-03-18
2.0,2.0,2.0,2.0,2008-03-17
2.01,2.01,2.01,2.01,2008-03-14
2.01,2.02,2.01,2.01,2008-03-13
2.01,2.1,2.01,2.02,2008-03-12
2.02,2.02,2.01,2.01,2008-03-11
2.01,2.03,2.01,2.02,2008-03-10
2.01,2.02,2.01,2.01,2008-03-07
2.08,2.08,2.01,2.01,2008-03-06
2.0,2.1,2.0,2.02,2008-03-05
2.0,2.05,2.0,2.0,2008-03-04
2.07,2.07,2.0,2.06,2008-03-03
2.03,2.04,2.01,2.01,2008-02-29
2.02,2.1,2.02,2.03,2008-02-28
2.01,2.1,2.01,2.02,2008-02-27
2.02,2.08,2.01,2.01,2008-02-26
2.02,2.04,2.02,2.02,2008-02-25
2.04,2.08,2.03,2.03,2008-02-22
2.04,2.04,2.02,2.03,2008-02-21
2.05,2.08,2.05,2.05,2008-02-20
2.08,2.08,2.07,2.07,2008-02-19
2.07,2.14,2.07,2.08,2008-02-18
2.12,2.12,2.07,2.07,2008-02-15
2.1,2.12,2.1,2.12,2008-02-14
2.07,2.1,2.07,2.07,2008-02-13
2.07,2.07,2.07,2.07,2008-02-12
2.07,2.07,2.07,2.07,2008-02-11
2.07,2.1,2.07,2.07,2008-02-08
2.1,2.12,2.1,2.1,2008-02-07
2.03,2.14,2.03,2.1,2008-02-06
2.04,2.04,2.03,2.03,2008-02-05
2.06,2.12,2.06,2.12,2008-02-04
2.1,2.19,2.06,2.08,2008-02-01
2.01,2.1,2.01,2.05,2008-01-31
2.01,2.12,2.01,2.05,2008-01-30
2.05,2.05,2.02,2.04,2008-01-29
2.08,2.24,2.01,2.04,2008-01-28
2.04,2.06,2.04,2.04,2008-01-25
2.1,2.1,2.02,2.04,2008-01-24
2.03,2.03,2.01,2.02,2008-01-23
2.0,2.17,2.0,2.02,2008-01-22
2.06,2.1,2.0,2.0,2008-01-21
2.11,2.15,2.01,2.06,2008-01-18
2.1,2.1,2.05,2.1,2008-01-17
2.1,2.21,2.1,2.1,2008-01-16
2.1,2.12,2.1,2.11,2008-01-15
2.1,2.23,2.1,2.2,2008-01-14
2.11,2.15,2.1,2.15,2008-01-11
2.23,2.23,2.1,2.12,2008-01-10
2.23,2.23,2.1,2.1,2008-01-09
2.1,2.27,2.1,2.13,2008-01-08
2.4,2.4,2.04,2.04,2008-01-07
2.32,2.4,2.32,2.33,2008-01-04
2.4,2.41,2.28,2.4,2008-01-03
2.42,2.45,2.42,2.42,2008-01-02
2.45,2.45,2.31,2.4,2007-12-31
2.3,2.49,2.3,2.45,2007-12-28
2.4,2.5,2.34,2.5,2007-12-27
2.4,2.4,2.4,2.4,2007-12-24
2.42,2.48,2.42,2.42,2007-12-21
2.41,2.42,2.41,2.42,2007-12-20
2.45,2.48,2.4,2.48,2007-12-19
2.5,2.5,2.46,2.46,2007-12-18
2.5,2.5,2.49,2.49,2007-12-17
2.49,2.55,2.49,2.5,2007-12-14
2.5,2.51,2.5,2.5,2007-12-13
2.51,2.51,2.49,2.49,2007-12-12
2.51,2.54,2.51,2.51,2007-12-11
2.6,2.62,2.51,2.52,2007-12-10
2.5,2.54,2.5,2.54,2007-12-07
2.54,2.56,2.54,2.54,2007-12-06
2.5,2.55,2.5,2.53,2007-12-05
2.52,2.52,2.5,2.5,2007-12-04
2.5,2.55,2.5,2.52,2007-12-03
2.51,2.53,2.51,2.53,2007-11-30
2.51,2.51,2.51,2.51,2007-11-29
2.55,2.59,2.55,2.55,2007-11-28
2.52,2.6,2.52,2.55,2007-11-27
2.5,2.51,2.5,2.51,2007-11-26
2.51,2.6,2.5,2.51,2007-11-23
2.5,2.54,2.5,2.51,2007-11-22
2.5,2.55,2.5,2.55,2007-11-21
2.5,2.51,2.46,2.5,2007-11-20
2.5,2.5,2.5,2.5,2007-11-19
2.5,2.52,2.5,2.52,2007-11-16
2.5,2.59,2.5,2.5,2007-11-15
2.5,2.6,2.5,2.5,2007-11-14
2.5,2.51,2.5,2.5,2007-11-13
2.47,2.56,2.47,2.5,2007-11-12
2.54,2.59,2.45,2.47,2007-11-09
2.55,2.62,2.54,2.54,2007-11-08
2.56,2.68,2.55,2.57,2007-11-07
2.59,2.6,2.57,2.6,2007-11-06
2.6,2.6,2.59,2.59,2007-11-05
2.65,2.65,2.6,2.6,2007-11-02
2.6,2.65,2.6,2.64,2007-11-01
2.66,2.66,2.61,2.61,2007-10-31
2.65,2.65,2.6,2.62,2007-10-30
2.63,2.67,2.61,2.67,2007-10-29
2.67,2.67,2.65,2.66,2007-10-26
2.68,2.7,2.67,2.67,2007-10-25
2.65,2.7,2.65,2.68,2007-10-24
2.66,2.7,2.66,2.66,2007-10-23
2.65,2.66,2.63,2.65,2007-10-22
2.67,2.7,2.65,2.66,2007-10-19
2.7,2.74,2.68,2.68,2007-10-18
2.7,2.74,2.7,2.7,2007-10-17
2.7,2.73,2.7,2.7,2007-10-16
2.73,2.8,2.7,2.71,2007-10-15
2.72,2.85,2.72,2.75,2007-10-12
2.64,2.89,2.64,2.82,2007-10-11
2.71,2.74,2.64,2.7,2007-10-10
2.64,2.73,2.6,2.71,2007-10-09
2.65,2.65,2.6,2.64,2007-10-08
2.66,2.66,2.6,2.64,2007-10-04
2.6,2.68,2.6,2.6,2007-10-03
2.58,2.66,2.58,2.6,2007-10-02
2.62,2.64,2.58,2.58,2007-10-01
2.63,2.63,2.61,2.62,2007-09-28
2.6,2.64,2.6,2.64,2007-09-27
2.57,2.65,2.57,2.61,2007-09-26
2.74,2.74,2.55,2.63,2007-09-25
2.75,2.75,2.63,2.65,2007-09-24
2.71,2.85,2.71,2.75,2007-09-21
2.7,2.77,2.69,2.77,2007-09-20
2.79,2.8,2.65,2.71,2007-09-19
2.64,2.82,2.64,2.78,2007-09-18
2.7,2.7,2.6,2.69,2007-09-17
2.72,2.76,2.66,2.67,2007-09-14
2.85,2.85,2.72,2.72,2007-09-13
2.87,2.87,2.81,2.86,2007-09-12
2.77,2.88,2.75,2.87,2007-09-11
2.99,2.99,2.77,2.77,2007-09-10
3.0,3.04,2.99,2.99,2007-09-07
3.01,3.05,3.0,3.04,2007-09-06
3.0,3.08,3.0,3.01,2007-09-05
3.05,3.05,3.0,3.0,2007-09-04
3.02,3.02,3.0,3.0,2007-09-03
3.05,3.05,3.0,3.01,2007-08-31
3.24,3.24,3.05,3.05,2007-08-30
3.1,3.21,3.1,3.2,2007-08-29
3.12,3.15,3.12,3.12,2007-08-28
3.14,3.14,3.12,3.12,2007-08-27
3.21,3.21,3.15,3.15,2007-08-24
3.28,3.28,3.18,3.21,2007-08-23
3.25,3.28,3.18,3.26,2007-08-22
3.25,3.35,3.12,3.25,2007-08-21
3.41,3.41,3.06,3.25,2007-08-20
3.1,3.43,3.1,3.22,2007-08-17
3.25,3.25,3.09,3.09,2007-08-16
3.26,3.26,3.25,3.25,2007-08-15
3.2,3.28,3.2,3.28,2007-08-14
3.24,3.25,3.16,3.25,2007-08-13
3.26,3.26,3.15,3.16,2007-08-10
3.2,3.24,3.18,3.2,2007-08-09
3.28,3.28,3.15,3.23,2007-08-08
3.27,3.3,3.15,3.27,2007-08-07
3.42,3.42,3.16,3.29,2007-08-06
3.42,3.42,3.32,3.36,2007-08-03
3.35,3.43,3.34,3.37,2007-08-02
3.41,3.45,3.33,3.36,2007-08-01
3.43,3.5,3.34,3.47,2007-07-31
3.58,3.58,3.32,3.43,2007-07-30
3.53,3.53,3.44,3.46,2007-07-27
3.54,3.54,3.41,3.5,2007-07-26
3.55,3.55,3.4,3.51,2007-07-25
3.56,3.56,3.5,3.55,2007-07-24
3.6,3.6,3.5,3.59,2007-07-23
3.59,3.65,3.55,3.58,2007-07-20
3.6,3.66,3.58,3.61,2007-07-19
3.65,3.68,3.6,3.6,2007-07-18
3.64,3.79,3.55,3.6,2007-07-17
3.68,3.68,3.53,3.58,2007-07-16
3.7,3.7,3.53,3.64,2007-07-13
3.7,3.76,3.6,3.69,2007-07-12
3.87,3.87,3.61,3.68,2007-07-11
4.11,4.11,3.75,3.87,2007-07-10
4.51,4.94,4.08,4.2,2007-07-09
6.11,6.11,4.49,4.5,2007-07-06
3.66,3.75,3.55,3.7,2007-07-05
3.61,3.65,3.5,3.65,2007-07-04
3.64,3.7,3.55,3.6,2007-07-03
3.71,3.72,3.57,3.66,2007-07-02
3.81,3.94,3.7,3.72,2007-06-29
3.96,3.97,3.61,3.8,2007-06-28
3.93,4.1,3.93,3.97,2007-06-27
4.2,4.2,4.0,4.06,2007-06-26
4.21,4.4,4.13,4.23,2007-06-25
4.0,4.4,3.97,4.21,2007-06-22
3.87,4.0,3.77,3.87,2007-06-21
3.65,4.4,3.65,4.0,2007-06-20
3.61,3.65,3.55,3.59,2007-06-19
4.0,4.0,3.53,3.65,2007-06-18
3.27,4.95,3.2,4.15,2007-06-15
2.83,2.83,2.65,2.69,2007-06-14
2.84,2.85,2.65,2.83,2007-06-13
2.9,2.95,2.77,2.84,2007-06-12
2.92,2.95,2.92,2.95,2007-06-11
3.0,3.05,2.86,2.95,2007-06-08
2.9,3.0,2.9,2.9,2007-06-07
2.92,3.03,2.9,3.03,2007-06-06
2.96,3.0,2.92,2.97,2007-06-05
2.91,3.04,2.91,3.03,2007-06-04
3.05,3.1,3.0,3.02,2007-06-01
3.27,3.32,3.05,3.05,2007-05-31
3.3,3.32,3.28,3.28,2007-05-30
3.57,3.57,3.26,3.34,2007-05-29
3.6,3.6,3.5,3.5,2007-05-28
3.39,3.66,3.39,3.6,2007-05-25
3.87,3.87,3.45,3.51,2007-05-24
4.22,4.35,3.85,3.88,2007-05-23
6.0,6.02,4.1,4.42,2007-05-22
