,altr:pl
2018-11-23,6.6
2018-11-22,6.81
2018-11-21,6.95
2018-11-20,6.85
2018-11-19,6.99
2018-11-16,6.99
2018-11-15,6.94
2018-11-14,7.09
2018-11-13,7.17
2018-11-12,7.11
2018-11-09,7.34
2018-11-08,7.47
2018-11-07,7.44
2018-11-06,7.27
2018-11-05,7.34
2018-11-02,7.45
2018-11-01,7.66
2018-10-31,7.75
2018-10-30,7.74
2018-10-29,7.63
2018-10-26,7.56
2018-10-25,7.56
2018-10-24,6.98
2018-10-23,7.14
2018-10-22,7.44
2018-10-19,7.4
2018-10-18,7.29
2018-10-17,7.34
2018-10-16,7.59
2018-10-15,7.47
2018-10-12,7.73
2018-10-11,7.46
2018-10-10,7.82
2018-10-09,8.77
2018-10-08,8.65
2018-10-05,8.83
2018-10-04,8.61
2018-10-03,8.19
2018-10-02,8.24
2018-10-01,8.28
2018-09-28,8.26
2018-09-27,8.33
2018-09-26,8.36
2018-09-25,8.38
2018-09-24,8.3
2018-09-21,8.16
2018-09-20,8.22
2018-09-19,8.3
2018-09-18,8.39
2018-09-17,8.13
2018-09-14,8.05
2018-09-13,8.02
2018-09-12,7.98
2018-09-11,7.83
2018-09-10,7.82
2018-09-07,7.73
2018-09-06,7.71
2018-09-05,7.74
2018-09-04,7.88
2018-09-03,7.97
2018-08-31,7.96
2018-08-30,8.07
2018-08-29,8.22
2018-08-28,8.31
2018-08-27,8.3
2018-08-24,8.31
2018-08-23,8.34
2018-08-22,8.37
2018-08-21,8.23
2018-08-20,8.28
2018-08-17,8.35
2018-08-16,8.4
2018-08-15,8.26
2018-08-14,8.57
2018-08-13,8.67
2018-08-10,8.97
2018-08-09,8.97
2018-08-08,8.88
2018-08-07,8.89
2018-08-06,8.88
2018-08-03,8.71
2018-08-02,8.68
2018-08-01,8.8
2018-07-31,8.75
2018-07-30,8.88
2018-07-27,8.87
2018-07-26,8.96
2018-07-25,8.79
2018-07-24,8.82
2018-07-23,8.81
2018-07-20,8.93
2018-07-19,9.09
2018-07-18,9.03
2018-07-17,9.07
2018-07-16,9.03
2018-07-13,9.1
2018-07-12,9.13
2018-07-11,9.06
2018-07-10,8.97
2018-07-09,8.73
2018-07-06,8.64
2018-07-05,8.58
2018-07-04,8.6
2018-07-03,8.56
2018-07-02,8.57
2018-06-29,8.65
2018-06-28,8.78
2018-06-27,8.78
2018-06-26,8.65
2018-06-25,8.55
2018-06-23,8.61
2018-06-22,8.61
2018-06-21,8.19
2018-06-20,8.16
2018-06-19,8.35
2018-06-18,8.44
2018-06-15,8.42
2018-06-14,8.68
2018-06-13,8.83
2018-06-12,8.69
2018-06-11,8.69
2018-06-08,8.84
2018-06-07,8.52
2018-06-06,8.18
2018-06-05,8.0
2018-06-04,8.0
2018-06-01,7.91
2018-05-31,7.9
2018-05-30,7.57
2018-05-29,7.32
2018-05-28,7.45
2018-05-25,7.68
2018-05-24,7.83
2018-05-23,7.77
2018-05-22,7.84
2018-05-21,7.73
2018-05-18,7.62
2018-05-17,7.65
2018-05-16,7.55
2018-05-15,6.67
2018-05-14,6.39
2018-05-11,6.14
2018-05-10,6.23
2018-05-09,6.19
2018-05-08,6.11
2018-05-07,6.11
2018-05-04,6.06
2018-05-03,6.07
2018-05-02,6.1
2018-04-30,5.99
2018-04-27,6.0
2018-04-26,5.97
2018-04-25,6.02
2018-04-24,6.15
2018-04-23,6.01
2018-04-20,5.9
2018-04-19,5.79
2018-04-18,5.6
2018-04-17,5.47
2018-04-16,5.48
2018-04-13,5.53
2018-04-12,5.54
2018-04-11,5.5
2018-04-10,5.51
2018-04-09,5.51
2018-04-06,5.58
2018-04-05,5.45
2018-04-04,5.39
2018-04-03,5.38
2018-03-29,5.42
2018-03-28,5.37
2018-03-27,5.42
2018-03-26,5.32
2018-03-23,5.24
2018-03-22,5.19
2018-03-21,5.22
2018-03-20,5.1
2018-03-19,5.08
2018-03-16,5.13
2018-03-15,4.9
2018-03-14,4.885
2018-03-13,4.855
2018-03-12,4.85
2018-03-09,4.755
2018-03-08,4.78
2018-03-07,4.6
2018-03-06,4.67
2018-03-05,4.585
2018-03-02,4.45
2018-03-01,4.58
2018-02-28,4.675
2018-02-27,4.67
2018-02-26,4.73
2018-02-23,4.73
2018-02-22,4.735
2018-02-21,4.75
2018-02-20,4.62
2018-02-19,4.5
2018-02-16,4.495
2018-02-15,4.455
2018-02-14,4.41
2018-02-13,4.44
2018-02-12,4.55
2018-02-09,4.41
2018-02-08,4.52
2018-02-07,4.725
2018-02-06,4.61
2018-02-05,4.575
2018-02-02,4.66
2018-02-01,4.745
2018-01-31,4.865
2018-01-30,4.82
2018-01-29,4.955
2018-01-26,4.965
2018-01-25,5.02
2018-01-24,5.07
2018-01-23,5.14
2018-01-22,5.15
2018-01-19,5.16
2018-01-18,5.08
2018-01-17,5.08
2018-01-16,5.11
2018-01-15,5.12
2018-01-12,5.14
2018-01-11,5.22
2018-01-10,5.24
2018-01-09,5.32
2018-01-08,5.3
2018-01-05,5.28
2018-01-04,5.37
2018-01-03,5.31
2018-01-02,5.2
2017-12-29,5.171
2017-12-28,5.206
2017-12-27,5.222
2017-12-22,5.293
2017-12-21,5.38
2017-12-20,5.434
2017-12-19,5.453
2017-12-18,5.482
2017-12-15,5.432
2017-12-14,5.43
2017-12-13,5.463
2017-12-12,5.485
2017-12-11,5.513
2017-12-08,5.53
2017-12-07,5.52
2017-12-06,5.465
2017-12-05,5.433
2017-12-04,5.283
2017-12-01,5.217
2017-11-30,5.202
2017-11-29,5.235
2017-11-28,5.115
2017-11-27,5.087
2017-11-24,5.059
2017-11-23,5.199
2017-11-22,5.229
2017-11-21,5.24
2017-11-20,5.267
2017-11-17,5.225
2017-11-16,5.278
2017-11-15,5.163
2017-11-14,5.245
2017-11-13,5.28
2017-11-10,5.312
2017-11-09,5.37
2017-11-08,5.377
2017-11-07,5.365
2017-11-06,5.221
2017-11-03,5.68
2017-11-02,5.647
2017-11-01,5.571
2017-10-31,5.485
2017-10-30,5.493
2017-10-27,5.503
2017-10-26,5.514
2017-10-25,5.413
2017-10-24,5.473
2017-10-23,5.488
2017-10-20,5.451
2017-10-19,5.38
2017-10-18,5.417
2017-10-17,5.38
2017-10-16,5.453
2017-10-13,5.368
2017-10-12,5.426
2017-10-11,5.266
2017-10-10,5.311
2017-10-09,5.3
2017-10-06,5.141
2017-10-05,5.11
2017-10-04,4.98
2017-10-03,4.75
2017-10-02,4.592
2017-09-29,4.468
2017-09-28,4.3
2017-09-27,4.205
2017-09-26,4.175
2017-09-25,4.184
2017-09-22,4.12
2017-09-21,4.125
2017-09-20,4.119
2017-09-19,4.012
2017-09-18,3.941
2017-09-15,3.806
2017-09-14,3.81
2017-09-13,3.807
2017-09-12,3.758
2017-09-11,3.758
2017-09-08,3.629
2017-09-07,3.646
2017-09-06,3.705
2017-09-05,3.651
2017-09-04,3.709
2017-09-01,3.715
2017-08-31,3.67
2017-08-30,3.695
2017-08-29,3.651
2017-08-28,3.73
2017-08-25,3.75
2017-08-24,3.73
2017-08-23,3.744
2017-08-22,3.78
2017-08-21,3.729
2017-08-18,3.724
2017-08-17,3.77
2017-08-16,3.786
2017-08-15,3.768
2017-08-14,3.808
2017-08-11,3.788
2017-08-10,3.834
2017-08-09,3.856
2017-08-08,3.889
2017-08-07,3.875
2017-08-04,3.863
2017-08-03,3.788
2017-08-02,3.833
2017-08-01,3.846
2017-07-31,3.84
2017-07-28,3.831
2017-07-27,3.942
2017-07-26,3.961
2017-07-25,3.984
2017-07-24,4.016
2017-07-21,4.027
2017-07-20,4.045
2017-07-19,4.018
2017-07-18,4.0
2017-07-17,4.062
2017-07-14,4.046
2017-07-13,4.021
2017-07-12,3.992
2017-07-11,3.967
2017-07-10,4.002
2017-07-07,3.998
2017-07-06,4.032
2017-07-05,4.098
2017-07-04,4.076
2017-07-03,4.085
2017-06-30,4.036
2017-06-29,4.119
2017-06-28,4.163
2017-06-27,4.203
2017-06-26,4.216
2017-06-23,4.231
2017-06-22,4.266
2017-06-21,4.355
2017-06-20,4.33
2017-06-19,4.422
2017-06-16,4.303
2017-06-15,4.262
2017-06-14,4.41
2017-06-13,4.392
2017-06-12,4.302
2017-06-09,4.292
2017-06-08,4.241
2017-06-07,4.394
2017-06-06,4.404
2017-06-05,4.387
2017-06-02,4.404
2017-06-01,4.385
2017-05-31,4.333
2017-05-30,4.372
2017-05-29,4.394
2017-05-26,4.355
2017-05-25,4.39
2017-05-24,4.36
2017-05-23,4.33
2017-05-22,4.246
2017-05-19,4.22
2017-05-18,4.067
2017-05-17,4.095
2017-05-16,4.205
2017-05-15,4.274
2017-05-12,4.195
2017-05-11,4.186
2017-05-10,4.381
2017-05-09,4.441
2017-05-08,4.4
2017-05-05,4.329
2017-05-04,4.39
2017-05-03,4.335
2017-05-02,4.331
2017-04-28,4.285
2017-04-27,4.278
2017-04-26,4.309
2017-04-25,4.26
2017-04-24,4.261
2017-04-21,4.186
2017-04-20,4.226
2017-04-19,4.126
2017-04-18,4.074
2017-04-13,4.125
2017-04-12,4.164
2017-04-11,4.164
2017-04-10,4.22
2017-04-07,4.211
2017-04-06,4.222
2017-04-05,4.19
2017-04-04,4.207
2017-04-03,4.175
2017-03-31,4.19
2017-03-30,4.21
2017-03-29,4.169
2017-03-28,4.197
2017-03-27,4.09
2017-03-24,4.159
2017-03-23,4.162
2017-03-22,4.14
2017-03-21,4.141
2017-03-20,4.185
2017-03-17,4.179
2017-03-16,4.167
2017-03-15,4.101
2017-03-14,4.16
2017-03-13,4.187
2017-03-10,4.192
2017-03-09,4.2
2017-03-08,4.194
2017-03-07,4.22
2017-03-06,4.242
2017-03-03,4.37
2017-03-02,4.416
2017-03-01,4.446
2017-02-28,4.304
2017-02-27,4.326
2017-02-24,4.35
2017-02-23,4.307
2017-02-22,4.314
2017-02-21,4.337
2017-02-20,4.266
2017-02-17,4.287
2017-02-16,4.307
2017-02-15,4.298
2017-02-14,4.108
2017-02-13,4.095
2017-02-10,4.096
2017-02-09,4.084
2017-02-08,4.095
2017-02-07,4.126
2017-02-06,4.08
2017-02-03,4.127
2017-02-02,4.145
2017-02-01,4.096
2017-01-31,4.056
2017-01-30,4.087
2017-01-27,4.16
2017-01-26,4.177
2017-01-25,4.099
2017-01-24,4.099
2017-01-23,4.028
2017-01-20,4.107
2017-01-19,4.017
2017-01-18,4.023
2017-01-17,3.97
2017-01-16,4.033
2017-01-15,4.033
2017-01-13,3.942
2017-01-12,3.929
2017-01-11,3.894
2017-01-10,3.895
2017-01-09,3.895
2017-01-06,3.954
2017-01-05,3.975
2017-01-04,3.99
2017-01-03,3.967
2017-01-02,3.967
2016-12-30,3.864
2016-12-29,3.881
2016-12-28,3.854
2016-12-27,3.881
2016-12-23,3.813
2016-12-22,3.735
2016-12-21,3.804
2016-12-20,3.864
2016-12-19,3.88
2016-12-16,3.91
2016-12-15,3.863
2016-12-14,3.78
2016-12-13,3.78
2016-12-12,3.742
2016-12-09,3.799
2016-12-08,3.819
2016-12-07,3.769
2016-12-06,3.69
2016-12-05,3.635
2016-12-02,3.57
2016-12-01,3.679
2016-11-30,3.1481
2016-11-29,3.604
2016-11-28,3.606
2016-11-25,3.672
2016-11-24,3.55
2016-11-23,3.437
2016-11-22,3.456
2016-11-21,3.35
2016-11-18,3.305
2016-11-17,3.167
2016-11-16,3.129
2016-11-15,3.075
2016-11-14,3.165
2016-11-11,3.074
2016-11-10,3.128
2016-11-09,3.175
2016-11-08,3.171
2016-11-07,3.182
2016-11-04,3.081
2016-11-03,3.09
2016-11-02,3.101
2016-11-01,3.137
2016-10-31,3.177
2016-10-28,3.153
2016-10-27,3.158
2016-10-26,3.22
2016-10-25,3.171
2016-10-24,3.21
2016-10-21,3.186
2016-10-20,3.245
2016-10-19,3.283
2016-10-18,3.173
2016-10-17,3.117
2016-10-14,3.098
2016-10-13,3.028
2016-10-12,3.095
2016-10-11,3.115
2016-10-10,3.088
2016-10-07,3.064
2016-10-06,3.084
2016-10-05,3.123
2016-10-04,3.181
2016-10-03,3.111
2016-09-30,3.12
2016-09-29,3.106
2016-09-28,3.125
2016-09-27,3.103
2016-09-26,3.156
2016-09-23,3.169
2016-09-22,3.217
2016-09-21,3.17
2016-09-20,3.118
2016-09-19,3.131
2016-09-16,3.094
2016-09-15,3.167
2016-09-14,3.181
2016-09-13,3.151
2016-09-12,3.284
2016-09-09,3.348
2016-09-08,3.451
2016-09-07,3.419
2016-09-06,3.491
2016-09-05,3.633
2016-09-02,3.621
2016-09-01,3.578
2016-08-31,3.539
2016-08-30,3.584
2016-08-29,3.557
2016-08-26,3.587
2016-08-25,3.548
2016-08-24,3.595
2016-08-23,3.583
2016-08-22,3.613
2016-08-19,3.563
2016-08-18,3.567
2016-08-17,3.531
2016-08-16,3.563
2016-08-15,3.614
2016-08-12,3.57
2016-08-11,3.573
2016-08-10,3.523
2016-08-09,3.542
2016-08-08,3.497
2016-08-05,3.448
2016-08-04,3.326
2016-08-03,3.285
2016-08-02,3.343
2016-08-01,3.396
2016-07-29,3.461
2016-07-28,3.453
2016-07-27,3.484
2016-07-26,3.427
2016-07-25,3.358
2016-07-22,3.323
2016-07-21,3.322
2016-07-20,3.253
2016-07-19,3.266
2016-07-18,3.242
2016-07-15,3.168
2016-07-14,3.214
2016-07-13,3.131
2016-07-12,3.208
2016-07-11,3.081
2016-07-08,3.018
2016-07-07,2.942
2016-07-06,2.886
2016-07-05,2.943
2016-07-04,3.049
2016-07-01,3.023
2016-06-30,2.902
2016-06-29,2.919
2016-06-28,2.896
2016-06-27,2.863
2016-06-24,3.032
2016-06-23,3.173
2016-06-22,3.143
2016-06-21,3.182
2016-06-20,3.197
2016-06-17,3.035
2016-06-16,2.87
2016-06-15,2.972
2016-06-14,2.992
2016-06-13,3.103
2016-06-10,3.187
2016-06-09,3.23
2016-06-08,3.217
2016-06-07,3.235
2016-06-06,3.204
2016-06-03,3.148
2016-06-02,3.274
2016-06-01,3.408
2016-05-31,3.443
2016-05-30,3.438
2016-05-27,3.378
2016-05-26,3.377
2016-05-25,3.366
2016-05-24,3.222
2016-05-23,3.152
2016-05-20,3.139
2016-05-19,3.109
2016-05-18,3.129
2016-05-17,3.188
2016-05-16,3.128
2016-05-13,3.172
2016-05-12,3.23
2016-05-11,3.238
2016-05-10,3.25
2016-05-09,3.259
2016-05-06,3.464
2016-05-05,3.452
2016-05-04,3.375
2016-05-03,3.361
2016-05-02,3.464
2016-04-29,3.409
2016-04-28,3.445
2016-04-27,3.409
2016-04-26,3.322
2016-04-25,3.366
2016-04-22,3.352
2016-04-21,3.358
2016-04-20,3.365
2016-04-19,3.38
2016-04-18,3.717
2016-04-15,3.77
2016-04-14,3.782
2016-04-13,3.949
2016-04-12,3.744
2016-04-11,3.74
2016-04-08,3.718
2016-04-07,3.658
2016-04-06,3.646
2016-04-05,3.702
2016-04-04,3.728
2016-04-01,3.761
2016-03-31,3.831
2016-03-30,3.939
2016-03-29,3.906
2016-03-24,3.94
2016-03-23,3.946
2016-03-22,3.895
2016-03-21,3.84
2016-03-18,3.859
2016-03-17,3.901
2016-03-16,3.878
2016-03-15,3.821
2016-03-14,3.834
2016-03-11,3.706
2016-03-10,3.62
2016-03-09,3.661
2016-03-08,3.65
2016-03-07,3.671
2016-03-04,3.65
2016-03-03,3.6
2016-03-02,3.566
2016-03-01,3.547
2016-02-29,3.481
2016-02-26,3.547
2016-02-25,3.522
2016-02-24,3.524
2016-02-23,3.422
2016-02-22,3.497
2016-02-19,3.471
2016-02-18,3.407
2016-02-17,3.46
2016-02-16,3.197
2016-02-15,3.211
2016-02-12,3.111
2016-02-11,3.057
2016-02-10,3.267
2016-02-09,3.1
2016-02-08,3.328
2016-02-05,3.611
2016-02-04,3.74
2016-02-03,3.637
2016-02-02,3.737
2016-02-01,3.76
2016-01-29,3.713
2016-01-28,3.74
2016-01-27,3.709
2016-01-26,3.667
2016-01-25,3.751
2016-01-22,3.78
2016-01-21,3.68
2016-01-20,3.841
2016-01-19,4.193
2016-01-18,4.146
2016-01-15,4.201
2016-01-14,4.59
2016-01-13,4.713
2016-01-12,4.721
2016-01-11,4.476
2016-01-08,4.551
2016-01-07,4.61
2016-01-06,4.628
2016-01-05,4.672
2016-01-04,4.671
2016-01-01,4.77
2015-12-31,4.77
2015-12-30,4.811
2015-12-29,4.723
2015-12-28,4.667
2015-12-25,4.732
2015-12-24,4.732
2015-12-23,4.742
2015-12-22,4.713
2015-12-21,4.726
2015-12-18,4.899
2015-12-17,4.83
2015-12-16,4.775
2015-12-15,4.71
2015-12-14,4.396
2015-12-11,4.494
2015-12-10,4.84
2015-12-09,4.942
2015-12-08,4.927
2015-12-07,5.008
2015-12-04,5.033
2015-12-03,5.074
2015-12-02,5.223
2015-12-01,5.151
2015-11-30,5.204
2015-11-27,5.135
2015-11-26,5.16
2015-11-25,5.13
2015-11-24,5.057
2015-11-23,5.107
2015-11-20,5.113
2015-11-19,5.24
2015-11-18,5.222
2015-11-17,5.1
2015-11-16,5.0
2015-11-13,4.972
2015-11-12,5.058
2015-11-11,5.081
2015-11-10,5.017
2015-11-09,4.96
2015-11-06,4.874
2015-11-05,4.772
2015-11-04,4.829
2015-11-03,4.7
2015-11-02,4.502
2015-10-30,4.301
2015-10-29,4.298
2015-10-28,4.227
2015-10-27,4.191
2015-10-26,4.33
2015-10-23,4.233
2015-10-22,4.236
2015-10-21,4.178
2015-10-20,4.108
2015-10-19,4.09
2015-10-16,3.981
2015-10-15,4.023
2015-10-14,3.836
2015-10-13,3.85
2015-10-12,3.891
2015-10-09,3.942
2015-10-08,3.93
2015-10-07,3.867
2015-10-06,3.927
2015-10-05,3.895
2015-10-02,3.799
2015-10-01,3.724
2015-09-30,3.603
2015-09-29,3.459
2015-09-28,3.509
2015-09-25,3.66
2015-09-24,3.626
2015-09-23,3.668
2015-09-22,3.616
2015-09-21,3.768
2015-09-18,3.694
2015-09-17,3.663
2015-09-16,3.598
2015-09-15,3.512
2015-09-14,3.463
2015-09-11,3.558
2015-09-10,3.58
2015-09-09,3.549
2015-09-08,3.291
2015-09-07,3.175
2015-09-04,3.176
2015-09-03,3.267
2015-09-02,3.191
2015-09-01,3.25
2015-08-31,3.32
2015-08-28,3.379
2015-08-27,3.401
2015-08-26,3.299
2015-08-25,3.309
2015-08-24,3.199
2015-08-21,3.46
2015-08-20,3.508
2015-08-19,3.621
2015-08-18,3.722
2015-08-17,3.73
2015-08-14,3.769
2015-08-13,3.751
2015-08-12,3.573
2015-08-11,3.733
2015-08-10,3.85
2015-08-07,3.814
2015-08-06,3.885
2015-08-05,3.926
2015-08-04,3.845
2015-08-03,3.92
2015-07-31,3.871
2015-07-30,3.825
2015-07-29,3.77
2015-07-28,3.768
2015-07-27,3.739
2015-07-24,3.759
2015-07-23,3.846
2015-07-22,3.879
2015-07-21,3.906
2015-07-20,4.026
2015-07-17,3.945
2015-07-16,3.993
2015-07-15,3.765
2015-07-14,3.673
2015-07-13,3.725
2015-07-10,3.664
2015-07-09,3.506
2015-07-08,3.304
2015-07-07,3.19
2015-07-06,3.252
2015-07-03,3.475
2015-07-02,3.443
2015-07-01,3.416
2015-06-30,3.267
2015-06-29,3.229
2015-06-26,3.521
2015-06-25,3.489
2015-06-24,3.438
2015-06-23,3.6
2015-06-22,3.449
2015-06-19,3.4
2015-06-18,3.421
2015-06-17,3.439
2015-06-16,3.54
2015-06-15,3.37
2015-06-12,3.548
2015-06-11,3.641
2015-06-10,3.57
2015-06-09,3.472
2015-06-08,3.48
2015-06-05,3.733
2015-06-04,3.808
2015-06-03,3.848
2015-06-02,3.779
2015-06-01,3.7
2015-05-29,3.8
2015-05-28,4.082
2015-05-27,4.104
2015-05-26,4.073
2015-05-25,4.081
2015-05-22,4.149
2015-05-21,4.163
2015-05-20,4.124
2015-05-19,4.107
2015-05-18,3.898
2015-05-15,3.829
2015-05-14,3.821
2015-05-13,3.796
2015-05-12,3.801
2015-05-11,3.882
2015-05-08,3.925
2015-05-07,3.808
2015-05-06,3.84
2015-05-05,3.816
2015-05-04,3.853
2015-05-01,3.821
2015-04-30,3.821
2015-04-29,3.861
2015-04-28,4.037
2015-04-27,4.095
2015-04-24,4.043
2015-04-23,3.94
2015-04-22,3.936
2015-04-21,4.066
2015-04-20,3.98
2015-04-17,4.057
2015-04-16,4.152
2015-04-15,4.292
2015-04-14,4.3
2015-04-13,4.286
2015-04-10,4.28
2015-04-09,4.221
2015-04-08,4.209
2015-04-07,4.103
2015-04-06,4.095
2015-04-03,4.095
2015-04-02,4.095
2015-04-01,3.971
2015-03-31,3.969
2015-03-30,4.0
2015-03-27,3.997
2015-03-26,3.921
2015-03-25,3.833
2015-03-24,3.966
2015-03-23,3.844
2015-03-20,3.779
2015-03-19,3.826
2015-03-18,3.578
2015-03-17,3.368
2015-03-16,3.481
2015-03-13,3.458
2015-03-12,3.453
2015-03-11,3.457
2015-03-10,3.24
2015-03-09,3.225
2015-03-06,3.214
2015-03-05,3.221
2015-03-04,3.121
2015-03-03,3.164
2015-03-02,3.125
2015-02-27,3.107
2015-02-26,3.04
2015-02-25,2.98
2015-02-24,3.041
2015-02-23,3.024
2015-02-20,3.0
2015-02-19,3.027
2015-02-18,3.04
2015-02-17,3.007
2015-02-16,3.021
2015-02-13,3.09
2015-02-12,3.089
2015-02-11,3.089
2015-02-10,3.006
2015-02-09,3.067
2015-02-06,3.153
2015-02-05,3.131
2015-02-04,3.149
2015-02-03,3.094
2015-02-02,3.134
2015-01-30,3.07
2015-01-29,3.063
2015-01-28,3.009
2015-01-27,3.02
2015-01-26,3.072
2015-01-23,2.969
2015-01-22,2.95
2015-01-21,2.885
2015-01-20,2.902
2015-01-19,2.88
2015-01-16,2.811
2015-01-15,2.82
2015-01-14,2.805
2015-01-13,2.785
2015-01-12,2.715
2015-01-09,2.693
2015-01-08,2.689
2015-01-07,2.615
2015-01-06,2.56
2015-01-05,2.498
2015-01-02,2.545
2015-01-01,2.483
2014-12-31,2.483
2014-12-30,2.484
2014-12-29,2.499
2014-12-26,2.483
2014-12-25,2.483
2014-12-24,2.483
2014-12-23,2.52
2014-12-22,2.479
2014-12-19,2.449
2014-12-18,2.411
2014-12-17,2.319
2014-12-16,2.293
2014-12-15,2.258
2014-12-12,2.295
2014-12-11,2.296
2014-12-10,2.274
2014-12-09,2.277
2014-12-08,2.35
2014-12-05,2.354
2014-12-04,2.314
2014-12-03,2.329
2014-12-02,2.324
2014-12-01,2.31
2014-11-28,2.335
2014-11-27,2.349
2014-11-26,2.322
2014-11-25,2.342
2014-11-24,2.372
2014-11-21,2.333
2014-11-20,2.249
2014-11-19,2.295
2014-11-18,2.308
2014-11-17,2.261
2014-11-14,2.263
2014-11-13,2.242
2014-11-12,2.258
2014-11-11,2.309
2014-11-10,2.281
2014-11-07,2.282
2014-11-06,2.312
2014-11-05,2.291
2014-11-04,2.226
2014-11-03,2.23
2014-10-31,2.231
2014-10-30,2.21
2014-10-29,2.197
2014-10-28,2.23
2014-10-27,2.157
2014-10-24,2.165
2014-10-23,2.189
2014-10-22,2.158
2014-10-21,2.09
2014-10-20,2.033
2014-10-17,2.0
2014-10-16,1.971
2014-10-15,2.02
2014-10-14,2.099
2014-10-13,2.104
2014-10-10,2.11
2014-10-09,2.165
2014-10-08,2.138
2014-10-07,2.193
2014-10-06,2.215
2014-10-03,2.275
2014-10-02,2.183
2014-10-01,2.255
2014-09-30,2.306
2014-09-29,2.238
2014-09-26,2.239
2014-09-25,2.239
2014-09-24,2.281
2014-09-23,2.361
2014-09-22,2.43
2014-09-19,2.473
2014-09-18,2.502
2014-09-17,2.477
2014-09-16,2.479
2014-09-15,2.515
2014-09-12,2.55
2014-09-11,2.541
2014-09-10,2.437
2014-09-09,2.34
2014-09-08,2.37
2014-09-05,2.35
2014-09-04,2.3
2014-09-03,2.26
2014-09-02,2.248
2014-09-01,2.248
2014-08-29,2.264
2014-08-28,2.269
2014-08-27,2.269
2014-08-26,2.25
2014-08-25,2.193
2014-08-22,2.167
2014-08-21,2.213
2014-08-20,2.209
2014-08-19,2.225
2014-08-18,2.218
2014-08-15,2.134
2014-08-14,2.103
2014-08-13,2.052
2014-08-12,2.037
2014-08-11,2.053
2014-08-08,2.029
2014-08-07,2.02
2014-08-06,2.033
2014-08-05,2.062
2014-08-04,2.0
2014-08-01,2.032
2014-07-31,2.09
2014-07-30,2.11
2014-07-29,2.095
2014-07-28,2.09
2014-07-25,2.08
2014-07-24,2.071
2014-07-23,2.043
2014-07-22,2.082
2014-07-21,2.039
2014-07-18,2.101
2014-07-17,2.18
2014-07-16,2.17
2014-07-15,2.087
2014-07-14,2.06
2014-07-11,2.056
2014-07-10,2.017
2014-07-09,2.15
2014-07-08,2.101
2014-07-07,2.2
2014-07-04,2.255
2014-07-03,2.25
2014-07-02,2.22
2014-07-01,2.148
2014-06-30,2.092
2014-06-27,2.177
2014-06-26,2.161
2014-06-25,2.155
2014-06-24,2.243
2014-06-23,2.265
2014-06-20,2.286
2014-06-19,2.279
2014-06-18,2.288
2014-06-17,2.293
2014-06-16,2.306
2014-06-13,2.35
2014-06-12,2.343
2014-06-11,2.403
2014-06-10,2.449
2014-06-09,2.32
2014-06-06,2.273
2014-06-05,2.276
2014-06-04,2.24
2014-06-03,2.247
2014-06-02,2.285
2014-05-30,2.276
2014-05-29,2.269
2014-05-28,2.31
2014-05-27,2.29
2014-05-26,2.315
2014-05-23,2.288
2014-05-22,2.263
2014-05-21,2.251
2014-05-20,2.25
2014-05-19,2.275
2014-05-16,2.233
2014-05-15,2.27
2014-05-14,2.397
2014-05-13,2.435
2014-05-12,2.499
2014-05-09,2.464
2014-05-08,2.474
2014-05-07,2.466
2014-05-06,2.51
2014-05-05,2.45
2014-05-02,2.446
2014-05-01,2.446
2014-04-30,2.446
2014-04-29,2.443
2014-04-28,2.345
2014-04-25,2.31
2014-04-24,2.377
2014-04-23,2.4
2014-04-22,2.428
2014-04-21,2.406
2014-04-18,2.406
2014-04-17,2.406
2014-04-16,2.397
2014-04-15,2.31
2014-04-14,2.371
2014-04-11,2.408
2014-04-10,2.461
2014-04-09,2.485
2014-04-08,2.49
2014-04-07,2.562
2014-04-04,2.612
2014-04-03,2.626
2014-04-02,2.63
2014-04-01,2.685
2014-03-31,2.638
2014-03-28,2.667
2014-03-27,2.63
2014-03-26,2.606
2014-03-25,2.662
2014-03-24,2.6
2014-03-21,2.72
2014-03-20,2.665
2014-03-19,2.715
2014-03-18,2.772
2014-03-17,2.739
2014-03-14,2.62
2014-03-13,2.686
2014-03-12,2.746
2014-03-11,2.8
2014-03-10,2.784
2014-03-07,2.879
2014-03-06,2.941
2014-03-05,2.915
2014-03-04,2.91
2014-03-03,2.822
2014-02-28,2.842
2014-02-27,2.828
2014-02-26,2.843
2014-02-25,2.866
2014-02-24,2.781
2014-02-21,2.766
2014-02-20,2.729
2014-02-19,2.731
2014-02-18,2.781
2014-02-17,2.788
2014-02-14,2.67
2014-02-13,2.65
2014-02-12,2.663
2014-02-11,2.617
2014-02-10,2.585
2014-02-07,2.58
2014-02-06,2.554
2014-02-05,2.451
2014-02-04,2.445
2014-02-03,2.47
2014-01-31,2.521
2014-01-30,2.49
2014-01-29,2.441
2014-01-28,2.419
2014-01-27,2.409
2014-01-24,2.405
2014-01-23,2.473
2014-01-22,2.486
2014-01-21,2.534
2014-01-20,2.588
2014-01-17,2.57
2014-01-16,2.539
2014-01-15,2.563
2014-01-14,2.504
2014-01-13,2.525
2014-01-10,2.48
2014-01-09,2.453
2014-01-08,2.415
2014-01-07,2.397
2014-01-06,2.37
2014-01-03,2.346
2014-01-02,2.268
2014-01-01,2.24
2013-12-31,2.24
2013-12-30,2.271
2013-12-27,2.279
2013-12-26,2.265
2013-12-25,2.265
2013-12-24,2.265
2013-12-23,2.263
2013-12-20,2.246
2013-12-19,2.26
2013-12-18,2.314
2013-12-17,2.296
2013-12-16,2.328
2013-12-13,2.278
2013-12-12,2.343
2013-12-11,2.391
2013-12-10,2.412
2013-12-09,2.495
2013-12-06,2.54
2013-12-05,2.505
2013-12-04,2.484
2013-12-03,2.528
2013-12-02,2.52
2013-11-29,2.529
2013-11-28,2.54
2013-11-27,2.575
2013-11-26,2.482
2013-11-25,2.49
2013-11-22,2.479
2013-11-21,2.47
2013-11-20,2.49
2013-11-19,2.6
2013-11-18,2.617
2013-11-15,2.615
2013-11-14,2.552
2013-11-13,2.578
2013-11-12,2.588
2013-11-11,2.57
2013-11-08,2.491
2013-11-07,2.566
2013-11-06,2.538
2013-11-05,2.503
2013-11-04,2.443
2013-11-01,2.376
2013-10-31,2.399
2013-10-30,2.38
2013-10-29,2.38
2013-10-28,2.325
2013-10-25,2.3
2013-10-24,2.299
2013-10-23,2.269
2013-10-22,2.255
2013-10-21,2.338
2013-10-18,2.3
2013-10-17,2.26
2013-10-16,2.203
2013-10-15,2.147
2013-10-14,2.11
2013-10-11,2.064
2013-10-10,2.043
2013-10-09,1.99
2013-10-08,1.919
2013-10-07,1.9
2013-10-04,1.926
2013-10-03,1.93
2013-10-02,1.93
2013-10-01,1.932
2013-09-30,1.944
2013-09-27,1.953
2013-09-26,1.96
2013-09-25,1.959
2013-09-24,1.94
2013-09-23,1.955
2013-09-20,1.988
2013-09-19,1.966
2013-09-18,1.955
2013-09-17,1.889
2013-09-16,1.826
2013-09-13,1.816
2013-09-12,1.813
2013-09-11,1.8
2013-09-10,1.81
2013-09-09,1.783
2013-09-06,1.808
2013-09-05,1.796
2013-09-04,1.798
2013-09-03,1.827
2013-09-02,1.87
2013-08-30,1.874
2013-08-29,1.879
2013-08-28,1.87
2013-08-27,1.892
2013-08-26,1.911
2013-08-23,1.928
2013-08-22,1.92
2013-08-21,1.937
2013-08-20,1.911
2013-08-19,1.911
2013-08-16,1.919
2013-08-15,1.909
2013-08-14,1.915
2013-08-13,1.925
2013-08-12,1.937
2013-08-09,1.953
2013-08-08,1.93
2013-08-07,1.919
2013-08-06,1.899
2013-08-05,1.924
2013-08-02,1.966
2013-08-01,1.945
2013-07-31,1.94
2013-07-30,1.92
2013-07-29,1.876
2013-07-26,1.836
2013-07-25,1.825
2013-07-24,1.814
2013-07-23,1.818
2013-07-22,1.819
2013-07-19,1.775
2013-07-18,1.79
2013-07-17,1.77
2013-07-16,1.75
2013-07-15,1.764
2013-07-12,1.712
2013-07-11,1.728
2013-07-10,1.749
2013-07-09,1.75
2013-07-08,1.75
2013-07-05,1.704
2013-07-04,1.71
2013-07-03,1.724
2013-07-02,1.83
2013-07-01,1.86
2013-06-28,1.87
2013-06-27,1.89
2013-06-26,1.788
2013-06-25,1.727
2013-06-24,1.64
2013-06-21,1.671
2013-06-20,1.823
2013-06-19,1.901
2013-06-18,1.9
2013-06-17,1.893
2013-06-14,1.843
2013-06-13,1.794
2013-06-12,1.82
2013-06-11,1.813
2013-06-10,1.843
2013-06-07,1.83
2013-06-06,1.825
2013-06-05,1.864
2013-06-04,1.87
2013-06-03,1.846
2013-05-31,1.9
2013-05-30,1.922
2013-05-29,1.907
2013-05-28,1.942
2013-05-27,1.949
2013-05-24,1.906
2013-05-23,1.915
2013-05-22,1.936
2013-05-21,1.959
2013-05-20,1.95
2013-05-17,1.96
2013-05-16,1.95
2013-05-15,1.987
2013-05-14,1.987
2013-05-13,1.998
2013-05-10,2.038
2013-05-09,2.015
2013-05-08,1.979
2013-05-07,1.959
2013-05-06,1.958
2013-05-03,1.961
2013-05-02,1.961
2013-05-01,1.965
2013-04-30,1.965
2013-04-29,1.965
2013-04-26,1.953
2013-04-25,1.961
2013-04-24,1.945
2013-04-23,1.935
2013-04-22,1.845
2013-04-19,1.804
2013-04-18,1.775
2013-04-17,1.776
2013-04-16,1.799
2013-04-15,1.791
2013-04-12,1.861
2013-04-11,1.867
2013-04-10,1.85
2013-04-09,1.779
2013-04-08,1.726
2013-04-05,1.783
2013-04-04,1.872
2013-04-03,1.807
2013-04-02,1.888
2013-04-01,1.918
2013-03-29,1.918
2013-03-28,1.918
2013-03-27,1.907
2013-03-26,1.932
2013-03-25,1.914
2013-03-22,1.97
2013-03-21,1.999
2013-03-20,2.0
2013-03-19,1.962
2013-03-18,1.992
2013-03-15,1.966
2013-03-14,2.0
2013-03-13,1.914
2013-03-12,1.885
2013-03-11,1.886
2013-03-08,1.929
2013-03-07,1.862
2013-03-06,1.834
2013-03-05,1.86
2013-03-04,1.798
2013-03-01,1.82
2013-02-28,1.825
2013-02-27,1.9
2013-02-26,1.83
2013-02-25,1.85
2013-02-22,1.83
2013-02-21,1.836
2013-02-20,1.848
2013-02-19,1.845
2013-02-18,1.806
2013-02-15,1.825
2013-02-14,1.858
2013-02-13,1.847
2013-02-12,1.849
2013-02-11,1.843
2013-02-08,1.86
2013-02-07,1.868
2013-02-06,1.88
2013-02-05,1.88
2013-02-04,1.866
2013-02-01,1.888
2013-01-31,1.846
2013-01-30,1.89
2013-01-29,1.897
2013-01-28,1.913
2013-01-25,1.903
2013-01-24,1.89
2013-01-23,1.9
2013-01-22,1.811
2013-01-21,1.8
2013-01-18,1.799
2013-01-17,1.799
2013-01-16,1.775
2013-01-15,1.777
2013-01-14,1.77
2013-01-11,1.719
2013-01-10,1.703
2013-01-09,1.709
2013-01-08,1.7
2013-01-07,1.7
2013-01-04,1.7
2013-01-03,1.672
2013-01-02,1.661
2013-01-01,1.588
2012-12-31,1.588
2012-12-28,1.595
2012-12-27,1.624
2012-12-26,1.632
2012-12-25,1.632
2012-12-24,1.632
2012-12-21,1.649
2012-12-20,1.639
2012-12-19,1.587
2012-12-18,1.579
2012-12-17,1.574
2012-12-14,1.58
2012-12-13,1.563
2012-12-12,1.569
2012-12-11,1.572
2012-12-10,1.566
2012-12-07,1.548
2012-12-06,1.501
2012-12-05,1.494
2012-12-04,1.479
2012-12-03,1.473
2012-11-30,1.455
2012-11-29,1.496
2012-11-28,1.495
2012-11-27,1.42
2012-11-26,1.4
2012-11-23,1.395
2012-11-22,1.37
2012-11-21,1.361
2012-11-20,1.369
2012-11-19,1.37
2012-11-16,1.355
2012-11-15,1.388
2012-11-14,1.39
2012-11-13,1.397
2012-11-12,1.406
2012-11-09,1.405
2012-11-08,1.406
2012-11-07,1.38
2012-11-06,1.38
2012-11-05,1.385
2012-11-02,1.388
2012-11-01,1.374
2012-10-31,1.359
2012-10-30,1.359
2012-10-29,1.377
2012-10-26,1.359
2012-10-25,1.356
2012-10-24,1.335
2012-10-23,1.334
2012-10-22,1.321
2012-10-19,1.332
2012-10-18,1.335
2012-10-17,1.328
2012-10-16,1.339
2012-10-15,1.324
2012-10-12,1.333
2012-10-11,1.35
2012-10-10,1.356
2012-10-09,1.363
2012-10-08,1.382
2012-10-05,1.4
2012-10-04,1.417
2012-10-03,1.415
2012-10-02,1.397
2012-10-01,1.363
2012-09-28,1.36
2012-09-27,1.34
2012-09-26,1.276
2012-09-25,1.341
2012-09-24,1.336
2012-09-21,1.389
2012-09-20,1.355
2012-09-19,1.355
2012-09-18,1.359
2012-09-17,1.41
2012-09-14,1.419
2012-09-13,1.346
2012-09-12,1.361
2012-09-11,1.358
2012-09-10,1.381
2012-09-07,1.405
2012-09-06,1.3
2012-09-05,1.255
2012-09-04,1.233
2012-09-03,1.225
2012-08-31,1.202
2012-08-30,1.173
2012-08-29,1.147
2012-08-28,1.145
2012-08-27,1.149
2012-08-24,1.152
2012-08-23,1.145
2012-08-22,1.181
2012-08-21,1.187
2012-08-20,1.18
2012-08-17,1.145
2012-08-16,1.138
2012-08-15,1.136
2012-08-14,1.134
2012-08-13,1.133
2012-08-10,1.134
2012-08-09,1.123
2012-08-08,1.13
2012-08-07,1.12
2012-08-06,1.109
2012-08-03,1.134
2012-08-02,1.138
2012-08-01,1.132
2012-07-31,1.13
2012-07-30,1.139
2012-07-27,1.135
2012-07-26,1.13
2012-07-25,1.11
2012-07-24,1.1
2012-07-23,1.12
2012-07-20,1.13
2012-07-19,1.14
2012-07-18,1.138
2012-07-17,1.135
2012-07-16,1.125
2012-07-13,1.13
2012-07-12,1.132
2012-07-11,1.137
2012-07-10,1.13
2012-07-09,1.127
2012-07-06,1.1
2012-07-05,1.114
2012-07-04,1.11
2012-07-03,1.099
2012-07-02,1.07
2012-06-29,1.045
2012-06-28,1.021
2012-06-27,1.028
2012-06-26,1.035
2012-06-25,1.035
2012-06-22,1.034
2012-06-21,1.034
2012-06-20,1.049
2012-06-19,1.04
2012-06-18,1.039
2012-06-15,1.045
2012-06-14,1.028
2012-06-13,1.03
2012-06-12,1.03
2012-06-11,1.035
2012-06-08,1.03
2012-06-07,1.032
2012-06-06,1.029
2012-06-05,1.006
2012-06-04,0.987
2012-06-01,0.983
2012-05-31,0.98
2012-05-30,1.0
2012-05-29,1.014
2012-05-28,1.023
2012-05-25,1.046
2012-05-24,1.014
2012-05-23,1.007
2012-05-22,1.012
2012-05-21,1.008
2012-05-18,0.987
2012-05-17,0.99
2012-05-16,0.991
2012-05-15,1.003
2012-05-14,1.077
2012-05-11,1.095
2012-05-10,1.094
2012-05-09,1.092
2012-05-08,1.095
2012-05-07,1.096
2012-05-04,1.091
2012-05-03,1.099
2012-05-02,1.095
2012-05-01,1.091
2012-04-30,1.091
2012-04-27,1.08
2012-04-26,1.094
2012-04-25,1.081
2012-04-24,1.093
2012-04-23,1.1
2012-04-20,1.116
2012-04-19,1.115
2012-04-18,1.118
2012-04-17,1.13
2012-04-16,1.12
2012-04-13,1.15
2012-04-12,1.15
2012-04-11,1.164
2012-04-10,1.173
2012-04-09,1.183
2012-04-06,1.183
2012-04-05,1.183
2012-04-04,1.18
2012-04-03,1.171
2012-04-02,1.169
2012-03-30,1.143
2012-03-29,1.165
2012-03-28,1.167
2012-03-27,1.165
2012-03-26,1.169
2012-03-23,1.155
2012-03-22,1.153
2012-03-21,1.155
2012-03-20,1.13
2012-03-19,1.11
2012-03-16,1.1
2012-03-15,1.115
2012-03-14,1.11
2012-03-13,1.102
2012-03-12,1.094
2012-03-09,1.115
2012-03-08,1.127
2012-03-07,1.123
2012-03-06,1.139
2012-03-05,1.159
2012-03-02,1.15
2012-03-01,1.15
2012-02-29,1.149
2012-02-28,1.159
2012-02-27,1.156
2012-02-24,1.16
2012-02-23,1.136
2012-02-22,1.153
2012-02-21,1.14
2012-02-20,1.14
2012-02-17,1.149
2012-02-16,1.153
2012-02-15,1.176
2012-02-14,1.177
2012-02-13,1.177
2012-02-10,1.171
2012-02-09,1.185
2012-02-08,1.18
2012-02-07,1.17
2012-02-06,1.158
2012-02-03,1.159
2012-02-02,1.151
2012-02-01,1.152
2012-01-31,1.13
2012-01-30,1.08
2012-01-27,1.154
2012-01-26,1.157
2012-01-25,1.144
2012-01-24,1.15
2012-01-23,1.177
2012-01-20,1.151
2012-01-19,1.175
2012-01-18,1.142
2012-01-17,1.157
2012-01-16,1.161
2012-01-13,1.169
2012-01-12,1.177
2012-01-11,1.176
2012-01-10,1.171
2012-01-09,1.163
2012-01-06,1.177
2012-01-05,1.162
2012-01-04,1.188
2012-01-03,1.229
2012-01-02,1.183
2011-12-30,1.2
2011-12-29,1.18
2011-12-28,1.16
2011-12-27,1.15
2011-12-26,1.17
2011-12-23,1.17
2011-12-22,1.152
2011-12-21,1.15
2011-12-20,1.139
2011-12-19,1.13
2011-12-16,1.118
2011-12-15,1.125
2011-12-14,1.095
2011-12-13,1.103
2011-12-12,1.15
2011-12-09,1.172
2011-12-08,1.189
2011-12-07,1.181
2011-12-06,1.166
2011-12-05,1.199
2011-12-02,1.141
2011-12-01,1.095
2011-11-30,1.09
2011-11-29,1.095
2011-11-28,1.091
2011-11-25,1.1
2011-11-24,1.104
2011-11-23,1.136
2011-11-22,1.137
2011-11-21,1.13
2011-11-18,1.164
2011-11-17,1.166
2011-11-16,1.144
2011-11-15,1.133
2011-11-14,1.18
2011-11-11,1.208
2011-11-10,1.225
2011-11-09,1.224
2011-11-08,1.21
2011-11-07,1.17
2011-11-04,1.153
2011-11-03,1.147
2011-11-02,1.109
2011-11-01,1.109
2011-10-31,1.19
2011-10-28,1.204
2011-10-27,1.236
2011-10-26,1.209
2011-10-25,1.213
2011-10-24,1.228
2011-10-21,1.245
2011-10-20,1.21
2011-10-19,1.246
2011-10-18,1.236
2011-10-17,1.244
2011-10-14,1.256
2011-10-13,1.248
2011-10-12,1.244
2011-10-11,1.199
2011-10-10,1.19
2011-10-07,1.163
2011-10-06,1.148
2011-10-05,1.125
2011-10-04,1.105
2011-10-03,1.123
2011-09-30,1.138
2011-09-29,1.126
2011-09-28,1.113
2011-09-27,1.09
2011-09-26,1.077
2011-09-23,1.078
2011-09-22,1.06
2011-09-21,1.093
2011-09-20,1.1
2011-09-19,1.089
2011-09-16,1.1
2011-09-15,1.071
2011-09-14,1.065
2011-09-13,1.025
2011-09-12,1.042
2011-09-09,1.121
2011-09-08,1.165
2011-09-07,1.169
2011-09-06,1.21
2011-09-05,1.24
2011-09-02,1.265
2011-09-01,1.279
2011-08-31,1.288
2011-08-30,1.282
2011-08-29,1.284
2011-08-26,1.265
2011-08-25,1.282
2011-08-24,1.312
2011-08-23,1.305
2011-08-22,1.304
2011-08-19,1.264
2011-08-18,1.252
2011-08-17,1.304
2011-08-16,1.297
2011-08-15,1.318
2011-08-12,1.265
2011-08-11,1.255
2011-08-10,1.243
2011-08-09,1.268
2011-08-08,1.295
2011-08-05,1.32
2011-08-04,1.324
2011-08-03,1.371
2011-08-02,1.368
2011-08-01,1.37
2011-07-29,1.434
2011-07-28,1.441
2011-07-27,1.428
2011-07-26,1.446
2011-07-25,1.438
2011-07-22,1.414
2011-07-21,1.399
2011-07-20,1.357
2011-07-19,1.324
2011-07-18,1.321
2011-07-15,1.362
2011-07-14,1.38
2011-07-13,1.39
2011-07-12,1.355
2011-07-11,1.37
2011-07-08,1.423
2011-07-07,1.46
2011-07-06,1.4
2011-07-05,1.45
2011-07-04,1.474
2011-07-01,1.453
2011-06-30,1.46
2011-06-29,1.43
2011-06-28,1.352
2011-06-27,1.36
2011-06-24,1.415
2011-06-23,1.435
2011-06-22,1.487
2011-06-21,1.525
2011-06-20,1.502
2011-06-17,1.53
2011-06-16,1.485
2011-06-15,1.51
2011-06-14,1.54
2011-06-13,1.512
2011-06-10,1.53
2011-06-09,1.554
2011-06-08,1.551
2011-06-07,1.585
2011-06-06,1.59
2011-06-03,1.602
2011-06-02,1.581
2011-06-01,1.562
2011-05-31,1.592
2011-05-30,1.607
2011-05-27,1.63
2011-05-26,1.632
2011-05-25,1.65
2011-05-24,1.647
2011-05-23,1.648
2011-05-20,1.678
2011-05-19,1.675
2011-05-18,1.66
2011-05-17,1.655
2011-05-16,1.659
2011-05-13,1.68
2011-05-12,1.68
2011-05-11,1.685
2011-05-10,1.646
2011-05-09,1.66
2011-05-06,1.67
2011-05-05,1.624
2011-05-04,1.599
2011-05-03,1.626
2011-05-02,1.635
2011-04-29,1.632
2011-04-28,1.645
2011-04-27,1.635
2011-04-26,1.64
2011-04-25,1.636
2011-04-22,1.636
2011-04-21,1.636
2011-04-20,1.645
2011-04-19,1.616
2011-04-18,1.6
2011-04-15,1.656
2011-04-14,1.656
2011-04-13,1.654
2011-04-12,1.66
2011-04-11,1.681
2011-04-08,1.661
2011-04-07,1.67
2011-04-06,1.658
2011-04-05,1.656
2011-04-04,1.666
2011-04-01,1.65
2011-03-31,1.644
2011-03-30,1.637
2011-03-29,1.64
2011-03-28,1.66
2011-03-25,1.62
2011-03-24,1.61
2011-03-23,1.603
2011-03-22,1.639
2011-03-21,1.675
2011-03-18,1.66
2011-03-17,1.644
2011-03-16,1.642
2011-03-15,1.652
2011-03-14,1.662
2011-03-11,1.665
2011-03-10,1.69
2011-03-09,1.685
2011-03-08,1.689
2011-03-07,1.663
2011-03-04,1.679
2011-03-03,1.65
2011-03-02,1.672
2011-03-01,1.675
2011-02-28,1.701
2011-02-25,1.69
2011-02-24,1.68
2011-02-23,1.712
2011-02-22,1.725
2011-02-21,3.308
2011-02-18,3.361
2011-02-17,3.341
2011-02-16,3.37
2011-02-15,3.341
2011-02-14,3.35
2011-02-11,3.372
2011-02-10,3.369
2011-02-09,3.407
2011-02-08,3.4
2011-02-07,3.386
2011-02-04,3.355
2011-02-03,3.32
2011-02-02,3.31
2011-02-01,3.332
2011-01-31,3.315
2011-01-28,3.309
2011-01-27,3.28
2011-01-26,3.25
2011-01-25,3.252
2011-01-24,3.345
2011-01-21,3.392
2011-01-20,3.312
2011-01-19,3.292
2011-01-18,3.295
2011-01-17,3.27
2011-01-14,3.27
2011-01-13,3.307
2011-01-12,3.351
2011-01-11,3.312
2011-01-10,3.163
2011-01-07,3.401
2011-01-06,3.457
2011-01-05,3.462
2011-01-04,3.464
2011-01-03,3.385
2010-12-31,3.395
2010-12-30,3.397
2010-12-29,3.44
2010-12-28,3.462
2010-12-27,3.44
2010-12-24,3.5
2010-12-23,3.485
2010-12-22,3.421
2010-12-21,3.444
2010-12-20,3.42
2010-12-17,3.45
2010-12-16,3.45
2010-12-15,3.449
2010-12-14,3.464
2010-12-13,3.473
2010-12-10,3.461
2010-12-09,3.5
2010-12-08,3.554
2010-12-07,3.55
2010-12-06,3.544
2010-12-03,3.534
2010-12-02,3.524
2010-12-01,3.445
2010-11-30,3.141
2010-11-29,3.221
2010-11-26,3.378
2010-11-25,3.478
2010-11-24,3.484
2010-11-23,3.51
2010-11-22,3.602
2010-11-19,3.671
2010-11-18,3.66
2010-11-17,3.619
2010-11-16,3.611
2010-11-15,3.679
2010-11-12,3.677
2010-11-11,3.637
2010-11-10,3.701
2010-11-09,3.759
2010-11-08,3.741
2010-11-05,3.812
2010-11-04,3.853
2010-11-03,3.91
2010-11-02,3.978
2010-11-01,3.985
2010-10-29,3.945
2010-10-28,3.922
2010-10-27,3.801
2010-10-26,3.836
2010-10-25,3.829
2010-10-22,3.807
2010-10-21,3.8
2010-10-20,3.74
2010-10-19,3.775
2010-10-18,3.811
2010-10-15,3.731
2010-10-14,3.74
2010-10-13,3.71
2010-10-12,3.641
2010-10-11,3.64
2010-10-08,3.65
2010-10-07,3.659
2010-10-06,3.599
2010-10-05,3.572
2010-10-04,3.58
2010-10-01,3.61
2010-09-30,3.575
2010-09-29,3.57
2010-09-28,3.54
2010-09-27,3.525
2010-09-24,3.557
2010-09-23,3.59
2010-09-22,3.61
2010-09-21,3.629
2010-09-20,3.623
2010-09-17,3.675
2010-09-16,3.744
2010-09-15,3.778
2010-09-14,3.798
2010-09-13,3.668
2010-09-10,3.634
2010-09-09,3.618
2010-09-08,3.6
2010-09-07,3.689
2010-09-06,3.68
2010-09-03,3.65
2010-09-02,3.64
2010-09-01,3.635
2010-08-31,3.597
2010-08-30,3.604
2010-08-27,3.6
2010-08-26,3.632
2010-08-25,3.665
2010-08-24,3.72
2010-08-23,3.716
2010-08-20,3.75
2010-08-19,3.77
2010-08-18,3.783
2010-08-17,3.813
2010-08-16,3.67
2010-08-13,3.613
2010-08-12,3.654
2010-08-11,3.723
2010-08-10,3.877
2010-08-09,3.936
2010-08-06,3.857
2010-08-05,3.931
2010-08-04,3.923
2010-08-03,3.958
2010-08-02,3.962
2010-07-30,3.94
2010-07-29,3.995
2010-07-28,4.0
2010-07-27,3.991
2010-07-26,4.03
2010-07-23,4.01
2010-07-22,4.047
2010-07-21,4.025
2010-07-20,4.02
2010-07-19,4.0
2010-07-16,4.02
2010-07-15,4.025
2010-07-14,4.097
2010-07-13,4.145
2010-07-12,4.122
2010-07-09,4.161
2010-07-08,4.26
2010-07-07,4.18
2010-07-06,4.17
2010-07-05,4.007
2010-07-02,4.011
2010-07-01,4.002
2010-06-30,4.066
2010-06-29,4.06
2010-06-28,4.23
2010-06-25,4.181
2010-06-24,4.222
2010-06-23,4.462
2010-06-22,4.39
2010-06-21,4.33
2010-06-18,4.268
2010-06-17,4.217
2010-06-16,4.25
2010-06-15,4.243
2010-06-14,4.229
2010-06-11,4.151
2010-06-10,4.106
2010-06-09,3.98
2010-06-08,3.935
2010-06-07,4.0
2010-06-04,3.941
2010-06-03,4.042
2010-06-02,3.939
2010-06-01,3.939
2010-05-31,3.927
2010-05-28,3.89
2010-05-27,3.92
2010-05-26,3.75
2010-05-25,3.57
2010-05-24,3.723
2010-05-21,3.758
2010-05-20,3.68
2010-05-19,3.9
2010-05-18,4.091
2010-05-17,4.135
2010-05-14,4.04
2010-05-13,4.221
2010-05-12,4.269
2010-05-11,4.2
2010-05-10,4.4
2010-05-07,3.729
2010-05-06,3.99
2010-05-05,4.151
2010-05-04,4.33
2010-05-03,4.59
2010-04-30,4.5
2010-04-29,4.553
2010-04-28,4.131
2010-04-27,4.308
2010-04-26,4.737
2010-04-23,4.789
2010-04-22,4.64
2010-04-21,4.843
2010-04-20,4.931
2010-04-19,4.894
2010-04-16,4.895
2010-04-15,4.99
2010-04-14,4.842
2010-04-13,4.785
2010-04-12,4.904
2010-04-09,4.945
2010-04-08,4.93
2010-04-07,5.09
2010-04-06,5.033
2010-04-05,5.049
2010-04-02,5.049
2010-04-01,5.049
2010-03-31,4.98
2010-03-30,5.041
2010-03-29,5.091
2010-03-26,5.12
2010-03-25,5.011
2010-03-24,4.951
2010-03-23,5.04
2010-03-22,5.094
2010-03-19,5.122
2010-03-18,5.19
2010-03-17,5.23
2010-03-16,5.158
2010-03-15,5.077
2010-03-12,4.99
2010-03-11,4.961
2010-03-10,4.664
2010-03-09,4.6
2010-03-08,4.563
2010-03-05,4.569
2010-03-04,4.531
2010-03-03,4.5
2010-03-02,4.39
2010-03-01,4.29
2010-02-26,4.17
2010-02-25,4.119
2010-02-24,4.286
2010-02-23,4.307
2010-02-22,4.235
2010-02-19,4.184
2010-02-18,4.15
2010-02-17,4.135
2010-02-16,4.094
2010-02-15,4.085
2010-02-12,4.055
2010-02-11,4.022
2010-02-10,4.03
2010-02-09,3.945
2010-02-08,3.979
2010-02-05,3.95
2010-02-04,3.999
2010-02-03,4.295
2010-02-02,4.35
2010-02-01,4.36
2010-01-29,4.2
2010-01-28,4.19
2010-01-27,4.29
2010-01-26,4.22
2010-01-25,4.2
2010-01-22,4.135
2010-01-21,4.207
2010-01-20,4.16
2010-01-19,4.181
2010-01-18,4.18
2010-01-15,4.165
2010-01-14,4.3
2010-01-13,4.272
2010-01-12,4.25
2010-01-11,4.3
2010-01-08,4.22
2010-01-07,4.219
2010-01-06,4.168
2010-01-05,4.044
2010-01-04,4.0
2009-12-31,3.995
2009-12-30,3.95
2009-12-29,3.925
2009-12-28,3.95
2009-12-24,3.99
2009-12-23,3.885
2009-12-22,3.93
2009-12-21,3.941
2009-12-18,3.891
2009-12-17,3.926
2009-12-16,4.01
2009-12-15,3.92
2009-12-14,3.925
2009-12-11,3.91
2009-12-10,3.77
2009-12-09,3.7
2009-12-08,3.728
2009-12-07,3.751
2009-12-04,3.789
2009-12-03,3.778
2009-12-02,3.771
2009-12-01,3.79
2009-11-30,3.76
2009-11-27,3.829
2009-11-26,3.725
2009-11-25,3.832
2009-11-24,3.89
2009-11-23,3.968
2009-11-20,3.82
2009-11-19,3.78
2009-11-18,3.824
2009-11-17,3.845
2009-11-16,3.848
2009-11-13,3.84
2009-11-12,3.82
2009-11-11,3.879
2009-11-10,3.87
2009-11-09,3.9
2009-11-06,3.856
2009-11-05,3.82
2009-11-04,3.841
2009-11-03,3.685
2009-11-02,3.825
2009-10-30,3.905
2009-10-29,3.99
2009-10-28,3.915
2009-10-27,4.05
2009-10-26,4.15
2009-10-23,4.19
2009-10-22,4.01
2009-10-21,4.037
2009-10-20,4.05
2009-10-19,4.1
2009-10-16,4.055
2009-10-15,4.051
2009-10-14,4.075
2009-10-13,4.065
2009-10-12,4.1
2009-10-09,4.082
2009-10-08,4.063
2009-10-07,4.045
2009-10-06,4.065
2009-10-05,4.01
2009-10-02,4.01
2009-10-01,4.095
2009-09-30,4.122
2009-09-29,4.089
2009-09-28,4.099
2009-09-25,4.081
2009-09-24,4.092
2009-09-23,4.07
2009-09-22,3.82
2009-09-21,3.693
2009-09-18,3.7
2009-09-17,3.575
2009-09-16,3.575
2009-09-15,3.543
2009-09-14,3.501
2009-09-11,3.5
2009-09-10,3.533
2009-09-09,3.56
2009-09-08,3.548
2009-09-07,3.345
2009-09-04,3.153
2009-09-03,3.07
2009-09-02,2.96
2009-09-01,2.997
2009-08-31,3.06
2009-08-28,3.195
2009-08-27,3.207
2009-08-26,3.26
2009-08-25,3.231
2009-08-24,3.214
2009-08-21,3.02
2009-08-20,2.88
2009-08-19,2.755
2009-08-18,2.65
2009-08-17,2.58
2009-08-14,2.69
2009-08-13,2.51
2009-08-12,2.44
2009-08-11,2.416
2009-08-10,2.431
2009-08-07,2.398
2009-08-06,2.405
2009-08-05,2.377
2009-08-04,2.379
2009-08-03,2.385
2009-07-31,2.38
2009-07-30,2.375
2009-07-29,2.35
2009-07-28,2.38
2009-07-27,2.39
2009-07-24,2.309
2009-07-23,2.265
2009-07-22,2.205
2009-07-21,2.19
2009-07-20,2.193
2009-07-17,2.226
2009-07-16,2.239
2009-07-15,2.243
2009-07-14,2.22
2009-07-13,2.197
2009-07-10,2.187
2009-07-09,2.203
2009-07-08,2.18
2009-07-07,2.19
2009-07-06,2.205
2009-07-03,2.215
2009-07-02,2.214
2009-07-01,2.25
2009-06-30,2.234
2009-06-29,2.229
2009-06-26,2.223
2009-06-25,2.234
2009-06-24,2.202
2009-06-23,2.102
2009-06-22,2.151
2009-06-19,2.21
2009-06-18,2.209
2009-06-17,2.196
2009-06-16,2.29
2009-06-15,2.295
2009-06-12,2.34
2009-06-11,2.34
2009-06-10,2.33
2009-06-09,2.291
2009-06-08,2.27
2009-06-05,2.387
2009-06-04,2.386
2009-06-03,2.4
2009-06-02,2.447
2009-06-01,2.431
2009-05-29,2.416
2009-05-28,2.43
2009-05-27,2.495
2009-05-26,2.45
2009-05-25,2.444
2009-05-22,2.431
2009-05-21,2.412
2009-05-20,2.487
2009-05-19,2.48
2009-05-18,2.429
2009-05-15,2.381
2009-05-14,2.33
2009-05-13,2.265
2009-05-12,2.339
2009-05-11,2.518
2009-05-08,2.529
2009-05-07,2.415
2009-05-06,2.39
2009-05-05,2.33
2009-05-04,2.323
2009-05-01,2.267
2009-04-30,2.267
2009-04-29,2.258
2009-04-28,2.2
2009-04-27,2.235
2009-04-24,2.235
2009-04-23,2.063
2009-04-22,2.065
2009-04-21,2.085
2009-04-20,2.03
2009-04-17,2.075
2009-04-16,2.068
2009-04-15,2.02
2009-04-14,2.03
2009-04-13,1.947
2009-04-10,1.947
2009-04-09,1.947
2009-04-08,1.939
2009-04-07,1.94
2009-04-06,1.97
2009-04-03,1.95
2009-04-02,1.976
2009-04-01,1.928
2009-03-31,1.928
2009-03-30,1.92
2009-03-27,1.94
2009-03-26,2.022
2009-03-25,1.999
2009-03-24,1.98
2009-03-23,1.934
2009-03-20,1.833
2009-03-19,1.84
2009-03-18,1.805
2009-03-17,1.779
2009-03-16,1.77
2009-03-13,1.715
2009-03-12,1.686
2009-03-11,1.699
2009-03-10,1.61
2009-03-09,1.519
2009-03-06,1.52
2009-03-05,1.559
2009-03-04,1.55
2009-03-03,1.551
2009-03-02,1.591
2009-02-27,1.62
2009-02-26,1.605
2009-02-25,1.601
2009-02-24,1.595
2009-02-23,1.611
2009-02-20,1.616
2009-02-19,1.693
2009-02-18,1.722
2009-02-17,1.769
2009-02-16,1.84
2009-02-13,1.88
2009-02-12,1.87
2009-02-11,1.901
2009-02-10,1.9
2009-02-09,1.901
2009-02-06,1.922
2009-02-05,1.899
2009-02-04,1.96
2009-02-03,1.957
2009-02-02,1.965
2009-01-30,1.983
2009-01-29,1.988
2009-01-28,2.001
2009-01-27,1.995
2009-01-26,2.01
2009-01-23,1.987
2009-01-22,2.015
2009-01-21,1.987
2009-01-20,2.05
2009-01-19,2.05
2009-01-16,2.127
2009-01-15,2.135
2009-01-14,2.141
2009-01-13,2.13
2009-01-12,2.158
2009-01-09,2.199
2009-01-08,2.17
2009-01-07,2.18
2009-01-06,2.25
2009-01-05,2.145
2009-01-02,2.119
2009-01-01,2.095
2008-12-31,2.095
2008-12-30,2.09
2008-12-29,2.083
2008-12-26,2.107
2008-12-25,2.107
2008-12-24,2.107
2008-12-23,2.102
2008-12-22,2.105
2008-12-19,2.15
2008-12-18,2.162
2008-12-17,2.18
2008-12-16,2.18
2008-12-15,2.165
2008-12-12,2.202
2008-12-11,2.236
2008-12-10,2.287
2008-12-09,2.278
2008-12-08,2.285
2008-12-05,2.244
2008-12-04,2.265
2008-12-03,2.28
2008-12-02,2.275
2008-12-01,2.29
2008-11-28,2.37
2008-11-27,2.309
2008-11-26,2.269
2008-11-25,2.24
2008-11-24,2.22
2008-11-21,2.026
2008-11-20,2.138
2008-11-19,2.24
2008-11-18,2.298
2008-11-17,2.27
2008-11-14,2.36
2008-11-13,2.297
2008-11-12,2.25
2008-11-11,2.31
2008-11-10,2.382
2008-11-07,2.438
2008-11-06,2.4
2008-11-05,2.49
2008-11-04,2.596
2008-11-03,2.528
2008-10-31,2.5
2008-10-30,2.495
2008-10-29,2.42
2008-10-28,2.262
2008-10-27,2.179
2008-10-24,2.1
2008-10-23,2.195
2008-10-22,2.209
2008-10-21,2.25
2008-10-20,2.19
2008-10-17,2.083
2008-10-16,2.0
2008-10-15,2.03
2008-10-14,2.06
2008-10-13,1.785
2008-10-10,1.53
2008-10-09,1.65
2008-10-08,1.67
2008-10-07,1.77
2008-10-06,1.865
2008-10-03,2.12
2008-10-02,2.22
2008-10-01,2.214
2008-09-30,2.201
2008-09-29,2.3
2008-09-26,2.405
2008-09-25,2.38
2008-09-24,2.36
2008-09-23,2.35
2008-09-22,2.4
2008-09-19,2.4
2008-09-18,2.3
2008-09-17,2.396
2008-09-16,2.4
2008-09-15,2.38
2008-09-12,2.453
2008-09-11,2.411
2008-09-10,2.466
2008-09-09,2.5
2008-09-08,2.576
2008-09-05,2.52
2008-09-04,2.555
2008-09-03,2.628
2008-09-02,2.616
2008-09-01,2.581
2008-08-29,2.59
2008-08-28,2.6
2008-08-27,2.58
2008-08-26,2.63
2008-08-25,2.58
2008-08-22,2.555
2008-08-21,2.52
2008-08-20,2.57
2008-08-19,2.67
2008-08-18,2.745
2008-08-15,2.72
2008-08-14,2.715
2008-08-13,2.68
2008-08-12,2.75
2008-08-11,2.78
2008-08-08,2.66
2008-08-07,2.62
2008-08-06,2.62
2008-08-05,2.58
2008-08-04,2.53
2008-08-01,2.545
2008-07-31,2.59
2008-07-30,2.68
2008-07-29,2.64
2008-07-28,2.61
2008-07-25,2.64
2008-07-24,2.55
2008-07-23,2.71
2008-07-22,2.58
2008-07-21,2.395
2008-07-18,2.35
2008-07-17,2.33
2008-07-16,2.295
2008-07-15,2.27
2008-07-14,2.315
2008-07-11,2.3
2008-07-10,2.27
2008-07-09,2.375
2008-07-08,2.08
2008-07-07,1.945
2008-07-04,1.9
2008-07-03,1.885
2008-07-02,1.91
2008-07-01,1.87
2008-06-30,2.2
2008-06-27,2.41
2008-06-26,2.55
2008-06-25,2.645
2008-06-24,2.57
2008-06-23,2.75
2008-06-20,2.865
2008-06-19,3.03
2008-06-18,3.24
2008-06-17,3.42
2008-06-16,3.175
2008-06-13,3.82
2008-06-12,3.85
2008-06-11,3.9
2008-06-10,4.12
2008-06-09,4.17
2008-06-06,4.175
2008-06-05,4.25
2008-06-04,4.245
2008-06-03,4.285
2008-06-02,4.29
2008-05-30,4.315
2008-05-29,4.25
2008-05-28,4.335
2008-05-27,4.38
2008-05-26,4.565
2008-05-23,4.68
2008-05-22,4.725
2008-05-21,4.815
2008-05-20,4.845
2008-05-19,4.89
2008-05-16,4.895
2008-05-15,4.89
2008-05-14,4.895
2008-05-13,4.83
2008-05-12,4.755
2008-05-09,4.75
2008-05-08,4.8
2008-05-07,4.805
2008-05-06,4.8
2008-05-05,4.8
2008-05-02,4.8
2008-05-01,4.78
2008-04-30,4.78
2008-04-29,4.78
2008-04-28,4.79
2008-04-25,4.74
2008-04-24,4.735
2008-04-23,4.77
2008-04-22,4.77
2008-04-21,4.7
2008-04-18,4.73
2008-04-17,4.77
2008-04-16,4.55
2008-04-15,4.56
2008-04-14,4.585
2008-04-11,4.6
2008-04-10,4.66
2008-04-09,4.65
2008-04-08,4.67
2008-04-07,4.67
2008-04-04,4.62
2008-04-03,4.575
2008-04-02,4.58
2008-04-01,4.6
2008-03-31,4.475
2008-03-28,4.48
2008-03-27,4.48
2008-03-26,4.465
2008-03-25,4.41
2008-03-24,4.265
2008-03-21,4.265
2008-03-20,4.265
2008-03-19,4.26
2008-03-18,4.285
2008-03-17,4.23
2008-03-14,4.315
2008-03-13,4.35
2008-03-12,4.575
2008-03-11,4.55
2008-03-10,4.41
2008-03-07,4.405
2008-03-06,4.41
2008-03-05,4.38
2008-03-04,4.5
2008-03-03,4.54
2008-02-29,4.6
2008-02-28,4.61
2008-02-27,4.605
2008-02-26,4.63
2008-02-25,4.6
2008-02-22,4.565
2008-02-21,4.63
2008-02-20,4.65
2008-02-19,4.67
2008-02-18,4.58
2008-02-15,4.505
2008-02-14,4.565
2008-02-13,4.375
2008-02-12,4.305
2008-02-11,4.22
2008-02-08,4.2
2008-02-07,4.15
2008-02-06,4.225
2008-02-05,4.225
2008-02-04,4.41
2008-02-01,4.36
2008-01-31,4.295
2008-01-30,4.33
2008-01-29,4.38
2008-01-28,4.305
2008-01-25,4.32
2008-01-24,4.01
2008-01-23,3.9
2008-01-22,3.93
2008-01-21,3.82
2008-01-18,3.99
2008-01-17,3.9
2008-01-16,3.8
2008-01-15,4.0
2008-01-14,4.3
2008-01-11,4.4
2008-01-10,4.65
2008-01-09,4.92
2008-01-08,5.13
2008-01-07,5.13
2008-01-04,5.37
2008-01-03,5.4
2008-01-02,5.49
2008-01-01,5.33
2007-12-31,5.33
2007-12-28,5.37
2007-12-27,5.46
2007-12-26,5.53
2007-12-25,5.53
2007-12-24,5.53
2007-12-21,5.44
2007-12-20,5.45
2007-12-19,5.53
2007-12-18,5.53
2007-12-17,5.61
2007-12-14,5.65
2007-12-13,5.69
2007-12-12,5.82
2007-12-11,5.91
2007-12-10,5.95
2007-12-07,5.96
2007-12-06,5.97
2007-12-05,6.02
2007-12-04,6.02
2007-12-03,6.04
2007-11-30,5.93
2007-11-29,5.73
2007-11-28,5.75
2007-11-27,5.7
2007-11-26,5.67
2007-11-23,5.65
2007-11-22,5.56
2007-11-21,5.46
2007-11-20,5.5
2007-11-19,5.52
2007-11-16,5.72
2007-11-15,5.79
2007-11-14,5.78
2007-11-13,5.74
2007-11-12,5.72
2007-11-09,5.73
2007-11-08,5.83
2007-11-07,6.02
2007-11-06,5.9
2007-11-05,5.78
2007-11-02,5.8
2007-11-01,5.75
2007-10-31,5.76
2007-10-30,5.7
2007-10-29,5.57
2007-10-26,5.53
2007-10-25,5.6
2007-10-24,5.55
2007-10-23,5.6
2007-10-22,5.5
2007-10-19,5.66
2007-10-18,5.69
2007-10-17,5.73
2007-10-16,5.5
2007-10-15,5.64
2007-10-12,5.76
2007-10-11,5.84
2007-10-10,5.7
2007-10-09,5.68
2007-10-08,5.76
2007-10-05,5.77
2007-10-04,5.65
2007-10-03,5.36
2007-10-02,5.35
2007-10-01,5.2
2007-09-28,5.16
2007-09-27,5.29
2007-09-26,5.2
2007-09-25,5.19
2007-09-24,5.42
2007-09-21,5.48
2007-09-20,5.47
2007-09-19,5.67
2007-09-18,5.35
2007-09-17,5.03
2007-09-14,5.43
2007-09-13,5.69
2007-09-12,5.93
2007-09-11,6.01
2007-09-10,5.78
2007-09-07,6.0
2007-09-06,6.38
2007-09-05,6.38
2007-09-04,6.56
2007-09-03,6.24
2007-08-31,6.25
2007-08-30,6.25
2007-08-29,6.24
2007-08-28,6.19
2007-08-27,6.43
2007-08-24,6.39
2007-08-23,6.36
2007-08-22,6.22
2007-08-21,5.95
2007-08-20,5.84
2007-08-17,5.54
2007-08-16,5.36
2007-08-15,6.23
2007-08-14,6.24
2007-08-13,6.32
2007-08-10,6.14
2007-08-09,6.47
2007-08-08,6.66
2007-08-07,6.71
2007-08-06,6.68
2007-08-03,6.76
2007-08-02,6.79
2007-08-01,6.67
2007-07-31,6.8
2007-07-30,6.78
2007-07-27,6.74
2007-07-26,6.81
2007-07-25,6.99
2007-07-24,7.11
2007-07-23,7.2
2007-07-20,7.16
2007-07-19,7.27
2007-07-18,7.02
2007-07-17,7.0
2007-07-16,6.99
2007-07-13,6.88
2007-07-12,6.86
2007-07-11,6.89
2007-07-10,6.98
2007-07-09,6.96
2007-07-06,6.98
2007-07-05,6.93
2007-07-04,6.98
2007-07-03,7.0
2007-07-02,6.98
2007-06-29,6.85
2007-06-28,6.86
2007-06-27,6.79
2007-06-26,6.75
2007-06-25,6.82
2007-06-22,6.82
2007-06-21,6.87
2007-06-20,6.85
2007-06-19,6.92
2007-06-18,6.92
2007-06-15,6.93
2007-06-14,6.85
2007-06-13,6.8
2007-06-12,6.86
2007-06-11,6.95
2007-06-08,6.89
2007-06-07,6.85
2007-06-06,7.04
2007-06-05,7.15
2007-06-04,7.14
2007-06-01,6.75
2007-05-31,6.75
2007-05-30,6.62
2007-05-29,6.65
2007-05-28,6.61
2007-05-25,6.56
2007-05-24,6.56
2007-05-23,6.62
2007-05-22,6.42
2007-05-21,6.41
2007-05-18,6.4
2007-05-17,6.41
2007-05-16,6.37
2007-05-15,6.37
2007-05-14,6.37
2007-05-11,6.4
2007-05-10,6.37
2007-05-09,6.55
2007-05-08,6.34
2007-05-07,6.28
2007-05-04,6.26
2007-05-03,6.23
2007-05-02,6.28
2007-05-01,11.75
2007-04-30,6.28
2007-04-27,6.28
2007-04-26,6.4
2007-04-25,5.96
2007-04-24,5.91
2007-04-23,5.94
2007-04-20,5.87
2007-04-19,5.84
2007-04-18,5.8
2007-04-17,5.85
2007-04-16,5.87
2007-04-13,5.82
2007-04-12,5.83
2007-04-11,5.81
2007-04-10,5.83
2007-04-09,5.82
2007-04-06,5.82
2007-04-05,5.82
2007-04-04,5.82
2007-04-03,5.82
2007-04-02,5.75
2007-03-30,5.67
2007-03-29,5.63
2007-03-28,5.53
2007-03-27,5.58
2007-03-26,5.6
2007-03-23,5.64
2007-03-22,5.61
2007-03-21,5.43
2007-03-20,5.41
2007-03-19,5.43
2007-03-16,5.4
2007-03-15,5.43
2007-03-14,5.33
2007-03-13,5.6
2007-03-12,5.69
2007-03-09,5.66
2007-03-08,5.7
2007-03-07,5.78
2007-03-06,5.68
2007-03-05,5.51
2007-03-02,5.73
2007-03-01,5.78
2007-02-28,5.69
2007-02-27,5.78
2007-02-26,5.9
2007-02-23,5.94
2007-02-22,5.98
2007-02-21,6.01
2007-02-20,6.12
2007-02-19,5.97
2007-02-16,5.51
2007-02-15,5.5
2007-02-14,5.52
2007-02-13,5.52
2007-02-12,5.5
2007-02-09,5.53
2007-02-08,5.52
2007-02-07,5.55
2007-02-06,5.55
2007-02-05,5.46
2007-02-02,5.48
2007-02-01,5.5
2007-01-31,5.5
2007-01-30,5.54
2007-01-29,5.49
2007-01-26,5.45
2007-01-25,5.37
2007-01-24,5.39
2007-01-23,4.86
2007-01-22,4.81
2007-01-19,4.76
2007-01-18,4.71
2007-01-17,4.69
2007-01-16,4.62
2007-01-15,4.6
2007-01-12,4.45
2007-01-11,4.45
2007-01-10,4.48
2007-01-09,4.42
2007-01-08,4.51
2007-01-05,4.15
2007-01-04,3.98
2007-01-03,4.01
2007-01-02,4.03
2007-01-01,4.06
2006-12-29,4.06
2006-12-28,3.94
2006-12-27,3.8
2006-12-26,3.77
2006-12-25,3.77
2006-12-22,3.77
2006-12-21,3.78
2006-12-20,3.79
2006-12-19,3.78
2006-12-18,3.79
2006-12-15,3.8
2006-12-14,3.81
2006-12-13,3.79
2006-12-12,3.79
2006-12-11,3.8
2006-12-08,3.81
2006-12-07,3.81
2006-12-06,3.82
2006-12-05,3.8
2006-12-04,3.79
2006-12-01,3.8
2006-11-30,3.79
2006-11-29,3.81
2006-11-28,3.82
2006-11-27,3.75
2006-11-24,3.79
2006-11-23,3.79
2006-11-22,3.8
2006-11-21,3.77
2006-11-20,3.78
2006-11-17,3.78
2006-11-16,3.78
2006-11-15,3.8
2006-11-14,3.7
2006-11-13,3.79
2006-11-10,3.81
2006-11-09,3.84
2006-11-08,3.86
2006-11-07,3.85
2006-11-06,3.86
2006-11-03,3.88
2006-11-02,3.87
2006-11-01,3.88
2006-10-31,3.87
2006-10-30,3.87
2006-10-27,3.88
2006-10-26,3.91
2006-10-25,3.85
2006-10-24,3.81
2006-10-23,3.85
2006-10-20,3.81
2006-10-19,3.77
2006-10-18,3.85
2006-10-17,3.69
2006-10-16,3.48
2006-10-13,3.35
2006-10-12,3.35
2006-10-11,3.36
2006-10-10,3.35
2006-10-09,3.35
2006-10-06,3.33
2006-10-05,3.33
2006-10-04,3.33
2006-10-03,3.34
2006-10-02,3.33
2006-09-29,3.34
2006-09-28,3.33
2006-09-27,3.34
2006-09-26,3.37
2006-09-25,3.38
2006-09-22,3.38
2006-09-21,3.38
2006-09-20,3.38
2006-09-19,3.4
2006-09-18,3.36
2006-09-15,3.39
2006-09-14,3.32
2006-09-13,3.33
2006-09-12,3.3
2006-09-11,3.32
2006-09-08,3.36
2006-09-07,3.33
2006-09-06,3.16
2006-09-05,3.11
2006-09-04,3.1
2006-09-01,3.11
2006-08-31,3.09
2006-08-30,3.1
2006-08-29,3.11
2006-08-28,3.12
2006-08-25,3.09
2006-08-24,3.05
2006-08-23,3.05
2006-08-22,3.06
2006-08-21,3.05
2006-08-18,3.08
2006-08-17,3.04
2006-08-16,2.84
2006-08-15,2.85
2006-08-14,2.84
2006-08-11,2.85
2006-08-10,2.85
2006-08-09,2.85
2006-08-08,2.82
2006-08-07,2.81
2006-08-04,2.85
2006-08-03,2.84
2006-08-02,2.81
2006-08-01,2.7
2006-07-31,2.62
2006-07-28,2.66
2006-07-27,2.75
2006-07-26,2.58
2006-07-25,2.38
2006-07-24,2.29
2006-07-21,2.25
2006-07-20,2.28
2006-07-19,2.24
2006-07-18,2.22
2006-07-17,2.24
2006-07-14,2.25
2006-07-13,2.26
2006-07-12,2.29
2006-07-11,2.29
2006-07-10,2.31
2006-07-07,2.26
2006-07-06,2.29
2006-07-05,2.28
2006-07-04,2.27
2006-07-03,2.28
2006-06-30,2.27
2006-06-29,2.24
2006-06-28,2.24
2006-06-27,2.22
2006-06-26,2.24
2006-06-23,2.26
2006-06-22,2.26
2006-06-21,2.25
2006-06-20,2.28
2006-06-19,2.3
2006-06-16,2.27
2006-06-15,2.27
2006-06-14,2.27
2006-06-13,2.28
2006-06-12,2.4
2006-06-09,2.42
2006-06-08,2.22
2006-06-07,2.26
2006-06-06,2.19
2006-06-05,2.28
2006-06-02,2.11
2006-06-01,2.12
2006-05-31,2.09
2006-05-30,2.11
2006-05-29,2.12
2006-05-26,2.13
2006-05-25,2.12
2006-05-24,2.09
2006-05-23,2.14
2006-05-22,1.99
2006-05-19,2.14
2006-05-18,2.16
2006-05-17,2.21
2006-05-16,2.25
2006-05-15,2.18
2006-05-12,2.25
2006-05-11,2.3
2006-05-10,2.3
2006-05-09,2.29
2006-05-08,2.31
2006-05-05,2.33
2006-05-04,2.24
2006-05-03,2.18
2006-05-02,2.28
2006-05-01,25.72
2006-04-28,2.215
2006-04-27,1.95
2006-04-26,1.965
2006-04-25,1.96
2006-04-24,1.95
2006-04-21,1.95
2006-04-20,1.935
2006-04-19,1.99
2006-04-18,1.965
2006-04-17,1.89
2006-04-14,1.89
2006-04-13,1.89
2006-04-12,1.89
2006-04-11,1.92
2006-04-10,1.935
2006-04-07,1.985
2006-04-06,1.95
2006-04-05,1.805
2006-04-04,1.7
2006-04-03,1.61
2006-03-31,1.61
2006-03-30,1.61
2006-03-29,1.6
2006-03-28,1.59
2006-03-27,1.595
2006-03-24,1.575
2006-03-23,1.56
2006-03-22,1.565
2006-03-21,1.54
2006-03-20,1.545
2006-03-17,1.55
2006-03-16,1.525
2006-03-15,1.525
2006-03-14,1.53
2006-03-13,1.515
2006-03-10,1.515
2006-03-09,1.545
2006-03-08,1.575
2006-03-07,1.6
2006-03-06,1.59
2006-03-03,1.525
2006-03-02,1.53
2006-03-01,1.475
2006-02-28,1.465
2006-02-27,1.475
2006-02-24,1.47
2006-02-23,1.47
2006-02-22,1.475
2006-02-21,1.495
2006-02-20,1.42
2006-02-17,1.43
2006-02-16,1.435
2006-02-15,1.435
2006-02-14,1.445
2006-02-13,1.44
2006-02-10,1.45
2006-02-09,1.445
2006-02-08,1.425
2006-02-07,1.425
2006-02-06,1.44
2006-02-03,1.45
2006-02-02,1.455
2006-02-01,1.46
2006-01-31,1.45
2006-01-30,1.455
2006-01-27,1.46
2006-01-26,1.445
2006-01-25,1.44
2006-01-24,1.44
2006-01-23,1.46
2006-01-20,1.47
2006-01-19,1.425
2006-01-18,1.34
2006-01-17,1.4
2006-01-16,1.445
2006-01-13,1.475
2006-01-12,1.48
2006-01-11,1.505
2006-01-10,1.51
2006-01-09,1.53
2006-01-06,1.525
2006-01-05,1.52
2006-01-04,1.53
2006-01-03,1.53
2006-01-02,1.53
2005-12-30,1.52
2005-12-29,1.53
2005-12-28,1.52
2005-12-27,1.525
2005-12-26,1.54
2005-12-23,1.54
2005-12-22,1.56
2005-12-21,1.55
2005-12-20,1.47
2005-12-19,1.48
2005-12-16,1.485
2005-12-15,1.48
2005-12-14,1.485
2005-12-13,1.495
2005-12-12,1.495
2005-12-09,1.495
2005-12-08,1.505
2005-12-07,1.515
2005-12-06,1.52
2005-12-05,1.525
2005-12-02,1.525
2005-12-01,1.52
2005-11-30,1.545
2005-11-29,1.545
2005-11-28,1.475
2005-11-25,1.34
2005-11-24,1.335
2005-11-23,1.345
2005-11-22,1.35
2005-11-21,1.355
2005-11-18,1.36
2005-11-17,1.36
2005-11-16,1.365
2005-11-15,1.365
2005-11-14,1.37
2005-11-11,1.36
2005-11-10,1.37
2005-11-09,1.37
2005-11-08,1.37
2005-11-07,1.37
2005-11-04,1.375
2005-11-03,1.38
2005-11-02,1.355
2005-11-01,1.355
2005-10-31,1.355
2005-10-28,1.34
2005-10-27,1.28
2005-10-26,1.31
2005-10-25,1.34
2005-10-24,1.34
2005-10-21,1.255
2005-10-20,1.145
2005-10-19,1.105
2005-10-18,1.12
2005-10-17,1.08
2005-10-14,1.05
2005-10-13,1.0
2005-10-12,1.025
2005-10-11,1.045
2005-10-10,1.025
2005-10-07,1.04
2005-10-06,1.055
2005-10-05,1.06
2005-10-04,1.05
2005-10-03,1.025
2005-09-30,0.985
2005-09-29,0.965
2005-09-28,0.985
2005-09-27,0.935
2005-09-26,0.885
2005-09-23,0.875
2005-09-22,0.87
2005-09-21,0.86
2005-09-20,0.86
2005-09-19,0.86
2005-09-16,0.865
2005-09-15,0.865
2005-09-14,0.87
2005-09-13,0.87
2005-09-12,0.87
2005-09-09,0.865
2005-09-08,0.865
2005-09-07,0.86
2005-09-06,0.87
2005-09-05,0.845
2005-09-02,0.785
2005-09-01,0.815
2005-08-31,0.88
2005-08-30,0.81
2005-08-29,0.735
2005-08-26,0.7
2005-08-25,0.665
2005-08-24,0.645
2005-08-23,0.645
2005-08-22,0.64
2005-08-19,0.64
2005-08-18,0.64
2005-08-17,0.64
2005-08-16,0.64
2005-08-15,0.635
2005-08-12,0.635
2005-08-11,0.635
2005-08-10,0.64
2005-08-09,0.635
2005-08-08,0.64
2005-08-05,0.64
2005-08-04,0.635
2005-08-03,0.62
2005-08-02,0.61
2005-08-01,0.61
2005-07-29,0.605
2005-07-28,0.615
2005-07-27,0.595
2005-07-26,0.595
2005-07-25,0.585
2005-07-22,0.585
2005-07-21,0.595
2005-07-20,0.59
2005-07-19,0.59
2005-07-18,0.595
2005-07-15,0.59
2005-07-14,0.59
2005-07-13,0.59
2005-07-12,0.58
2005-07-11,0.58
2005-07-08,0.585
2005-07-07,0.58
2005-07-06,0.59
2005-07-05,0.58
2005-07-04,0.605
2005-07-01,0.615
2005-06-30,0.625
2005-06-29,0.625
2005-06-28,0.625
2005-06-27,0.625
2005-06-24,0.64
2005-06-23,0.64
2005-06-22,0.655
2005-06-21,0.65
2005-06-20,0.61
2005-06-17,0.61
2005-06-16,0.61
2005-06-15,0.61
2005-06-14,0.61
2005-06-13,0.615
2005-06-10,0.6
2005-06-09,0.605
2005-06-08,0.59
2005-06-07,0.62
2005-06-06,0.62
2005-06-03,27.85
2005-06-02,0.59
2005-06-01,0.605
2005-05-31,0.61
2005-05-30,0.615
2005-05-27,0.62
2005-05-26,0.635
2005-05-25,0.61
2005-05-24,0.565
2005-05-23,0.55
2005-05-20,0.555
2005-05-19,0.55
2005-05-18,0.555
2005-05-17,0.55
2005-05-16,0.56
2005-05-13,0.56
2005-05-12,0.565
2005-05-11,0.565
2005-05-10,0.56
2005-05-09,0.57
2005-05-06,0.565
2005-05-05,0.565
2005-05-04,0.56
2005-05-03,0.56
2005-05-02,0.56
2005-04-29,0.565
2005-04-28,0.56
2005-04-27,0.565
2005-04-26,0.57
2005-04-25,0.57
2005-04-22,0.565
2005-04-21,0.57
2005-04-20,0.575
2005-04-19,0.575
2005-04-18,0.575
2005-04-15,0.58
2005-04-14,0.59
2005-04-13,0.585
2005-04-12,0.58
2005-04-11,0.59
2005-04-08,0.585
2005-04-07,0.585
2005-04-06,0.58
2005-04-05,0.585
2005-04-04,0.575
2005-04-01,0.585
2005-03-31,0.585
2005-03-30,0.585
2005-03-29,0.59
2005-03-28,20.85
2005-03-24,0.59
2005-03-23,0.59
2005-03-22,0.59
2005-03-21,0.59
2005-03-18,0.595
2005-03-17,0.6
2005-03-16,0.61
2005-03-15,0.605
2005-03-14,0.59
2005-03-11,0.6
2005-03-10,0.615
2005-03-09,0.625
2005-03-08,0.595
2005-03-07,0.62
2005-03-04,0.63
2005-03-03,0.69
2005-03-02,0.65
2005-03-01,0.555
2005-02-28,4.84
2005-02-25,4.74
2005-02-24,4.72
2005-02-23,4.71
2005-02-22,4.75
2005-02-21,4.78
2005-02-18,4.85
2005-02-17,4.82
2005-02-16,4.9
2005-02-15,4.76
2005-02-14,4.7
2005-02-11,4.7
2005-02-10,4.73
2005-02-09,4.68
2005-02-08,4.7
2005-02-07,4.72
2005-02-04,4.75
2005-02-03,4.75
2005-02-02,4.72
2005-02-01,4.65
2005-01-31,4.74
2005-01-28,4.7
2005-01-27,4.57
2005-01-26,4.46
2005-01-25,4.32
2005-01-24,4.24
2005-01-21,4.25
2005-01-20,4.21
2005-01-19,4.26
2005-01-18,4.13
2005-01-17,4.11
2005-01-14,4.1
2005-01-13,4.09
2005-01-12,4.1
2005-01-11,4.07
2005-01-10,4.1
2005-01-07,4.09
2005-01-06,4.09
2005-01-05,4.05
2005-01-04,4.07
2005-01-03,4.05
2004-12-31,4.1
2004-12-30,4.08
2004-12-29,4.09
2004-12-28,4.1
2004-12-27,4.1
2004-12-24,4.07
2004-12-23,4.1
2004-12-22,4.08
2004-12-21,4.11
2004-12-20,4.13
2004-12-17,4.09
2004-12-16,4.14
2004-12-15,4.1
2004-12-14,4.09
2004-12-13,4.08
2004-12-10,4.05
2004-12-09,4.09
2004-12-08,4.12
2004-12-07,4.11
2004-12-06,4.04
2004-12-03,4.11
2004-12-02,4.11
2004-12-01,4.13
2004-11-30,4.15
2004-11-29,4.18
2004-11-26,4.16
2004-11-25,4.16
2004-11-24,4.2
2004-11-23,4.2
2004-11-22,4.2
2004-11-19,4.2
2004-11-18,4.15
2004-11-17,4.15
2004-11-16,4.18
2004-11-15,4.2
2004-11-12,4.2
2004-11-11,4.16
2004-11-10,4.17
2004-11-09,4.17
2004-11-08,4.17
2004-11-05,4.2
2004-11-04,4.19
2004-11-03,4.2
2004-11-02,4.19
2004-11-01,4.14
2004-10-29,4.17
2004-10-28,4.2
2004-10-27,4.19
2004-10-26,4.13
2004-10-25,4.18
2004-10-22,4.19
2004-10-21,4.22
2004-10-20,4.2
2004-10-19,4.22
2004-10-18,4.22
2004-10-15,4.22
2004-10-14,4.24
2004-10-13,4.19
2004-10-12,4.16
2004-10-11,4.18
2004-10-08,4.14
2004-10-07,4.2
2004-10-06,4.15
2004-10-05,4.0
2004-10-04,4.0
2004-10-01,3.9
2004-09-30,3.91
2004-09-29,3.96
2004-09-28,3.96
2004-09-27,3.97
2004-09-24,3.95
2004-09-23,3.93
2004-09-22,3.93
2004-09-21,4.0
2004-09-20,3.92
2004-09-17,3.91
2004-09-16,3.88
2004-09-15,3.88
2004-09-14,3.87
2004-09-13,3.87
2004-09-10,3.86
2004-09-09,3.84
2004-09-08,3.77
2004-09-07,3.79
2004-09-06,3.81
2004-09-03,3.8
2004-09-02,3.84
2004-09-01,3.72
2004-08-31,3.82
2004-08-30,3.82
2004-08-27,3.81
2004-08-26,3.85
2004-08-25,3.75
2004-08-24,3.71
2004-08-23,3.71
2004-08-20,3.75
2004-08-19,3.8
2004-08-18,3.75
2004-08-17,3.63
2004-08-16,3.61
2004-08-13,3.61
2004-08-12,3.65
2004-08-11,3.6
2004-08-10,3.69
2004-08-09,3.6
2004-08-06,3.65
2004-08-05,3.67
2004-08-04,3.65
2004-08-03,3.7
2004-08-02,3.74
2004-07-30,3.78
2004-07-29,3.77
2004-07-28,3.7
2004-07-27,3.71
2004-07-26,3.7
2004-07-23,3.72
2004-07-22,3.79
2004-07-21,3.76
2004-07-20,3.8
2004-07-19,3.71
2004-07-16,3.8
2004-07-15,3.85
2004-07-14,3.82
2004-07-13,3.7
2004-07-12,3.56
2004-07-09,3.56
2004-07-08,3.55
2004-07-07,3.5
2004-07-06,3.71
2004-07-05,3.73
2004-07-02,3.83
2004-07-01,3.83
2004-06-30,3.85
2004-06-29,3.85
2004-06-28,3.76
2004-06-25,3.79
2004-06-24,3.76
2004-06-23,3.77
2004-06-22,3.78
2004-06-21,3.78
2004-06-18,3.74
2004-06-17,3.75
2004-06-16,3.75
2004-06-15,3.78
2004-06-14,3.78
2004-06-11,3.79
2004-06-10,3.79
2004-06-09,3.72
2004-06-08,3.75
2004-06-07,3.69
2004-06-04,3.76
2004-06-03,3.79
2004-06-02,3.79
2004-06-01,3.75
2004-05-31,3.71
2004-05-28,3.75
2004-05-27,3.66
2004-05-26,3.75
2004-05-25,3.76
2004-05-24,3.8
2004-05-21,3.8
2004-05-20,3.86
2004-05-19,3.81
2004-05-18,3.69
2004-05-17,3.87
2004-05-14,3.9
2004-05-13,3.9
2004-05-12,4.01
2004-05-11,3.91
2004-05-10,3.9
2004-05-07,4.05
2004-05-06,4.05
2004-05-05,4.05
2004-05-04,4.04
2004-05-03,4.01
2004-04-30,4.0
2004-04-29,4.01
2004-04-28,3.99
2004-04-27,3.98
2004-04-26,4.0
2004-04-23,3.96
2004-04-22,4.0
2004-04-21,4.0
2004-04-20,4.01
2004-04-19,3.98
2004-04-16,3.98
2004-04-15,4.09
2004-04-14,4.06
2004-04-13,4.1
2004-04-12,17.9
2004-04-08,4.15
2004-04-07,4.05
2004-04-06,4.13
2004-04-05,4.09
2004-04-02,4.1
2004-04-01,4.1
2004-03-31,4.1
2004-03-30,4.11
2004-03-29,4.12
2004-03-26,3.95
2004-03-25,3.93
2004-03-24,3.8
2004-03-23,3.87
2004-03-22,3.86
2004-03-19,3.8
2004-03-18,3.8
2004-03-17,3.83
2004-03-16,3.76
2004-03-15,3.76
2004-03-12,3.88
2004-03-11,3.9
2004-03-10,3.9
2004-03-09,3.91
2004-03-08,3.92
2004-03-05,3.87
2004-03-04,3.87
2004-03-03,3.87
2004-03-02,3.86
2004-03-01,3.82
2004-02-27,3.87
2004-02-26,3.88
2004-02-25,3.89
2004-02-24,3.88
2004-02-23,3.88
2004-02-20,3.84
2004-02-19,3.9
2004-02-18,3.92
2004-02-17,3.83
2004-02-16,3.83
2004-02-13,3.8
2004-02-12,3.84
2004-02-11,3.83
2004-02-10,3.84
2004-02-09,3.85
2004-02-06,3.84
2004-02-05,3.9
2004-02-04,3.75
2004-02-03,3.67
2004-02-02,3.53
2004-01-30,3.52
2004-01-29,3.47
2004-01-28,3.53
2004-01-27,3.5
2004-01-26,3.5
2004-01-23,3.5
2004-01-22,3.46
2004-01-21,3.55
2004-01-20,3.56
2004-01-19,3.59
2004-01-16,3.6
2004-01-15,3.6
2004-01-14,3.6
2004-01-13,3.58
2004-01-12,3.54
2004-01-09,3.62
2004-01-08,3.6
2004-01-07,3.58
2004-01-06,3.59
2004-01-05,3.63
2004-01-02,3.61
2003-12-31,3.6
2003-12-30,3.55
2003-12-29,3.64
2003-12-26,21.55
2003-12-24,3.64
2003-12-23,3.6
2003-12-22,3.6
2003-12-19,3.6
2003-12-18,3.63
2003-12-17,3.58
2003-12-16,3.57
2003-12-15,3.7
2003-12-12,3.68
2003-12-11,3.65
2003-12-10,3.64
2003-12-09,3.53
2003-12-08,3.46
2003-12-05,3.41
2003-12-04,3.45
2003-12-03,3.54
2003-12-02,3.65
2003-12-01,3.8
2003-11-28,3.75
2003-11-27,3.7
2003-11-26,3.45
2003-11-25,3.48
2003-11-24,3.5
2003-11-21,3.3
2003-11-20,3.3
2003-11-19,3.31
2003-11-18,3.35
2003-11-17,3.25
2003-11-14,3.3
2003-11-13,3.3
2003-11-12,3.3
2003-11-11,3.22
2003-11-10,3.27
2003-11-07,3.34
2003-11-06,3.35
2003-11-05,3.33
2003-11-04,3.33
2003-11-03,3.32
2003-10-31,3.21
2003-10-30,3.18
2003-10-29,3.2
2003-10-28,3.06
2003-10-27,3.05
2003-10-24,3.0
2003-10-23,3.02
2003-10-22,3.01
2003-10-21,3.02
2003-10-20,3.0
2003-10-17,2.97
2003-10-16,2.97
2003-10-15,3.03
2003-10-14,3.0
2003-10-13,3.0
2003-10-10,3.0
2003-10-09,2.95
2003-10-08,2.94
2003-10-07,2.93
2003-10-06,2.94
2003-10-03,2.95
2003-10-02,2.97
2003-10-01,2.97
2003-09-30,2.96
2003-09-29,3.01
2003-09-26,3.03
2003-09-25,3.01
2003-09-24,3.01
2003-09-23,3.01
2003-09-22,3.05
2003-09-19,3.01
2003-09-18,3.04
2003-09-17,3.05
2003-09-16,3.01
2003-09-15,3.01
2003-09-12,3.02
2003-09-11,3.06
2003-09-10,3.0
2003-09-09,3.04
2003-09-08,3.07
2003-09-05,3.04
2003-09-04,3.09
2003-09-03,3.09
2003-09-02,3.1
2003-09-01,3.09
2003-08-29,3.11
2003-08-28,3.07
2003-08-27,3.09
2003-08-26,3.1
2003-08-25,3.1
2003-08-22,2.99
2003-08-21,2.96
2003-08-20,2.95
2003-08-19,2.96
2003-08-18,2.93
2003-08-15,2.95
2003-08-14,2.95
2003-08-13,2.95
2003-08-12,2.95
2003-08-11,2.92
2003-08-08,2.82
2003-08-07,2.79
2003-08-06,2.79
2003-08-05,2.81
2003-08-04,2.82
2003-08-01,2.89
2003-07-31,2.86
2003-07-30,2.87
2003-07-29,2.87
2003-07-28,2.88
2003-07-25,2.94
2003-07-24,2.93
2003-07-23,2.93
2003-07-22,2.93
2003-07-21,2.95
2003-07-18,2.93
2003-07-17,2.93
2003-07-16,2.92
2003-07-15,2.9
2003-07-14,2.83
2003-07-11,2.8
2003-07-10,2.79
2003-07-09,2.8
2003-07-08,2.78
2003-07-07,2.8
2003-07-04,2.75
2003-07-03,2.8
2003-07-02,2.76
2003-07-01,2.74
2003-06-30,2.83
2003-06-27,2.86
2003-06-26,2.87
2003-06-25,2.88
2003-06-24,2.87
2003-06-23,2.9
2003-06-20,2.88
2003-06-19,2.89
2003-06-18,2.89
2003-06-17,2.92
2003-06-16,2.89
2003-06-13,2.9
2003-06-12,2.93
2003-06-11,2.94
2003-06-10,2.96
2003-06-09,2.92
2003-06-06,2.85
2003-06-05,2.75
2003-06-04,2.7
2003-06-03,2.69
2003-06-02,2.69
2003-05-30,2.68
2003-05-29,2.69
2003-05-28,2.67
2003-05-27,2.62
2003-05-26,2.65
2003-05-23,2.66
2003-05-22,2.64
2003-05-21,2.66
2003-05-20,2.66
2003-05-19,2.65
2003-05-16,2.65
2003-05-15,2.64
2003-05-14,2.65
2003-05-13,2.65
2003-05-12,2.67
2003-05-09,2.67
2003-05-08,2.66
2003-05-07,2.7
2003-05-06,2.7
2003-05-05,2.67
2003-05-02,2.65
2003-05-01,2.69
2003-04-30,2.69
2003-04-29,2.65
2003-04-28,2.65
2003-04-25,2.66
2003-04-24,2.67
2003-04-23,2.58
2003-04-22,2.62
2003-04-21,2.64
2003-04-18,2.64
2003-04-17,2.64
2003-04-16,2.68
2003-04-15,2.7
2003-04-14,2.72
2003-04-11,2.76
2003-04-10,2.76
2003-04-09,2.75
2003-04-08,2.74
2003-04-07,2.76
2003-04-04,2.67
2003-04-03,2.67
2003-04-02,2.68
2003-04-01,2.7
2003-03-31,2.66
2003-03-28,2.79
2003-03-27,2.79
2003-03-26,2.75
2003-03-25,2.72
2003-03-24,2.85
2003-03-21,2.87
2003-03-20,2.75
2003-03-19,2.75
2003-03-18,2.8
2003-03-17,2.82
2003-03-14,2.83
2003-03-13,2.9
2003-03-12,2.87
2003-03-11,2.87
2003-03-10,2.88
2003-03-07,2.91
2003-03-06,2.87
2003-03-05,2.86
2003-03-04,2.89
2003-03-03,2.91
2003-02-28,2.94
2003-02-27,2.91
2003-02-26,2.94
2003-02-25,2.93
2003-02-24,2.97
2003-02-21,3.0
2003-02-20,2.97
2003-02-19,2.99
2003-02-18,3.0
2003-02-17,2.99
2003-02-14,2.99
2003-02-13,3.0
2003-02-12,3.01
2003-02-11,3.04
2003-02-10,3.0
2003-02-07,3.09
2003-02-06,3.08
2003-02-05,3.07
2003-02-04,3.07
2003-02-03,3.09
2003-01-31,3.0
2003-01-30,3.05
2003-01-29,3.07
2003-01-28,3.06
2003-01-27,3.04
2003-01-24,3.08
2003-01-23,3.14
2003-01-22,3.11
2003-01-21,3.11
2003-01-20,3.15
2003-01-17,3.15
2003-01-16,3.23
2003-01-15,3.24
2003-01-14,3.23
2003-01-13,3.23
2003-01-10,3.26
2003-01-09,3.25
2003-01-08,3.2
2003-01-07,3.25
2003-01-06,3.29
2003-01-03,3.28
2003-01-02,3.32
2003-01-01,3.3
2002-12-31,3.3
2002-12-30,3.33
2002-12-27,3.3
2002-12-26,3.3
2002-12-25,3.3
2002-12-24,3.3
2002-12-23,3.3
2002-12-20,3.32
2002-12-19,3.33
2002-12-18,3.4
2002-12-17,3.31
2002-12-16,3.34
2002-12-13,3.34
2002-12-12,3.4
2002-12-11,3.4
2002-12-10,3.42
2002-12-09,3.41
2002-12-06,3.4
2002-12-05,3.43
2002-12-04,3.44
2002-12-03,3.47
2002-12-02,3.45
2002-11-29,3.47
2002-11-28,3.5
2002-11-27,3.43
2002-11-26,3.42
2002-11-25,3.48
2002-11-22,3.49
2002-11-21,3.46
2002-11-20,3.45
2002-11-19,3.45
2002-11-18,3.5
2002-11-15,3.49
2002-11-14,3.5
2002-11-13,3.5
2002-11-12,3.49
2002-11-11,3.5
2002-11-08,3.44
2002-11-07,3.46
2002-11-06,3.46
2002-11-05,3.47
2002-11-04,3.5
2002-11-01,3.47
2002-10-31,3.47
2002-10-30,3.5
2002-10-29,3.48
2002-10-28,3.46
2002-10-25,3.45
2002-10-24,3.49
2002-10-23,3.45
2002-10-22,3.5
2002-10-21,3.55
2002-10-18,3.5
2002-10-17,3.49
2002-10-16,3.49
2002-10-15,3.49
2002-10-14,3.45
2002-10-11,3.55
2002-10-10,3.6
2002-10-09,3.56
2002-10-08,3.51
2002-10-07,3.45
2002-10-04,3.3
2002-10-03,3.33
2002-10-02,3.25
2002-10-01,3.29
2002-09-30,3.37
2002-09-27,3.4
2002-09-26,3.49
2002-09-25,3.22
2002-09-24,3.32
2002-09-23,3.46
2002-09-20,3.57
2002-09-19,3.6
2002-09-18,3.6
2002-09-17,3.62
2002-09-16,3.64
2002-09-13,3.73
2002-09-12,3.76
2002-09-11,3.7
2002-09-10,3.72
2002-09-09,3.72
2002-09-06,3.75
2002-09-05,3.72
2002-09-04,3.72
2002-09-03,3.74
2002-09-02,3.79
2002-08-30,3.84
2002-08-29,3.81
2002-08-28,3.83
2002-08-27,3.9
2002-08-26,3.81
2002-08-23,3.78
2002-08-22,3.75
2002-08-21,3.75
2002-08-20,3.75
2002-08-19,3.8
2002-08-16,3.8
2002-08-15,3.85
2002-08-14,3.85
2002-08-13,3.94
2002-08-12,3.94
2002-08-09,3.97
2002-08-08,3.9
2002-08-07,3.78
2002-08-06,3.83
2002-08-05,3.95
2002-08-02,3.93
2002-08-01,3.95
2002-07-31,3.98
2002-07-30,4.02
2002-07-29,4.04
2002-07-26,3.94
2002-07-25,4.01
2002-07-24,4.04
2002-07-23,4.2
2002-07-22,4.4
2002-07-19,4.41
2002-07-18,4.5
2002-07-17,4.53
2002-07-16,4.5
2002-07-15,4.53
2002-07-12,4.49
2002-07-11,4.49
2002-07-10,4.5
2002-07-09,4.48
2002-07-08,4.55
2002-07-05,4.56
2002-07-04,4.55
2002-07-03,4.55
2002-07-02,4.6
2002-07-01,4.56
2002-06-28,4.69
2002-06-27,4.73
2002-06-26,4.6
2002-06-25,4.7
2002-06-24,4.67
2002-06-21,4.79
2002-06-20,4.71
2002-06-19,4.78
2002-06-18,4.76
2002-06-17,4.78
2002-06-14,4.82
2002-06-13,4.69
2002-06-12,4.6
2002-06-11,4.51
2002-06-10,4.58
2002-06-07,4.58
2002-06-06,4.7
2002-06-05,4.69
2002-06-04,4.6
2002-06-03,4.65
2002-05-31,4.59
2002-05-30,4.62
2002-05-29,4.62
2002-05-28,4.7
2002-05-27,4.7
2002-05-24,4.85
2002-05-23,5.0
2002-05-22,4.66
2002-05-21,4.6
2002-05-20,4.5
2002-05-17,4.5
2002-05-16,4.55
2002-05-15,4.55
2002-05-14,4.5
2002-05-13,4.54
2002-05-10,4.48
2002-05-09,4.5
2002-05-08,4.4
2002-05-07,4.35
2002-05-06,4.33
2002-05-03,4.41
2002-05-02,4.48
2002-05-01,4.58
2002-04-30,4.58
2002-04-29,4.54
2002-04-26,4.54
2002-04-25,4.54
2002-04-24,4.54
2002-04-23,4.5
2002-04-22,4.45
2002-04-19,4.54
2002-04-18,4.5
2002-04-17,4.56
2002-04-16,4.5
2002-04-15,4.5
2002-04-12,4.5
2002-04-11,4.55
2002-04-10,4.5
2002-04-09,4.64
2002-04-08,4.67
2002-04-05,4.69
2002-04-04,4.69
2002-04-03,4.65
2002-04-02,4.78
2002-04-01,4.75
2002-03-29,4.75
2002-03-28,4.75
2002-03-27,4.75
2002-03-26,4.76
2002-03-25,4.76
2002-03-22,4.7
2002-03-21,4.64
2002-03-20,4.69
2002-03-19,4.7
2002-03-18,4.71
2002-03-15,4.69
2002-03-14,4.64
2002-03-13,4.54
2002-03-12,4.4
2002-03-11,4.39
2002-03-08,4.4
2002-03-07,4.4
2002-03-06,4.46
2002-03-05,4.4
2002-03-04,4.37
2002-03-01,4.3
2002-02-28,4.32
2002-02-27,4.4
2002-02-26,4.4
2002-02-25,4.39
2002-02-22,4.38
2002-02-21,4.39
2002-02-20,4.39
2002-02-19,4.35
2002-02-18,4.28
2002-02-15,4.34
2002-02-14,4.28
2002-02-13,4.3
2002-02-12,4.28
2002-02-11,4.28
2002-02-08,4.29
2002-02-07,4.32
2002-02-06,4.37
2002-02-05,4.43
2002-02-04,4.41
2002-02-01,4.45
2002-01-31,4.5
2002-01-30,4.49
2002-01-29,4.4
2002-01-28,4.4
2002-01-25,4.39
2002-01-24,4.38
2002-01-23,4.4
2002-01-22,4.39
2002-01-21,4.38
2002-01-18,4.4
2002-01-17,4.43
2002-01-16,4.4
2002-01-15,4.44
2002-01-14,4.37
2002-01-11,4.37
2002-01-10,4.42
2002-01-09,4.45
2002-01-08,4.51
2002-01-07,4.51
2002-01-04,4.5
2002-01-03,4.5
2002-01-02,4.5
2002-01-01,4.74
2001-12-31,4.74
2001-12-28,4.74
2001-12-27,4.27
2001-12-26,4.32
2001-12-25,4.32
2001-12-24,4.32
2001-12-21,4.32
2001-12-20,4.35
2001-12-19,4.44
2001-12-18,4.4
2001-12-17,4.39
2001-12-14,4.41
2001-12-13,4.43
2001-12-12,4.44
2001-12-11,4.44
2001-12-10,4.46
2001-12-07,4.51
2001-12-06,4.5
2001-12-05,4.6
2001-12-04,4.64
2001-12-03,4.58
2001-11-30,4.5
2001-11-29,4.37
2001-11-28,4.45
2001-11-27,4.47
2001-11-26,4.57
2001-11-23,4.34
2001-11-22,4.2
2001-11-21,4.21
2001-11-20,4.24
2001-11-19,4.15
2001-11-16,4.15
2001-11-15,4.09
2001-11-14,4.1
2001-11-13,4.15
2001-11-12,4.08
2001-11-09,4.09
2001-11-08,4.08
2001-11-07,4.07
2001-11-06,4.04
2001-11-05,4.04
2001-11-02,4.0
2001-11-01,4.01
2001-10-31,4.01
2001-10-30,3.96
2001-10-29,3.96
2001-10-26,4.0
2001-10-25,4.0
2001-10-24,4.01
2001-10-23,4.01
2001-10-22,4.03
2001-10-19,3.99
2001-10-18,4.03
2001-10-17,4.05
2001-10-16,4.0
2001-10-15,4.0
2001-10-12,4.04
2001-10-11,4.0
2001-10-10,4.02
2001-10-09,3.97
2001-10-08,3.97
2001-10-05,4.07
2001-10-04,4.07
2001-10-03,3.98
2001-10-02,4.01
2001-10-01,3.99
2001-09-28,3.83
2001-09-27,3.83
2001-09-26,4.0
2001-09-25,3.79
2001-09-24,3.7
2001-09-21,3.6
2001-09-20,3.7
2001-09-19,3.64
2001-09-18,3.61
2001-09-17,3.52
2001-09-14,3.7
2001-09-13,3.8
2001-09-12,3.8
2001-09-11,3.9
2001-09-10,3.95
2001-09-07,3.83
2001-09-06,4.0
2001-09-05,4.0
2001-09-04,4.02
2001-09-03,4.0
2001-08-31,3.96
2001-08-30,4.0
2001-08-29,3.98
2001-08-28,3.98
2001-08-27,3.99
2001-08-24,3.87
2001-08-23,3.88
2001-08-22,3.82
2001-08-21,3.88
2001-08-20,3.81
2001-08-17,3.85
2001-08-16,3.99
2001-08-15,3.97
2001-08-14,3.97
2001-08-13,3.94
2001-08-10,4.0
2001-08-09,3.99
2001-08-08,3.92
2001-08-07,3.9
2001-08-06,3.92
2001-08-03,3.96
2001-08-02,3.99
2001-08-01,4.0
2001-07-31,4.03
2001-07-30,4.03
2001-07-27,4.02
2001-07-26,4.03
2001-07-25,4.03
2001-07-24,4.0
2001-07-23,3.98
2001-07-20,3.97
2001-07-19,4.0
2001-07-18,3.96
2001-07-17,3.97
2001-07-16,3.99
2001-07-13,4.0
2001-07-12,4.0
2001-07-11,4.0
2001-07-10,4.0
2001-07-09,4.0
2001-07-06,3.96
2001-07-05,4.0
2001-07-04,4.0
2001-07-03,4.0
2001-07-02,3.9
2001-06-29,3.92
2001-06-28,3.92
2001-06-27,3.89
2001-06-26,3.93
2001-06-25,3.85
2001-06-22,3.8
2001-06-21,3.72
2001-06-20,3.65
2001-06-19,3.7
2001-06-18,3.75
2001-06-15,3.91
2001-06-14,3.52
2001-06-13,3.52
2001-06-12,4.03
2001-06-11,4.2
2001-06-08,4.25
2001-06-07,4.2
2001-06-06,4.25
2001-06-05,4.29
2001-06-04,4.31
2001-06-01,4.34
2001-05-31,4.39
2001-05-30,4.32
2001-05-29,4.34
2001-05-28,4.36
2001-05-25,4.45
2001-05-24,4.44
2001-05-23,4.44
2001-05-22,4.49
2001-05-21,4.5
2001-05-18,4.5
2001-05-17,4.55
2001-05-16,4.55
2001-05-15,4.64
2001-05-14,4.57
2001-05-11,4.53
2001-05-10,4.53
2001-05-09,4.54
2001-05-08,4.5
2001-05-07,4.6
2001-05-04,4.6
2001-05-03,4.49
2001-05-02,4.25
2001-05-01,4.25
2001-04-30,4.25
2001-04-27,4.19
2001-04-26,4.19
2001-04-25,4.2
2001-04-24,4.2
2001-04-23,4.2
2001-04-20,4.3
2001-04-19,4.25
2001-04-18,4.3
2001-04-17,4.24
2001-04-16,4.3
2001-04-13,4.3
2001-04-12,4.3
2001-04-11,4.31
2001-04-10,4.35
2001-04-09,4.36
2001-04-06,4.33
2001-04-05,4.35
2001-04-04,4.25
2001-04-03,4.34
2001-04-02,4.45
2001-03-30,4.38
2001-03-29,4.39
2001-03-28,4.35
2001-03-27,4.33
2001-03-26,4.35
2001-03-23,4.3
2001-03-22,4.22
2001-03-21,4.3
2001-03-20,4.3
2001-03-19,4.15
2001-03-16,4.14
2001-03-15,4.08
2001-03-14,23.4
2001-03-13,4.23
2001-03-12,4.24
2001-03-09,4.28
2001-03-08,4.36
2001-03-07,4.36
2001-03-06,4.38
2001-03-05,4.36
2001-03-02,4.25
2001-03-01,4.25
2001-02-28,4.27
2001-02-27,4.33
2001-02-26,4.33
2001-02-23,4.3
2001-02-22,4.32
2001-02-21,4.3
2001-02-20,4.28
2001-02-19,4.2
2001-02-16,4.17
2001-02-15,4.2
2001-02-14,4.18
2001-02-13,4.2
2001-02-12,4.15
2001-02-09,4.2
2001-02-08,4.4
2001-02-07,4.46
2001-02-06,4.5
2001-02-05,4.56
2001-02-02,4.47
2001-02-01,4.6
2001-01-31,4.6
2001-01-30,4.35
2001-01-29,4.35
2001-01-26,31.5625
2001-01-25,4.31
2001-01-24,30.25
2001-01-23,4.31
2001-01-22,4.39
2001-01-19,4.26
2001-01-18,4.18
2001-01-17,4.05
2001-01-16,3.94
2001-01-15,3.95
2001-01-12,4.0
2001-01-11,3.88
2001-01-10,3.85
2001-01-09,3.85
2001-01-08,3.88
2001-01-05,3.8
2001-01-04,3.69
2001-01-03,3.7
2001-01-02,3.83
2001-01-01,3.85
2000-12-29,3.85
2000-12-28,3.87
2000-12-27,3.84
2000-12-26,35.4375
2000-12-22,3.84
2000-12-21,3.8
2000-12-20,3.72
2000-12-19,3.8
2000-12-18,3.65
2000-12-15,3.65
2000-12-14,3.83
2000-12-13,4.0
2000-12-12,4.04
2000-12-11,4.01
2000-12-08,4.03
2000-12-07,4.03
2000-12-06,4.06
2000-12-05,4.14
2000-12-04,4.05
2000-12-01,4.15
2000-11-30,4.15
2000-11-29,4.15
2000-11-28,4.0
2000-11-27,4.03
2000-11-24,3.99
2000-11-23,3.99
2000-11-22,3.94
2000-11-21,4.09
2000-11-20,4.15
2000-11-17,4.05
2000-11-16,3.7
2000-11-15,3.5
2000-11-14,3.51
2000-11-13,3.37
2000-11-10,3.53
2000-11-09,3.57
2000-11-08,3.63
2000-11-07,3.62
2000-11-06,3.6
2000-11-03,3.56
2000-11-02,3.7
2000-11-01,3.7
2000-10-31,3.7
2000-10-30,3.7
2000-10-27,3.66
2000-10-26,3.65
2000-10-25,3.69
2000-10-24,3.69
2000-10-23,3.66
2000-10-20,3.71
2000-10-19,3.75
2000-10-18,3.74
2000-10-17,3.81
2000-10-16,3.84
2000-10-13,3.81
2000-10-12,3.8
2000-10-11,3.75
2000-10-10,3.8
2000-10-09,3.8
2000-10-06,3.82
2000-10-05,3.89
2000-10-04,3.89
2000-10-03,3.85
2000-10-02,3.81
2000-09-29,3.84
2000-09-28,3.84
2000-09-27,3.89
2000-09-26,3.88
2000-09-25,3.92
2000-09-22,3.85
2000-09-21,3.85
2000-09-20,3.9
2000-09-19,3.76
2000-09-18,3.78
2000-09-15,3.9
2000-09-14,3.96
2000-09-13,19.98
2000-09-12,19.8
2000-09-11,19.82
2000-09-08,19.92
2000-09-07,19.81
2000-09-06,20.0
2000-09-05,20.4
2000-09-04,20.5
2000-09-01,20.49
2000-08-31,20.1
2000-08-30,20.2
2000-08-29,20.35
2000-08-28,19.75
2000-08-25,19.5
2000-08-24,19.6
2000-08-23,19.99
2000-08-22,20.2
2000-08-21,19.95
2000-08-18,19.61
2000-08-17,20.0
2000-08-16,19.9
2000-08-15,20.4
2000-08-14,20.4
2000-08-11,21.55
2000-08-10,21.55
2000-08-09,21.9
2000-08-08,21.44
2000-08-07,21.3
2000-08-04,21.3
2000-08-03,21.65
2000-08-02,22.15
2000-08-01,21.68
2000-07-31,20.05
2000-07-28,20.0
2000-07-27,19.99
2000-07-26,19.99
2000-07-25,18.4
2000-07-24,18.3
2000-07-21,18.3
2000-07-20,18.3
2000-07-19,18.15
2000-07-18,18.1
2000-07-17,18.29
2000-07-14,18.45
2000-07-13,18.49
2000-07-12,18.0
2000-07-11,17.52
2000-07-10,17.68
2000-07-07,17.33
2000-07-06,17.33
2000-07-05,17.01
2000-07-04,17.31
2000-07-03,17.3
2000-06-30,16.71
2000-06-29,16.54
2000-06-28,16.75
2000-06-27,17.1
2000-06-26,17.66
2000-06-23,18.39
2000-06-22,18.4
2000-06-21,18.4
2000-06-20,19.0
2000-06-19,19.0
2000-06-16,19.0
2000-06-15,18.7
2000-06-14,18.9
2000-06-13,18.41
2000-06-12,18.5
2000-06-09,18.5
2000-06-08,18.3
2000-06-07,18.17
2000-06-06,18.4
2000-06-05,18.99
2000-06-02,19.11
2000-06-01,19.0
