,bpi:pl
2018-11-23,1.454
2018-11-22,1.452
2018-11-21,1.456
2018-11-20,1.46
2018-11-19,1.47
2018-11-16,1.48
2018-11-15,1.474
2018-11-14,1.474
2018-11-13,1.478
2018-11-12,1.472
2018-11-09,1.47
2018-11-08,1.5
2018-11-07,1.47
2018-11-06,1.47
2018-11-05,1.466
2018-11-02,1.478
2018-11-01,1.46
2018-10-31,1.466
2018-10-30,1.46
2018-10-29,1.47
2018-10-26,1.46
2018-10-25,1.47
2018-10-24,1.46
2018-10-23,1.468
2018-10-22,1.46
2018-10-19,1.46
2018-10-18,1.46
2018-10-17,1.46
2018-10-16,1.46
2018-10-15,1.46
2018-10-12,1.46
2018-10-11,1.46
2018-10-10,1.47
2018-10-09,1.46
2018-10-08,1.48
2018-10-05,1.486
2018-10-04,1.5
2018-10-03,1.48
2018-10-02,1.46
2018-10-01,1.472
2018-09-28,1.476
2018-09-27,1.474
2018-09-26,1.474
2018-09-25,1.49
2018-09-24,1.48
2018-09-21,1.49
2018-09-20,1.49
2018-09-19,1.48
2018-09-18,1.49
2018-09-17,1.48
2018-09-14,1.48
2018-09-13,1.472
2018-09-12,1.476
2018-09-11,1.47
2018-09-10,1.476
2018-09-07,1.476
2018-09-06,1.476
2018-09-05,1.484
2018-09-04,1.496
2018-08-31,1.49
2018-08-30,1.5
2018-08-29,1.49
2018-08-28,1.478
2018-08-27,1.476
2018-08-24,1.472
2018-08-23,1.444
2018-08-22,1.444
2018-08-21,1.444
2018-08-20,1.45
2018-08-17,1.444
2018-08-16,1.45
2018-08-15,1.45
2018-08-14,1.45
2018-08-13,1.45
2018-08-10,1.45
2018-08-09,1.45
2018-08-08,1.454
2018-08-07,1.45
2018-08-06,1.45
2018-08-03,1.452
2018-08-02,1.454
2018-08-01,1.45
2018-07-31,1.45
2018-07-30,1.45
2018-07-27,1.45
2018-07-26,1.45
2018-07-25,1.45
2018-07-24,1.45
2018-07-23,1.45
2018-07-20,1.45
2018-07-19,1.452
2018-07-18,1.45
2018-07-17,1.454
2018-07-16,1.45
2018-07-13,1.45
2018-07-12,1.45
2018-07-11,1.45
2018-07-10,1.45
2018-07-09,1.452
2018-07-06,1.45
2018-07-05,1.45
2018-07-04,1.45
2018-07-03,1.45
2018-07-02,1.45
2018-06-29,1.45
2018-06-28,1.45
2018-06-27,1.45
2018-06-26,1.45
2018-06-25,1.45
2018-06-23,1.45
2018-06-22,1.45
2018-06-21,1.45
2018-06-20,1.45
2018-06-19,1.45
2018-06-18,1.45
2018-06-15,1.45
2018-06-14,1.45
2018-06-13,1.45
2018-06-12,1.45
2018-06-11,1.45
2018-06-08,1.45
2018-06-07,1.45
2018-06-06,1.45
2018-06-05,1.45
2018-06-04,1.45
2018-06-01,1.45
2018-05-31,1.452
2018-05-30,1.45
2018-05-29,1.45
2018-05-28,1.45
2018-05-25,1.45
2018-05-24,1.45
2018-05-23,1.45
2018-05-22,1.45
2018-05-21,1.45
2018-05-18,1.45
2018-05-17,1.452
2018-05-16,1.452
2018-05-15,1.452
2018-05-14,1.452
2018-05-11,1.452
2018-05-10,1.45
2018-05-09,1.454
2018-05-08,1.454
2018-05-07,1.45
2018-05-04,1.182
2018-05-03,1.2
2018-05-02,1.196
2018-04-30,1.216
2018-04-27,1.194
2018-04-26,1.182
2018-04-25,1.198
2018-04-24,1.19
2018-04-23,1.21
2018-04-20,1.146
2018-04-19,1.148
2018-04-18,1.148
2018-04-17,1.134
2018-04-16,1.134
2018-04-13,1.15
2018-04-12,1.15
2018-04-11,1.15
2018-04-10,1.15
2018-04-09,1.142
2018-04-06,1.134
2018-04-05,1.144
2018-04-04,1.148
2018-04-03,1.16
2018-03-29,1.14
2018-03-28,1.114
2018-03-27,1.126
2018-03-26,1.114
2018-03-23,1.134
2018-03-22,1.138
2018-03-21,1.138
2018-03-20,1.11
2018-03-19,1.134
2018-03-16,1.092
2018-03-15,1.13
2018-03-14,1.136
2018-03-13,1.14
2018-03-12,1.142
2018-03-09,1.148
2018-03-08,1.16
2018-03-07,1.162
2018-03-06,1.172
2018-03-05,1.182
2018-03-02,1.18
2018-03-01,1.202
2018-02-28,1.212
2018-02-27,1.214
2018-02-26,1.212
2018-02-23,1.212
2018-02-22,1.212
2018-02-21,1.212
2018-02-20,1.214
2018-02-19,1.228
2018-02-16,1.22
2018-02-15,1.24
2018-02-14,1.258
2018-02-13,1.23
2018-02-12,1.254
2018-02-09,1.262
2018-02-08,1.294
2018-02-07,1.29
2018-02-06,1.266
2018-02-05,1.282
2018-02-02,1.312
2018-02-01,1.35
2018-01-31,1.336
2018-01-30,1.35
2018-01-29,1.368
2018-01-26,1.36
2018-01-25,1.37
2018-01-24,1.378
2018-01-23,1.352
2018-01-22,1.358
2018-01-19,1.344
2018-01-18,1.318
2018-01-17,1.32
2018-01-16,1.396
2018-01-15,1.328
2018-01-12,1.292
2018-01-11,1.292
2018-01-10,1.28
2018-01-09,1.282
2018-01-08,1.328
2018-01-05,1.24
2018-01-04,1.226
2018-01-03,1.228
2018-01-02,1.2
2017-12-29,1.173
2017-12-28,1.18
2017-12-27,1.18
2017-12-22,1.199
2017-12-21,1.19
2017-12-20,1.2
2017-12-19,1.183
2017-12-18,1.175
2017-12-15,1.14
2017-12-14,1.16
2017-12-13,1.14
2017-12-12,1.141
2017-12-11,1.136
2017-12-08,1.135
2017-12-07,1.139
2017-12-06,1.13
2017-12-05,1.131
2017-12-04,1.147
2017-12-01,1.121
2017-11-30,1.136
2017-11-29,1.13
2017-11-28,1.125
2017-11-27,1.125
2017-11-24,1.131
2017-11-23,1.133
2017-11-22,1.133
2017-11-21,1.123
2017-11-20,1.13
2017-11-17,1.139
2017-11-16,1.148
2017-11-15,1.136
2017-11-14,1.136
2017-11-13,1.14
2017-11-10,1.142
2017-11-09,1.14
2017-11-08,1.148
2017-11-07,1.132
2017-11-06,1.122
2017-11-03,1.133
2017-11-02,1.156
2017-11-01,1.163
2017-10-31,1.16
2017-10-30,1.12
2017-10-27,1.113
2017-10-26,1.102
2017-10-25,1.1
2017-10-24,1.093
2017-10-23,1.082
2017-10-20,1.06
2017-10-19,1.05
2017-10-18,1.038
2017-10-17,1.044
2017-10-16,1.042
2017-10-13,1.054
2017-10-12,1.05
2017-10-11,1.051
2017-10-10,1.057
2017-10-09,1.06
2017-10-06,1.073
2017-10-05,1.074
2017-10-04,1.065
2017-10-03,1.074
2017-10-02,1.07
2017-09-29,1.06
2017-09-28,1.069
2017-09-27,1.07
2017-09-26,1.061
2017-09-25,1.079
2017-09-22,1.067
2017-09-21,1.067
2017-09-20,1.062
2017-09-19,1.074
2017-09-18,1.072
2017-09-15,1.032
2017-09-14,1.062
2017-09-13,1.07
2017-09-12,1.075
2017-09-11,1.071
2017-09-08,1.071
2017-09-07,1.075
2017-09-06,1.065
2017-09-05,1.081
2017-09-04,1.07
2017-09-01,1.077
2017-08-31,1.057
2017-08-30,1.05
2017-08-29,1.07
2017-08-28,1.07
2017-08-25,1.07
2017-08-24,1.07
2017-08-23,1.07
2017-08-22,1.07
2017-08-21,1.07
2017-08-18,1.088
2017-08-17,1.072
2017-08-16,1.071
2017-08-15,1.095
2017-08-14,1.084
2017-08-11,1.081
2017-08-10,1.088
2017-08-09,1.088
2017-08-08,1.089
2017-08-07,1.071
2017-08-04,1.083
2017-08-03,1.075
2017-08-02,1.07
2017-08-01,1.06
2017-07-31,1.06
2017-07-28,1.064
2017-07-27,1.061
2017-07-26,1.067
2017-07-25,1.055
2017-07-24,1.053
2017-07-21,1.063
2017-07-20,1.051
2017-07-19,1.058
2017-07-18,1.055
2017-07-17,1.063
2017-07-14,1.057
2017-07-13,1.069
2017-07-12,1.056
2017-07-11,1.06
2017-07-10,1.065
2017-07-07,1.057
2017-07-06,1.055
2017-07-05,1.061
2017-07-04,1.069
2017-07-03,1.056
2017-06-30,1.052
2017-06-29,1.051
2017-06-28,1.05
2017-06-27,1.05
2017-06-26,1.052
2017-06-23,1.042
2017-06-22,1.058
2017-06-21,1.06
2017-06-20,1.048
2017-06-19,1.063
2017-06-16,1.08
2017-06-15,1.053
2017-06-14,1.06
2017-06-13,1.067
2017-06-12,1.068
2017-06-09,1.061
2017-06-08,1.061
2017-06-07,1.061
2017-06-06,1.06
2017-06-05,1.06
2017-06-02,1.066
2017-06-01,1.061
2017-05-31,1.069
2017-05-30,1.073
2017-05-29,1.07
2017-05-26,1.071
2017-05-25,1.072
2017-05-24,1.081
2017-05-23,1.076
2017-05-22,1.076
2017-05-19,1.078
2017-05-18,1.052
2017-05-17,1.071
2017-05-16,1.094
2017-05-15,1.089
2017-05-12,1.079
2017-05-11,1.085
2017-05-10,1.073
2017-05-09,1.08
2017-05-08,1.065
2017-05-05,1.065
2017-05-04,1.069
2017-05-03,1.068
2017-05-02,1.067
2017-04-28,1.078
2017-04-27,1.064
2017-04-26,1.055
2017-04-25,1.065
2017-04-24,1.068
2017-04-21,1.05
2017-04-20,1.06
2017-04-19,1.076
2017-04-18,1.062
2017-04-13,1.069
2017-04-12,1.05
2017-04-11,1.061
2017-04-10,1.07
2017-04-07,1.065
2017-04-06,1.047
2017-04-05,1.05
2017-04-04,1.05
2017-04-03,1.055
2017-03-31,1.059
2017-03-30,1.058
2017-03-29,1.06
2017-03-28,1.054
2017-03-27,1.061
2017-03-24,1.06
2017-03-23,1.065
2017-03-22,1.06
2017-03-21,1.06
2017-03-20,1.054
2017-03-17,1.086
2017-03-16,1.046
2017-03-15,1.048
2017-03-14,1.048
2017-03-13,1.043
2017-03-10,1.05
2017-03-09,1.04
2017-03-08,1.035
2017-03-07,1.031
2017-03-06,1.041
2017-03-03,1.036
2017-03-02,1.03
2017-03-01,1.04
2017-02-28,1.021
2017-02-27,1.038
2017-02-24,1.018
2017-02-23,1.024
2017-02-22,1.02
2017-02-21,1.02
2017-02-20,0.977
2017-02-17,0.953
2017-02-16,0.936
2017-02-15,0.933
2017-02-14,0.931
2017-02-13,0.948
2017-02-10,0.92
2017-02-09,0.92
2017-02-08,1.05
2017-02-07,1.124
2017-02-06,1.106
2017-02-03,1.131
2017-02-02,1.132
2017-02-01,1.133
2017-01-31,1.132
2017-01-30,1.132
2017-01-27,1.132
2017-01-26,1.132
2017-01-25,1.132
2017-01-24,1.131
2017-01-23,1.132
2017-01-20,1.132
2017-01-19,1.131
2017-01-18,1.131
2017-01-17,1.133
2017-01-16,1.128
2017-01-15,1.128
2017-01-13,1.129
2017-01-12,1.129
2017-01-11,1.13
2017-01-10,1.132
2017-01-09,1.128
2017-01-06,1.13
2017-01-05,1.13
2017-01-04,1.13
2017-01-03,1.13
2017-01-02,1.13
2016-12-30,1.131
2016-12-29,1.128
2016-12-28,1.127
2016-12-27,1.127
2016-12-23,1.128
2016-12-22,1.127
2016-12-21,1.128
2016-12-20,1.127
2016-12-19,1.127
2016-12-16,1.127
2016-12-15,1.128
2016-12-14,1.129
2016-12-13,1.129
2016-12-12,1.13
2016-12-09,1.132
2016-12-08,1.128
2016-12-07,1.13
2016-12-06,1.128
2016-12-05,1.126
2016-12-02,1.126
2016-12-01,1.128
2016-11-30,1.127
2016-11-29,1.129
2016-11-28,1.129
2016-11-25,1.129
2016-11-24,1.128
2016-11-23,1.128
2016-11-22,1.129
2016-11-21,1.128
2016-11-18,1.128
2016-11-17,1.129
2016-11-16,1.13
2016-11-15,1.128
2016-11-14,1.129
2016-11-11,1.13
2016-11-10,1.132
2016-11-09,1.131
2016-11-08,1.129
2016-11-07,1.129
2016-11-04,1.128
2016-11-03,1.128
2016-11-02,1.127
2016-11-01,1.128
2016-10-31,1.13
2016-10-28,1.131
2016-10-27,1.133
2016-10-26,1.13
2016-10-25,1.129
2016-10-24,1.13
2016-10-21,1.132
2016-10-20,1.133
2016-10-19,1.129
2016-10-18,1.128
2016-10-17,1.129
2016-10-14,1.127
2016-10-13,1.129
2016-10-12,1.127
2016-10-11,1.127
2016-10-10,1.128
2016-10-07,1.129
2016-10-06,1.128
2016-10-05,1.128
2016-10-04,1.13
2016-10-03,1.129
2016-09-30,1.13
2016-09-29,1.129
2016-09-28,1.129
2016-09-27,1.13
2016-09-26,1.13
2016-09-23,1.13
2016-09-22,1.13
2016-09-20,1.091
2016-09-19,1.095
2016-09-16,1.04
2016-09-15,1.025
2016-09-14,1.039
2016-09-13,1.012
2016-09-12,1.02
2016-09-09,1.053
2016-09-08,1.062
2016-09-07,1.066
2016-09-06,1.07
2016-09-05,1.085
2016-09-02,1.119
2016-09-01,1.11
2016-08-31,1.101
2016-08-30,1.104
2016-08-29,1.103
2016-08-26,1.106
2016-08-25,1.111
2016-08-24,1.119
2016-08-23,1.119
2016-08-22,1.121
2016-08-19,1.111
2016-08-18,1.112
2016-08-17,1.112
2016-08-16,1.119
2016-08-15,1.129
2016-08-12,1.13
2016-08-11,1.126
2016-08-10,1.12
2016-08-09,1.122
2016-08-08,1.116
2016-08-05,1.112
2016-08-04,1.109
2016-08-03,1.11
2016-08-02,1.113
2016-08-01,1.114
2016-07-29,1.115
2016-07-28,1.111
2016-07-27,1.118
2016-07-26,1.111
2016-07-25,1.114
2016-07-22,1.116
2016-07-21,1.109
2016-07-20,1.121
2016-07-19,1.119
2016-07-18,1.112
2016-07-15,1.126
2016-07-14,1.113
2016-07-13,1.119
2016-07-12,1.117
2016-07-11,1.119
2016-07-08,1.113
2016-07-07,1.106
2016-07-06,1.101
2016-07-05,1.105
2016-07-04,1.099
2016-07-01,1.099
2016-06-30,1.108
2016-06-29,1.098
2016-06-28,1.098
2016-06-27,1.089
2016-06-24,1.084
2016-06-23,1.131
2016-06-22,1.122
2016-06-21,1.119
2016-06-20,1.115
2016-06-17,1.113
2016-06-16,1.09
2016-06-15,1.1
2016-06-14,1.09
2016-06-13,1.105
2016-06-10,1.112
2016-06-09,1.112
2016-06-08,1.153
2016-06-07,1.151
2016-06-06,1.141
2016-06-03,1.142
2016-06-02,1.154
2016-06-01,1.153
2016-05-31,1.165
2016-05-30,1.16
2016-05-27,1.155
2016-05-26,1.157
2016-05-25,1.163
2016-05-24,1.159
2016-05-23,1.162
2016-05-20,1.136
2016-05-19,1.137
2016-05-18,1.137
2016-05-17,1.111
2016-05-16,1.11
2016-05-13,1.111
2016-05-12,1.112
2016-05-11,1.101
2016-05-10,1.113
2016-05-09,1.111
2016-05-06,1.116
2016-05-05,1.11
2016-05-04,1.118
2016-05-03,1.107
2016-05-02,1.096
2016-04-29,1.094
2016-04-28,1.108
2016-04-27,1.111
2016-04-26,1.088
2016-04-25,1.085
2016-04-22,1.083
2016-04-21,1.075
2016-04-20,1.095
2016-04-19,1.1
2016-04-08,1.191
2016-04-07,1.153
2016-04-06,1.164
2016-04-05,1.236
2016-04-04,1.249
2016-04-01,1.237
2016-03-31,1.254
2016-03-30,1.263
2016-03-29,1.204
2016-03-24,1.291
2016-03-23,1.3
2016-03-21,1.325
2016-03-18,1.288
2016-03-17,1.295
2016-03-16,1.266
2016-03-15,1.219
2016-03-14,1.245
2016-03-11,1.236
2016-03-10,1.21
2016-03-09,1.208
2016-03-08,1.17
2016-03-07,1.22
2016-03-04,1.162
2016-03-03,1.16
2016-03-02,1.18
2016-03-01,1.069
2016-02-29,1.069
2016-02-26,1.042
2016-02-25,1.016
2016-02-24,0.99
2016-02-23,1.037
2016-02-22,1.06
2016-02-19,1.026
2016-02-18,1.039
2016-02-17,1.04
2016-02-16,1.008
2016-02-15,1.018
2016-02-12,0.954
2016-02-11,0.935
2016-02-10,0.991
2016-02-09,0.98
2016-02-08,1.009
2016-02-05,1.019
2016-02-04,0.935
2016-02-03,0.913
2016-02-02,0.981
2016-02-01,0.998
2016-01-29,1.011
2016-01-28,1.02
2016-01-27,1.02
2016-01-26,1.011
2016-01-25,0.989
2016-01-22,0.99
2016-01-21,0.952
2016-01-20,0.909
2016-01-19,0.936
2016-01-18,0.955
2016-01-15,1.011
2016-01-14,1.023
2016-01-13,1.067
2016-01-12,1.038
2016-01-11,1.003
2016-01-08,1.055
2016-01-07,1.09
2016-01-06,1.13
2016-01-05,1.113
2016-01-04,1.16
2016-01-01,1.091
2015-12-31,1.091
2015-12-30,1.097
2015-12-29,1.135
2015-12-28,1.148
2015-12-25,1.16
2015-12-24,1.16
2015-12-23,1.17
2015-12-22,1.159
2015-12-21,1.133
2015-12-18,1.175
2015-12-17,1.136
2015-12-16,1.145
2015-12-15,1.136
2015-12-14,1.096
2015-12-11,1.115
2015-12-10,1.169
2015-12-09,1.152
2015-12-08,1.119
2015-12-07,1.143
2015-12-04,1.121
2015-12-03,1.081
2015-12-02,1.158
2015-12-01,1.138
2015-11-30,1.116
2015-11-27,1.125
2015-11-26,1.145
2015-11-25,1.103
2015-11-24,1.108
2015-11-23,1.119
2015-11-20,1.061
2015-11-19,1.074
2015-11-18,1.06
2015-11-17,1.038
2015-11-16,1.03
2015-11-13,1.04
2015-11-12,1.029
2015-11-11,1.032
2015-11-10,1.042
2015-11-09,1.022
2015-11-06,1.122
2015-11-05,1.1
2015-11-04,1.136
2015-11-03,1.14
2015-11-02,1.15
2015-10-30,1.106
2015-10-29,1.139
2015-10-28,1.083
2015-10-27,1.088
2015-10-26,1.094
2015-10-23,1.121
2015-10-22,1.144
2015-10-21,1.082
2015-10-20,1.056
2015-10-19,1.065
2015-10-16,1.06
2015-10-15,1.077
2015-10-14,1.079
2015-10-13,1.052
2015-10-12,1.068
2015-10-09,1.152
2015-10-08,1.14
2015-10-07,1.122
2015-10-06,1.074
2015-10-05,1.039
2015-10-02,1.033
2015-10-01,1.019
2015-09-30,0.944
2015-09-29,0.915
2015-09-28,0.911
2015-09-25,0.917
2015-09-24,0.916
2015-09-23,0.91
2015-09-22,0.91
2015-09-21,0.951
2015-09-18,0.909
2015-09-17,0.912
2015-09-16,0.902
2015-09-15,0.851
2015-09-14,0.812
2015-09-11,0.844
2015-09-10,0.847
2015-09-09,0.866
2015-09-08,0.873
2015-09-07,0.867
2015-09-04,0.876
2015-09-03,0.916
2015-09-02,0.908
2015-09-01,0.902
2015-08-31,0.925
2015-08-28,0.936
2015-08-27,0.95
2015-08-26,0.925
2015-08-25,0.929
2015-08-24,0.895
2015-08-21,0.96
2015-08-20,1.0
2015-08-19,1.005
2015-08-18,1.03
2015-08-17,1.016
2015-08-14,0.956
2015-08-13,0.94
2015-08-12,0.932
2015-08-11,0.961
2015-08-10,0.979
2015-08-07,0.974
2015-08-06,0.98
2015-08-05,1.019
2015-08-04,1.022
2015-08-03,1.042
2015-07-31,1.031
2015-07-30,1.025
2015-07-29,1.01
2015-07-28,1.022
2015-07-27,1.043
2015-07-24,1.061
2015-07-23,1.075
2015-07-22,1.072
2015-07-21,1.074
2015-07-20,1.095
2015-07-17,1.119
2015-07-16,1.137
2015-07-15,1.093
2015-07-14,1.08
2015-07-13,1.11
2015-07-10,1.154
2015-07-09,1.03
2015-07-08,0.958
2015-07-07,0.945
2015-07-06,0.973
2015-07-03,1.037
2015-07-02,1.037
2015-07-01,1.056
2015-06-30,1.018
2015-06-29,1.007
2015-06-26,1.1
2015-06-25,1.109
2015-06-24,1.102
2015-06-23,1.195
2015-06-22,1.168
2015-06-19,1.145
2015-06-18,1.259
2015-06-17,1.236
2015-06-16,1.32
2015-06-15,1.316
2015-06-12,1.34
2015-06-11,1.39
2015-06-10,1.379
2015-06-09,1.364
2015-06-08,1.327
2015-06-05,1.39
2015-06-04,1.4
2015-06-03,1.43
2015-06-02,1.406
2015-06-01,1.397
2015-05-29,1.394
2015-05-28,1.4
2015-05-27,1.4
2015-05-26,1.4
2015-05-25,1.435
2015-05-22,1.453
2015-05-21,1.462
2015-05-20,1.469
2015-05-19,1.479
2015-05-18,1.49
2015-05-15,1.5
2015-05-14,1.5
2015-05-13,1.49
2015-05-12,1.479
2015-05-11,1.471
2015-05-08,1.467
2015-05-07,1.458
2015-05-06,1.45
2015-05-05,1.452
2015-05-04,1.45
2015-05-01,1.46
2015-04-30,1.46
2015-04-29,1.452
2015-04-28,1.443
2015-04-27,1.457
2015-04-24,1.43
2015-04-23,1.444
2015-04-22,1.443
2015-04-21,1.425
2015-04-20,1.428
2015-04-17,1.421
2015-04-16,1.445
2015-04-15,1.468
2015-04-14,1.444
2015-04-13,1.46
2015-04-10,1.458
2015-04-09,1.467
2015-04-08,1.438
2015-04-07,1.419
2015-04-06,1.445
2015-04-03,1.445
2015-04-02,1.445
2015-04-01,1.439
2015-03-31,1.422
2015-03-30,1.457
2015-03-27,1.47
2015-03-26,1.44
2015-03-25,1.46
2015-03-24,1.48
2015-03-23,1.48
2015-03-20,1.48
2015-03-19,1.405
2015-03-18,1.412
2015-03-17,1.42
2015-03-16,1.429
2015-03-13,1.439
2015-03-12,1.439
2015-03-11,1.409
2015-03-10,1.402
2015-03-09,1.506
2015-03-06,1.521
2015-03-05,1.458
2015-03-04,1.444
2015-03-03,1.483
2015-03-02,1.36
2015-02-27,1.35
2015-02-26,1.369
2015-02-25,1.395
2015-02-24,1.322
2015-02-23,1.31
2015-02-20,1.32
2015-02-19,1.326
2015-02-18,1.321
2015-02-17,1.325
2015-02-16,1.043
2015-02-13,1.009
2015-02-12,0.957
2015-02-11,0.916
2015-02-10,0.947
2015-02-09,0.916
2015-02-06,0.892
2015-02-05,0.877
2015-02-04,0.899
2015-02-03,0.889
2015-02-02,0.828
2015-01-30,0.834
2015-01-29,0.821
2015-01-28,0.867
2015-01-27,0.906
2015-01-26,0.941
2015-01-23,0.938
2015-01-22,0.966
2015-01-21,0.932
2015-01-20,0.929
2015-01-19,0.9
2015-01-16,0.89
2015-01-15,0.885
2015-01-14,0.876
2015-01-13,0.891
2015-01-12,0.876
2015-01-09,0.892
2015-01-08,0.947
2015-01-07,0.901
2015-01-06,0.938
2015-01-05,0.98
2015-01-02,1.047
2015-01-01,1.026
2014-12-31,1.026
2014-12-30,0.991
2014-12-29,0.991
2014-12-26,1.042
2014-12-25,1.042
2014-12-24,1.042
2014-12-23,1.059
2014-12-22,1.015
2014-12-19,1.048
2014-12-18,1.095
2014-12-17,1.086
2014-12-16,1.249
2014-12-15,1.247
2014-12-12,1.311
2014-12-11,1.37
2014-12-10,1.408
2014-12-09,1.428
2014-12-08,1.504
2014-12-05,1.551
2014-12-04,1.515
2014-12-03,1.535
2014-12-02,1.521
2014-12-01,1.506
2014-11-28,1.557
2014-11-27,1.588
2014-11-26,1.56
2014-11-25,1.569
2014-11-24,1.538
2014-11-21,1.499
2014-11-20,1.453
2014-11-19,1.5
2014-11-18,1.471
2014-11-17,1.42
2014-11-14,1.397
2014-11-13,1.425
2014-11-12,1.375
2014-11-11,1.443
2014-11-10,1.447
2014-11-07,1.441
2014-11-06,1.483
2014-11-05,1.502
2014-11-04,1.511
2014-11-03,1.558
2014-10-31,1.561
2014-10-30,1.53
2014-10-29,1.544
2014-10-28,1.589
2014-10-27,1.584
2014-10-24,1.552
2014-10-23,1.539
2014-10-22,1.53
2014-10-21,1.528
2014-10-20,1.448
2014-10-17,1.41
2014-10-16,1.353
2014-10-15,1.402
2014-10-14,1.479
2014-10-13,1.438
2014-10-10,1.405
2014-10-09,1.418
2014-10-08,1.431
2014-10-07,1.509
2014-10-06,1.558
2014-10-03,1.563
2014-10-02,1.56
2014-10-01,1.63
2014-09-30,1.672
2014-09-29,1.701
2014-09-26,1.665
2014-09-25,1.634
2014-09-24,1.647
2014-09-23,1.615
2014-09-22,1.646
2014-09-19,1.71
2014-09-18,1.707
2014-09-17,1.625
2014-09-16,1.611
2014-09-15,1.567
2014-09-12,1.533
2014-09-11,1.503
2014-09-10,1.491
2014-09-09,1.511
2014-09-08,1.554
2014-09-05,1.563
2014-09-04,1.55
2014-09-03,1.486
2014-09-02,1.46
2014-09-01,1.462
2014-08-29,1.464
2014-08-28,1.454
2014-08-27,1.467
2014-08-26,1.402
2014-08-25,1.376
2014-08-22,1.326
2014-08-21,1.312
2014-08-20,1.315
2014-08-19,1.356
2014-08-18,1.357
2014-08-15,1.306
2014-08-14,1.31
2014-08-13,1.264
2014-08-12,1.21
2014-08-11,1.233
2014-08-08,1.212
2014-08-07,1.242
2014-08-06,1.25
2014-08-05,1.371
2014-08-04,1.422
2014-08-01,1.434
2014-07-31,1.507
2014-07-30,1.522
2014-07-29,1.525
2014-07-28,1.543
2014-07-25,1.523
2014-07-24,1.53
2014-07-23,1.465
2014-07-22,1.425
2014-07-21,1.406
2014-07-18,1.403
2014-07-17,1.436
2014-07-16,1.45
2014-07-15,1.375
2014-07-14,1.356
2014-07-11,1.31
2014-07-10,1.326
2014-07-09,1.41
2014-07-08,1.412
2014-07-07,1.502
2014-07-04,1.568
2014-07-03,1.575
2014-07-02,1.583
2014-07-01,1.61
2014-06-30,1.529
2014-06-27,1.587
2014-06-26,1.59
2014-06-25,1.576
2014-06-24,1.54
2014-06-23,1.6
2014-06-20,1.6
2014-06-19,1.621
2014-06-18,1.629
2014-06-17,1.65
2014-06-16,1.664
2014-06-13,1.69
2014-06-12,1.699
2014-06-11,1.733
2014-06-10,1.76
2014-06-09,1.767
2014-06-06,1.766
2014-06-05,1.745
2014-06-04,1.754
2014-06-03,1.751
2014-06-02,1.763
2014-05-30,1.74
2014-05-29,1.72
2014-05-28,1.772
2014-05-27,1.735
2014-05-26,1.672
2014-05-23,1.613
2014-05-22,1.61
2014-05-21,1.614
2014-05-20,1.595
2014-05-19,1.602
2014-05-16,1.628
2014-05-15,1.53
2014-05-14,1.63
2014-05-13,1.732
2014-05-12,1.764
2014-05-09,1.761
2014-05-08,1.805
2014-05-07,1.814
2014-05-06,1.848
2014-05-05,1.802
2014-05-02,1.83
2014-05-01,1.849
2014-04-30,1.849
2014-04-29,1.882
2014-04-28,1.859
2014-04-25,1.887
2014-04-24,1.9
2014-04-23,1.945
2014-04-22,1.973
2014-04-21,1.956
2014-04-18,1.956
2014-04-17,1.96
2014-04-16,1.936
2014-04-15,1.836
2014-04-14,1.852
2014-04-11,1.897
2014-04-10,1.938
2014-04-09,1.95
2014-04-08,1.949
2014-04-07,1.981
2014-04-04,1.974
2014-04-03,1.985
2014-04-02,1.94
2014-04-01,1.965
2014-03-31,1.9
2014-03-28,1.866
2014-03-27,1.849
2014-03-26,1.837
2014-03-25,1.835
2014-03-24,1.79
2014-03-21,1.83
2014-03-20,1.819
2014-03-19,1.833
2014-03-18,1.817
2014-03-17,1.814
2014-03-14,1.694
2014-03-13,1.748
2014-03-12,1.757
2014-03-11,1.77
2014-03-10,1.747
2014-03-07,1.724
2014-03-06,1.756
2014-03-05,1.711
2014-03-04,1.708
2014-03-03,1.655
2014-02-28,1.71
2014-02-27,1.71
2014-02-26,1.725
2014-02-25,1.724
2014-02-24,1.708
2014-02-21,1.666
2014-02-20,1.668
2014-02-19,1.68
2014-02-18,1.72
2014-02-17,1.695
2014-02-14,1.589
2014-02-13,1.572
2014-02-12,1.55
2014-02-11,1.566
2014-02-10,1.557
2014-02-07,1.572
2014-02-06,1.54
2014-02-05,1.527
2014-02-04,1.505
2014-02-03,1.446
2014-01-31,1.51
2014-01-30,1.54
2014-01-29,1.54
2014-01-28,1.488
2014-01-27,1.44
2014-01-24,1.454
2014-01-23,1.482
2014-01-22,1.432
2014-01-21,1.494
2014-01-20,1.484
2014-01-17,1.48
2014-01-16,1.477
2014-01-15,1.497
2014-01-14,1.44
2014-01-13,1.476
2014-01-10,1.448
2014-01-09,1.443
2014-01-08,1.418
2014-01-07,1.393
2014-01-06,1.334
2014-01-03,1.268
2014-01-02,1.254
2014-01-01,1.22
2013-12-31,1.216
2013-12-30,1.187
2013-12-27,1.242
2013-12-26,1.25
2013-12-25,1.25
2013-12-24,1.253
2013-12-23,1.26
2013-12-20,1.23
2013-12-19,1.194
2013-12-18,1.16
2013-12-17,1.17
2013-12-16,1.169
2013-12-13,1.172
2013-12-12,1.161
2013-12-11,1.186
2013-12-10,1.189
2013-12-09,1.174
2013-12-06,1.166
2013-12-05,1.18
2013-12-04,1.174
2013-12-03,1.18
2013-12-02,1.185
2013-11-29,1.187
2013-11-28,1.176
2013-11-27,1.175
2013-11-26,1.159
2013-11-25,1.156
2013-11-22,1.169
2013-11-21,1.173
2013-11-20,1.152
2013-11-19,1.18
2013-11-18,1.176
2013-11-15,1.166
2013-11-14,1.169
2013-11-13,1.165
2013-11-12,1.168
2013-11-11,1.164
2013-11-08,1.15
2013-11-07,1.176
2013-11-06,1.175
2013-11-05,1.15
2013-11-04,1.14
2013-11-01,1.14
2013-10-31,1.17
2013-10-30,1.119
2013-10-29,1.086
2013-10-28,1.069
2013-10-25,1.06
2013-10-24,1.05
2013-10-23,1.016
2013-10-22,1.073
2013-10-21,1.1
2013-10-18,1.085
2013-10-17,1.1
2013-10-16,1.094
2013-10-15,1.1
2013-10-14,1.083
2013-10-11,1.1
2013-10-10,1.069
2013-10-09,1.081
2013-10-08,1.04
2013-10-07,1.0
2013-10-04,1.0
2013-10-03,0.959
2013-10-02,0.953
2013-10-01,0.958
2013-09-30,0.928
2013-09-27,0.941
2013-09-26,0.944
2013-09-25,0.948
2013-09-24,0.947
2013-09-23,0.959
2013-09-20,0.95
2013-09-19,0.937
2013-09-18,0.933
2013-09-17,0.913
2013-09-16,0.926
2013-09-13,0.929
2013-09-12,0.935
2013-09-11,0.937
2013-09-10,0.937
2013-09-09,0.924
2013-09-06,0.924
2013-09-05,0.913
2013-09-04,0.921
2013-09-03,0.932
2013-09-02,0.936
2013-08-30,0.926
2013-08-29,0.969
2013-08-28,0.952
2013-08-27,0.973
2013-08-26,0.991
2013-08-23,1.009
2013-08-22,1.016
2013-08-21,0.991
2013-08-20,0.975
2013-08-19,1.02
2013-08-16,1.036
2013-08-15,1.034
2013-08-14,1.046
2013-08-13,1.028
2013-08-12,1.008
2013-08-09,1.01
2013-08-08,0.999
2013-08-07,0.968
2013-08-06,0.97
2013-08-05,0.988
2013-08-02,0.994
2013-08-01,1.004
2013-07-31,0.98
2013-07-30,1.0
2013-07-29,0.999
2013-07-26,1.021
2013-07-25,1.017
2013-07-24,0.993
2013-07-23,0.957
2013-07-22,0.951
2013-07-19,0.91
2013-07-18,0.939
2013-07-17,0.914
2013-07-16,0.879
2013-07-15,0.879
2013-07-12,0.87
2013-07-11,0.857
2013-07-10,0.917
2013-07-09,0.93
2013-07-08,0.926
2013-07-05,0.879
2013-07-04,0.889
2013-07-03,0.825
2013-07-02,0.901
2013-07-01,0.93
2013-06-28,0.908
2013-06-27,0.922
2013-06-26,0.931
2013-06-25,0.911
2013-06-24,0.862
2013-06-21,0.909
2013-06-20,0.92
2013-06-19,0.948
2013-06-18,0.973
2013-06-17,0.965
2013-06-14,0.956
2013-06-13,0.96
2013-06-12,0.973
2013-06-11,0.972
2013-06-10,0.971
2013-06-07,0.992
2013-06-06,0.992
2013-06-05,1.01
2013-06-04,1.024
2013-06-03,1.018
2013-05-31,1.031
2013-05-30,1.072
2013-05-29,1.087
2013-05-28,1.105
2013-05-27,1.109
2013-05-24,1.096
2013-05-23,1.08
2013-05-22,1.095
2013-05-21,1.089
2013-05-20,1.099
2013-05-17,1.09
2013-05-16,1.074
2013-05-15,1.09
2013-05-14,1.063
2013-05-13,1.106
2013-05-10,1.125
2013-05-09,1.128
2013-05-08,1.121
2013-05-07,1.139
2013-05-06,1.12
2013-05-03,1.122
2013-05-02,1.101
2013-05-01,1.09
2013-04-30,1.09
2013-04-29,1.099
2013-04-26,1.054
2013-04-25,1.071
2013-04-24,1.055
2013-04-23,1.037
2013-04-22,0.973
2013-04-19,0.962
2013-04-18,0.953
2013-04-17,0.969
2013-04-16,0.994
2013-04-15,1.013
2013-04-12,1.04
2013-04-11,1.07
2013-04-10,1.049
2013-04-09,0.925
2013-04-08,0.896
2013-04-05,0.924
2013-04-04,0.961
2013-04-03,0.917
2013-04-02,0.959
2013-04-01,0.986
2013-03-29,0.986
2013-03-28,0.986
2013-03-27,0.999
2013-03-26,1.04
2013-03-25,1.056
2013-03-22,1.082
2013-03-21,1.093
2013-03-20,1.104
2013-03-19,1.069
2013-03-18,1.105
2013-03-15,1.113
2013-03-14,1.173
2013-03-13,1.159
2013-03-12,1.17
2013-03-11,1.176
2013-03-08,1.197
2013-03-07,1.164
2013-03-06,1.175
2013-03-05,1.185
2013-03-04,1.119
2013-03-01,1.198
2013-02-28,1.246
2013-02-27,1.251
2013-02-26,1.274
2013-02-25,1.312
2013-02-22,1.274
2013-02-21,1.281
2013-02-20,1.31
2013-02-19,1.304
2013-02-18,1.282
2013-02-15,1.296
2013-02-14,1.3
2013-02-13,1.311
2013-02-12,1.313
2013-02-11,1.283
2013-02-08,1.282
2013-02-07,1.275
2013-02-06,1.268
2013-02-05,1.285
2013-02-04,1.25
2013-02-01,1.278
2013-01-31,1.268
2013-01-30,1.285
2013-01-29,1.294
2013-01-28,1.291
2013-01-25,1.284
2013-01-24,1.276
2013-01-23,1.312
2013-01-22,1.291
2013-01-21,1.293
2013-01-18,1.253
2013-01-17,1.255
2013-01-16,1.238
2013-01-15,1.3
2013-01-14,1.304
2013-01-11,1.262
2013-01-10,1.285
2013-01-09,1.181
2013-01-08,1.07
2013-01-07,1.021
2013-01-04,1.0
2013-01-03,1.001
2013-01-02,0.99
2013-01-01,0.943
2012-12-31,0.943
2012-12-28,0.963
2012-12-27,0.975
2012-12-26,0.953
2012-12-25,0.953
2012-12-24,0.953
2012-12-21,0.971
2012-12-20,0.989
2012-12-19,0.951
2012-12-18,0.916
2012-12-17,0.897
2012-12-14,0.9
2012-12-13,0.877
2012-12-12,0.86
2012-12-11,0.86
2012-12-10,0.849
2012-12-07,0.85
2012-12-06,0.843
2012-12-05,0.836
2012-12-04,0.816
2012-12-03,0.817
2012-11-30,0.808
2012-11-29,0.801
2012-11-28,0.8
2012-11-27,0.802
2012-11-26,0.813
2012-11-23,0.817
2012-11-22,0.81
2012-11-21,0.817
2012-11-20,0.801
2012-11-19,0.807
2012-11-16,0.776
2012-11-15,0.795
2012-11-14,0.813
2012-11-13,0.82
2012-11-12,0.829
2012-11-09,0.834
2012-11-08,0.856
2012-11-07,0.817
2012-11-06,0.831
2012-11-05,0.853
2012-11-02,0.863
2012-11-01,0.867
2012-10-31,0.86
2012-10-30,0.864
2012-10-29,0.853
2012-10-26,0.87
2012-10-25,0.881
2012-10-24,0.886
2012-10-23,0.874
2012-10-22,0.897
2012-10-19,0.878
2012-10-18,0.884
2012-10-17,0.846
2012-10-16,0.844
2012-10-15,0.845
2012-10-12,0.838
2012-10-11,0.84
2012-10-10,0.847
2012-10-09,0.86
2012-10-08,0.851
2012-10-05,0.857
2012-10-04,0.835
2012-10-03,0.813
2012-10-02,0.804
2012-10-01,0.785
2012-09-28,0.76
2012-09-27,0.767
2012-09-26,0.745
2012-09-25,0.789
2012-09-24,0.811
2012-09-21,0.83
2012-09-20,0.819
2012-09-19,0.816
2012-09-18,0.815
2012-09-17,0.85
2012-09-14,0.876
2012-09-13,0.86
2012-09-12,0.846
2012-09-11,0.805
2012-09-10,0.805
2012-09-07,0.754
2012-09-06,0.675
2012-09-05,0.602
2012-09-04,0.605
2012-09-03,0.597
2012-08-31,0.588
2012-08-30,0.58
2012-08-29,0.58
2012-08-28,0.581
2012-08-27,0.578
2012-08-24,0.571
2012-08-23,0.579
2012-08-22,0.577
2012-08-21,0.575
2012-08-20,0.58
2012-08-17,0.575
2012-08-16,0.55
2012-08-15,0.541
2012-08-14,0.539
2012-08-13,0.54
2012-08-10,0.543
2012-08-09,0.546
2012-08-08,0.543
2012-08-07,0.524
2012-08-06,0.502
2012-08-03,0.5
2012-08-02,0.495
2012-08-01,0.5
2012-07-31,0.501
2012-07-30,0.504
2012-07-27,0.5
2012-07-26,0.501
2012-07-25,0.481
2012-07-24,0.48
2012-07-23,0.494
2012-07-20,0.515
2012-07-19,0.525
2012-07-18,0.545
2012-07-17,0.52
2012-07-16,0.516
2012-07-13,0.54
2012-07-12,0.538
2012-07-11,0.537
2012-07-10,0.532
2012-07-09,0.5252
2012-07-06,0.5125
2012-07-05,0.5378
2012-07-04,0.5622
2012-07-03,0.5662
2012-07-02,0.5505
2012-06-29,0.5252
2012-06-28,0.4851
2012-06-27,0.4929
2012-06-26,0.49
2012-06-25,0.4988
2012-06-22,0.4988
2012-06-21,0.4949
2012-06-20,0.4939
2012-06-19,0.5008
2012-06-18,0.492
2012-06-15,0.4803
2012-06-14,0.4412
2012-06-13,0.4246
2012-06-12,0.4158
2012-06-11,0.4197
2012-06-08,0.4139
2012-06-07,0.4236
2012-06-06,0.4354
2012-06-05,0.4109
2012-06-04,0.3934
2012-06-01,0.3719
2012-05-31,0.3612
2012-05-30,0.3524
2012-05-29,0.3495
2012-05-28,0.3485
2012-05-25,0.3514
2012-05-24,0.3416
2012-05-23,0.3387
2012-05-22,0.3514
2012-05-21,0.3475
2012-05-18,0.3446
2012-05-17,0.3612
2012-05-16,0.3729
2012-05-15,0.3778
2012-05-14,0.3914
2012-05-11,0.4041
2012-05-10,0.4051
2012-05-09,0.407
2012-05-08,0.4061
2012-05-07,0.3865
2012-05-04,0.3875
2012-05-03,0.3895
2012-05-02,0.3924
2012-05-01,0.3924
2012-04-30,0.3924
2012-04-27,0.3973
2012-04-26,0.3953
2012-04-25,0.4051
2012-04-24,0.3983
2012-04-23,0.3934
2012-04-20,0.3983
2012-04-19,0.3973
2012-04-18,0.3914
2012-04-17,0.3924
2012-04-16,0.3729
2012-04-13,0.3856
2012-04-12,0.4051
2012-04-11,0.4295
2012-04-10,0.4266
2012-04-09,0.4432
2012-04-06,0.4432
2012-04-05,0.4432
2012-04-04,0.4451
2012-04-03,0.4617
2012-04-02,0.4695
2012-03-30,0.4842
2012-03-29,0.489
2012-03-28,0.5008
2012-03-27,0.4998
2012-03-26,0.4959
2012-03-23,0.4998
2012-03-22,0.4959
2012-03-21,0.5027
2012-03-20,0.5017
2012-03-19,0.5037
2012-03-16,0.5037
2012-03-15,0.5105
2012-03-14,0.5173
2012-03-13,0.5164
2012-03-12,0.5027
2012-03-09,0.5222
2012-03-08,0.533
2012-03-07,0.5261
2012-03-06,0.5222
2012-03-05,0.5359
2012-03-02,0.5437
2012-03-01,0.5447
2012-02-29,0.5359
2012-02-28,0.53
2012-02-27,0.5252
2012-02-24,0.5388
2012-02-23,0.532
2012-02-22,0.5622
2012-02-21,0.5769
2012-02-20,0.5896
2012-02-17,0.5808
2012-02-16,0.5593
2012-02-15,0.5593
2012-02-14,0.5457
2012-02-13,0.5583
2012-02-10,0.5525
2012-02-09,0.5779
2012-02-08,0.5915
2012-02-07,0.5134
2012-02-06,0.4734
2012-02-03,0.4637
2012-02-02,0.4568
2012-02-01,0.4666
2012-01-31,0.4685
2012-01-30,0.4685
2012-01-27,0.4988
2012-01-26,0.5047
2012-01-25,0.5027
2012-01-24,0.5125
2012-01-23,0.5232
2012-01-20,0.5144
2012-01-19,0.5125
2012-01-18,0.4998
2012-01-17,0.4881
2012-01-16,0.4959
2012-01-13,0.5037
2012-01-12,0.5017
2012-01-11,0.4783
2012-01-10,0.4793
2012-01-09,0.4656
2012-01-06,0.4685
2012-01-05,0.449
2012-01-04,0.4598
2012-01-03,0.4842
2012-01-02,0.4763
2011-12-30,0.4695
2011-12-29,0.4685
2011-12-28,0.4637
2011-12-27,0.4666
2011-12-26,0.4324
2011-12-23,0.4324
2011-12-22,0.4236
2011-12-21,0.4197
2011-12-20,0.4139
2011-12-19,0.4217
2011-12-16,0.4324
2011-12-15,0.4412
2011-12-14,0.4266
2011-12-13,0.4685
2011-12-12,0.5017
2011-12-09,0.5291
2011-12-08,0.5027
2011-12-07,0.5203
2011-12-06,0.5076
2011-12-05,0.5173
2011-12-02,0.4812
2011-12-01,0.448
2011-11-30,0.4627
2011-11-29,0.4334
2011-11-28,0.4383
2011-11-25,0.4168
2011-11-24,0.4041
2011-11-23,0.4393
2011-11-22,0.4354
2011-11-21,0.4441
2011-11-18,0.4285
2011-11-17,0.4188
2011-11-16,0.4119
2011-11-15,0.4002
2011-11-14,0.4051
2011-11-11,0.4051
2011-11-10,0.3856
2011-11-09,0.4061
2011-11-08,0.4393
2011-11-07,0.451
2011-11-04,0.4734
2011-11-03,0.4705
2011-11-02,0.4471
2011-11-01,0.4393
2011-10-31,0.4881
2011-10-28,0.5378
2011-10-27,0.5554
2011-10-26,0.5183
2011-10-25,0.5466
2011-10-24,0.5827
2011-10-21,0.5964
2011-10-20,0.5954
2011-10-19,0.6247
2011-10-18,0.6159
2011-10-17,0.6433
2011-10-14,0.6374
2011-10-13,0.6472
2011-10-12,0.6667
2011-10-11,0.6472
2011-10-10,0.6501
2011-10-07,0.6335
2011-10-06,0.6306
2011-10-05,0.6403
2011-10-04,0.6189
2011-10-03,0.6286
2011-09-30,0.6657
2011-09-29,0.6765
2011-09-28,0.6433
2011-09-27,0.6355
2011-09-26,0.5915
2011-09-23,0.5906
2011-09-22,0.5925
2011-09-21,0.6267
2011-09-20,0.6325
2011-09-19,0.6345
2011-09-16,0.6491
2011-09-15,0.6882
2011-09-14,0.6599
2011-09-13,0.6491
2011-09-12,0.6589
2011-09-09,0.6852
2011-09-08,0.7165
2011-09-07,0.7262
2011-09-06,0.7096
2011-09-05,0.736
2011-09-02,0.775
2011-09-01,0.7975
2011-08-31,0.8043
2011-08-30,0.7975
2011-08-29,0.816
2011-08-26,0.7907
2011-08-25,0.7653
2011-08-24,0.7506
2011-08-23,0.7506
2011-08-22,0.7516
2011-08-19,0.7614
2011-08-18,0.7663
2011-08-17,0.7907
2011-08-16,0.7955
2011-08-15,0.8141
2011-08-12,0.7946
2011-08-11,0.8033
2011-08-10,0.8238
2011-08-09,0.8395
2011-08-08,0.8443
2011-08-05,0.8648
2011-08-04,0.8795
2011-08-03,0.8805
2011-08-02,0.8892
2011-08-01,0.899
2011-07-29,0.9166
2011-07-28,0.9371
2011-07-27,0.9283
2011-07-26,0.9634
2011-07-25,0.983
2011-07-22,1.0122
2011-07-21,1.0054
2011-07-20,0.942
2011-07-19,0.899
2011-07-18,0.9127
2011-07-15,0.9078
2011-07-14,0.8931
2011-07-13,0.9097
2011-07-12,0.9146
2011-07-11,0.8687
2011-07-08,0.9097
2011-07-07,0.9273
2011-07-06,0.9263
2011-07-05,0.9849
2011-07-04,1.0035
2011-07-01,0.9917
2011-06-30,0.9908
2011-06-29,0.9722
2011-06-28,0.9176
2011-06-27,0.9127
2011-06-24,0.9136
2011-06-23,0.9273
2011-06-22,0.9761
2011-06-21,0.98
2011-06-20,0.9566
2011-06-17,0.9703
2011-06-16,0.9136
2011-06-15,0.9195
2011-06-14,0.9625
2011-06-13,0.9664
2011-06-10,0.9839
2011-06-09,1.0083
2011-06-08,1.0259
2011-06-07,1.0581
2011-06-06,1.0679
2011-06-03,1.0933
2011-06-02,1.063
2011-06-01,1.0474
2011-05-31,1.0747
2011-05-30,1.0669
2011-05-27,1.0942
2011-05-26,1.0903
2011-05-25,1.1069
2011-05-24,1.0718
2011-05-23,1.1011
2011-05-20,1.1157
2011-05-19,1.1303
2011-05-18,1.1216
2011-05-17,1.1323
2011-05-16,1.2309
2011-05-13,1.2133
2011-05-12,1.2338
2011-05-11,1.2514
2011-05-10,1.2494
2011-05-09,1.2494
2011-05-06,1.2885
2011-05-05,1.2787
2011-05-04,1.2406
2011-05-03,1.1831
2011-05-02,1.1918
2011-04-29,1.185
2011-04-28,1.1987
2011-04-27,1.186
2011-04-26,1.1811
2011-04-25,1.1811
2011-04-22,1.1811
2011-04-21,1.1811
2011-04-20,1.1811
2011-04-19,1.2006
2011-04-18,1.2201
2011-04-15,1.265
2011-04-14,1.2758
2011-04-13,1.2924
2011-04-12,1.2748
2011-04-11,1.2807
2011-04-08,1.2826
2011-04-07,1.2816
2011-04-06,1.2192
2011-04-05,1.1782
2011-04-04,1.2094
2011-04-01,1.2114
2011-03-31,1.1987
2011-03-30,1.2397
2011-03-29,1.2094
2011-03-28,1.2406
2011-03-25,1.269
2011-03-24,1.2729
2011-03-23,1.2592
2011-03-22,1.2982
2011-03-21,1.3304
2011-03-18,1.3285
2011-03-17,1.3129
2011-03-16,1.3109
2011-03-15,1.3451
2011-03-14,1.3588
2011-03-11,1.3461
2011-03-10,1.3451
2011-03-09,1.3558
2011-03-08,1.3695
2011-03-07,1.3597
2011-03-04,1.3666
2011-03-03,1.3627
2011-03-02,1.3773
2011-03-01,1.3832
2011-02-28,1.3988
2011-02-25,1.3939
2011-02-24,1.3871
2011-02-23,1.3802
2011-02-22,1.391
2011-02-21,1.3773
2011-02-18,1.3939
2011-02-17,1.4105
2011-02-16,1.4066
2011-02-15,1.3968
2011-02-14,1.391
2011-02-11,1.3822
2011-02-10,1.3978
2011-02-09,1.4193
2011-02-08,1.4193
2011-02-07,1.4076
2011-02-04,1.4037
2011-02-03,1.3793
2011-02-02,1.4105
2011-02-01,1.4027
2011-01-31,1.3744
2011-01-28,1.3627
2011-01-27,1.349
2011-01-26,1.3705
2011-01-25,1.348
2011-01-24,1.3958
2011-01-21,1.3812
2011-01-20,1.391
2011-01-19,1.3607
2011-01-18,1.3402
2011-01-17,1.308
2011-01-14,1.3207
2011-01-13,1.3392
2011-01-12,1.3265
2011-01-11,1.268
2011-01-10,1.227
2011-01-07,1.2836
2011-01-06,1.3275
2011-01-05,1.35
2011-01-04,1.3636
2011-01-03,1.3656
2010-12-31,1.3519
2010-12-30,1.3519
2010-12-29,1.3627
2010-12-28,1.3832
2010-12-27,1.3998
2010-12-24,1.4154
2010-12-23,1.4212
2010-12-22,1.4085
2010-12-21,1.4183
2010-12-20,1.4076
2010-12-17,1.4095
2010-12-16,1.4378
2010-12-15,1.4652
2010-12-14,1.4642
2010-12-13,1.4896
2010-12-10,1.4652
2010-12-09,1.4964
2010-12-08,1.43
2010-12-07,1.4115
2010-12-06,1.3841
2010-12-03,1.4056
2010-12-02,1.4105
2010-12-01,1.4066
2010-11-30,1.3558
2010-11-29,1.3675
2010-11-26,1.389
2010-11-25,1.4115
2010-11-24,1.4251
2010-11-23,1.388
2010-11-22,1.4505
2010-11-19,1.4827
2010-11-18,1.4993
2010-11-17,1.4837
2010-11-16,1.4739
2010-11-15,1.4788
2010-11-12,1.471
2010-11-11,1.4466
2010-11-10,1.4798
2010-11-09,1.5032
2010-11-08,1.5081
2010-11-05,1.4847
2010-11-04,1.5159
2010-11-03,1.5276
2010-11-02,1.5403
2010-11-01,1.5462
2010-10-29,1.555
2010-10-28,1.5325
2010-10-27,1.514
2010-10-26,1.552
2010-10-25,1.552
2010-10-22,1.5462
2010-10-21,1.5511
2010-10-20,1.5481
2010-10-19,1.5764
2010-10-18,1.552
2010-10-15,1.5569
2010-10-14,1.5452
2010-10-13,1.5511
2010-10-12,1.5227
2010-10-11,1.5198
2010-10-08,1.5296
2010-10-07,1.5423
2010-10-06,1.5432
2010-10-05,1.5511
2010-10-04,1.5325
2010-10-01,1.5276
2010-09-30,1.5257
2010-09-29,1.5149
2010-09-28,1.5208
2010-09-27,1.5198
2010-09-24,1.5227
2010-09-23,1.5325
2010-09-22,1.5423
2010-09-21,1.553
2010-09-20,1.5423
2010-09-17,1.5579
2010-09-16,1.592
2010-09-15,1.6077
2010-09-14,1.6194
2010-09-13,1.6204
2010-09-10,1.594
2010-09-09,1.5969
2010-09-08,1.5667
2010-09-07,1.594
2010-09-06,1.6223
2010-09-03,1.6106
2010-09-02,1.6096
2010-09-01,1.6116
2010-08-31,1.5901
2010-08-30,1.5794
2010-08-27,1.5794
2010-08-26,1.554
2010-08-25,1.5432
2010-08-24,1.554
2010-08-23,1.5901
2010-08-20,1.5813
2010-08-19,1.5999
2010-08-18,1.6243
2010-08-17,1.6086
2010-08-16,1.5852
2010-08-13,1.5872
2010-08-12,1.6116
2010-08-11,1.635
2010-08-10,1.6984
2010-08-09,1.718
2010-08-06,1.6897
2010-08-05,1.7268
2010-08-04,1.7277
2010-08-03,1.7375
2010-08-02,1.7014
2010-07-30,1.6604
2010-07-29,1.7004
2010-07-28,1.6984
2010-07-27,1.6604
2010-07-26,1.6204
2010-07-23,1.5813
2010-07-22,1.5696
2010-07-21,1.512
2010-07-20,1.513
2010-07-19,1.5286
2010-07-16,1.5315
2010-07-15,1.5432
2010-07-14,1.5715
2010-07-13,1.5813
2010-07-12,1.5755
2010-07-09,1.5823
2010-07-08,1.596
2010-07-07,1.5559
2010-07-06,1.5188
2010-07-05,1.4759
2010-07-02,1.4847
2010-07-01,1.4622
2010-06-30,1.4944
2010-06-29,1.4788
2010-06-28,1.5179
2010-06-25,1.4993
2010-06-24,1.4847
2010-06-23,1.552
2010-06-22,1.5784
2010-06-21,1.5774
2010-06-18,1.5452
2010-06-17,1.5003
2010-06-16,1.5071
2010-06-15,1.5003
2010-06-14,1.5022
2010-06-11,1.4915
2010-06-10,1.4652
2010-06-09,1.4242
2010-06-08,1.4398
2010-06-07,1.4573
2010-06-04,1.4661
2010-06-03,1.5032
2010-06-02,1.4915
2010-06-01,1.5276
2010-05-31,1.5579
2010-05-28,1.5579
2010-05-27,1.5872
2010-05-26,1.6184
2010-05-25,1.471
2010-05-24,1.5071
2010-05-21,1.514
2010-05-20,1.4935
2010-05-19,1.6779
2010-05-18,1.5188
2010-05-17,1.4935
2010-05-14,1.5032
2010-05-13,1.6789
2010-05-11,1.5774
2010-05-10,1.6262
2010-05-07,1.4837
2010-05-06,1.4554
2010-05-05,1.4954
2010-05-04,1.5384
2010-05-03,1.6106
2010-04-30,1.6448
2010-04-29,1.596
2010-04-28,1.4944
2010-04-27,1.6291
2010-04-26,1.716
2010-04-23,1.7707
2010-04-22,1.758
2010-04-21,1.8126
2010-04-20,1.8741
2010-04-19,1.841
2010-04-16,1.8771
2010-04-15,1.9259
2010-04-14,1.9444
2010-04-13,1.9298
2010-04-12,1.9278
2010-04-09,1.9259
2010-04-08,1.879
2010-04-07,1.8976
2010-04-06,1.9249
2010-04-05,1.9395
2010-04-02,1.9395
2010-04-01,1.9395
2010-03-31,1.921
2010-03-30,1.9083
2010-03-29,1.9112
2010-03-26,1.8946
2010-03-25,1.9034
2010-03-24,1.8937
2010-03-23,1.9132
2010-03-22,1.8849
2010-03-19,1.9425
2010-03-18,1.9425
2010-03-17,1.9776
2010-03-16,1.923
2010-03-15,1.9015
2010-03-12,1.9298
2010-03-11,1.9054
2010-03-10,1.9103
2010-03-09,1.8771
2010-03-08,1.9112
2010-03-05,1.9278
2010-03-04,1.8722
2010-03-03,1.8751
2010-03-02,1.878
2010-03-01,1.8839
2010-02-26,1.8917
2010-02-25,1.8644
2010-02-24,1.9103
2010-02-23,1.8937
2010-02-22,1.9522
2010-02-19,1.962
2010-02-18,1.9591
2010-02-17,1.9766
2010-02-16,1.9337
2010-02-15,1.9327
2010-02-12,1.919
2010-02-11,1.9669
2010-02-10,2.0254
2010-02-09,1.922
2010-02-08,1.8898
2010-02-05,1.8702
2010-02-04,1.8351
2010-02-03,1.9786
2010-02-02,2.0498
2010-02-01,2.0147
2010-01-29,1.9727
2010-01-28,1.9639
2010-01-27,1.9639
2010-01-26,1.9844
2010-01-25,2.003
2010-01-22,1.9825
2010-01-21,2.0108
2010-01-20,2.1367
2010-01-19,2.1133
2010-01-18,2.1787
2010-01-15,2.1416
2010-01-14,2.2041
2010-01-13,2.2099
2010-01-12,2.2529
2010-01-11,2.2421
2010-01-08,2.2802
2010-01-07,2.247
2010-01-06,2.2314
2010-01-05,2.2382
2010-01-04,2.1641
2009-12-31,2.0694
2009-12-30,2.0791
2009-12-29,2.0811
2009-12-28,2.0791
2009-12-24,2.084
2009-12-23,2.085
2009-12-22,2.0742
2009-12-21,2.0879
2009-12-18,2.0606
2009-12-17,2.0547
2009-12-16,2.1084
2009-12-15,2.0694
2009-12-14,2.0889
2009-12-11,2.0596
2009-12-10,2.0791
2009-12-09,2.0401
2009-12-08,2.1328
2009-12-07,2.1641
2009-12-04,2.1865
2009-12-03,2.1914
2009-12-02,2.1728
2009-12-01,2.1914
2009-11-30,2.1572
2009-11-27,2.2002
2009-11-26,2.1689
2009-11-25,2.2519
2009-11-24,2.2978
2009-11-23,2.3153
2009-11-20,2.3036
2009-11-19,2.2939
2009-11-18,2.3446
2009-11-17,2.3524
2009-11-16,2.3339
2009-11-13,2.3212
2009-11-12,2.33
2009-11-11,2.3202
2009-11-10,2.3329
2009-11-09,2.3388
2009-11-06,2.3036
2009-11-05,2.2909
2009-11-04,2.2724
2009-11-03,2.2129
2009-11-02,2.2509
2009-10-30,2.2402
2009-10-29,2.2851
2009-10-28,2.165
2009-10-27,2.2695
2009-10-26,2.3144
2009-10-23,2.4354
2009-10-22,2.4403
2009-10-21,2.4696
2009-10-20,2.4696
2009-10-19,2.4764
2009-10-16,2.4549
2009-10-15,2.4139
2009-10-14,2.4208
2009-10-13,2.4042
2009-10-12,2.4208
2009-10-09,2.3817
2009-10-08,2.372
2009-10-07,2.3349
2009-10-06,2.3378
2009-10-05,2.3183
2009-10-02,2.3378
2009-10-01,2.4452
2009-09-30,2.3544
2009-09-29,2.3319
2009-09-28,2.3036
2009-09-25,2.2939
2009-09-24,2.2949
2009-09-23,2.2841
2009-09-22,2.2841
2009-09-21,2.2509
2009-09-18,2.289
2009-09-17,2.2841
2009-09-16,2.208
2009-09-15,2.167
2009-09-14,2.1387
2009-09-11,2.1543
2009-09-10,2.1767
2009-09-09,2.1621
2009-09-08,2.0401
2009-09-07,2.0381
2009-09-04,1.9844
2009-09-03,1.963
2009-09-02,1.9542
2009-09-01,1.9864
2009-08-31,2.0537
2009-08-28,2.0372
2009-08-27,2.0254
2009-08-26,2.044
2009-08-25,2.0235
2009-08-24,2.0293
2009-08-21,1.9815
2009-08-20,1.962
2009-08-19,1.923
2009-08-18,1.9181
2009-08-17,1.9083
2009-08-14,1.9434
2009-08-13,1.9415
2009-08-12,1.922
2009-08-11,1.9181
2009-08-10,1.9181
2009-08-07,1.9054
2009-08-06,1.8976
2009-08-05,1.8741
2009-08-04,1.8673
2009-08-03,1.8673
2009-07-31,1.8546
2009-07-30,1.8546
2009-07-29,1.8224
2009-07-28,1.8624
2009-07-27,1.8644
2009-07-24,1.8644
2009-07-23,1.9327
2009-07-22,1.8693
2009-07-21,1.8644
2009-07-20,1.8702
2009-07-17,1.8546
2009-07-16,1.8449
2009-07-15,1.8468
2009-07-14,1.8068
2009-07-13,1.7795
2009-07-10,1.7424
2009-07-09,1.7668
2009-07-08,1.7482
2009-07-07,1.7668
2009-07-06,1.757
2009-07-03,1.757
2009-07-02,1.759
2009-07-01,1.7863
2009-06-30,1.7765
2009-06-29,1.7765
2009-06-26,1.7736
2009-06-25,1.7629
2009-06-24,1.7619
2009-06-23,1.6965
2009-06-22,1.7668
2009-06-19,1.8107
2009-06-18,1.8458
2009-06-17,1.8683
2009-06-16,1.962
2009-06-15,1.9347
2009-06-12,1.9571
2009-06-11,1.9864
2009-06-10,1.9522
2009-06-09,1.9425
2009-06-08,1.9542
2009-06-05,2.0108
2009-06-04,2.004
2009-06-03,1.9815
2009-06-02,2.0254
2009-06-01,2.001
2009-05-29,1.9347
2009-05-28,1.9718
2009-05-27,2.0284
2009-05-26,2.0254
2009-05-25,2.0303
2009-05-22,2.0254
2009-05-21,1.9923
2009-05-20,2.0469
2009-05-19,1.9971
2009-05-18,1.8956
2009-05-15,1.8449
2009-05-14,1.8156
2009-05-13,1.7668
2009-05-12,1.8644
2009-05-11,1.9288
2009-05-08,1.9327
2009-05-07,1.8478
2009-05-06,1.8058
2009-05-05,1.7775
2009-05-04,1.7961
2009-05-01,1.757
2009-04-30,1.757
2009-04-29,1.7677
2009-04-28,1.7082
2009-04-27,1.7765
2009-04-24,1.7785
2009-04-23,1.758
2009-04-22,1.757
2009-04-21,1.7804
2009-04-20,1.7941
2009-04-17,1.8253
2009-04-16,1.7668
2009-04-15,1.7209
2009-04-14,1.7004
2009-04-13,1.675
2009-04-10,1.675
2009-04-09,1.675
2009-04-08,1.5891
2009-04-07,1.5872
2009-04-06,1.6204
2009-04-03,1.6194
2009-04-02,1.5725
2009-04-01,1.5042
2009-03-31,1.4681
2009-03-30,1.4447
2009-03-27,1.5325
2009-03-26,1.5325
2009-03-25,1.552
2009-03-24,1.552
2009-03-23,1.5325
2009-03-20,1.4359
2009-03-19,1.5345
2009-03-18,1.5042
2009-03-17,1.4798
2009-03-16,1.4905
2009-03-13,1.4554
2009-03-12,1.4427
2009-03-11,1.429
2009-03-10,1.3861
2009-03-09,1.3187
2009-03-06,1.3178
2009-03-05,1.3265
2009-03-04,1.3656
2009-03-03,1.347
2009-03-02,1.3529
2009-02-27,1.4124
2009-02-26,1.4447
2009-02-25,1.3383
2009-02-24,1.3666
2009-02-23,1.4056
2009-02-20,1.4193
2009-02-19,1.4661
2009-02-18,1.4622
2009-02-17,1.4642
2009-02-16,1.5227
2009-02-13,1.5442
2009-02-12,1.5423
2009-02-11,1.5335
2009-02-10,1.5227
2009-02-09,1.5423
2009-02-06,1.4935
2009-02-05,1.4447
2009-02-04,1.4583
2009-02-03,1.4593
2009-02-02,1.4378
2009-01-30,1.4544
2009-01-29,1.4798
2009-01-28,1.4544
2009-01-27,1.4349
2009-01-26,1.4681
2009-01-23,1.4661
2009-01-22,1.4896
2009-01-21,1.5325
2009-01-20,1.554
2009-01-19,1.5813
2009-01-16,1.6506
2009-01-15,1.5979
2009-01-14,1.6204
2009-01-13,1.6897
2009-01-12,1.718
2009-01-09,1.7307
2009-01-08,1.7521
2009-01-07,1.7814
2009-01-06,1.7092
2009-01-05,1.7238
2009-01-02,1.718
2009-01-01,1.7082
2008-12-31,1.7082
2008-12-30,1.7248
2008-12-29,1.6106
2008-12-26,1.5374
2008-12-25,1.5374
2008-12-24,1.5374
2008-12-23,1.5481
2008-12-22,1.5325
2008-12-19,1.4886
2008-12-18,1.4642
2008-12-17,1.3783
2008-12-16,1.3451
2008-12-15,1.3383
2008-12-12,1.3617
2008-12-11,1.3978
2008-12-10,1.4134
2008-12-09,1.3724
2008-12-08,1.3578
2008-12-05,1.3275
2008-12-04,1.3568
2008-12-03,1.4066
2008-12-02,1.4154
2008-12-01,1.3958
2008-11-28,1.4115
2008-11-27,1.4398
2008-11-26,1.389
2008-11-25,1.3666
2008-11-24,1.3958
2008-11-21,1.4251
2008-11-20,1.4564
2008-11-19,1.4925
2008-11-18,1.5325
2008-11-17,1.5061
2008-11-14,1.5335
2008-11-13,1.6213
2008-11-12,1.6448
2008-11-11,1.718
2008-11-10,1.7677
2008-11-07,1.7765
2008-11-06,1.6984
2008-11-05,1.8351
2008-11-04,1.6574
2008-11-03,1.5374
2008-10-31,1.5813
2008-10-30,1.5667
2008-10-29,1.5823
2008-10-28,1.5276
2008-10-27,1.5813
2008-10-24,1.6116
2008-10-23,1.6838
2008-10-22,1.758
2008-10-21,1.8351
2008-10-20,1.8156
2008-10-17,1.8351
2008-10-16,1.8341
2008-10-15,1.8644
2008-10-14,1.8878
2008-10-13,1.9288
2008-10-10,1.7375
2008-10-09,1.7961
2008-10-08,1.84
2008-10-07,1.8839
2008-10-06,1.9132
2008-10-03,2.0742
2008-10-02,2.0625
2008-10-01,2.0938
2008-09-30,2.1084
2008-09-29,2.0352
2008-09-26,2.0762
2008-09-25,2.0996
2008-09-24,2.1035
2008-09-23,2.0713
2008-09-22,2.1182
2008-09-19,2.1426
2008-09-18,1.9522
2008-09-17,2.0518
2008-09-16,2.0987
2008-09-15,2.1416
2008-09-12,2.2177
2008-09-11,2.2304
2008-09-10,2.2509
2008-09-09,2.2451
2008-09-08,2.2636
2008-09-05,2.1201
2008-09-04,2.2021
2008-09-03,2.2402
2008-09-02,2.2148
2008-09-01,2.2314
2008-08-29,2.2402
2008-08-28,2.1621
2008-08-27,2.1572
2008-08-26,2.1084
2008-08-25,2.1279
2008-08-22,2.1426
2008-08-21,2.1084
2008-08-20,2.1572
2008-08-19,2.1865
2008-08-18,2.2939
2008-08-15,2.2988
2008-08-14,2.3183
2008-08-13,2.289
2008-08-12,2.3866
2008-08-11,2.3866
2008-08-08,2.3232
2008-08-07,2.3085
2008-08-06,2.3476
2008-08-05,2.3573
2008-08-04,2.2988
2008-08-01,2.3183
2008-07-31,2.372
2008-07-30,2.3768
2008-07-29,2.2988
2008-07-28,2.3915
2008-07-25,2.4793
2008-07-24,2.4061
2008-07-23,2.5769
2008-07-22,2.533
2008-07-21,2.8112
2008-07-18,2.7331
2008-07-17,2.4452
2008-07-16,2.3622
2008-07-15,2.1767
2008-07-14,2.2939
2008-07-11,2.2841
2008-07-10,2.2841
2008-07-09,2.3427
2008-07-08,2.2353
2008-07-07,2.3232
2008-07-04,2.2548
2008-07-03,2.2695
2008-07-02,2.3378
2008-07-01,2.4256
2008-06-30,2.5721
2008-06-27,2.6062
2008-06-26,2.6355
2008-06-25,2.7136
2008-06-24,2.6355
2008-06-23,2.6892
2008-06-20,2.738
2008-06-19,2.8454
2008-06-18,2.9479
2008-06-17,3.0601
2008-06-16,3.0162
2008-06-13,3.0455
2008-06-12,3.0894
2008-06-11,3.1138
2008-06-10,3.1187
2008-06-09,3.0552
2008-06-06,3.0504
2008-06-05,3.1236
2008-06-04,2.9918
2008-06-03,2.9967
2008-06-02,3.0113
2008-05-30,3.0748
2008-05-29,3.0796
2008-05-28,3.1089
2008-05-27,3.1285
2008-05-26,3.1333
2008-05-23,3.1626
2008-05-22,3.1529
2008-05-21,3.2553
2008-05-20,3.3188
2008-05-19,3.4018
2008-05-16,3.4262
2008-05-15,3.3725
2008-05-14,3.4164
2008-05-13,3.514
2008-05-12,3.5384
2008-05-09,3.5921
2008-05-08,3.6214
2008-05-07,3.6458
2008-05-06,3.5384
2008-05-05,3.4555
2008-05-02,3.6458
2008-05-01,3.5628
2008-04-30,3.5628
2008-04-29,3.5238
2008-04-28,3.514
2008-04-25,3.5043
2008-04-24,3.4213
2008-04-23,3.392
2008-04-22,3.4994
2008-04-21,3.4994
2008-04-18,3.5091
2008-04-17,3.4457
2008-04-16,3.5335
2008-04-15,3.636
2008-04-14,3.6409
2008-04-11,3.5921
2008-04-10,3.6116
2008-04-09,3.5043
2008-04-08,3.5482
2008-04-07,3.5531
2008-04-04,3.431
2008-04-03,3.3578
2008-04-02,3.3822
2008-04-01,3.3188
2008-03-31,3.27
2008-03-28,3.2749
2008-03-27,3.2407
2008-03-26,3.1919
2008-03-25,3.2309
2008-03-24,3.1724
2008-03-21,3.1724
2008-03-20,3.1724
2008-03-19,3.1529
2008-03-18,3.1724
2008-03-17,3.0699
2008-03-14,3.1724
2008-03-13,3.2407
2008-03-12,3.3188
2008-03-11,3.27
2008-03-10,3.2993
2008-03-07,3.6604
2008-03-06,3.475
2008-03-05,3.3627
2008-03-04,3.2212
2008-03-03,3.1529
2008-02-29,3.0992
2008-02-28,3.0943
2008-02-27,3.1968
2008-02-26,3.1529
2008-02-25,3.026
2008-02-22,3.026
2008-02-21,3.104
2008-02-20,3.0748
2008-02-19,3.1431
2008-02-18,3.1626
2008-02-15,3.1187
2008-02-14,3.2553
2008-02-13,3.1333
2008-02-12,3.0064
2008-02-11,3.0845
2008-02-08,3.1919
2008-02-07,3.2212
2008-02-06,3.2797
2008-02-05,3.2553
2008-02-04,3.4018
2008-02-01,3.4115
2008-01-31,3.2407
2008-01-30,3.3481
2008-01-29,3.4506
2008-01-28,3.4652
2008-01-25,3.5531
2008-01-24,3.8166
2008-01-23,3.7678
2008-01-22,3.7873
2008-01-21,3.7678
2008-01-18,4.0216
2008-01-17,4.0216
2008-01-16,4.1973
2008-01-15,4.3632
2008-01-14,4.3925
2008-01-11,4.3437
2008-01-10,4.578
2008-01-09,4.7244
2008-01-08,4.7927
2008-01-07,4.783
2008-01-04,4.8513
2008-01-03,5.027
2008-01-02,5.1637
2008-01-01,5.232
2007-12-31,5.232
2007-12-28,5.232
2007-12-27,5.2613
2007-12-26,5.3198
2007-12-25,5.3198
2007-12-24,5.3198
2007-12-21,5.3198
2007-12-20,5.2417
2007-12-19,5.2515
2007-12-18,5.2905
2007-12-17,5.2613
2007-12-14,5.2515
2007-12-13,5.1246
2007-12-12,5.3101
2007-12-11,5.437
2007-12-10,5.3394
2007-12-07,5.3882
2007-12-06,5.3589
2007-12-05,5.4272
2007-12-04,5.4174
2007-12-03,5.3589
2007-11-30,5.3101
2007-11-29,5.3296
2007-11-28,5.3784
2007-11-27,5.4077
2007-11-26,5.5443
2007-11-23,5.5346
2007-11-22,5.3394
2007-11-21,5.2905
2007-11-20,5.3882
2007-11-19,5.2613
2007-11-16,5.3589
2007-11-15,5.3296
2007-11-14,5.3394
2007-11-13,5.3589
2007-11-12,5.4467
2007-11-09,5.5151
2007-11-08,5.5639
2007-11-07,5.5248
2007-11-06,5.6419
2007-11-05,5.5639
2007-11-02,5.7396
2007-11-01,5.7981
2007-10-31,5.8957
2007-10-30,6.1007
2007-10-29,6.169
2007-10-26,6.3447
2007-10-25,6.3545
2007-10-24,6.2569
2007-10-23,6.2862
2007-10-22,6.2276
2007-10-19,6.2569
2007-10-18,6.3155
2007-10-17,6.1495
2007-10-16,6.1007
2007-10-15,6.1007
2007-10-12,6.1202
2007-10-11,6.1495
2007-10-10,6.2179
2007-10-09,6.1398
2007-10-08,6.1886
2007-10-05,6.2276
2007-10-04,6.2862
2007-10-03,6.2667
2007-10-02,6.1105
2007-10-01,6.0226
2007-09-28,5.7591
2007-09-27,5.6712
2007-09-26,5.6419
2007-09-25,5.6615
2007-09-24,5.8762
2007-09-21,6.0519
2007-09-20,6.0422
2007-09-19,6.1593
2007-09-18,5.886
2007-09-17,5.7981
2007-09-14,6.1007
2007-09-13,6.0519
2007-09-12,6.1495
2007-09-11,6.2471
2007-09-10,6.2569
2007-09-07,6.2764
2007-09-06,6.3252
2007-09-05,6.335
2007-09-04,6.374
2007-09-03,6.335
2007-08-31,6.3155
2007-08-30,6.2959
2007-08-29,6.3545
2007-08-28,6.3447
2007-08-27,6.3155
2007-08-24,6.335
2007-08-23,6.3252
2007-08-22,6.335
2007-08-21,6.3155
2007-08-20,6.2959
2007-08-17,6.2862
2007-08-16,6.2959
2007-08-15,6.3545
2007-08-14,6.3447
2007-08-13,6.3447
2007-08-10,6.3447
2007-08-09,6.4228
2007-08-08,6.4814
2007-08-07,6.4131
2007-08-06,6.4521
2007-08-03,6.5693
2007-08-02,6.6083
2007-08-01,6.54
2007-07-31,6.6083
2007-07-30,6.4619
2007-07-27,6.4424
2007-07-26,6.3936
2007-07-25,6.5204
2007-07-24,6.579
2007-07-23,6.6376
2007-07-20,6.6181
2007-07-19,6.579
2007-07-18,6.5497
2007-07-17,6.579
2007-07-16,6.5888
2007-07-13,6.5693
2007-07-12,6.579
2007-07-11,6.4912
2007-07-10,6.5204
2007-07-09,6.54
2007-07-06,6.6083
2007-07-05,6.5985
2007-07-04,6.6864
2007-07-03,6.5693
2007-07-02,6.5107
2007-06-29,6.4228
2007-06-28,6.3643
2007-06-27,6.3447
2007-06-26,6.3252
2007-06-25,6.2862
2007-06-22,6.3838
2007-06-21,6.4814
2007-06-20,6.4326
2007-06-19,6.4326
2007-06-18,6.5204
2007-06-15,6.6473
2007-06-14,6.6766
2007-06-13,6.4228
2007-06-12,6.2667
2007-06-11,6.2569
2007-06-08,6.2276
2007-06-07,6.2276
2007-06-06,6.3545
2007-06-05,6.4033
2007-06-04,6.4131
2007-06-01,6.3252
2007-05-31,6.3252
2007-05-30,6.2959
2007-05-29,6.3643
2007-05-28,6.3936
2007-05-25,6.3936
2007-05-24,6.4619
2007-05-23,6.4424
2007-05-22,6.374
2007-05-21,6.169
2007-05-18,6.1495
2007-05-17,6.1593
2007-05-16,6.1593
2007-05-15,6.1495
2007-05-14,6.1495
2007-05-11,6.13
2007-05-10,6.1495
2007-05-09,6.1495
2007-05-08,6.1593
2007-05-07,6.1788
2007-05-04,6.0812
2007-05-03,6.0617
2007-05-02,6.1007
2007-05-01,6.1495
2007-04-30,6.1495
2007-04-27,6.2471
2007-04-26,6.1983
2007-04-25,6.3447
2007-04-24,6.4814
2007-04-23,6.3447
2007-04-20,6.54
2007-04-19,6.3643
2007-04-18,6.2959
2007-04-17,6.3447
2007-04-16,6.374
2007-04-13,6.4716
2007-04-12,6.4716
2007-04-11,6.5009
2007-04-10,6.4131
2007-04-09,6.3936
2007-04-06,6.3936
2007-04-05,6.3936
2007-04-04,6.4424
2007-04-03,6.3545
2007-04-02,6.335
2007-03-30,6.3447
2007-03-29,6.3447
2007-03-28,6.3545
2007-03-27,6.3545
2007-03-26,6.4131
2007-03-23,6.4716
2007-03-22,6.5204
2007-03-21,6.4521
2007-03-20,6.3838
2007-03-19,6.3447
2007-03-16,6.1983
2007-03-15,6.3155
2007-03-14,6.2179
2007-03-13,6.3545
2007-03-12,6.54
2007-03-09,6.4033
2007-03-08,6.3936
2007-03-07,6.1495
2007-03-06,6.1105
2007-03-05,6.1983
2007-03-02,6.2862
2007-03-01,6.2667
2007-02-28,6.2667
2007-02-27,6.2569
2007-02-26,6.2959
2007-02-23,6.2959
2007-02-22,6.3155
2007-02-21,6.3252
2007-02-20,6.335
2007-02-19,6.3447
2007-02-16,6.3057
2007-02-15,6.335
2007-02-14,6.3643
2007-02-13,6.3545
2007-02-12,6.3447
2007-02-09,6.3643
2007-02-08,6.3447
2007-02-07,6.2471
2007-02-06,6.1983
2007-02-05,6.1202
2007-02-02,6.169
2007-02-01,6.1105
2007-01-31,6.1105
2007-01-30,6.1105
2007-01-29,6.0129
2007-01-26,6.2081
2007-01-25,6.1495
2007-01-24,6.1398
2007-01-23,6.0519
2007-01-22,6.0617
2007-01-19,6.1202
2007-01-18,6.1983
2007-01-17,6.1105
2007-01-16,5.8762
2007-01-15,5.9055
2007-01-12,5.8665
2007-01-11,5.8665
2007-01-10,5.8567
2007-01-09,5.8567
2007-01-08,5.8469
2007-01-05,5.8274
2007-01-04,5.8567
2007-01-03,5.8567
2007-01-02,5.8372
2007-01-01,5.7688
2006-12-29,5.7688
2006-12-28,5.8079
2006-12-27,5.8372
2006-12-26,5.8372
2006-12-25,5.8372
2006-12-22,5.8372
2006-12-21,5.8372
2006-12-20,5.8567
2006-12-19,5.8372
2006-12-18,5.8469
2006-12-15,5.886
2006-12-14,5.8372
2006-12-13,5.8469
2006-12-12,5.8274
2006-12-11,5.8079
2006-12-08,5.7786
2006-12-07,5.8079
2006-12-06,5.7786
2006-12-05,5.7884
2006-12-04,5.8079
2006-12-01,5.7688
2006-11-30,5.7884
2006-11-29,5.7493
2006-11-28,5.7884
2006-11-27,5.7688
2006-11-24,5.7688
2006-11-23,5.7786
2006-11-22,5.7981
2006-11-21,5.7786
2006-11-20,5.8079
2006-11-17,5.7884
2006-11-16,5.7884
2006-11-15,5.7688
2006-11-14,5.7786
2006-11-13,5.7591
2006-11-10,5.7786
2006-11-09,5.8079
2006-11-08,5.8079
2006-11-07,5.8372
2006-11-06,5.8372
2006-11-03,5.8274
2006-11-02,5.7981
2006-11-01,5.8176
2006-10-31,5.8079
2006-10-30,5.8079
2006-10-27,5.7981
2006-10-26,5.7786
2006-10-25,5.7981
2006-10-24,5.7786
2006-10-23,5.7884
2006-10-20,5.7688
2006-10-19,5.7688
2006-10-18,5.7786
2006-10-17,5.7591
2006-10-16,5.7591
2006-10-13,5.7493
2006-10-12,5.7688
2006-10-11,5.7591
2006-10-10,5.7493
2006-10-09,5.7493
2006-10-06,5.7493
2006-10-05,5.7884
2006-10-04,5.7884
2006-10-03,5.7688
2006-10-02,5.7591
2006-09-29,5.7396
2006-09-28,5.7298
2006-09-27,5.72
2006-09-26,5.7103
2006-09-25,5.72
2006-09-22,5.72
2006-09-21,5.72
2006-09-20,5.7103
2006-09-19,5.7103
2006-09-18,5.72
2006-09-15,5.7005
2006-09-14,5.7005
2006-09-13,5.72
2006-09-12,5.6908
2006-09-11,5.6908
2006-09-08,5.7103
2006-09-07,5.7103
2006-09-06,5.7103
2006-09-05,5.6908
2006-09-04,5.6908
2006-09-01,5.72
2006-08-31,5.7103
2006-08-30,5.6908
2006-08-29,5.7005
2006-08-28,5.7396
2006-08-25,5.72
2006-08-24,5.7005
2006-08-23,5.6712
2006-08-22,5.6712
2006-08-21,5.6712
2006-08-18,5.7396
2006-08-17,5.7591
2006-08-16,5.7493
2006-08-15,5.681
2006-08-14,5.7103
2006-08-11,5.7005
2006-08-10,5.6908
2006-08-09,5.7005
2006-08-08,5.6908
2006-08-07,5.681
2006-08-04,5.6908
2006-08-03,5.6127
2006-08-02,5.6615
2006-08-01,5.6615
2006-07-31,5.6517
2006-07-28,5.6224
2006-07-27,5.6615
2006-07-26,5.6615
2006-07-25,5.6419
2006-07-24,5.6419
2006-07-21,5.6224
2006-07-20,5.5931
2006-07-19,5.5931
2006-07-18,5.5736
2006-07-17,5.5931
2006-07-14,5.6908
2006-07-13,5.7005
2006-07-12,5.7298
2006-07-11,5.7396
2006-07-10,5.7591
2006-07-07,5.7298
2006-07-06,5.7591
2006-07-05,5.7396
2006-07-04,5.8567
2006-07-03,5.8079
2006-06-30,5.7981
2006-06-29,5.72
2006-06-28,5.681
2006-06-27,5.7005
2006-06-26,5.681
2006-06-23,5.6712
2006-06-22,5.6908
2006-06-21,5.7005
2006-06-20,5.5736
2006-06-19,5.6419
2006-06-16,5.6615
2006-06-15,5.6615
2006-06-14,5.6615
2006-06-13,5.7005
2006-06-12,5.6615
2006-06-09,5.6127
2006-06-08,5.6029
2006-06-07,5.6419
2006-06-06,5.6419
2006-06-05,5.6029
2006-06-02,5.5931
2006-06-01,5.6224
2006-05-31,5.5931
2006-05-30,5.6127
2006-05-29,5.5931
2006-05-26,5.6517
2006-05-25,5.5639
2006-05-24,5.5639
2006-05-23,5.5736
2006-05-22,5.5346
2006-05-19,5.6127
2006-05-18,5.6322
2006-05-17,5.6517
2006-05-16,5.7396
2006-05-15,5.6712
2006-05-12,5.6908
2006-05-11,5.7103
2006-05-10,5.7396
2006-05-09,5.6908
2006-05-08,5.72
2006-05-05,5.72
2006-05-04,5.7005
2006-05-03,5.7005
2006-05-02,5.8176
2006-05-01,25.72
2006-04-28,5.8372
2006-04-27,5.8079
2006-04-26,5.7298
2006-04-25,5.7591
2006-04-24,5.7591
2006-04-21,5.7493
2006-04-20,5.7493
2006-04-19,5.7396
2006-04-18,5.7298
2006-04-17,5.7493
2006-04-14,5.7493
2006-04-13,5.7493
2006-04-12,5.7298
2006-04-11,5.7005
2006-04-10,5.6615
2006-04-07,5.7005
2006-04-06,5.681
2006-04-05,5.6712
2006-04-04,5.7005
2006-04-03,5.7688
2006-03-31,5.7396
2006-03-30,5.7786
2006-03-29,5.7688
2006-03-28,5.7005
2006-03-27,5.7981
2006-03-24,5.7786
2006-03-23,5.6127
2006-03-22,5.5834
2006-03-21,5.6029
2006-03-20,5.5736
2006-03-17,5.5639
2006-03-16,5.5639
2006-03-15,5.6029
2006-03-14,5.72
2006-03-13,5.886
2006-03-10,4.6756
2006-03-09,4.4316
2006-03-08,4.3925
2006-03-07,4.4316
2006-03-06,4.4511
2006-03-03,4.412
2006-03-02,4.4218
2006-03-01,4.4218
2006-02-28,4.4218
2006-02-27,4.4608
2006-02-24,4.4023
2006-02-23,4.3632
2006-02-22,4.3632
2006-02-21,4.2754
2006-02-20,4.2851
2006-02-17,4.373
2006-02-16,4.4023
2006-02-15,4.3535
2006-02-14,4.2754
2006-02-13,4.334
2006-02-10,4.2949
2006-02-09,4.3047
2006-02-08,4.1875
2006-02-07,4.1485
2006-02-06,4.129
2006-02-03,4.129
2006-02-02,4.1094
2006-02-01,4.0997
2006-01-31,4.0314
2006-01-30,4.0606
2006-01-27,4.1387
2006-01-26,4.0411
2006-01-25,4.0314
2006-01-24,4.0216
2006-01-23,3.9923
2006-01-20,3.9923
2006-01-19,3.963
2006-01-18,3.963
2006-01-17,3.9923
2006-01-16,4.0021
2006-01-13,3.9533
2006-01-12,3.9337
2006-01-11,3.9826
2006-01-10,3.8947
2006-01-09,3.9045
2006-01-06,3.8849
2006-01-05,3.924
2006-01-04,3.8264
2006-01-03,3.758
2006-01-02,3.758
2005-12-30,3.7678
2005-12-29,3.758
2005-12-28,3.7678
2005-12-27,3.7873
2005-12-26,3.8069
2005-12-23,3.8069
2005-12-22,3.7776
2005-12-21,3.7385
2005-12-20,3.6995
2005-12-19,3.6995
2005-12-16,3.68
2005-12-15,3.6409
2005-12-14,3.6507
2005-12-13,3.6312
2005-12-12,3.68
2005-12-09,3.6702
2005-12-08,3.6995
2005-12-07,3.7092
2005-12-06,3.6312
2005-12-05,3.6409
2005-12-02,3.6312
2005-12-01,3.6116
2005-11-30,3.6116
2005-11-29,3.6507
2005-11-28,3.6507
2005-11-25,3.5921
2005-11-24,3.6409
2005-11-23,3.6019
2005-11-22,3.6116
2005-11-21,3.6019
2005-11-18,3.6116
2005-11-17,3.6604
2005-11-16,3.6116
2005-11-15,3.6019
2005-11-14,3.5921
2005-11-11,3.5628
2005-11-10,3.5921
2005-11-09,3.5921
2005-11-08,3.5921
2005-11-07,3.5531
2005-11-04,3.514
2005-11-03,3.5043
2005-11-02,3.475
2005-11-01,3.475
2005-10-31,3.4652
2005-10-28,3.4847
2005-10-27,3.4847
2005-10-26,3.5726
2005-10-25,3.6116
2005-10-24,3.5726
2005-10-21,3.5531
2005-10-20,3.5335
2005-10-19,3.4847
2005-10-18,3.5823
2005-10-17,3.6019
2005-10-14,3.6116
2005-10-13,3.6312
2005-10-12,3.7092
2005-10-11,3.7092
2005-10-10,3.7288
2005-10-07,3.68
2005-10-06,3.7385
2005-10-05,3.7483
2005-10-04,3.6409
2005-10-03,3.6116
2005-09-30,3.6116
2005-09-29,3.6409
2005-09-28,3.6214
2005-09-27,3.6604
2005-09-26,3.6507
2005-09-23,3.5921
2005-09-22,3.514
2005-09-21,3.514
2005-09-20,3.4262
2005-09-19,3.4164
2005-09-16,3.4066
2005-09-15,3.4066
2005-09-14,3.3969
2005-09-13,3.4164
2005-09-12,3.4262
2005-09-09,3.4164
2005-09-08,3.4066
2005-09-07,3.3969
2005-09-06,3.3871
2005-09-05,3.3774
2005-09-02,3.3676
2005-09-01,3.3676
2005-08-31,3.4066
2005-08-30,3.4066
2005-08-29,3.3774
2005-08-26,3.3774
2005-08-25,3.4066
2005-08-24,3.4262
2005-08-23,3.4555
2005-08-22,3.4457
2005-08-19,3.4359
2005-08-18,3.3774
2005-08-17,3.4164
2005-08-16,3.3871
2005-08-15,3.3774
2005-08-12,3.3383
2005-08-11,3.3871
2005-08-10,3.3774
2005-08-09,3.3676
2005-08-08,3.3871
2005-08-05,3.3774
2005-08-04,3.4652
2005-08-03,3.475
2005-08-02,3.3871
2005-08-01,3.3383
2005-07-29,3.2212
2005-07-28,3.3481
2005-07-27,3.3286
2005-07-26,3.3188
2005-07-25,3.1431
2005-07-22,3.1138
2005-07-21,3.1431
2005-07-20,3.1236
2005-07-19,3.1138
2005-07-18,3.0943
2005-07-15,3.0748
2005-07-14,3.1138
2005-07-13,3.104
2005-07-12,3.0748
2005-07-11,3.1236
2005-07-08,3.1236
2005-07-07,3.1138
2005-07-06,3.104
2005-07-05,3.0845
2005-07-04,3.0748
2005-07-01,3.0748
2005-06-30,3.0748
2005-06-29,3.0748
2005-06-28,3.065
2005-06-27,3.065
2005-06-24,3.0748
2005-06-23,3.0748
2005-06-22,3.0552
2005-06-21,3.0845
2005-06-20,3.1236
2005-06-17,3.1138
2005-06-16,3.0552
2005-06-15,3.0357
2005-06-14,3.0162
2005-06-13,3.026
2005-06-10,3.026
2005-06-09,3.0162
2005-06-08,3.0162
2005-06-07,3.0357
2005-06-06,3.0552
2005-06-03,3.0552
2005-06-02,3.0552
2005-06-01,3.0748
2005-05-31,2.9967
2005-05-30,3.026
2005-05-27,3.0064
2005-05-26,3.0162
2005-05-25,3.0064
2005-05-24,3.0162
2005-05-23,3.026
2005-05-20,3.0357
2005-05-19,3.0552
2005-05-18,3.0552
2005-05-17,3.0748
2005-05-16,3.0748
2005-05-13,3.0845
2005-05-12,3.1138
2005-05-11,3.0748
2005-05-10,3.0357
2005-05-09,3.026
2005-05-06,3.0552
2005-05-05,3.0455
2005-05-04,3.0552
2005-05-03,3.0943
2005-05-02,3.065
2005-04-29,3.0455
2005-04-28,3.0845
2005-04-27,3.0552
2005-04-26,3.1138
2005-04-25,3.0943
2005-04-22,3.065
2005-04-21,3.0943
2005-04-20,3.0943
2005-04-19,3.0552
2005-04-18,3.0748
2005-04-15,3.0845
2005-04-14,3.1626
2005-04-13,3.1821
2005-04-12,3.1236
2005-04-11,3.104
2005-04-08,3.0943
2005-04-07,3.1138
2005-04-06,3.0552
2005-04-05,3.0845
2005-04-04,3.0943
2005-04-01,3.104
2005-03-31,3.0748
2005-03-30,3.0748
2005-03-29,3.065
2005-03-28,3.0552
2005-03-25,3.0552
2005-03-24,3.0552
2005-03-23,3.026
2005-03-22,3.0162
2005-03-21,3.0357
2005-03-18,3.026
2005-03-17,3.026
2005-03-16,3.065
2005-03-15,3.0552
2005-03-14,3.0552
2005-03-11,3.0748
2005-03-10,3.0845
2005-03-09,3.0748
2005-03-08,3.104
2005-03-07,3.065
2005-03-04,3.0455
2005-03-03,3.0552
2005-03-02,3.0552
2005-03-01,3.0552
2005-02-28,3.0552
2005-02-25,3.026
2005-02-24,3.0162
2005-02-23,2.9869
2005-02-22,2.9967
2005-02-21,3.026
2005-02-18,3.026
2005-02-17,3.0455
2005-02-16,3.065
2005-02-15,3.065
2005-02-14,3.0845
2005-02-11,3.0552
2005-02-10,3.0748
2005-02-09,3.0943
2005-02-08,3.065
2005-02-07,3.0845
2005-02-04,3.104
2005-02-03,3.0943
2005-02-02,3.0748
2005-02-01,3.065
2005-01-31,3.0748
2005-01-28,3.0845
2005-01-27,3.0748
2005-01-26,3.0748
2005-01-25,3.0455
2005-01-24,3.0357
2005-01-21,3.0455
2005-01-20,3.0357
2005-01-19,3.0357
2005-01-18,2.9674
2005-01-17,2.9674
2005-01-14,2.9576
2005-01-13,2.9576
2005-01-12,2.9283
2005-01-11,2.9283
2005-01-10,2.9576
2005-01-07,2.9576
2005-01-06,2.9479
2005-01-05,2.9479
2005-01-04,2.9479
2005-01-03,2.9283
2004-12-31,2.9088
2004-12-30,2.9186
2004-12-29,2.9186
2004-12-28,2.9186
2004-12-27,2.9381
2004-12-24,2.9576
2004-12-23,2.9674
2004-12-22,2.9479
2004-12-21,2.9576
2004-12-20,2.9674
2004-12-17,2.9576
2004-12-16,2.9576
2004-12-15,2.9479
2004-12-14,2.9674
2004-12-13,2.9576
2004-12-10,2.9381
2004-12-09,2.9186
2004-12-08,2.9283
2004-12-07,2.9283
2004-12-06,2.9381
2004-12-03,2.9479
2004-12-02,2.9479
2004-12-01,2.9674
2004-11-30,2.9869
2004-11-29,3.0064
2004-11-26,3.0064
2004-11-25,3.0162
2004-11-24,2.9967
2004-11-23,3.0455
2004-11-22,3.0552
2004-11-19,3.065
2004-11-18,3.0552
2004-11-17,3.0748
2004-11-16,3.0455
2004-11-15,3.1138
2004-11-12,3.104
2004-11-11,3.0845
2004-11-10,3.0748
2004-11-09,3.065
2004-11-08,3.0357
2004-11-05,3.0162
2004-11-04,3.026
2004-11-03,3.026
2004-11-02,3.0162
2004-11-01,3.0064
2004-10-29,2.9772
2004-10-28,2.9869
2004-10-27,2.9772
2004-10-26,2.9186
2004-10-25,2.9479
2004-10-22,2.9674
2004-10-21,2.9576
2004-10-20,2.9576
2004-10-19,2.9381
2004-10-18,2.9674
2004-10-15,2.9869
2004-10-14,2.9674
2004-10-13,2.9576
2004-10-12,2.9576
2004-10-11,2.9576
2004-10-08,2.9479
2004-10-07,2.9576
2004-10-06,2.9576
2004-10-05,2.9674
2004-10-04,2.9674
2004-10-01,2.9772
2004-09-30,2.9479
2004-09-29,2.9869
2004-09-28,2.9576
2004-09-27,2.9576
2004-09-24,2.9479
2004-09-23,2.9186
2004-09-22,2.9283
2004-09-21,2.9576
2004-09-20,2.9186
2004-09-17,2.8893
2004-09-16,2.9088
2004-09-15,2.9186
2004-09-14,2.9186
2004-09-13,2.9479
2004-09-10,2.9381
2004-09-09,2.8698
2004-09-08,2.8991
2004-09-07,2.8795
2004-09-06,2.8991
2004-09-03,2.8991
2004-09-02,2.8893
2004-09-01,2.8503
2004-08-31,2.821
2004-08-30,2.8112
2004-08-27,2.7917
2004-08-26,2.8015
2004-08-25,2.821
2004-08-24,2.821
2004-08-23,2.821
2004-08-20,2.7624
2004-08-19,2.7331
2004-08-18,2.7624
2004-08-17,2.7526
2004-08-16,2.7526
2004-08-13,2.7234
2004-08-12,2.7234
2004-08-11,2.6941
2004-08-10,2.6941
2004-08-09,2.6941
2004-08-06,2.7429
2004-08-05,2.7917
2004-08-04,2.8015
2004-08-03,2.8503
2004-08-02,2.9381
2004-07-30,2.9869
2004-07-29,3.0064
2004-07-28,2.9967
2004-07-27,3.0064
2004-07-26,2.9479
2004-07-23,2.9381
2004-07-22,2.9283
2004-07-21,2.9772
2004-07-20,2.9381
2004-07-19,2.9479
2004-07-16,2.9674
2004-07-15,2.9381
2004-07-14,2.9479
2004-07-13,2.9283
2004-07-12,2.9186
2004-07-09,2.8991
2004-07-08,2.8991
2004-07-07,2.9283
2004-07-06,2.9479
2004-07-05,2.9186
2004-07-02,2.9186
2004-07-01,2.9088
2004-06-30,2.9283
2004-06-29,2.9283
2004-06-28,2.9283
2004-06-25,2.9479
2004-06-24,2.9186
2004-06-23,2.9283
2004-06-22,2.9479
2004-06-21,2.9186
2004-06-18,2.9186
2004-06-17,2.9381
2004-06-16,2.9479
2004-06-15,2.9576
2004-06-14,2.9381
2004-06-11,2.9186
2004-06-10,2.9381
2004-06-09,2.9283
2004-06-08,2.9674
2004-06-07,2.9576
2004-06-04,2.9283
2004-06-03,2.9186
2004-06-02,2.9186
2004-06-01,2.9186
2004-05-31,2.9283
2004-05-28,2.9186
2004-05-27,2.9283
2004-05-26,2.8991
2004-05-25,2.9283
2004-05-24,2.9479
2004-05-21,2.9674
2004-05-20,3.0064
2004-05-19,2.9967
2004-05-18,2.9576
2004-05-17,2.86
2004-05-14,2.9088
2004-05-13,2.9479
2004-05-12,2.8795
2004-05-11,2.8795
2004-05-10,2.8893
2004-05-07,2.9576
2004-05-06,3.0162
2004-05-05,3.0552
2004-05-04,3.1529
2004-05-03,3.1529
2004-04-30,3.104
2004-04-29,3.1138
2004-04-28,3.1236
2004-04-27,3.1236
2004-04-26,3.104
2004-04-23,3.1431
2004-04-22,3.1724
2004-04-21,3.1236
2004-04-20,3.1821
2004-04-19,3.1724
2004-04-16,3.1724
2004-04-15,3.1724
2004-04-14,3.1919
2004-04-13,3.2114
2004-04-12,3.2114
2004-04-09,3.2114
2004-04-08,3.2114
2004-04-07,3.2017
2004-04-06,3.2114
2004-04-05,3.1236
2004-04-02,3.1333
2004-04-01,3.1333
2004-03-31,3.1138
2004-03-30,3.1138
2004-03-29,3.1138
2004-03-26,3.1236
2004-03-25,3.1236
2004-03-24,3.1333
2004-03-23,3.1138
2004-03-22,3.0943
2004-03-19,3.0748
2004-03-18,3.0455
2004-03-17,3.1138
2004-03-16,3.0748
2004-03-15,3.0455
2004-03-12,3.0748
2004-03-11,3.104
2004-03-10,3.1626
2004-03-09,3.1138
2004-03-08,3.1333
2004-03-05,3.1138
2004-03-04,3.1138
2004-03-03,3.1236
2004-03-02,3.1333
2004-03-01,3.1333
2004-02-27,3.1431
2004-02-26,3.1626
2004-02-25,3.1431
2004-02-24,3.1724
2004-02-23,3.1236
2004-02-20,3.1236
2004-02-19,3.1236
2004-02-18,3.1236
2004-02-17,3.0845
2004-02-16,2.9772
2004-02-13,2.9674
2004-02-12,2.9576
2004-02-11,2.9381
2004-02-10,2.9283
2004-02-09,2.9381
2004-02-06,2.9479
2004-02-05,2.8991
2004-02-04,2.9283
2004-02-03,2.9186
2004-02-02,2.9283
2004-01-30,2.9479
2004-01-29,2.9772
2004-01-28,3.0162
2004-01-27,3.0162
2004-01-26,2.9967
2004-01-23,2.9967
2004-01-22,2.9772
2004-01-21,2.9869
2004-01-20,2.9869
2004-01-19,3.0748
2004-01-16,3.0943
2004-01-15,3.0064
2004-01-14,2.9479
2004-01-13,2.9381
2004-01-12,2.9283
2004-01-09,2.8795
2004-01-08,2.8893
2004-01-07,2.8503
2004-01-06,2.86
2004-01-05,2.8503
2004-01-02,2.8503
2004-01-01,2.8503
2003-12-31,2.8503
2003-12-30,2.86
2003-12-29,2.86
2003-12-26,2.8307
2003-12-25,2.8307
2003-12-24,2.8307
2003-12-23,2.8015
2003-12-22,2.8112
2003-12-19,2.821
2003-12-18,2.7429
2003-12-17,2.7136
2003-12-16,2.655
2003-12-15,2.6453
2003-12-12,2.6453
2003-12-11,2.6355
2003-12-10,2.6355
2003-12-09,2.6453
2003-12-08,2.6355
2003-12-05,2.6453
2003-12-04,2.5867
2003-12-03,2.5867
2003-12-02,2.5867
2003-12-01,2.5672
2003-11-28,2.5769
2003-11-27,2.5672
2003-11-26,2.5769
2003-11-25,2.5867
2003-11-24,2.5867
2003-11-21,2.5769
2003-11-20,2.5965
2003-11-19,2.6062
2003-11-18,2.616
2003-11-17,2.616
2003-11-14,2.6648
2003-11-13,2.6355
2003-11-12,2.6453
2003-11-11,2.6258
2003-11-10,2.6355
2003-11-07,2.6355
2003-11-06,2.616
2003-11-05,2.6258
2003-11-04,2.6453
2003-11-03,2.6355
2003-10-31,2.5867
2003-10-30,2.616
2003-10-29,2.5965
2003-10-28,2.6355
2003-10-27,2.616
2003-10-24,2.6453
2003-10-23,2.5965
2003-10-22,2.655
2003-10-21,2.7038
2003-10-20,2.6355
2003-10-17,2.6648
2003-10-16,2.655
2003-10-15,2.5477
2003-10-14,2.5086
2003-10-13,2.4598
2003-10-10,2.4989
2003-10-09,2.4891
2003-10-08,2.4696
2003-10-07,2.4208
2003-10-06,2.4012
2003-10-03,2.3915
2003-10-02,2.372
2003-10-01,2.372
2003-09-30,2.411
2003-09-29,2.4208
2003-09-26,2.372
2003-09-25,2.3817
2003-09-24,2.3622
2003-09-23,2.372
2003-09-22,2.3427
2003-09-19,2.372
2003-09-18,2.3329
2003-09-17,2.3134
2003-09-16,2.2744
2003-09-15,2.3036
2003-09-12,2.2939
2003-09-11,2.3232
2003-09-10,2.3036
2003-09-09,2.3232
2003-09-08,2.3427
2003-09-05,2.372
2003-09-04,2.3915
2003-09-03,2.411
2003-09-02,2.372
2003-09-01,2.3524
2003-08-29,2.3329
2003-08-28,2.372
2003-08-27,2.4012
2003-08-26,2.4012
2003-08-25,2.4012
2003-08-22,2.3915
2003-08-21,2.3915
2003-08-20,2.372
2003-08-19,2.372
2003-08-18,2.372
2003-08-15,2.3817
2003-08-14,2.3622
2003-08-13,2.3524
2003-08-12,2.372
2003-08-11,2.3622
2003-08-08,2.3036
2003-08-07,2.3232
2003-08-06,2.2939
2003-08-05,2.3134
2003-08-04,2.3427
2003-08-01,2.3915
2003-07-31,2.3915
2003-07-30,2.3524
2003-07-29,2.3622
2003-07-28,2.3427
2003-07-25,2.3232
2003-07-24,2.2939
2003-07-23,2.206
2003-07-22,2.2255
2003-07-21,2.2255
2003-07-18,2.2548
2003-07-17,2.2646
2003-07-16,2.2451
2003-07-15,2.2451
2003-07-14,2.2744
2003-07-11,2.2353
2003-07-10,2.2353
2003-07-09,2.2841
2003-07-08,2.3427
2003-07-07,2.3622
2003-07-04,2.3622
2003-07-03,2.372
2003-07-02,2.3622
2003-07-01,2.3524
2003-06-30,2.4012
2003-06-27,2.4403
2003-06-26,2.3915
2003-06-25,2.4208
2003-06-24,2.3915
2003-06-23,2.4208
2003-06-20,2.4989
2003-06-19,2.5379
2003-06-18,2.5672
2003-06-17,2.5379
2003-06-16,2.5574
2003-06-13,2.5672
2003-06-12,2.5769
2003-06-11,2.6062
2003-06-10,2.6258
2003-06-09,2.5672
2003-06-06,2.5672
2003-06-05,2.5281
2003-06-04,2.5769
2003-06-03,2.4501
2003-06-02,2.4012
2003-05-30,2.3524
2003-05-29,2.3329
2003-05-28,2.372
2003-05-27,2.3134
2003-05-26,2.3329
2003-05-23,2.3329
2003-05-22,2.2939
2003-05-21,2.3036
2003-05-20,2.3329
2003-05-19,2.3232
2003-05-16,2.3524
2003-05-15,2.3622
2003-05-14,2.3817
2003-05-13,2.4012
2003-05-12,2.372
2003-05-09,2.2939
2003-05-08,2.372
2003-05-07,2.3817
2003-05-06,2.3427
2003-05-05,2.3036
2003-05-02,2.3232
2003-05-01,2.3329
2003-04-30,2.3329
2003-04-29,2.3427
2003-04-28,2.2548
2003-04-25,2.1963
2003-04-24,2.1865
2003-04-23,2.2158
2003-04-22,2.2353
2003-04-21,2.2158
2003-04-18,2.2158
2003-04-17,2.2158
2003-04-16,2.2255
2003-04-15,2.2353
2003-04-14,2.1865
2003-04-11,2.1767
2003-04-10,2.2255
2003-04-09,2.2255
2003-04-08,2.167
2003-04-07,2.2451
2003-04-04,2.2255
2003-04-03,2.1865
2003-04-02,2.206
2003-04-01,2.167
2003-03-31,2.167
2003-03-28,2.1475
2003-03-27,2.1865
2003-03-26,2.1865
2003-03-25,2.1865
2003-03-24,2.167
2003-03-21,2.1865
2003-03-20,2.2548
2003-03-19,2.2353
2003-03-18,2.2548
2003-03-17,2.3036
2003-03-14,2.2841
2003-03-13,2.2353
2003-03-12,2.1767
2003-03-11,2.2451
2003-03-10,2.167
2003-03-07,2.1767
2003-03-06,2.1475
2003-03-05,2.0987
2003-03-04,2.1279
2003-03-03,2.0791
2003-02-28,2.0987
2003-02-27,2.0791
2003-02-26,2.0498
2003-02-25,2.0401
2003-02-24,2.0791
2003-02-21,2.1084
2003-02-20,2.1182
2003-02-19,2.1084
2003-02-18,2.0987
2003-02-17,2.0791
2003-02-14,2.0791
2003-02-13,2.0498
2003-02-12,2.0303
2003-02-11,2.0206
2003-02-10,2.001
2003-02-07,2.001
2003-02-06,2.001
2003-02-05,1.9815
2003-02-04,2.0206
2003-02-03,2.0206
2003-01-31,2.0401
2003-01-30,1.9718
2003-01-29,1.9425
2003-01-28,1.9913
2003-01-27,1.9913
2003-01-24,2.001
2003-01-23,2.0206
2003-01-22,1.9815
2003-01-21,1.9913
2003-01-20,1.962
2003-01-17,2.0206
2003-01-16,2.0791
2003-01-15,2.0791
2003-01-14,2.0791
2003-01-13,2.0791
2003-01-10,2.1084
2003-01-09,2.1084
2003-01-08,2.1084
2003-01-07,2.1377
2003-01-06,2.1279
2003-01-03,2.1377
2003-01-02,2.1377
2003-01-01,2.1279
2002-12-31,2.1279
2002-12-30,2.1377
2002-12-27,2.1475
2002-12-26,2.1572
2002-12-25,2.1572
2002-12-24,2.1572
2002-12-23,2.1572
2002-12-20,2.1475
2002-12-19,2.1377
2002-12-18,2.1475
2002-12-17,2.1377
2002-12-16,2.1475
2002-12-13,2.1377
2002-12-12,2.1475
2002-12-11,2.1377
2002-12-10,2.1182
2002-12-09,2.0987
2002-12-06,2.0987
2002-12-05,2.1182
2002-12-04,2.0791
2002-12-03,2.0694
2002-12-02,2.1084
2002-11-29,2.1182
2002-11-28,2.1279
2002-11-27,2.0889
2002-11-26,2.0498
2002-11-25,2.0303
2002-11-22,1.9718
2002-11-21,1.9718
2002-11-20,1.962
2002-11-19,1.9522
2002-11-18,1.9815
2002-11-15,1.9815
2002-11-14,1.962
2002-11-13,1.9718
2002-11-12,1.9913
2002-11-11,1.9913
2002-11-08,2.001
2002-11-07,2.0206
2002-11-06,2.0498
2002-11-05,2.0206
2002-11-04,2.0206
2002-11-01,1.9815
2002-10-31,1.9815
2002-10-30,1.9522
2002-10-29,1.9718
2002-10-28,1.9913
2002-10-25,1.962
2002-10-24,1.8546
2002-10-23,1.8058
2002-10-22,1.7668
2002-10-21,1.7961
2002-10-18,1.7961
2002-10-17,1.8058
2002-10-16,1.7765
2002-10-15,1.8058
2002-10-14,1.7472
2002-10-11,1.8058
2002-10-10,1.8058
2002-10-09,1.8253
2002-10-08,1.8741
2002-10-07,1.8644
2002-10-04,1.9425
2002-10-03,1.9327
2002-10-02,1.9327
2002-10-01,1.9327
2002-09-30,1.9522
2002-09-27,2.0206
2002-09-26,2.0596
2002-09-25,2.0498
2002-09-24,2.001
2002-09-23,2.0694
2002-09-20,2.0889
2002-09-19,2.1182
2002-09-18,2.1475
2002-09-17,2.1865
2002-09-16,2.1865
2002-09-13,2.1963
2002-09-12,2.1963
2002-09-11,2.1963
2002-09-10,2.1963
2002-09-09,2.1963
2002-09-06,2.2158
2002-09-05,2.1865
2002-09-04,2.1865
2002-09-03,2.1475
2002-09-02,2.1767
2002-08-30,2.167
2002-08-29,2.1865
2002-08-28,2.1963
2002-08-27,2.2158
2002-08-26,2.2158
2002-08-23,2.1767
2002-08-22,2.1572
2002-08-21,2.1084
2002-08-20,2.1475
2002-08-19,2.1182
2002-08-16,2.1475
2002-08-15,2.1475
2002-08-14,2.1475
2002-08-13,2.1865
2002-08-12,2.2158
2002-08-09,2.1963
2002-08-08,2.1377
2002-08-07,2.1182
2002-08-06,2.1475
2002-08-05,2.1279
2002-08-02,2.2255
2002-08-01,2.2939
2002-07-31,2.2939
2002-07-30,2.2646
2002-07-29,2.2841
2002-07-26,2.2548
2002-07-25,2.2841
2002-07-24,2.2744
2002-07-23,2.2841
2002-07-22,2.372
2002-07-19,2.4305
2002-07-18,2.4501
2002-07-17,2.4403
2002-07-16,2.4501
2002-07-15,2.3817
2002-07-12,2.411
2002-07-11,2.411
2002-07-10,2.4305
2002-07-09,2.4208
2002-07-08,2.411
2002-07-05,2.3817
2002-07-04,2.3524
2002-07-03,2.3524
2002-07-02,2.4012
2002-07-01,2.4208
2002-06-28,2.4012
2002-06-27,2.3915
2002-06-26,2.372
2002-06-25,2.3622
2002-06-24,2.3232
2002-06-21,2.372
2002-06-20,2.3817
2002-06-19,2.4012
2002-06-18,2.4012
2002-06-17,2.4208
2002-06-14,2.4305
2002-06-13,2.4501
2002-06-12,2.4501
2002-06-11,2.4501
2002-06-10,2.4305
2002-06-07,2.4305
2002-06-06,2.4305
2002-06-05,2.4501
2002-06-04,2.411
2002-06-03,2.4208
2002-05-31,2.4012
2002-05-30,2.4696
2002-05-29,2.4696
2002-05-28,2.411
2002-05-27,2.411
2002-05-24,2.4208
2002-05-23,2.3915
2002-05-22,2.372
2002-05-21,2.3915
2002-05-20,2.411
2002-05-17,2.4208
2002-05-16,2.4403
2002-05-15,2.411
2002-05-14,2.4012
2002-05-13,2.2939
2002-05-10,2.3427
2002-05-09,2.3329
2002-05-08,2.3427
2002-05-07,2.2646
2002-05-06,2.2939
2002-05-03,2.3524
2002-05-02,2.3817
2002-05-01,2.4012
2002-04-30,2.4012
2002-04-29,2.5379
2002-04-26,2.5574
2002-04-25,2.5574
2002-04-24,2.5574
2002-04-23,2.5672
2002-04-22,2.5672
2002-04-19,2.6258
2002-04-18,2.6258
2002-04-17,2.616
2002-04-16,2.6258
2002-04-15,2.6258
2002-04-12,2.6062
2002-04-11,2.6062
2002-04-10,2.6258
2002-04-09,2.655
2002-04-08,2.655
2002-04-05,2.6453
2002-04-04,2.6453
2002-04-03,2.655
2002-04-02,2.6648
2002-04-01,2.6746
2002-03-29,2.6746
2002-03-28,2.6746
2002-03-27,2.6746
2002-03-26,2.655
2002-03-25,2.6453
2002-03-22,2.6453
2002-03-21,2.616
2002-03-20,2.6258
2002-03-19,2.6746
2002-03-18,2.6355
2002-03-15,2.616
2002-03-14,2.616
2002-03-13,2.5477
2002-03-12,2.5379
2002-03-11,2.5477
2002-03-08,2.5769
2002-03-07,2.5379
2002-03-06,2.5574
2002-03-05,2.5086
2002-03-04,2.5184
2002-03-01,2.4012
2002-02-28,2.3915
2002-02-27,2.3622
2002-02-26,2.3232
2002-02-25,2.3134
2002-02-22,2.411
2002-02-21,2.5086
2002-02-20,2.5184
2002-02-19,2.5086
2002-02-18,2.5379
2002-02-15,2.4793
2002-02-14,2.5965
2002-02-13,2.6258
2002-02-12,2.5672
2002-02-11,2.5672
2002-02-08,2.5184
2002-02-07,2.4891
2002-02-06,2.5281
2002-02-05,2.4793
2002-02-04,2.4793
2002-02-01,2.4793
2002-01-31,2.4012
2002-01-30,2.3915
2002-01-29,2.4012
2002-01-28,2.4012
2002-01-25,2.3915
2002-01-24,2.4403
2002-01-23,2.4501
2002-01-22,2.4598
2002-01-21,2.4012
2002-01-18,2.3915
2002-01-17,2.2939
2002-01-16,2.3622
2002-01-15,2.2158
2002-01-14,2.167
2002-01-11,2.1182
2002-01-10,2.1572
2002-01-09,2.1963
2002-01-08,2.2451
2002-01-07,2.2158
2002-01-04,2.2158
2002-01-03,2.2158
2002-01-02,2.1865
2002-01-01,2.206
2001-12-31,2.206
2001-12-28,2.206
2001-12-27,2.1767
2001-12-26,2.1963
2001-12-25,2.1963
2001-12-24,2.1963
2001-12-21,2.1963
2001-12-20,2.1767
2001-12-19,2.2255
2001-12-18,2.3134
2001-12-17,2.3232
2001-12-14,2.3134
2001-12-13,2.3036
2001-12-12,2.3036
2001-12-11,2.3036
2001-12-10,2.3036
2001-12-07,2.3134
2001-12-06,2.3427
2001-12-05,2.3232
2001-12-04,2.3036
2001-12-03,2.3232
2001-11-30,2.3622
2001-11-29,2.372
2001-11-28,2.3427
2001-11-27,2.3622
2001-11-26,2.3232
2001-11-23,2.3427
2001-11-22,2.3622
2001-11-21,2.372
2001-11-20,2.3915
2001-11-19,2.3915
2001-11-16,2.3427
2001-11-15,2.3817
2001-11-14,2.3817
2001-11-13,2.3915
2001-11-12,2.372
2001-11-09,2.3622
2001-11-08,2.4305
2001-11-07,2.4012
2001-11-06,2.4598
2001-11-05,2.3915
2001-11-02,2.4012
2001-11-01,2.3427
2001-10-31,2.3427
2001-10-30,2.2744
2001-10-29,2.2841
2001-10-26,2.3329
2001-10-25,2.3329
2001-10-24,2.3622
2001-10-23,2.3817
2001-10-22,2.3622
2001-10-19,2.2744
2001-10-18,2.2744
2001-10-17,2.2744
2001-10-16,2.2158
2001-10-15,2.2158
2001-10-12,2.2548
2001-10-11,2.2451
2001-10-10,2.167
2001-10-09,2.1377
2001-10-08,2.1182
2001-10-05,2.206
2001-10-04,2.206
2001-10-03,2.1767
2001-10-02,2.1865
2001-10-01,2.1182
2001-09-28,2.1475
2001-09-27,2.1475
2001-09-26,2.0401
2001-09-25,2.0303
2001-09-24,2.0206
2001-09-21,2.0498
2001-09-20,1.9718
2001-09-19,2.1084
2001-09-18,2.0401
2001-09-17,1.9718
2001-09-14,1.9718
2001-09-13,2.0206
2001-09-12,1.9815
2001-09-11,2.0206
2001-09-10,2.1572
2001-09-07,2.2255
2001-09-06,2.3036
2001-09-05,2.3134
2001-09-04,2.3329
2001-09-03,2.3427
2001-08-31,2.3915
2001-08-30,2.3915
2001-08-29,2.3524
2001-08-28,2.3524
2001-08-27,2.372
2001-08-24,2.3524
2001-08-23,2.3622
2001-08-22,2.3915
2001-08-21,2.4403
2001-08-20,2.4403
2001-08-17,2.4598
2001-08-16,2.5184
2001-08-15,2.5184
2001-08-14,2.5184
2001-08-13,2.4891
2001-08-10,2.5379
2001-08-09,2.5379
2001-08-08,2.5379
2001-08-07,2.5574
2001-08-06,2.5769
2001-08-03,2.5477
2001-08-02,2.6355
2001-08-01,2.5867
2001-07-31,2.6453
2001-07-30,2.6648
2001-07-27,2.6843
2001-07-26,2.6843
2001-07-25,2.6062
2001-07-24,2.6062
2001-07-23,2.6355
2001-07-20,2.6453
2001-07-19,2.6941
2001-07-18,2.6941
2001-07-17,2.6746
2001-07-16,2.7038
2001-07-13,2.6941
2001-07-12,2.6941
2001-07-11,2.6453
2001-07-10,2.7038
2001-07-09,2.6258
2001-07-06,2.6355
2001-07-05,2.655
2001-07-04,2.6648
2001-07-03,2.6843
2001-07-02,2.655
2001-06-29,2.6746
2001-06-28,2.7331
2001-06-27,2.7234
2001-06-26,2.6843
2001-06-25,2.6648
2001-06-22,2.7038
2001-06-21,2.6843
2001-06-20,2.7331
2001-06-19,2.7917
2001-06-18,2.7624
2001-06-15,2.9186
2001-06-14,2.9088
2001-06-13,2.9088
2001-06-12,2.9283
2001-06-11,2.9674
2001-06-08,3.065
2001-06-07,3.065
2001-06-06,3.104
2001-06-05,3.0845
2001-06-04,3.065
2001-06-01,3.0943
2001-05-31,3.0748
2001-05-30,3.1138
2001-05-29,3.1529
2001-05-28,3.1236
2001-05-25,3.1138
2001-05-24,3.104
2001-05-23,3.104
2001-05-22,3.104
2001-05-21,3.1333
2001-05-18,3.1333
2001-05-17,3.1626
2001-05-16,3.1431
2001-05-15,3.1236
2001-05-14,3.1529
2001-05-11,3.1529
2001-05-10,3.1626
2001-05-09,3.1529
2001-05-08,3.1529
2001-05-07,3.1529
2001-05-04,3.1529
2001-05-03,3.1724
2001-05-02,3.1724
2001-05-01,3.1626
2001-04-30,3.1626
2001-04-27,3.0357
2001-04-26,3.0064
2001-04-25,2.9869
2001-04-24,2.9869
2001-04-23,2.9869
2001-04-20,3.026
2001-04-19,3.1138
2001-04-18,3.1236
2001-04-17,3.0943
2001-04-16,3.1236
2001-04-13,3.1236
2001-04-12,3.1236
2001-04-11,3.1138
2001-04-10,3.1138
2001-04-09,3.065
2001-04-06,3.0748
2001-04-05,3.104
2001-04-04,3.026
2001-04-03,3.0748
2001-04-02,3.1431
2001-03-30,3.2309
2001-03-29,3.2602
2001-03-28,3.1626
2001-03-27,3.2212
2001-03-26,3.2212
2001-03-23,3.1821
2001-03-22,3.0455
2001-03-21,3.1821
2001-03-20,3.2505
2001-03-19,3.2505
2001-03-16,3.3286
2001-03-15,3.4652
2001-03-14,23.4
2001-03-13,3.4652
2001-03-12,3.475
2001-03-09,3.4652
2001-03-08,3.475
2001-03-07,3.514
2001-03-06,3.5433
2001-03-05,3.4847
2001-03-02,3.5043
2001-03-01,3.5043
2001-02-28,3.4555
2001-02-27,3.4847
2001-02-26,3.4847
2001-02-23,3.4945
2001-02-22,3.4847
2001-02-21,3.4945
2001-02-20,3.5628
2001-02-19,3.514
2001-02-16,3.5433
2001-02-15,3.6116
2001-02-14,3.6116
2001-02-13,3.5921
2001-02-12,3.6116
2001-02-09,3.5726
2001-02-08,3.5921
2001-02-07,3.6116
2001-02-06,3.6214
2001-02-05,3.6507
2001-02-02,3.6995
2001-02-01,3.6897
2001-01-31,3.8069
2001-01-30,3.7483
2001-01-29,3.719
2001-01-26,31.5625
2001-01-25,3.7971
2001-01-24,30.25
2001-01-23,3.6604
2001-01-22,3.6897
2001-01-19,3.6409
2001-01-18,3.6116
2001-01-17,3.6312
2001-01-16,3.5823
2001-01-15,3.5628
2001-01-12,3.514
2001-01-11,3.4847
2001-01-10,3.475
2001-01-09,3.4652
2001-01-08,3.475
2001-01-05,3.514
2001-01-04,3.4945
2001-01-03,3.309
2001-01-02,3.3578
2001-01-01,3.2602
2000-12-29,3.2602
2000-12-28,3.2602
2000-12-27,3.3188
2000-12-26,35.4375
2000-12-22,3.3383
2000-12-21,3.3578
2000-12-20,3.3676
2000-12-19,3.4652
2000-12-18,3.4555
2000-12-15,3.4164
2000-12-14,3.4262
2000-12-13,3.4262
2000-12-12,3.4066
2000-12-11,3.4164
2000-12-08,3.3969
2000-12-07,3.3969
2000-12-06,3.4262
2000-12-05,3.514
2000-12-04,3.4555
2000-12-01,3.5335
2000-11-30,3.5335
2000-11-29,3.5823
2000-11-28,3.5726
2000-11-27,3.5921
2000-11-24,3.6312
2000-11-23,3.6116
2000-11-22,3.6507
2000-11-21,3.7092
2000-11-20,3.6604
2000-11-17,3.6995
2000-11-16,3.6995
2000-11-15,3.7092
2000-11-14,3.6995
2000-11-13,3.6604
2000-11-10,3.6604
2000-11-09,3.7092
2000-11-08,3.6995
2000-11-07,3.7288
2000-11-06,3.6897
2000-11-03,3.7483
2000-11-02,3.7776
2000-11-01,3.7288
2000-10-31,3.7288
2000-10-30,3.7288
2000-10-27,3.8947
2000-10-26,3.8264
2000-10-25,3.924
2000-10-24,3.9045
2000-10-23,3.758
2000-10-20,3.7971
2000-10-19,3.8752
2000-10-18,3.7776
2000-10-17,3.8069
2000-10-16,3.8069
2000-10-13,3.7873
2000-10-12,3.8069
2000-10-11,3.8166
2000-10-10,3.8947
2000-10-09,3.9045
2000-10-06,3.9533
2000-10-05,3.9728
2000-10-04,3.9728
2000-10-03,3.9533
2000-10-02,3.9728
2000-09-29,3.924
2000-09-28,3.9337
2000-09-27,3.9045
2000-09-26,3.8361
2000-09-25,3.8752
2000-09-22,3.9045
2000-09-21,3.8557
2000-09-20,3.8361
2000-09-19,3.8557
2000-09-18,3.9045
2000-09-15,3.9142
2000-09-14,3.924
2000-09-13,3.9435
2000-09-12,3.9337
2000-09-11,3.9337
2000-09-08,3.924
2000-09-07,3.9045
2000-09-06,3.924
2000-09-05,3.9337
2000-09-04,3.9533
2000-09-01,3.9142
2000-08-31,3.9045
2000-08-30,3.9142
2000-08-29,3.9142
2000-08-28,3.9045
2000-08-25,3.9045
2000-08-24,3.9337
2000-08-23,3.8849
2000-08-22,3.8654
2000-08-21,3.8361
2000-08-18,3.8166
2000-08-17,3.8166
2000-08-16,3.8069
2000-08-15,3.8361
2000-08-14,3.8361
2000-08-11,3.7776
2000-08-10,3.758
2000-08-09,3.7678
2000-08-08,3.7776
2000-08-07,3.7873
2000-08-04,3.758
2000-08-03,3.7678
2000-08-02,3.758
2000-08-01,3.758
2000-07-31,3.7288
2000-07-28,3.7092
2000-07-27,3.7483
2000-07-26,3.7483
2000-07-25,3.7385
2000-07-24,3.6995
2000-07-21,3.6995
2000-07-20,3.7385
2000-07-19,3.7385
2000-07-18,3.6409
2000-07-17,3.5433
2000-07-14,3.514
2000-07-13,3.514
2000-07-12,3.5628
2000-07-11,3.514
2000-07-10,3.514
2000-07-07,3.5921
2000-07-06,3.5921
2000-07-05,3.6019
2000-07-04,3.6214
2000-07-03,3.6019
2000-06-30,3.6116
2000-06-29,3.5238
2000-06-28,3.5921
2000-06-27,3.5726
2000-06-26,3.6312
2000-06-23,3.6604
2000-06-22,3.6604
2000-06-21,3.6604
2000-06-20,3.6312
2000-06-19,3.6507
2000-06-16,3.6507
2000-06-15,3.6312
2000-06-14,3.6995
2000-06-13,3.6312
2000-06-12,3.6409
2000-06-09,3.6116
2000-06-08,3.5433
2000-06-07,3.4847
2000-06-06,3.514
2000-06-05,3.5043
2000-06-02,3.5726
2000-06-01,3.6312
2000-05-31,3.4457
2000-05-30,3.4457
2000-05-29,3.4359
2000-05-26,3.4457
2000-05-25,3.4847
2000-05-24,3.5043
2000-05-23,3.4652
2000-05-22,3.4262
2000-05-19,3.4652
2000-05-18,3.4945
2000-05-17,3.4945
2000-05-16,3.514
2000-05-15,3.5531
2000-05-12,3.5531
2000-05-11,3.5238
2000-05-10,3.5726
2000-05-09,3.5726
2000-05-08,3.5726
2000-05-05,3.5335
2000-05-04,3.5628
2000-05-03,3.5043
2000-05-02,3.4847
2000-05-01,3.4945
2000-04-28,3.4945
2000-04-27,3.3188
2000-04-26,3.3286
2000-04-25,3.3481
2000-04-24,3.3481
2000-04-21,3.3481
2000-04-20,3.3481
2000-04-19,3.3774
2000-04-18,3.4262
2000-04-17,3.4555
2000-04-14,3.5433
2000-04-13,3.5628
2000-04-12,3.5531
2000-04-11,3.5335
2000-04-10,3.5628
2000-04-07,3.6116
2000-04-06,3.6507
2000-04-05,3.758
2000-04-04,3.7971
2000-04-03,3.758
2000-03-31,3.6214
2000-03-30,3.758
2000-03-29,3.924
2000-03-28,3.4847
2000-03-27,3.514
2000-03-24,3.5238
2000-03-23,3.514
2000-03-22,3.4945
2000-03-21,3.5433
2000-03-20,3.5531
2000-03-17,3.6507
2000-03-16,3.6312
2000-03-15,3.5921
2000-03-14,3.5921
2000-03-13,3.6116
2000-03-10,3.6116
2000-03-09,3.475
2000-03-08,3.5335
2000-03-07,3.6897
2000-03-06,3.6897
2000-03-03,3.7288
2000-03-02,3.6995
2000-03-01,3.7092
2000-02-29,3.7678
2000-02-28,3.8459
2000-02-25,3.8069
2000-02-24,3.7776
2000-02-23,3.8069
2000-02-22,3.7776
2000-02-21,3.7971
2000-02-18,3.8361
2000-02-17,3.8459
2000-02-16,3.8459
2000-02-15,3.8849
2000-02-14,3.8459
2000-02-11,3.8849
2000-02-10,3.9045
2000-02-09,3.9435
2000-02-08,3.9045
2000-02-07,3.924
2000-02-04,3.924
2000-02-03,3.924
2000-02-02,3.8849
2000-02-01,3.8361
2000-01-31,3.8557
2000-01-28,3.8849
2000-01-27,3.8947
2000-01-26,3.9142
2000-01-25,3.9045
2000-01-24,3.963
2000-01-21,4.0021
2000-01-20,4.0216
2000-01-19,3.9826
2000-01-18,4.2949
2000-01-17,4.2949
2000-01-14,4.2949
2000-01-13,4.0704
2000-01-12,4.0802
2000-01-11,4.129
2000-01-10,4.0118
2000-01-07,4.0411
2000-01-06,3.963
2000-01-05,3.8947
2000-01-04,3.963
2000-01-03,4.0899
