,cor:pl
2018-11-23,9.23
2018-11-22,9.1
2018-11-21,9.07
2018-11-20,9.11
2018-11-19,9.27
2018-11-16,9.14
2018-11-15,9.09
2018-11-14,9.38
2018-11-13,9.56
2018-11-12,9.5
2018-11-09,9.59
2018-11-08,9.91
2018-11-07,9.77
2018-11-06,9.6
2018-11-05,9.8
2018-11-02,9.75
2018-11-01,9.7
2018-10-31,9.7
2018-10-30,9.53
2018-10-29,9.73
2018-10-26,9.81
2018-10-25,9.97
2018-10-24,9.92
2018-10-23,9.62
2018-10-22,9.92
2018-10-19,9.88
2018-10-18,10.16
2018-10-17,10.02
2018-10-16,10.16
2018-10-15,10.18
2018-10-12,10.38
2018-10-11,10.34
2018-10-10,10.46
2018-10-09,10.8
2018-10-08,10.9
2018-10-05,11.1
2018-10-04,11.32
2018-10-03,11.4
2018-10-02,11.46
2018-10-01,11.68
2018-09-28,11.5
2018-09-27,11.52
2018-09-26,11.46
2018-09-25,11.54
2018-09-24,11.42
2018-09-21,11.64
2018-09-20,11.62
2018-09-19,11.44
2018-09-18,11.46
2018-09-17,11.28
2018-09-14,11.22
2018-09-13,11.18
2018-09-12,11.2
2018-09-11,11.32
2018-09-10,11.14
2018-09-07,11.2
2018-09-06,11.2
2018-09-05,10.96
2018-09-04,11.2
2018-09-03,11.28
2018-08-31,11.5
2018-08-30,11.26
2018-08-29,11.12
2018-08-28,10.9
2018-08-27,10.92
2018-08-24,10.8
2018-08-23,10.9
2018-08-22,10.82
2018-08-21,10.78
2018-08-20,10.9
2018-08-17,10.82
2018-08-16,10.82
2018-08-15,10.72
2018-08-14,10.64
2018-08-13,10.54
2018-08-10,10.64
2018-08-09,10.62
2018-08-08,10.64
2018-08-07,10.64
2018-08-06,10.64
2018-08-03,10.6
2018-08-02,10.96
2018-08-01,11.32
2018-07-31,11.3
2018-07-30,11.4
2018-07-27,11.48
2018-07-26,11.28
2018-07-25,11.14
2018-07-24,11.16
2018-07-23,11.14
2018-07-20,11.18
2018-07-19,11.28
2018-07-18,11.16
2018-07-17,11.14
2018-07-16,11.28
2018-07-13,11.32
2018-07-12,11.38
2018-07-11,11.42
2018-07-10,11.58
2018-07-09,11.38
2018-07-06,11.18
2018-07-05,11.14
2018-07-04,11.12
2018-07-03,11.2
2018-07-02,11.2
2018-06-29,11.22
2018-06-28,11.42
2018-06-27,11.52
2018-06-26,11.1
2018-06-25,10.96
2018-06-23,11.28
2018-06-22,11.28
2018-06-21,11.36
2018-06-20,11.52
2018-06-19,11.5
2018-06-18,11.34
2018-06-15,11.1
2018-06-14,11.26
2018-06-13,11.38
2018-06-12,11.42
2018-06-11,11.38
2018-06-08,11.44
2018-06-07,11.22
2018-06-06,11.4
2018-06-05,11.58
2018-06-04,11.4
2018-06-01,11.32
2018-05-31,11.34
2018-05-30,11.44
2018-05-29,11.42
2018-05-28,11.78
2018-05-25,11.66
2018-05-24,11.72
2018-05-23,11.7
2018-05-22,11.96
2018-05-21,11.5
2018-05-18,11.4
2018-05-17,11.46
2018-05-16,11.28
2018-05-15,11.32
2018-05-14,11.38
2018-05-11,11.32
2018-05-10,11.28
2018-05-08,11.2
2018-05-07,11.14
2018-05-04,10.94
2018-05-03,11.1
2018-05-02,11.04
2018-04-30,11.02
2018-04-27,11.0
2018-04-26,10.9
2018-04-25,11.0
2018-04-24,11.18
2018-04-23,11.1
2018-04-20,11.3
2018-04-19,11.38
2018-04-18,11.42
2018-04-17,11.4
2018-04-16,11.36
2018-04-13,11.42
2018-04-12,11.44
2018-04-11,11.36
2018-04-10,11.36
2018-04-09,11.16
2018-04-06,10.98
2018-04-05,10.64
2018-04-04,10.58
2018-04-03,10.72
2018-03-29,10.4
2018-03-28,10.36
2018-03-27,10.38
2018-03-26,10.32
2018-03-23,10.16
2018-03-22,10.16
2018-03-21,10.06
2018-03-20,10.06
2018-03-19,10.1
2018-03-16,10.26
2018-03-15,10.1
2018-03-14,10.1
2018-03-13,10.0
2018-03-12,10.12
2018-03-09,10.02
2018-03-08,10.0
2018-03-07,9.95
2018-03-06,10.02
2018-03-05,9.93
2018-03-02,9.74
2018-03-01,9.92
2018-02-28,10.2
2018-02-27,10.08
2018-02-26,10.26
2018-02-23,10.3
2018-02-22,10.24
2018-02-21,10.36
2018-02-20,10.34
2018-02-19,10.4
2018-02-16,10.28
2018-02-15,10.22
2018-02-14,10.22
2018-02-13,10.04
2018-02-12,9.85
2018-02-09,9.88
2018-02-08,9.92
2018-02-07,10.1
2018-02-06,10.2
2018-02-05,10.12
2018-02-02,10.0
2018-02-01,10.12
2018-01-31,10.34
2018-01-30,10.3
2018-01-29,10.34
2018-01-26,10.32
2018-01-25,10.24
2018-01-24,10.28
2018-01-23,10.4
2018-01-22,10.4
2018-01-19,10.44
2018-01-18,10.5
2018-01-17,10.4
2018-01-16,10.42
2018-01-15,10.42
2018-01-12,10.4
2018-01-11,10.82
2018-01-10,10.9
2018-01-09,10.9
2018-01-08,10.76
2018-01-05,10.82
2018-01-04,11.0
2018-01-03,11.02
2018-01-02,10.84
2017-12-29,10.3
2017-12-28,10.305
2017-12-27,10.52
2017-12-22,10.85
2017-12-21,10.92
2017-12-20,10.84
2017-12-19,11.175
2017-12-18,11.3
2017-12-15,11.385
2017-12-14,11.465
2017-12-13,11.43
2017-12-12,11.47
2017-12-11,11.455
2017-12-08,11.37
2017-12-07,11.78
2017-12-06,11.6
2017-12-05,11.81
2017-12-04,11.645
2017-12-01,11.65
2017-11-30,11.655
2017-11-29,11.62
2017-11-28,11.565
2017-11-27,11.585
2017-11-24,11.67
2017-11-23,11.705
2017-11-22,11.64
2017-11-21,11.75
2017-11-20,11.435
2017-11-17,11.235
2017-11-16,11.29
2017-11-15,11.26
2017-11-14,11.27
2017-11-13,11.205
2017-11-10,11.585
2017-11-09,11.74
2017-11-08,11.86
2017-11-07,11.82
2017-11-06,11.75
2017-11-03,11.785
2017-11-02,11.735
2017-11-01,11.855
2017-10-31,11.97
2017-10-30,11.775
2017-10-27,11.705
2017-10-26,11.54
2017-10-25,11.49
2017-10-24,11.6
2017-10-23,11.615
2017-10-20,11.57
2017-10-19,11.72
2017-10-18,11.88
2017-10-17,11.9
2017-10-16,11.98
2017-10-13,12.15
2017-10-12,12.135
2017-10-11,12.19
2017-10-10,12.175
2017-10-09,12.065
2017-10-06,12.14
2017-10-05,12.245
2017-10-04,12.11
2017-10-03,12.105
2017-10-02,11.76
2017-09-29,11.865
2017-09-28,11.69
2017-09-27,11.6
2017-09-26,11.6
2017-09-25,11.61
2017-09-22,11.65
2017-09-21,11.6
2017-09-20,11.53
2017-09-19,11.515
2017-09-18,11.575
2017-09-15,11.49
2017-09-14,11.37
2017-09-13,11.495
2017-09-12,11.5
2017-09-11,11.425
2017-09-08,11.225
2017-09-07,11.135
2017-09-06,11.295
2017-09-05,11.315
2017-09-04,11.315
2017-09-01,11.645
2017-08-31,11.435
2017-08-30,11.27
2017-08-29,11.24
2017-08-28,11.27
2017-08-25,11.455
2017-08-24,11.355
2017-08-23,11.445
2017-08-22,11.3
2017-08-21,11.21
2017-08-18,11.155
2017-08-17,11.28
2017-08-16,11.165
2017-08-15,11.155
2017-08-14,11.2
2017-08-11,11.06
2017-08-10,11.13
2017-08-09,11.265
2017-08-08,11.42
2017-08-07,11.415
2017-08-04,11.58
2017-08-03,11.6
2017-08-02,11.57
2017-08-01,11.865
2017-07-31,11.8
2017-07-28,11.925
2017-07-27,11.75
2017-07-26,12.0
2017-07-25,12.45
2017-07-24,12.435
2017-07-21,12.365
2017-07-20,12.215
2017-07-19,12.25
2017-07-18,12.515
2017-07-17,12.495
2017-07-14,12.365
2017-07-13,12.435
2017-07-12,12.535
2017-07-11,12.66
2017-07-10,12.615
2017-07-07,12.575
2017-07-06,12.69
2017-07-05,12.71
2017-07-04,12.64
2017-07-03,12.785
2017-06-30,12.86
2017-06-29,12.785
2017-06-28,13.065
2017-06-27,13.05
2017-06-26,13.11
2017-06-23,12.96
2017-06-22,13.07
2017-06-21,13.17
2017-06-20,13.175
2017-06-19,13.1
2017-06-16,12.8
2017-06-15,12.8
2017-06-14,12.735
2017-06-13,12.405
2017-06-12,12.46
2017-06-09,12.65
2017-06-08,12.8
2017-06-07,12.765
2017-06-06,12.65
2017-06-05,12.585
2017-06-02,12.66
2017-06-01,12.25
2017-05-31,12.12
2017-05-30,11.69
2017-05-29,11.7
2017-05-26,11.505
2017-05-25,11.615
2017-05-24,11.66
2017-05-23,11.34
2017-05-22,11.19
2017-05-19,11.05
2017-05-18,10.82
2017-05-17,10.98
2017-05-16,11.34
2017-05-15,11.245
2017-05-12,11.4
2017-05-11,11.27
2017-05-10,11.18
2017-05-09,11.175
2017-05-08,11.225
2017-05-05,11.605
2017-05-04,11.945
2017-05-03,11.395
2017-05-02,11.0
2017-04-28,11.0
2017-04-27,10.75
2017-04-26,10.805
2017-04-25,10.635
2017-04-24,10.565
2017-04-21,10.34
2017-04-20,10.41
2017-04-19,10.4
2017-04-18,10.5
2017-04-13,10.615
2017-04-12,10.64
2017-04-11,10.59
2017-04-10,10.76
2017-04-07,10.605
2017-04-06,10.685
2017-04-05,10.75
2017-04-04,10.73
2017-04-03,10.245
2017-03-31,10.0
2017-03-30,10.015
2017-03-29,9.96
2017-03-28,9.986
2017-03-27,9.83
2017-03-24,9.882
2017-03-23,9.965
2017-03-22,10.0
2017-03-21,10.07
2017-03-20,10.1
2017-03-17,10.14
2017-03-16,9.858
2017-03-15,9.803
2017-03-14,9.788
2017-03-13,9.863
2017-03-10,9.861
2017-03-09,9.93
2017-03-08,9.83
2017-03-07,9.714
2017-03-06,9.65
2017-03-03,9.713
2017-03-02,9.676
2017-03-01,9.722
2017-02-28,9.676
2017-02-27,9.653
2017-02-24,9.65
2017-02-23,9.768
2017-02-22,9.82
2017-02-21,9.72
2017-02-20,9.66
2017-02-17,9.619
2017-02-16,9.7
2017-02-15,9.69
2017-02-14,9.672
2017-02-13,9.66
2017-02-10,9.43
2017-02-09,9.325
2017-02-08,9.096
2017-02-07,8.868
2017-02-06,8.91
2017-02-03,8.92
2017-02-02,8.983
2017-02-01,8.81
2017-01-31,8.71
2017-01-30,8.855
2017-01-27,9.018
2017-01-26,8.889
2017-01-25,8.637
2017-01-24,8.81
2017-01-23,8.623
2017-01-20,8.536
2017-01-19,8.5
2017-01-18,8.457
2017-01-17,8.465
2017-01-16,8.603
2017-01-15,8.603
2017-01-13,8.674
2017-01-12,8.721
2017-01-11,8.714
2017-01-10,8.679
2017-01-09,8.7
2017-01-06,8.76
2017-01-05,8.826
2017-01-04,8.783
2017-01-03,8.65
2017-01-02,8.69
2016-12-31,8.985
2016-12-30,8.5
2016-12-29,8.489
2016-12-28,8.422
2016-12-27,8.45
2016-12-23,8.35
2016-12-22,8.279
2016-12-21,8.172
2016-12-20,8.17
2016-12-19,8.009
2016-12-16,7.984
2016-12-15,7.954
2016-12-14,7.94
2016-12-13,8.0
2016-12-12,7.9
2016-12-09,7.909
2016-12-08,7.93
2016-12-07,7.898
2016-12-06,7.757
2016-12-05,7.72
2016-12-02,7.64
2016-12-01,7.756
2016-11-30,8.0
2016-11-29,8.038
2016-11-28,8.128
2016-11-25,8.181
2016-11-24,8.18
2016-11-23,8.19
2016-11-22,8.189
2016-11-21,8.187
2016-11-18,8.199
2016-11-17,8.2
2016-11-16,8.155
2016-11-15,8.155
2016-11-14,8.155
2016-11-11,8.2
2016-11-10,8.287
2016-11-09,8.269
2016-11-08,8.107
2016-11-07,8.201
2016-11-04,7.966
2016-11-03,8.645
2016-11-02,8.784
2016-11-01,9.012
2016-10-31,9.145
2016-10-28,9.184
2016-10-27,9.158
2016-10-26,9.408
2016-10-25,9.487
2016-10-24,9.6
2016-10-21,9.58
2016-10-20,9.588
2016-10-19,9.499
2016-10-18,9.66
2016-10-17,9.5
2016-10-14,9.101
2016-10-13,9.025
2016-10-12,9.14
2016-10-11,8.928
2016-10-10,8.9
2016-10-07,8.89
2016-10-06,8.94
2016-10-05,8.86
2016-10-04,8.69
2016-10-03,8.697
2016-09-30,8.663
2016-09-29,8.729
2016-09-28,8.75
2016-09-27,8.7
2016-09-26,8.66
2016-09-23,8.462
2016-09-22,8.499
2016-09-21,8.419
2016-09-20,8.303
2016-09-19,8.494
2016-09-16,8.0
2016-09-15,8.3
2016-09-14,8.255
2016-09-13,8.184
2016-09-12,8.15
2016-09-09,8.344
2016-09-08,8.461
2016-09-07,8.46
2016-09-06,8.37
2016-09-05,8.19
2016-09-02,8.04
2016-09-01,8.217
2016-08-31,7.798
2016-08-30,7.854
2016-08-29,7.84
2016-08-26,7.85
2016-08-25,7.88
2016-08-24,7.937
2016-08-23,7.968
2016-08-22,8.27
2016-08-19,8.206
2016-08-18,8.386
2016-08-17,8.418
2016-08-16,8.515
2016-08-15,8.638
2016-08-12,8.331
2016-08-11,8.243
2016-08-10,8.24
2016-08-09,8.088
2016-08-08,7.855
2016-08-05,7.95
2016-08-04,7.77
2016-08-03,7.641
2016-08-02,7.461
2016-08-01,7.299
2016-07-29,7.2
2016-07-28,7.2
2016-07-27,7.25
2016-07-26,7.18
2016-07-25,7.2
2016-07-22,7.145
2016-07-21,7.15
2016-07-20,7.15
2016-07-19,7.17
2016-07-18,7.16
2016-07-15,7.18
2016-07-14,7.213
2016-07-13,7.214
2016-07-12,7.28
2016-07-11,7.211
2016-07-08,7.22
2016-07-07,7.27
2016-07-06,7.233
2016-07-05,7.288
2016-07-04,7.274
2016-07-01,7.279
2016-06-30,7.187
2016-06-28,7.174
2016-06-27,6.991
2016-06-24,7.186
2016-06-23,7.355
2016-06-22,7.12
2016-06-21,7.096
2016-06-20,6.903
2016-06-17,6.899
2016-06-16,6.87
2016-06-15,6.873
2016-06-14,6.971
2016-06-13,6.909
2016-06-10,7.001
2016-06-09,7.099
2016-06-08,7.212
2016-06-07,7.215
2016-06-06,7.274
2016-06-03,7.226
2016-06-02,7.212
2016-06-01,7.148
2016-05-31,7.17
2016-05-30,7.049
2016-05-27,6.929
2016-05-26,6.926
2016-05-25,7.05
2016-05-24,7.0
2016-05-23,7.037
2016-05-20,6.95
2016-05-19,6.91
2016-05-18,6.9
2016-05-17,6.872
2016-05-16,6.663
2016-05-13,6.6
2016-05-12,6.285
2016-05-11,6.318
2016-05-10,6.401
2016-05-09,6.29
2016-05-06,6.214
2016-05-05,6.106
2016-05-04,5.938
2016-05-03,6.0
2016-05-02,6.149
2016-04-29,6.124
2016-04-28,6.24
2016-04-27,6.249
2016-04-26,6.22
2016-04-25,6.523
2016-04-22,6.666
2016-04-21,6.7
2016-04-20,6.808
2016-04-19,6.8
2016-04-18,6.702
2016-04-15,6.75
2016-04-14,6.739
2016-04-13,6.742
2016-04-12,6.713
2016-04-11,6.8
2016-04-08,6.705
2016-04-07,6.77
2016-04-06,6.702
2016-04-05,6.759
2016-04-04,6.884
2016-04-01,6.606
2016-03-31,6.702
2016-03-30,6.703
2016-03-29,6.699
2016-03-24,6.779
2016-03-23,6.545
2016-03-22,6.681
2016-03-21,6.945
2016-03-18,6.986
2016-03-17,6.39
2016-03-16,6.285
2016-03-15,6.285
2016-03-14,6.189
2016-03-11,6.188
2016-03-10,6.188
2016-02-16,5.653
2016-02-15,5.894
2016-02-12,5.428
2016-02-11,5.399
2016-02-10,5.33
2016-02-09,5.39
2016-02-08,5.594
2016-02-05,5.59
2016-02-04,5.468
2016-02-03,5.5
2016-02-02,5.551
2016-02-01,5.65
2016-01-29,5.664
2016-01-28,5.711
2016-01-27,5.8
2016-01-26,5.812
2016-01-25,5.78
2016-01-22,5.825
2016-01-21,5.735
2016-01-20,6.11
2016-01-19,5.9
2016-01-18,6.212
2016-01-15,6.0
2016-01-14,6.164
2016-01-13,6.237
2016-01-12,6.16
2016-01-11,6.035
2016-01-08,5.919
2016-01-07,5.919
2016-01-06,5.866
2016-01-05,5.948
2016-01-04,5.95
2016-01-01,5.948
2015-12-31,5.948
2015-12-30,5.969
2015-12-29,5.845
2015-12-28,5.949
2015-12-25,5.994
2015-12-24,5.994
2015-12-23,5.9
2015-12-22,5.96
2015-12-21,5.432
2015-12-18,5.5
2015-12-17,5.5
2015-12-16,5.5
2015-12-15,5.49
2015-12-14,5.4
2015-12-11,5.406
2015-12-10,5.498
2015-12-09,5.5
2015-12-08,5.532
2015-12-07,5.638
2015-12-04,5.6
2015-12-03,5.601
2015-12-02,5.667
2015-12-01,5.684
2015-11-30,5.41
2015-11-27,5.31
2015-11-26,5.31
2015-11-25,5.503
2015-11-24,5.41
2015-11-23,5.499
2015-11-20,5.549
2015-11-19,5.33
2015-11-18,5.45
2015-11-17,5.466
2015-11-16,5.24
2015-11-13,5.19
2015-11-12,5.12
2015-11-11,5.092
2015-11-10,5.1
2015-11-09,5.01
2015-11-06,5.142
2015-11-05,5.267
2015-11-04,5.26
2015-11-03,5.158
2015-11-02,4.985
2015-10-30,4.9
2015-10-29,4.777
2015-10-28,4.848
2015-10-27,4.95
2015-10-26,4.95
2015-10-23,4.74
2015-10-22,4.74
2015-10-21,4.659
2015-10-20,4.61
2015-10-19,4.57
2015-10-16,4.6
2015-10-15,4.61
2015-10-14,4.66
2015-10-13,4.665
2015-10-12,4.67
2015-10-09,4.697
2015-10-08,4.569
2015-10-07,4.61
2015-10-06,4.68
2015-10-05,4.689
2015-10-02,4.624
2015-10-01,4.651
2015-09-30,4.601
2015-09-29,4.7
2015-09-28,4.82
2015-09-25,4.798
2015-09-24,4.8
2015-09-23,4.77
2015-09-22,4.779
2015-09-21,4.78
2015-09-18,4.79
2015-09-17,4.788
2015-09-16,4.7
2015-09-15,4.68
2015-09-14,4.7
2015-09-11,4.671
2015-09-10,4.76
2015-09-09,4.79
2015-09-08,4.79
2015-09-07,4.76
2015-09-04,4.79
2015-09-03,4.8
2015-09-02,4.848
2015-09-01,4.82
2015-08-31,4.751
2015-08-28,4.84
2015-08-27,4.84
2015-08-26,4.774
2015-08-25,4.7
2015-08-24,4.53
2015-08-21,4.742
2015-08-20,4.72
2015-08-19,4.731
2015-08-18,4.75
2015-08-17,4.687
2015-08-14,4.64
2015-08-13,4.678
2015-08-12,4.6
2015-08-11,4.65
2015-08-10,4.79
2015-08-07,4.749
2015-08-06,4.65
2015-08-05,4.7
2015-08-04,4.675
2015-08-03,4.544
2015-07-31,4.5
2015-07-30,4.36
2015-07-29,4.302
2015-07-28,4.312
2015-07-27,4.177
2015-07-24,4.129
2015-07-23,4.154
2015-07-22,4.154
2015-07-21,4.22
2015-07-20,4.21
2015-07-17,4.2
2015-07-16,4.108
2015-07-15,4.135
2015-07-14,4.12
2015-07-13,4.13
2015-07-10,4.099
2015-07-09,4.1
2015-07-08,4.0
2015-07-07,3.85
2015-07-06,3.95
2015-07-03,4.15
2015-07-02,4.05
2015-07-01,4.036
2015-06-30,3.89
2015-06-29,3.8
2015-06-26,3.841
2015-06-25,3.84
2015-06-24,3.82
2015-06-23,3.9
2015-06-22,3.89
2015-06-19,3.866
2015-06-18,3.904
2015-06-17,3.9
2015-06-16,3.802
2015-06-15,3.94
2015-06-12,4.0
2015-06-11,4.0
2015-06-10,3.801
2015-06-09,3.825
2015-06-08,3.99
2015-06-05,3.998
2015-06-04,4.0
2015-06-03,4.1
2015-06-02,4.19
2015-06-01,4.2
2015-05-29,4.22
2015-05-28,4.25
2015-05-27,4.248
2015-05-26,4.151
2015-05-25,4.072
2015-05-22,4.22
2015-05-21,4.22
2015-05-20,4.2
2015-05-19,4.19
2015-05-18,4.1
2015-05-15,4.14
2015-05-14,4.12
2015-05-13,4.138
2015-05-12,4.1
2015-05-11,4.139
2015-05-08,4.09
2015-05-07,4.05
2015-05-06,3.962
2015-05-05,4.068
2015-05-04,3.961
2015-05-01,4.04
2015-04-30,4.04
2015-04-29,4.057
2015-04-28,4.0
2015-04-27,4.03
2015-04-24,4.074
2015-04-23,4.055
2015-04-22,4.05
2015-04-21,4.05
2015-04-20,4.0
2015-04-17,4.007
2015-04-16,4.04
2015-04-15,4.165
2015-04-14,4.25
2015-04-13,4.2
2015-04-10,4.15
2015-04-09,4.122
2015-04-08,4.07
2015-04-07,4.06
2015-04-06,4.09
2015-04-03,4.09
2015-04-02,4.09
2015-04-01,4.09
2015-03-31,4.05
2015-03-30,4.01
2015-03-27,4.01
2015-03-26,4.0
2015-03-25,3.979
2015-03-24,3.99
2015-03-23,4.02
2015-03-20,4.02
2015-03-19,3.98
2015-03-18,4.0
2015-03-17,3.925
2015-03-16,3.99
2015-03-13,3.95
2015-03-12,4.05
2015-03-11,3.929
2015-03-10,3.95
2015-03-09,3.85
2015-03-06,3.8
2015-03-05,3.793
2015-03-04,3.719
2015-03-03,3.748
2015-03-02,3.84
2015-02-27,3.8
2015-02-26,3.84
2015-02-25,3.81
2015-02-24,3.8
2015-02-23,3.75
2015-02-20,3.7
2015-02-19,3.7
2015-02-18,3.55
2015-02-17,3.5
2015-02-16,3.498
2015-02-13,3.4
2015-02-12,3.385
2015-02-11,3.386
2015-02-10,3.386
2015-02-09,3.35
2015-02-06,3.4
2015-02-05,3.306
2015-02-04,3.31
2015-02-03,3.373
2015-02-02,3.253
2015-01-30,3.343
2015-01-29,3.299
2015-01-28,3.212
2015-01-27,3.212
2015-01-26,3.299
2015-01-23,3.27
2015-01-22,3.18
2015-01-21,3.298
2015-01-20,3.249
2015-01-19,3.29
2015-01-16,3.271
2015-01-15,3.25
2015-01-14,3.34
2015-01-13,3.33
2015-01-12,3.154
2015-01-09,3.1
2015-01-08,3.021
2015-01-07,3.0
2015-01-06,3.0
2015-01-05,3.002
2015-01-02,3.0
2015-01-01,3.02
2014-12-31,3.02
2014-12-30,3.02
2014-12-29,2.901
2014-12-26,2.997
2014-12-25,2.997
2014-12-24,2.997
2014-12-23,3.038
2014-12-22,3.0
2014-12-19,3.059
2014-12-18,3.05
2014-12-17,2.991
2014-12-16,3.001
2014-12-15,3.006
2014-12-12,3.006
2014-12-11,3.034
2014-12-10,3.0
2014-12-09,3.105
2014-12-08,3.19
2014-12-05,3.19
2014-12-04,3.1
2014-12-03,3.111
2014-12-02,3.18
2014-12-01,3.179
2014-11-28,3.16
2014-11-27,3.15
2014-11-26,3.08
2014-11-25,3.09
2014-11-24,3.12
2014-11-21,3.068
2014-11-20,3.08
2014-11-19,3.08
2014-11-18,3.12
2014-11-17,3.08
2014-11-14,3.12
2014-11-13,3.12
2014-11-12,3.099
2014-11-11,3.03
2014-11-10,3.111
2014-11-07,3.18
2014-11-06,3.1
2014-11-05,3.1
2014-11-04,3.036
2014-11-03,3.1
2014-10-31,3.0
2014-10-30,3.0
2014-10-29,3.12
2014-10-28,3.1
2014-10-27,2.959
2014-10-24,2.959
2014-10-23,2.996
2014-10-22,2.95
2014-10-21,2.845
2014-10-20,2.9
2014-10-17,2.9
2014-10-16,2.85
2014-10-15,2.85
2014-10-14,2.893
2014-10-13,2.899
2014-10-10,2.9
2014-10-09,2.95
2014-10-08,2.872
2014-10-07,2.97
2014-10-06,3.0
2014-10-03,3.0
2014-10-02,2.94
2014-10-01,2.951
2014-09-30,2.999
2014-09-29,2.852
2014-09-26,2.882
2014-09-25,2.88
2014-09-24,2.86
2014-09-23,2.945
2014-09-22,2.95
2014-09-19,3.0
2014-09-18,2.945
2014-09-17,2.953
2014-09-16,2.952
2014-09-15,3.0
2014-09-12,3.0
2014-09-11,2.95
2014-09-10,2.92
2014-09-09,3.0
2014-09-08,2.975
2014-09-05,2.9
2014-09-04,2.93
2014-09-03,2.9
2014-09-02,2.89
2014-09-01,2.9
2014-08-29,2.78
2014-08-28,2.75
2014-08-27,2.77
2014-08-26,2.85
2014-08-25,2.849
2014-08-22,2.75
2014-08-21,2.75
2014-08-20,2.85
2014-08-19,2.75
2014-08-18,2.705
2014-08-15,2.701
2014-08-14,2.701
2014-08-13,2.701
2014-08-12,2.7
2014-08-11,2.633
2014-08-08,2.633
2014-08-07,2.68
2014-08-06,2.697
2014-08-05,2.7
2014-08-04,2.75
2014-08-01,2.76
2014-07-31,2.9
2014-07-30,2.9
2014-07-29,2.9
2014-07-28,2.865
2014-07-25,2.709
2014-07-24,2.65
2014-07-23,2.765
2014-07-22,2.76
2014-07-21,2.587
2014-07-18,2.544
2014-07-17,2.52
2014-07-16,2.5
2014-07-15,2.7
2014-07-14,2.76
2014-07-11,2.729
2014-07-10,2.781
2014-07-09,2.87
2014-07-08,2.93
2014-07-07,2.9
2014-07-04,2.92
2014-07-03,2.94
2014-07-02,2.94
2014-07-01,2.896
2014-06-30,2.9
2014-06-27,2.9
2014-06-26,2.98
2014-06-25,2.98
2014-06-24,2.95
2014-06-23,2.95
2014-06-20,2.9
2014-06-19,2.95
2014-06-18,2.885
2014-06-17,2.95
2014-06-16,2.931
2014-06-13,2.953
2014-06-12,3.0
2014-06-11,2.97
2014-06-10,2.99
2014-06-09,2.99
2014-06-06,2.99
2014-06-05,2.989
2014-06-04,2.945
2014-06-03,2.901
2014-06-02,2.98
2014-05-30,2.999
2014-05-29,3.014
2014-05-28,2.96
2014-05-27,3.02
2014-05-26,3.02
2014-05-23,2.91
2014-05-22,3.0
2014-05-21,3.03
2014-05-20,3.03
2014-05-19,3.03
2014-05-16,2.863
2014-05-15,2.985
2014-05-14,3.049
2014-05-13,3.03
2014-05-12,3.08
2014-05-09,3.0
2014-05-08,3.0
2014-05-07,3.06
2014-05-06,3.06
2014-05-05,3.039
2014-05-02,3.08
2014-05-01,3.08
2014-04-30,3.08
2014-04-29,3.08
2014-04-28,3.073
2014-04-25,3.089
2014-04-24,3.04
2014-04-23,3.07
2014-04-22,3.088
2014-04-21,3.12
2014-04-18,3.12
2014-04-17,3.12
2014-04-16,3.2
2014-04-15,3.0
2014-04-14,3.0
2014-04-11,3.0
2014-04-10,3.089
2014-04-09,3.063
2014-04-08,2.96
2014-04-07,2.937
2014-04-04,2.92
2014-04-03,2.9
2014-04-02,2.9
2014-04-01,2.93
2014-03-31,2.84
2014-03-28,2.77
2014-03-27,2.73
2014-03-26,2.75
2014-03-25,2.7
2014-03-24,2.68
2014-03-21,2.74
2014-03-20,2.74
2014-03-19,2.74
2014-03-18,2.74
2014-03-17,2.69
2014-03-14,2.73
2014-03-13,2.77
2014-03-12,2.71
2014-03-11,2.74
2014-03-10,2.76
2014-03-07,2.77
2014-03-06,2.76
2014-03-05,2.81
2014-03-04,2.72
2014-03-03,2.72
2014-02-28,2.7
2014-02-27,2.68
2014-02-26,2.7
2014-02-25,2.73
2014-02-24,2.73
2014-02-21,2.66
2014-02-20,2.67
2014-02-19,2.67
2014-02-18,2.67
2014-02-17,2.6
2014-02-14,2.61
2014-02-13,2.6
2014-02-12,2.59
2014-02-11,2.59
2014-02-10,2.57
2014-02-07,2.59
2014-02-06,2.6
2014-02-05,2.49
2014-02-04,2.49
2014-02-03,2.45
2014-01-31,2.44
2014-01-30,2.42
2014-01-29,2.4
2014-01-28,2.46
2014-01-27,2.48
2014-01-24,2.5
2014-01-23,2.48
2014-01-22,2.45
2014-01-21,2.46
2014-01-20,2.45
2014-01-17,2.42
2014-01-16,2.45
2014-01-15,2.37
2014-01-14,2.35
2014-01-13,2.35
2014-01-10,2.34
2014-01-09,2.33
2014-01-08,2.29
2014-01-07,2.29
2014-01-06,2.29
2014-01-03,2.25
2014-01-02,2.23
2014-01-01,2.21
2013-12-31,2.21
2013-12-30,2.21
2013-12-27,2.25
2013-12-26,2.23
2013-12-25,2.23
2013-12-24,2.23
2013-12-23,2.22
2013-12-20,2.25
2013-12-19,2.25
2013-12-18,2.23
2013-12-17,2.19
2013-12-16,2.22
2013-12-13,2.27
2013-12-12,2.28
2013-12-11,2.28
2013-12-10,2.29
2013-12-09,2.3
2013-12-06,2.28
2013-12-05,2.3
2013-12-04,2.32
2013-12-03,2.33
2013-12-02,2.32
2013-11-29,2.3
2013-11-28,2.31
2013-11-27,2.31
2013-11-26,2.33
2013-11-25,2.37
2013-11-22,2.37
2013-11-21,2.3
2013-11-20,2.37
2013-11-19,2.38
2013-11-18,2.39
2013-11-15,2.39
2013-11-14,2.39
2013-11-13,2.38
2013-11-12,2.39
2013-11-11,2.39
2013-11-08,2.36
2013-11-07,2.39
2013-11-06,2.31
2013-11-05,2.29
2013-11-04,2.25
2013-11-01,2.15
2013-10-31,2.05
2013-10-30,2.0
2013-10-29,2.02
2013-10-28,2.02
2013-10-25,2.02
2013-10-24,2.02
2013-10-23,2.03
2013-10-22,2.02
2013-10-21,2.02
2013-10-18,2.02
2013-10-17,1.99
2013-10-16,2.0
2013-10-15,2.0
2013-10-14,2.01
2013-10-11,2.0
2013-10-10,2.0
2013-10-09,2.01
2013-10-08,2.01
2013-10-07,2.02
2013-10-04,2.02
2013-10-03,1.99
2013-10-02,2.02
2013-10-01,2.02
2013-09-30,2.02
2013-09-27,2.01
2013-09-26,2.01
2013-09-25,2.03
2013-09-24,2.01
2013-09-23,1.99
2013-09-20,2.01
2013-09-19,2.01
2013-09-18,2.01
2013-09-17,1.98
2013-09-16,1.98
2013-09-13,1.98
2013-09-12,2.05
2013-09-11,2.01
2013-09-10,2.0
2013-09-09,2.0
2013-09-06,2.02
2013-09-05,1.99
2013-09-04,1.99
2013-09-03,1.99
2013-09-02,1.99
2013-08-30,1.99
2013-08-29,1.97
2013-08-28,1.97
2013-08-27,2.05
2013-08-26,2.05
2013-08-23,2.05
2013-08-22,2.05
2013-08-21,2.04
2013-08-20,2.03
2013-08-19,2.03
2013-08-16,2.0
2013-08-15,2.0
2013-08-14,2.03
2013-08-13,2.05
2013-08-12,2.07
2013-08-09,2.09
2013-08-08,2.06
2013-08-07,2.05
2013-08-06,2.05
2013-08-05,2.04
2013-08-02,2.04
2013-08-01,2.01
2013-07-31,2.02
2013-07-30,2.03
2013-07-29,2.01
2013-07-26,2.02
2013-07-25,1.96
2013-07-24,2.0
2013-07-23,1.93
2013-07-22,1.93
2013-07-19,1.93
2013-07-18,1.94
2013-07-17,2.02
2013-07-16,1.92
2013-07-15,1.96
2013-07-12,1.96
2013-07-11,1.96
2013-07-10,1.96
2013-07-09,2.0
2013-07-08,2.0
2013-07-05,2.0
2013-07-04,1.92
2013-07-03,2.0
2013-07-02,1.96
2013-07-01,1.96
2013-06-28,1.96
2013-06-27,1.96
2013-06-26,1.96
2013-06-25,1.96
2013-06-24,1.96
2013-06-21,1.97
2013-06-20,1.95
2013-06-19,1.99
2013-06-18,1.99
2013-06-17,1.95
2013-06-14,1.95
2013-06-13,1.95
2013-06-12,1.95
2013-06-11,1.98
2013-06-10,1.98
2013-06-07,1.98
2013-06-06,1.93
2013-06-05,1.93
2013-06-04,1.98
2013-06-03,1.99
2013-05-31,1.95
2013-05-30,1.95
2013-05-29,1.92
2013-05-28,1.97
2013-05-27,1.98
2013-05-24,1.94
2013-05-23,1.97
2013-05-22,1.92
2013-05-21,1.95
2013-05-20,1.97
2013-05-17,1.95
2013-05-16,1.97
2013-05-15,1.97
2013-05-14,1.98
2013-05-13,1.98
2013-05-10,1.98
2013-05-09,1.91
2013-05-08,1.96
2013-05-07,1.96
2013-05-06,1.96
2013-05-03,1.96
2013-05-02,1.94
2013-05-01,1.99
2013-04-30,1.99
2013-04-29,1.96
2013-04-26,1.95
2013-04-25,2.05
2013-04-24,2.02
2013-04-23,1.94
2013-04-22,1.91
2013-04-19,1.97
2013-04-18,1.94
2013-04-17,1.96
2013-04-16,1.96
2013-04-15,1.99
2013-04-12,1.98
2013-04-11,2.0
2013-04-10,2.03
2013-04-09,2.02
2013-04-08,1.93
2013-04-05,1.89
2013-04-04,1.96
2013-04-03,1.96
2013-04-02,2.0
2013-04-01,2.0
2013-03-29,2.0
2013-03-28,2.0
2013-03-27,2.0
2013-03-26,2.01
2013-03-25,2.05
2013-03-22,2.02
2013-03-21,2.09
2013-03-20,2.02
2013-03-19,2.02
2013-03-18,2.03
2013-03-15,2.03
2013-03-14,2.07
2013-03-13,2.05
2013-03-12,2.03
2013-03-11,2.07
2013-03-08,2.07
2013-03-07,2.06
2013-03-06,2.07
2013-03-05,2.05
2013-03-04,2.03
2013-03-01,2.06
2013-02-28,2.07
2013-02-27,2.06
2013-02-26,2.09
2013-02-25,2.09
2013-02-22,2.09
2013-02-21,2.05
2013-02-20,2.0
2013-02-19,1.98
2013-02-18,1.96
2013-02-15,2.05
2013-02-14,2.05
2013-02-13,2.08
2013-02-12,2.05
2013-02-11,2.06
2013-02-08,2.05
2013-02-07,2.04
2013-02-06,2.02
2013-02-05,2.01
2013-02-04,1.96
2013-02-01,1.95
2013-01-31,1.94
2013-01-30,2.0
2013-01-29,2.0
2013-01-28,1.9
2013-01-25,1.94
2013-01-24,1.91
2013-01-23,1.95
2013-01-22,1.95
2013-01-21,1.91
2013-01-18,1.85
2013-01-17,1.83
2013-01-16,1.8
2013-01-15,1.84
2013-01-14,1.85
2013-01-11,1.85
2013-01-10,1.85
2013-01-09,1.85
2013-01-08,1.83
2013-01-07,1.85
2013-01-04,1.83
2013-01-03,1.71
2013-01-02,1.63
2013-01-01,1.6
2012-12-31,1.6
2012-12-28,1.55
2012-12-27,1.56
2012-12-26,1.55
2012-12-25,1.55
2012-12-24,1.55
2012-12-21,1.56
2012-12-20,1.55
2012-12-19,1.55
2012-12-18,1.55
2012-12-17,1.56
2012-12-14,1.58
2012-12-13,1.58
2012-12-12,1.58
2012-12-11,1.55
2012-12-10,1.58
2012-12-07,1.56
2012-12-06,1.56
2012-12-05,1.53
2012-12-04,1.55
2012-12-03,1.55
2012-11-30,1.52
2012-11-29,1.47
2012-11-28,1.51
2012-11-27,1.51
2012-11-26,1.58
2012-11-23,1.58
2012-11-22,1.56
2012-11-21,1.54
2012-11-20,1.54
2012-11-19,1.52
2012-11-16,1.5
2012-11-15,1.52
2012-11-14,1.52
2012-11-13,1.5
2012-11-12,1.5
2012-11-09,1.5
2012-11-08,1.5
2012-11-07,1.49
2012-11-06,1.48
2012-11-05,1.49
2012-11-02,1.49
2012-11-01,1.49
2012-10-31,1.41
2012-10-30,1.5
2012-10-29,1.5
2012-10-26,1.5
2012-10-25,1.47
2012-10-24,1.51
2012-10-23,1.53
2012-10-22,1.51
2012-10-19,1.51
2012-10-18,1.52
2012-10-17,1.51
2012-10-16,1.51
2012-10-15,1.5
2012-10-12,1.48
2012-10-11,1.48
2012-10-10,1.47
2012-10-09,1.4
2012-10-08,1.42
2012-10-05,1.39
2012-10-04,1.38
2012-10-03,1.38
2012-10-02,1.38
2012-10-01,1.42
2012-09-28,1.4
2012-09-27,1.38
2012-09-26,1.38
2012-09-25,1.39
2012-09-24,1.38
2012-09-21,1.4
2012-09-20,1.4
2012-09-19,1.38
2012-09-18,1.4
2012-09-17,1.42
2012-09-14,1.37
2012-09-13,1.36
2012-09-12,1.36
2012-09-11,1.37
2012-09-10,1.4
2012-09-07,1.38
2012-09-06,1.43
2012-09-05,1.4
2012-09-04,1.46
2012-09-03,1.46
2012-08-31,1.43
2012-08-30,1.43
2012-08-29,1.46
2012-08-28,1.43
2012-08-27,1.43
2012-08-24,1.43
2012-08-23,1.46
2012-08-22,1.48
2012-08-21,1.48
2012-08-20,1.48
2012-08-17,1.48
2012-08-16,1.47
2012-08-15,1.47
2012-08-14,1.48
2012-08-13,1.43
2012-08-10,1.48
2012-08-09,1.48
2012-08-08,1.45
2012-08-07,1.44
2012-08-06,1.43
2012-08-03,1.39
2012-08-02,1.38
2012-08-01,1.36
2012-07-31,1.36
2012-07-30,1.38
2012-07-27,1.39
2012-07-26,1.34
2012-07-25,1.33
2012-07-24,1.36
2012-07-23,1.38
2012-07-20,1.4
2012-07-19,1.4
2012-07-18,1.4
2012-07-17,1.39
2012-07-16,1.39
2012-07-13,1.38
2012-07-12,1.32
2012-07-11,1.32
2012-07-10,1.32
2012-07-09,1.36
2012-07-06,1.36
2012-07-05,1.36
2012-07-04,1.35
2012-07-03,1.39
2012-07-02,1.39
2012-06-29,1.39
2012-06-28,1.35
2012-06-27,1.34
2012-06-26,1.34
2012-06-25,1.4
2012-06-22,1.4
2012-06-21,1.4
2012-06-20,1.4
2012-06-19,1.39
2012-06-18,1.34
2012-06-15,1.34
2012-06-14,1.33
2012-06-13,1.33
2012-06-12,1.34
2012-06-11,1.34
2012-06-08,1.34
2012-06-07,1.28
2012-06-06,1.29
2012-06-05,1.29
2012-06-04,1.3
2012-06-01,1.3
2012-05-31,1.3
2012-05-30,1.33
2012-05-29,1.35
2012-05-28,1.34
2012-05-25,1.34
2012-05-24,1.36
2012-05-23,1.38
2012-05-22,1.38
2012-05-21,1.38
2012-05-18,1.39
2012-05-17,1.38
2012-05-16,1.38
2012-05-15,1.38
2012-05-14,1.38
2012-05-11,1.38
2012-05-10,1.38
2012-05-09,1.38
2012-05-08,1.39
2012-05-07,1.38
2012-05-04,1.38
2012-05-03,1.4
2012-05-02,1.39
2012-05-01,1.39
2012-04-30,1.39
2012-04-27,1.41
2012-04-26,1.42
2012-04-25,1.42
2012-04-24,1.42
2012-04-23,1.41
2012-04-20,1.41
2012-04-19,1.41
2012-04-18,1.41
2012-04-17,1.37
2012-04-16,1.37
2012-04-13,1.38
2012-04-12,1.4
2012-04-11,1.4
2012-04-10,1.37
2012-04-09,1.37
2012-04-06,1.37
2012-04-05,1.37
2012-04-04,1.37
2012-04-03,1.4
2012-04-02,1.37
2012-03-30,1.42
2012-03-29,1.41
2012-03-28,1.41
2012-03-27,1.41
2012-03-26,1.41
2012-03-23,1.41
2012-03-22,1.41
2012-03-21,1.41
2012-03-20,1.41
2012-03-19,1.41
2012-03-16,1.41
2012-03-15,1.41
2012-03-14,1.41
2012-03-13,1.41
2012-03-12,1.41
2012-03-09,1.4
2012-03-08,1.43
2012-03-07,1.39
2012-03-06,1.41
2012-03-05,1.4
2012-03-02,1.37
2012-03-01,1.37
2012-02-29,1.34
2012-02-28,1.38
2012-02-27,1.34
2012-02-24,1.35
2012-02-23,1.35
2012-02-22,1.34
2012-02-21,1.34
2012-02-20,1.33
2012-02-17,1.33
2012-02-16,1.39
2012-02-15,1.33
2012-02-14,1.34
2012-02-13,1.32
2012-02-10,1.32
2012-02-09,1.32
2012-02-08,1.35
2012-02-07,1.37
2012-02-06,1.37
2012-02-03,1.38
2012-02-02,1.38
2012-02-01,1.36
2012-01-31,1.4
2012-01-30,1.35
2012-01-27,1.35
2012-01-26,1.35
2012-01-25,1.38
2012-01-24,1.35
2012-01-23,1.39
2012-01-20,1.35
2012-01-19,1.35
2012-01-18,1.35
2012-01-17,1.38
2012-01-16,1.4
2012-01-13,1.4
2012-01-12,1.35
2012-01-11,1.35
2012-01-10,1.35
2012-01-09,1.35
2012-01-06,1.35
2012-01-05,1.35
2012-01-04,1.38
2012-01-03,1.39
2012-01-02,1.4
2011-12-30,1.35
2011-12-29,1.28
2011-12-28,1.3
2011-12-27,1.29
2011-12-26,1.28
2011-12-23,1.28
2011-12-22,1.27
2011-12-21,1.27
2011-12-20,1.27
2011-12-19,1.27
2011-12-16,1.29
2011-12-15,1.27
2011-12-14,1.27
2011-12-13,1.27
2011-12-12,1.29
2011-12-09,1.29
2011-12-08,1.27
2011-12-07,1.27
2011-12-06,1.2
2011-12-05,1.22
2011-12-02,1.2
2011-12-01,1.2
2011-11-30,1.2
2011-11-29,1.2
2011-11-28,1.21
2011-11-25,1.21
2011-11-24,1.19
2011-11-23,1.22
2011-11-22,1.22
2011-11-21,1.22
2011-11-18,1.2
2011-11-17,1.17
2011-11-16,1.17
2011-11-15,1.17
2011-11-14,1.17
2011-11-11,1.19
2011-11-10,2.29
2011-11-09,2.38
2011-11-08,1.18
2011-11-07,1.2
2011-11-04,1.2
2011-11-03,1.21
2011-11-02,1.22
2011-11-01,2.46
2011-10-31,1.19
2011-10-28,1.18
2011-10-27,1.18
2011-10-26,1.17
2011-10-25,1.17
2011-10-24,1.17
2011-10-21,1.17
2011-10-20,2.55
2011-10-19,2.51
2011-10-18,1.16
2011-10-17,1.16
2011-10-14,2.76
2011-10-13,1.17
2011-10-12,1.17
2011-10-11,1.16
2011-10-10,1.2
2011-10-07,2.95
2011-10-06,1.2
2011-10-05,1.2
2011-10-04,1.17
2011-10-03,1.17
2011-09-30,1.16
2011-09-29,1.17
2011-09-28,1.17
2011-09-27,1.16
2011-09-26,1.16
2011-09-23,1.16
2011-09-22,1.17
2011-09-21,1.17
2011-09-20,1.22
2011-09-19,1.19
2011-09-16,3.09
2011-09-15,1.22
2011-09-14,1.21
2011-09-13,1.16
2011-09-12,3.13
2011-09-09,1.16
2011-09-08,1.17
2011-09-07,1.16
2011-09-06,1.16
2011-09-05,1.15
2011-09-02,1.14
2011-09-01,1.14
2011-08-31,1.14
2011-08-30,3.4
2011-08-29,1.15
2011-08-26,1.13
2011-08-25,1.13
2011-08-24,3.15
2011-08-23,1.13
2011-08-22,1.12
2011-08-19,1.12
2011-08-18,1.14
2011-08-17,1.13
2011-08-16,1.1
2011-08-15,1.1
2011-08-12,1.09
2011-08-11,1.09
2011-08-10,1.09
2011-08-09,1.09
2011-08-08,1.09
2011-08-05,1.1
2011-08-04,1.07
2011-08-03,1.12
2011-08-02,1.15
2011-08-01,1.15
2011-07-29,1.16
2011-07-28,1.08
2011-07-27,1.09
2011-07-26,3.55
2011-07-25,1.07
2011-07-22,1.13
2011-07-21,1.14
2011-07-20,1.16
2011-07-19,1.07
2011-07-18,1.01
2011-07-15,1.03
2011-07-14,1.0
2011-07-13,0.96
2011-07-12,0.94
2011-07-11,0.91
2011-07-08,3.31
2011-07-07,0.95
2011-07-06,0.97
2011-07-05,0.99
2011-07-04,0.91
2011-07-01,0.98
2011-06-30,0.99
2011-06-29,0.96
2011-06-28,0.9
2011-06-27,0.88
2011-06-24,0.92
2011-06-23,0.95
2011-06-22,0.99
2011-06-21,0.99
2011-06-20,0.99
2011-06-17,1.02
2011-06-16,1.01
2011-06-15,1.02
2011-06-14,1.05
2011-06-13,1.06
2011-06-10,3.01
2011-06-09,3.05
2011-06-08,1.08
2011-06-07,1.09
2011-06-06,1.09
2011-06-03,1.09
2011-06-02,1.09
2011-06-01,1.13
2011-05-31,1.14
2011-05-30,1.1
2011-05-27,1.11
2011-05-26,1.11
2011-05-25,1.12
2011-05-24,3.1
2011-05-23,1.14
2011-05-20,1.13
2011-05-19,1.13
2011-05-18,1.14
2011-05-17,1.14
2011-05-16,1.14
2011-05-13,1.11
2011-05-12,1.14
2011-05-11,1.14
2011-05-10,1.14
2011-05-09,1.15
2011-05-06,1.15
2011-05-05,1.13
2011-05-04,1.16
2011-05-03,1.16
2011-05-02,1.16
2011-04-29,1.2
2011-04-28,1.17
2011-04-27,1.2
2011-04-26,1.24
2011-04-25,1.2
2011-04-22,1.2
2011-04-21,1.2
2011-04-20,1.24
2011-04-19,1.24
2011-04-18,1.21
2011-04-15,1.24
2011-04-14,1.24
2011-04-13,1.26
2011-04-12,1.24
2011-04-11,1.21
2011-04-08,1.2
2011-04-07,1.19
2011-04-06,1.2
2011-04-05,1.22
2011-04-04,1.24
2011-04-01,1.18
2011-03-31,1.14
2011-03-30,1.1
2011-03-29,1.1
2011-03-28,1.12
2011-03-25,1.12
2011-03-24,1.13
2011-03-23,1.1
2011-03-22,1.16
2011-03-21,1.12
2011-03-18,1.12
2011-03-17,1.14
2011-03-16,1.13
2011-03-15,1.17
2011-03-14,1.17
2011-03-11,1.13
2011-03-10,1.17
2011-03-09,1.14
2011-03-08,1.12
2011-03-07,1.12
2011-03-04,1.12
2011-03-03,1.13
2011-03-02,1.12
2011-03-01,1.12
2011-02-28,1.12
2011-02-25,1.12
2011-02-24,1.12
2011-02-23,1.13
2011-02-22,1.15
2011-02-21,1.15
2011-02-18,1.15
2011-02-17,1.14
2011-02-16,1.15
2011-02-15,1.16
2011-02-14,1.15
2011-02-11,1.14
2011-02-10,1.12
2011-02-09,1.13
2011-02-08,1.12
2011-02-07,1.11
2011-02-04,1.13
2011-02-03,1.13
2011-02-02,1.12
2011-02-01,1.12
2011-01-31,1.13
2011-01-28,1.13
2011-01-27,1.12
2011-01-26,1.13
2011-01-25,1.13
2011-01-24,1.14
2011-01-21,1.13
2011-01-20,1.14
2011-01-19,1.12
2011-01-18,1.14
2011-01-17,1.14
2011-01-14,1.15
2011-01-13,1.14
2011-01-12,1.16
2011-01-11,1.15
2011-01-10,1.18
2011-01-07,1.15
2011-01-06,1.15
2011-01-05,1.18
2011-01-04,1.19
2011-01-03,1.17
2010-12-31,1.12
2010-12-30,1.16
2010-12-29,1.17
2010-12-28,1.17
2010-12-27,1.17
2010-12-24,1.17
2010-12-23,1.17
2010-12-22,1.13
2010-12-21,1.16
2010-12-20,1.17
2010-12-17,1.17
2010-12-16,1.19
2010-12-15,1.19
2010-12-14,1.2
2010-12-13,1.19
2010-12-10,1.17
2010-12-09,1.15
2010-12-08,1.15
2010-12-07,1.14
2010-12-06,1.17
2010-12-03,1.1
2010-12-02,1.15
2010-12-01,1.15
2010-11-30,1.11
2010-11-29,1.09
2010-11-26,1.13
2010-11-25,1.15
2010-11-24,1.14
2010-11-23,1.1
2010-11-22,1.16
2010-11-19,1.12
2010-11-18,1.1
2010-11-17,1.08
2010-11-16,1.06
2010-11-15,1.03
2010-11-12,1.02
2010-11-11,0.99
2010-11-10,1.03
2010-11-09,1.05
2010-11-08,1.03
2010-11-05,1.01
2010-11-04,1.04
2010-11-03,1.01
2010-11-02,1.04
2010-11-01,1.05
2010-10-29,1.06
2010-10-28,1.07
2010-10-27,1.06
2010-10-26,1.05
2010-10-25,1.07
2010-10-22,1.06
2010-10-21,1.03
2010-10-20,1.03
2010-10-19,0.98
2010-10-18,1.03
2010-10-15,1.04
2010-10-14,1.06
2010-10-13,0.99
2010-10-12,0.99
2010-10-11,0.95
2010-10-08,0.94
2010-10-07,0.93
2010-10-06,0.94
2010-10-05,0.93
2010-10-04,0.93
2010-10-01,0.92
2010-09-30,0.92
2010-09-29,0.92
2010-09-28,0.92
2010-09-27,0.93
2010-09-24,0.9
2010-09-23,0.91
2010-09-22,0.93
2010-09-21,0.9
2010-09-20,0.9
2010-09-17,0.91
2010-09-16,0.91
2010-09-15,0.91
2010-09-14,0.93
2010-09-13,0.95
2010-09-10,0.91
2010-09-09,0.9
2010-09-08,0.9
2010-09-07,0.9
2010-09-06,0.91
2010-09-03,0.9
2010-09-02,0.9
2010-09-01,0.9
2010-08-31,0.9
2010-08-30,0.9
2010-08-27,0.9
2010-08-26,0.9
2010-08-25,0.9
2010-08-24,0.9
2010-08-23,0.91
2010-08-20,0.91
2010-08-19,0.92
2010-08-18,0.92
2010-08-17,0.94
2010-08-16,0.9
2010-08-13,0.91
2010-08-12,0.93
2010-08-11,0.9
2010-08-10,0.91
2010-08-09,0.92
2010-08-06,0.94
2010-08-05,0.93
2010-08-04,0.94
2010-08-03,0.93
2010-08-02,0.9
2010-07-30,0.88
2010-07-29,0.88
2010-07-28,0.89
2010-07-27,0.89
2010-07-26,0.89
2010-07-23,0.9
2010-07-22,0.9
2010-07-21,0.9
2010-07-20,0.9
2010-07-19,0.9
2010-07-16,0.9
2010-07-15,0.88
2010-07-14,0.88
2010-07-13,0.88
2010-07-12,0.88
2010-07-09,0.88
2010-07-08,0.89
2010-07-07,0.89
2010-07-06,0.9
2010-07-05,0.89
2010-07-02,0.9
2010-07-01,0.9
2010-06-30,0.92
2010-06-29,0.9
2010-06-28,0.9
2010-06-25,0.89
2010-06-24,0.87
2010-06-23,0.88
2010-06-22,0.89
2010-06-21,0.92
2010-06-18,0.86
2010-06-17,0.83
2010-06-16,0.84
2010-06-15,0.83
2010-06-14,0.84
2010-06-11,0.85
2010-06-10,0.83
2010-06-09,0.83
2010-06-08,0.83
2010-06-07,0.86
2010-06-04,0.83
2010-06-03,0.84
2010-06-02,0.87
2010-06-01,0.85
2010-05-31,0.86
2010-05-28,0.82
2010-05-27,0.81
2010-05-26,0.8
2010-05-25,0.79
2010-05-24,0.83
2010-05-21,0.86
2010-05-20,0.86
2010-05-19,0.9
2010-05-18,0.89
2010-05-17,0.92
2010-05-14,0.9
2010-05-13,0.92
2010-05-12,0.9
2010-05-11,0.94
2010-05-10,0.91
2010-05-07,0.89
2010-05-06,0.92
2010-05-05,0.89
2010-05-04,0.91
2010-05-03,0.93
2010-04-30,0.92
2010-04-29,0.94
2010-04-28,0.91
2010-04-27,0.91
2010-04-26,0.95
2010-04-23,0.95
2010-04-22,0.95
2010-04-21,0.96
2010-04-20,0.95
2010-04-19,0.95
2010-04-16,0.95
2010-04-15,0.96
2010-04-14,0.95
2010-04-13,0.95
2010-04-12,0.95
2010-04-09,0.94
2010-04-08,0.94
2010-04-07,0.96
2010-04-06,0.95
2010-04-05,0.97
2010-04-02,0.97
2010-04-01,0.97
2010-03-31,0.95
2010-03-30,0.95
2010-03-29,0.93
2010-03-26,0.93
2010-03-25,0.92
2010-03-24,0.9
2010-03-23,0.93
2010-03-22,0.94
2010-03-19,0.94
2010-03-18,0.94
2010-03-17,0.96
2010-03-16,0.97
2010-03-15,0.95
2010-03-12,0.91
2010-03-11,0.87
2010-03-10,0.9
2010-03-09,0.91
2010-03-08,0.9
2010-03-05,0.91
2010-03-04,0.92
2010-03-03,0.92
2010-03-02,0.94
2010-03-01,0.94
2010-02-26,0.94
2010-02-25,0.92
2010-02-24,0.92
2010-02-23,0.91
2010-02-22,0.91
2010-02-19,0.92
2010-02-18,0.94
2010-02-17,0.93
2010-02-16,0.92
2010-02-15,0.96
2010-02-12,0.94
2010-02-11,0.94
2010-02-10,0.93
2010-02-09,0.92
2010-02-08,0.92
2010-02-05,0.87
2010-02-04,0.85
2010-02-03,0.94
2010-02-02,0.96
2010-02-01,0.96
2010-01-29,0.96
2010-01-28,0.96
2010-01-27,0.95
2010-01-26,0.96
2010-01-25,0.95
2010-01-22,0.94
2010-01-21,0.99
2010-01-20,0.99
2010-01-19,0.99
2010-01-18,0.97
2010-01-15,0.98
2010-01-14,0.98
2010-01-13,0.99
2010-01-12,0.99
2010-01-11,0.99
2010-01-08,0.99
2010-01-07,0.99
2010-01-06,1.0
2010-01-05,0.99
2010-01-04,0.97
2009-12-31,0.94
2009-12-30,0.95
2009-12-29,0.94
2009-12-28,0.95
2009-12-24,0.94
2009-12-23,0.94
2009-12-22,0.93
2009-12-21,0.95
2009-12-18,0.94
2009-12-17,0.95
2009-12-16,0.95
2009-12-15,0.95
2009-12-14,0.96
2009-12-11,0.98
2009-12-10,0.96
2009-12-09,0.95
2009-12-08,0.98
2009-12-07,0.98
2009-12-04,0.97
2009-12-03,0.96
2009-12-02,0.96
2009-12-01,0.95
2009-11-30,0.95
2009-11-27,0.95
2009-11-26,0.94
2009-11-25,0.96
2009-11-24,0.95
2009-11-23,0.97
2009-11-20,0.96
2009-11-19,0.96
2009-11-18,0.97
2009-11-17,0.97
2009-11-16,0.98
2009-11-13,0.97
2009-11-12,1.0
2009-11-11,1.0
2009-11-10,1.0
2009-11-09,1.0
2009-11-06,0.98
2009-11-05,0.98
2009-11-04,0.92
2009-11-03,0.93
2009-11-02,0.94
2009-10-30,0.94
2009-10-29,0.93
2009-10-28,0.91
2009-10-27,0.95
2009-10-26,0.98
2009-10-23,0.98
2009-10-22,0.98
2009-10-21,0.98
2009-10-20,0.99
2009-10-19,0.99
2009-10-16,0.99
2009-10-15,0.99
2009-10-14,0.99
2009-10-13,0.99
2009-10-12,1.0
2009-10-09,1.0
2009-10-08,1.02
2009-10-07,1.0
2009-10-06,1.0
2009-10-05,1.0
2009-10-02,0.99
2009-10-01,1.0
2009-09-30,0.99
2009-09-29,1.02
2009-09-28,1.01
2009-09-25,1.0
2009-09-24,0.99
2009-09-23,0.98
2009-09-22,0.96
2009-09-21,0.96
2009-09-18,0.95
2009-09-17,0.96
2009-09-16,0.97
2009-09-15,0.97
2009-09-14,0.99
2009-09-11,1.0
2009-09-10,1.0
2009-09-09,0.98
2009-09-08,0.89
2009-09-07,0.89
2009-09-04,0.87
2009-09-03,0.88
2009-09-02,0.87
2009-09-01,0.88
2009-08-31,0.89
2009-08-28,0.91
2009-08-27,0.89
2009-08-26,0.89
2009-08-25,0.89
2009-08-24,0.89
2009-08-21,0.88
2009-08-20,0.88
2009-08-19,0.87
2009-08-18,0.87
2009-08-17,0.86
2009-08-14,0.85
2009-08-13,0.84
2009-08-12,0.81
2009-08-11,0.81
2009-08-10,0.81
2009-08-07,0.8
2009-08-06,0.78
2009-08-05,0.74
2009-08-04,0.73
2009-08-03,0.73
2009-07-31,0.72
2009-07-30,0.72
2009-07-29,0.72
2009-07-28,0.72
2009-07-27,0.72
2009-07-24,0.71
2009-07-23,0.72
2009-07-22,0.72
2009-07-21,0.72
2009-07-20,0.7
2009-07-17,0.7
2009-07-16,0.7
2009-07-15,0.7
2009-07-14,0.7
2009-07-13,0.7
2009-07-10,0.71
2009-07-09,0.7
2009-07-08,0.7
2009-07-07,0.7
2009-07-06,0.7
2009-07-03,0.73
2009-07-02,0.71
2009-07-01,0.71
2009-06-30,0.72
2009-06-29,0.72
2009-06-26,0.73
2009-06-25,0.72
2009-06-24,0.72
2009-06-23,0.72
2009-06-22,0.73
2009-06-19,0.74
2009-06-18,0.74
2009-06-17,0.72
2009-06-16,0.73
2009-06-15,0.74
2009-06-12,0.75
2009-06-11,0.74
2009-06-10,0.73
2009-06-09,0.73
2009-06-08,0.73
2009-06-05,0.77
2009-06-04,0.74
2009-06-03,0.75
2009-06-02,0.77
2009-06-01,0.76
2009-05-29,0.74
2009-05-28,0.78
2009-05-27,0.77
2009-05-26,0.78
2009-05-25,0.8
2009-05-22,0.77
2009-05-21,0.76
2009-05-20,0.77
2009-05-19,0.76
2009-05-18,0.78
2009-05-15,0.78
2009-05-14,0.76
2009-05-13,0.78
2009-05-12,0.81
2009-05-11,0.84
2009-05-08,0.87
2009-05-07,0.86
2009-05-06,0.85
2009-05-05,0.8
2009-05-04,0.76
2009-05-01,0.73
2009-04-30,0.73
2009-04-29,0.73
2009-04-28,0.7
2009-04-27,0.7
2009-04-24,0.71
2009-04-23,0.7
2009-04-22,0.7
2009-04-21,0.71
2009-04-20,0.7
2009-04-17,0.69
2009-04-16,0.65
2009-04-15,0.64
2009-04-14,0.62
2009-04-13,0.58
2009-04-10,0.58
2009-04-09,0.58
2009-04-08,0.56
2009-04-07,0.56
2009-04-06,0.58
2009-04-03,0.58
2009-04-02,0.58
2009-04-01,0.58
2009-03-31,0.58
2009-03-30,0.62
2009-03-27,0.64
2009-03-26,0.66
2009-03-25,0.66
2009-03-24,0.67
2009-03-23,0.68
2009-03-20,0.69
2009-03-19,0.69
2009-03-18,0.69
2009-03-17,0.69
2009-03-16,0.7
2009-03-13,0.72
2009-03-12,0.7
2009-03-11,0.73
2009-03-10,0.73
2009-03-09,0.73
2009-03-06,0.7
2009-03-05,0.7
2009-03-04,0.75
2009-03-03,0.71
2009-03-02,0.7
2009-02-27,0.74
2009-02-26,0.74
2009-02-25,0.75
2009-02-24,0.77
2009-02-23,0.82
2009-02-20,0.83
2009-02-19,0.84
2009-02-18,0.85
2009-02-17,0.82
2009-02-16,0.86
2009-02-13,0.86
2009-02-12,0.85
2009-02-11,0.86
2009-02-10,0.85
2009-02-09,0.87
2009-02-06,0.89
2009-02-05,0.9
2009-02-04,0.95
2009-02-03,0.95
2009-02-02,0.9
2009-01-30,0.9
2009-01-29,0.9
2009-01-28,0.94
2009-01-27,0.89
2009-01-26,0.88
2009-01-23,0.9
2009-01-22,0.91
2009-01-21,0.92
2009-01-20,0.93
2009-01-19,0.92
2009-01-16,0.94
2009-01-15,0.92
2009-01-14,0.92
2009-01-13,0.92
2009-01-12,0.92
2009-01-09,0.92
2009-01-08,0.93
2009-01-07,0.88
2009-01-06,0.86
2009-01-05,0.86
2009-01-02,0.85
2009-01-01,0.81
2008-12-31,0.81
2008-12-30,0.8
2008-12-29,0.82
2008-12-26,0.81
2008-12-25,0.81
2008-12-24,0.83
2008-12-23,0.81
2008-12-22,0.81
2008-12-19,0.82
2008-12-18,0.82
2008-12-17,0.81
2008-12-16,0.81
2008-12-15,0.83
2008-12-12,0.84
2008-12-11,0.88
2008-12-10,0.87
2008-12-09,0.87
2008-12-08,0.9
2008-12-05,0.82
2008-12-04,0.82
2008-12-03,0.83
2008-12-02,0.84
2008-12-01,0.83
2008-11-28,0.89
2008-11-27,0.89
2008-11-26,0.87
2008-11-25,0.87
2008-11-24,0.91
2008-11-21,0.95
2008-11-20,0.9
2008-11-19,0.97
2008-11-18,1.0
2008-11-17,1.02
2008-11-14,1.05
2008-11-13,1.09
2008-11-12,1.1
2008-11-11,1.11
2008-11-10,1.11
2008-11-07,1.15
2008-11-06,1.13
2008-11-05,1.05
2008-11-04,1.12
2008-11-03,1.09
2008-10-31,1.08
2008-10-30,1.19
2008-10-29,1.26
2008-10-28,1.18
2008-10-27,1.19
2008-10-24,1.18
2008-10-23,1.2
2008-10-22,1.2
2008-10-21,1.25
2008-10-20,1.25
2008-10-17,1.26
2008-10-16,1.25
2008-10-15,1.25
2008-10-14,1.27
2008-10-13,1.26
2008-10-10,1.25
2008-10-09,1.25
2008-10-08,1.27
2008-10-07,1.25
2008-10-06,1.25
2008-10-03,1.26
2008-10-02,1.25
2008-10-01,1.3
2008-09-30,1.3
2008-09-29,1.3
2008-09-26,1.3
2008-09-25,1.32
2008-09-24,1.32
2008-09-23,1.34
2008-09-22,1.32
2008-09-19,1.31
2008-09-18,1.33
2008-09-17,1.34
2008-09-16,1.39
2008-09-15,1.33
2008-09-12,1.39
2008-09-11,1.39
2008-09-10,1.39
2008-09-09,1.39
2008-09-08,1.4
2008-09-05,1.4
2008-09-04,1.4
2008-09-03,1.4
2008-09-02,1.4
2008-09-01,1.3
2008-08-29,1.3
2008-08-28,1.29
2008-08-27,1.3
2008-08-26,1.3
2008-08-25,1.3
2008-08-22,1.3
2008-08-21,1.3
2008-08-20,1.31
2008-08-19,1.32
2008-08-18,1.34
2008-08-15,1.32
2008-08-14,1.3
2008-08-13,1.3
2008-08-12,1.3
2008-08-11,1.31
2008-08-08,1.3
2008-08-07,1.33
2008-08-06,1.32
2008-08-05,1.31
2008-08-04,1.39
2008-08-01,1.4
2008-07-31,1.5
2008-07-30,1.43
2008-07-29,1.4
2008-07-28,1.39
2008-07-25,1.38
2008-07-24,1.26
2008-07-23,1.23
2008-07-22,1.27
2008-07-21,1.25
2008-07-18,1.16
2008-07-17,1.06
2008-07-16,1.04
2008-07-15,1.02
2008-07-14,1.11
2008-07-11,1.13
2008-07-10,1.13
2008-07-09,1.14
2008-07-08,1.1
2008-07-07,1.1
2008-07-04,1.06
2008-07-03,1.1
2008-07-02,1.22
2008-07-01,1.34
2008-06-30,1.3
2008-06-27,1.36
2008-06-26,1.36
2008-06-25,1.39
2008-06-24,1.37
2008-06-23,1.35
2008-06-20,1.38
2008-06-19,1.52
2008-06-18,1.5
2008-06-17,1.53
2008-06-16,1.55
2008-06-13,1.55
2008-06-12,1.52
2008-06-11,1.56
2008-06-10,1.56
2008-06-09,1.57
2008-06-06,1.54
2008-06-05,1.58
2008-06-04,1.54
2008-06-03,1.58
2008-06-02,1.57
2008-05-30,1.56
2008-05-29,1.56
2008-05-28,1.56
2008-05-27,1.55
2008-05-26,1.55
2008-05-23,1.54
2008-05-22,1.54
2008-05-21,1.54
2008-05-20,1.53
2008-05-19,1.57
2008-05-16,1.56
2008-05-15,1.54
2008-05-14,1.54
2008-05-13,1.53
2008-05-12,1.51
2008-05-09,1.54
2008-05-08,1.52
2008-05-07,1.55
2008-05-06,1.56
2008-05-05,1.57
2008-05-02,1.57
2008-05-01,1.54
2008-04-30,1.54
2008-04-29,1.59
2008-04-28,1.57
2008-04-25,1.57
2008-04-24,1.59
2008-04-23,1.62
2008-04-22,1.64
2008-04-21,1.64
2008-04-18,1.61
2008-04-17,1.57
2008-04-16,1.55
2008-04-15,1.54
2008-04-14,1.53
2008-04-11,1.55
2008-04-10,1.54
2008-04-09,1.55
2008-04-08,1.54
2008-04-07,1.55
2008-04-04,1.55
2008-04-03,1.57
2008-04-02,1.55
2008-04-01,1.61
2008-03-31,1.61
2008-03-28,1.54
2008-03-27,1.52
2008-03-26,1.51
2008-03-25,1.5
2008-03-24,1.51
2008-03-21,1.51
2008-03-20,1.51
2008-03-19,1.5
2008-03-18,1.52
2008-03-17,1.56
2008-03-14,1.57
2008-03-13,1.6
2008-03-12,1.6
2008-03-11,1.53
2008-03-10,1.53
2008-03-07,1.65
2008-03-06,1.65
2008-03-05,1.51
2008-03-04,1.55
2008-03-03,1.57
2008-02-29,1.57
2008-02-28,1.57
2008-02-27,1.6
2008-02-26,1.65
2008-02-25,1.71
2008-02-22,1.68
2008-02-21,1.65
2008-02-20,1.67
2008-02-19,1.67
2008-02-18,1.55
2008-02-15,1.55
2008-02-14,1.55
2008-02-13,1.6
2008-02-12,1.55
2008-02-11,1.51
2008-02-08,1.55
2008-02-07,1.53
2008-02-06,1.6
2008-02-05,1.64
2008-02-04,1.67
2008-02-01,1.7
2008-01-31,1.65
2008-01-30,1.69
2008-01-29,1.7
2008-01-28,1.65
2008-01-25,1.68
2008-01-24,1.61
2008-01-23,1.6
2008-01-22,1.6
2008-01-21,1.55
2008-01-18,1.54
2008-01-17,1.33
2008-01-16,1.32
2008-01-15,1.38
2008-01-14,1.51
2008-01-11,1.64
2008-01-10,1.74
2008-01-09,1.79
2008-01-08,1.76
2008-01-07,1.8
2008-01-04,1.82
2008-01-03,1.79
2008-01-02,1.88
2008-01-01,1.96
2007-12-31,1.96
2007-12-28,1.89
2007-12-27,1.9
2007-12-26,1.91
2007-12-25,1.91
2007-12-24,1.91
2007-12-21,1.88
2007-12-20,1.9
2007-12-19,1.92
2007-12-18,1.93
2007-12-17,1.92
2007-12-14,1.95
2007-12-13,1.97
2007-12-12,2.0
2007-12-11,2.0
2007-12-10,2.0
2007-12-07,1.99
2007-12-06,1.99
2007-12-05,1.99
2007-12-04,2.01
2007-12-03,2.03
2007-11-30,2.03
2007-11-29,2.01
2007-11-28,1.98
2007-11-27,2.01
2007-11-26,2.03
2007-11-23,2.02
2007-11-22,2.04
2007-11-21,1.98
2007-11-20,1.99
2007-11-19,2.0
2007-11-16,2.0
2007-11-15,1.97
2007-11-14,1.99
2007-11-13,2.0
2007-11-12,2.0
2007-11-09,1.98
2007-11-08,2.0
2007-11-07,2.0
2007-11-06,2.02
2007-11-05,1.98
2007-11-02,2.0
2007-11-01,2.03
2007-10-31,2.04
2007-10-30,2.0
2007-10-29,2.02
2007-10-26,2.0
2007-10-25,2.01
2007-10-24,2.01
2007-10-23,2.03
2007-10-22,2.03
2007-10-19,2.0
2007-10-18,2.04
2007-10-17,2.04
2007-10-16,2.02
2007-10-15,2.02
2007-10-12,2.01
2007-10-11,2.01
2007-10-10,2.0
2007-10-09,2.01
2007-10-08,2.01
2007-10-05,2.01
2007-10-04,2.01
2007-10-03,2.0
2007-10-02,2.04
2007-10-01,2.01
2007-09-28,2.02
2007-09-27,2.02
2007-09-26,2.02
2007-09-25,2.03
2007-09-24,2.04
2007-09-21,2.05
2007-09-20,2.08
2007-09-19,2.04
2007-09-18,2.03
2007-09-17,2.03
2007-09-14,2.06
2007-09-13,2.06
2007-09-12,2.04
2007-09-11,2.03
2007-09-10,2.0
2007-09-07,2.03
2007-09-06,2.01
2007-09-05,2.04
2007-09-04,2.03
2007-09-03,2.0
2007-08-31,2.02
2007-08-30,2.01
2007-08-29,2.01
2007-08-28,2.0
2007-08-27,2.05
2007-08-24,2.07
2007-08-23,2.06
2007-08-22,2.01
2007-08-21,2.0
2007-08-20,2.0
2007-08-17,1.9
2007-08-16,1.82
2007-08-15,2.05
2007-08-14,2.01
2007-08-13,2.05
2007-08-10,2.03
2007-08-09,2.08
2007-08-08,2.11
2007-08-07,2.11
2007-08-06,2.14
2007-08-03,2.14
2007-08-02,2.16
2007-08-01,2.12
2007-07-31,2.12
2007-07-30,2.12
2007-07-27,2.09
2007-07-26,2.1
2007-07-25,2.11
2007-07-24,2.11
2007-07-23,2.13
2007-07-20,2.13
2007-07-19,2.1
2007-07-18,2.11
2007-07-17,2.1
2007-07-16,2.11
2007-07-13,2.06
2007-07-12,2.09
2007-07-11,1.98
2007-07-10,2.01
2007-07-09,2.03
2007-07-06,2.01
2007-07-05,2.03
2007-07-04,2.03
2007-07-03,2.0
2007-07-02,2.01
2007-06-29,2.01
2007-06-28,2.0
2007-06-27,2.0
2007-06-26,2.01
2007-06-25,2.0
2007-06-22,2.0
2007-06-21,2.0
2007-06-20,2.01
2007-06-19,2.01
2007-06-18,2.0
2007-06-15,2.01
2007-06-14,2.0
2007-06-13,2.03
2007-06-12,2.04
2007-06-11,2.05
2007-06-08,2.05
2007-06-07,2.06
2007-06-06,2.06
2007-06-05,2.06
2007-06-04,2.03
2007-06-01,2.02
2007-05-31,2.02
2007-05-30,2.04
2007-05-29,2.04
2007-05-28,2.06
2007-05-25,2.05
2007-05-24,2.05
2007-05-23,2.06
2007-05-22,2.06
2007-05-21,2.06
2007-05-18,2.07
2007-05-17,2.07
2007-05-16,2.07
2007-05-15,2.08
2007-05-14,2.08
2007-05-11,2.08
2007-05-10,2.11
2007-05-09,2.11
2007-05-08,2.09
2007-05-07,2.1
2007-05-04,2.11
2007-05-03,2.13
2007-05-02,2.12
2007-05-01,2.11
2007-04-30,2.11
2007-04-27,2.12
2007-04-26,2.15
2007-04-25,2.16
2007-04-24,2.13
2007-04-23,2.15
2007-04-20,2.15
2007-04-19,2.1
2007-04-18,2.12
2007-04-17,2.15
2007-04-16,2.11
2007-04-13,2.1
2007-04-12,2.08
2007-04-11,2.08
2007-04-10,2.06
2007-04-09,2.08
2007-04-06,2.08
2007-04-05,2.08
2007-04-04,2.09
2007-04-03,2.09
2007-04-02,2.09
2007-03-30,2.09
2007-03-29,2.07
2007-03-28,2.07
2007-03-27,2.07
2007-03-26,2.06
2007-03-23,2.05
2007-03-22,2.05
2007-03-21,2.01
2007-03-20,2.0
2007-03-19,2.0
2007-03-16,2.01
2007-03-15,2.04
2007-03-14,2.01
2007-03-13,2.05
2007-03-12,2.06
2007-03-09,2.06
2007-03-08,2.04
2007-03-07,2.06
2007-03-06,2.05
2007-03-05,1.96
2007-03-02,1.99
2007-03-01,2.0
2007-02-28,2.0
2007-02-27,2.0
2007-02-26,2.04
2007-02-23,2.0
2007-02-22,1.99
2007-02-21,2.01
2007-02-20,2.02
2007-02-19,2.02
2007-02-16,2.02
2007-02-15,2.02
2007-02-14,2.01
2007-02-13,2.01
2007-02-12,2.03
2007-02-09,2.03
2007-02-08,2.01
2007-02-07,2.01
2007-02-06,2.02
2007-02-05,2.02
2007-02-02,2.01
2007-02-01,2.03
2007-01-31,2.01
2007-01-30,2.0
2007-01-29,2.0
2007-01-26,2.0
2007-01-25,2.0
2007-01-24,2.03
2007-01-23,2.03
2007-01-22,2.04
2007-01-19,1.98
2007-01-18,1.99
2007-01-17,1.98
2007-01-16,1.97
2007-01-15,1.99
2007-01-12,2.02
2007-01-11,1.99
2007-01-10,1.92
2007-01-09,1.94
2007-01-08,1.93
2007-01-05,1.93
2007-01-04,1.95
2007-01-03,1.95
2007-01-02,1.95
2007-01-01,1.96
2006-12-29,1.96
2006-12-28,1.96
2006-12-27,1.94
2006-12-26,1.95
2006-12-25,1.95
2006-12-22,1.95
2006-12-21,1.98
2006-12-20,1.94
2006-12-19,1.92
2006-12-18,1.94
2006-12-15,1.93
2006-12-14,1.92
2006-12-13,1.93
2006-12-12,1.93
2006-12-11,1.93
2006-12-08,1.9
2006-12-07,1.93
2006-12-06,1.91
2006-12-05,1.92
2006-12-04,1.92
2006-12-01,1.92
2006-11-30,1.94
2006-11-29,1.94
2006-11-28,1.93
2006-11-27,1.92
2006-11-24,1.94
2006-11-23,1.95
2006-11-22,1.93
2006-11-21,1.94
2006-11-20,1.96
2006-11-17,1.95
2006-11-16,1.96
2006-11-15,1.92
2006-11-14,1.92
2006-11-13,1.92
2006-11-10,1.93
2006-11-09,1.95
2006-11-08,1.95
2006-11-07,1.97
2006-11-06,1.96
2006-11-03,1.96
2006-11-02,1.96
2006-11-01,1.97
2006-10-31,1.97
2006-10-30,1.95
2006-10-27,1.96
2006-10-26,1.96
2006-10-25,1.92
2006-10-24,1.95
2006-10-23,1.93
2006-10-20,1.96
2006-10-19,1.97
2006-10-18,1.95
2006-10-17,1.95
2006-10-16,1.93
2006-10-13,1.95
2006-10-12,1.97
2006-10-11,1.97
2006-10-10,1.97
2006-10-09,1.95
2006-10-06,1.94
2006-10-05,1.96
2006-10-04,1.96
2006-10-03,1.94
2006-10-02,1.93
2006-09-29,1.93
2006-09-28,1.91
2006-09-27,1.91
2006-09-26,1.91
2006-09-25,1.93
2006-09-22,1.94
2006-09-21,1.95
2006-09-20,1.95
2006-09-19,1.95
2006-09-18,1.96
2006-09-15,1.97
2006-09-14,1.96
2006-09-13,1.94
2006-09-12,1.94
2006-09-11,1.96
2006-09-08,1.96
2006-09-07,1.95
2006-09-06,1.95
2006-09-05,1.95
2006-09-04,1.96
2006-09-01,1.97
2006-08-31,1.98
2006-08-30,1.99
2006-08-29,1.96
2006-08-28,2.0
2006-08-25,2.0
2006-08-24,2.0
2006-08-23,1.98
2006-08-22,2.0
2006-08-21,1.98
2006-08-18,1.96
2006-08-17,1.97
2006-08-16,1.94
2006-08-15,1.98
2006-08-14,1.97
2006-08-11,1.96
2006-08-10,1.96
2006-08-09,1.94
2006-08-08,1.96
2006-08-07,1.94
2006-08-04,1.94
2006-08-03,1.94
2006-08-02,1.94
2006-08-01,1.91
2006-07-31,1.93
2006-07-28,1.88
2006-07-27,1.95
2006-07-26,1.94
2006-07-25,1.95
2006-07-24,1.95
2006-07-21,1.94
2006-07-20,1.95
2006-07-19,1.94
2006-07-18,1.92
2006-07-17,1.93
2006-07-14,1.9
2006-07-13,1.92
2006-07-12,1.93
2006-07-11,1.95
2006-07-10,1.95
2006-07-07,1.94
2006-07-06,1.95
2006-07-05,1.96
2006-07-04,1.97
2006-07-03,1.98
2006-06-30,1.99
2006-06-29,1.98
2006-06-28,1.89
2006-06-27,1.99
2006-06-26,1.95
2006-06-23,1.98
2006-06-22,1.97
2006-06-21,1.97
2006-06-20,1.99
2006-06-19,1.99
2006-06-16,1.93
2006-06-15,1.93
2006-06-14,1.93
2006-06-13,2.0
2006-06-12,2.04
2006-06-09,2.01
2006-06-08,2.0
2006-06-07,2.05
2006-06-06,1.99
2006-06-05,2.0
2006-06-02,2.0
2006-06-01,2.0
2006-05-31,2.0
2006-05-30,2.0
2006-05-29,2.0
2006-05-26,2.0
2006-05-25,1.98
2006-05-24,1.9
2006-05-23,1.92
2006-05-22,1.89
2006-05-19,1.87
2006-05-18,1.99
2006-05-17,2.01
2006-05-16,2.03
2006-05-15,2.06
2006-05-12,2.08
2006-05-11,2.08
2006-05-10,2.09
2006-05-09,2.13
2006-05-08,2.14
2006-05-05,2.13
2006-05-04,2.1
2006-05-03,2.12
2006-05-02,2.1
2006-05-01,10.7
2006-04-28,2.15
2006-04-27,2.15
2006-04-26,2.15
2006-04-25,2.15
2006-04-24,2.19
2006-04-21,2.24
2006-04-20,2.27
2006-04-19,2.12
2006-04-18,2.0
2006-04-17,2.0
2006-04-14,2.0
2006-04-13,2.0
2006-04-12,1.96
2006-04-11,1.99
2006-04-10,1.93
2006-04-07,1.83
2006-04-06,1.8
2006-04-05,1.81
2006-04-04,1.81
2006-04-03,1.8
2006-03-31,1.81
2006-03-30,1.85
2006-03-29,1.7
2006-03-28,1.61
2006-03-27,1.56
2006-03-24,1.55
2006-03-23,1.55
2006-03-22,1.57
2006-03-21,1.57
2006-03-20,1.54
2006-03-17,1.53
2006-03-16,1.52
2006-03-15,1.54
2006-03-14,1.55
2006-03-13,1.54
2006-03-10,1.55
2006-03-09,1.54
2006-03-08,1.53
2006-03-07,1.54
2006-03-06,1.54
2006-03-03,1.52
2006-03-02,1.52
2006-03-01,1.52
2006-02-28,1.52
2006-02-27,1.51
2006-02-24,1.49
2006-02-23,1.48
2006-02-22,1.48
2006-02-21,1.47
2006-02-20,1.47
2006-02-17,1.47
2006-02-16,1.47
2006-02-15,1.47
2006-02-14,1.47
2006-02-13,1.47
2006-02-10,1.47
2006-02-09,1.47
2006-02-08,1.49
2006-02-07,1.47
2006-02-06,1.48
2006-02-03,1.48
2006-02-02,1.48
2006-02-01,1.48
2006-01-31,1.47
2006-01-30,1.48
2006-01-27,1.47
2006-01-26,1.46
2006-01-25,1.47
2006-01-24,1.46
2006-01-23,1.46
2006-01-20,1.46
2006-01-19,1.46
2006-01-18,1.47
2006-01-17,1.46
2006-01-16,1.47
2006-01-13,1.47
2006-01-12,1.47
2006-01-11,1.47
2006-01-10,1.46
2006-01-09,1.47
2006-01-06,1.46
2006-01-05,1.47
2006-01-04,1.47
2006-01-03,1.47
2006-01-02,1.48
2005-12-30,1.48
2005-12-29,1.48
2005-12-28,1.46
2005-12-27,1.48
2005-12-26,1.48
2005-12-23,1.48
2005-12-22,1.49
2005-12-21,1.48
2005-12-20,1.49
2005-12-19,1.49
2005-12-16,1.46
2005-12-15,1.46
2005-12-14,1.48
2005-12-13,1.48
2005-12-12,1.48
2005-12-09,1.48
2005-12-08,1.47
2005-12-07,1.46
2005-12-06,1.46
2005-12-05,1.45
2005-12-02,1.45
2005-12-01,1.45
2005-11-30,1.45
2005-11-29,1.45
2005-11-28,1.4
2005-11-25,1.4
2005-11-24,1.4
2005-11-23,1.4
2005-11-22,1.39
2005-11-21,1.4
2005-11-18,1.4
2005-11-17,1.4
2005-11-16,1.39
2005-11-15,1.4
2005-11-14,1.38
2005-11-11,1.4
2005-11-10,1.38
2005-11-09,1.38
2005-11-08,1.39
2005-11-07,1.37
2005-11-04,1.34
2005-11-03,1.35
2005-11-02,1.36
2005-11-01,1.37
2005-10-31,1.34
2005-10-28,1.32
2005-10-27,1.32
2005-10-26,1.32
2005-10-25,1.33
2005-10-24,1.34
2005-10-21,1.36
2005-10-20,1.37
2005-10-19,1.35
2005-10-18,1.33
2005-10-17,1.33
2005-10-14,1.34
2005-10-13,1.33
2005-10-12,1.34
2005-10-11,1.34
2005-10-10,1.34
2005-10-07,1.35
2005-10-06,1.35
2005-10-05,1.37
2005-10-04,1.38
2005-10-03,1.38
2005-09-30,1.39
2005-09-29,1.37
2005-09-28,1.24
2005-09-27,1.24
2005-09-26,1.23
2005-09-23,1.23
2005-09-22,1.23
2005-09-21,1.23
2005-09-20,1.22
2005-09-19,1.22
2005-09-16,1.22
2005-09-15,1.22
2005-09-14,1.21
2005-09-13,1.21
2005-09-12,1.21
2005-09-09,1.19
2005-09-08,1.19
2005-09-07,1.18
2005-09-06,1.19
2005-09-05,1.18
2005-09-02,1.19
2005-09-01,1.2
2005-08-31,1.19
2005-08-30,1.2
2005-08-29,1.2
2005-08-26,1.19
2005-08-25,1.21
2005-08-24,1.2
2005-08-23,1.19
2005-08-22,1.19
2005-08-19,1.19
2005-08-18,1.2
2005-08-17,1.2
2005-08-16,1.19
2005-08-15,1.19
2005-08-12,1.2
2005-08-11,1.19
2005-08-10,1.2
2005-08-09,1.21
2005-08-08,1.2
2005-08-05,1.2
2005-08-04,1.21
2005-08-03,1.2
2005-08-02,1.19
2005-08-01,1.2
2005-07-29,1.18
2005-07-28,1.19
2005-07-27,1.19
2005-07-26,1.19
2005-07-25,1.18
2005-07-22,1.18
2005-07-21,1.18
2005-07-20,1.17
2005-07-19,1.2
2005-07-18,1.19
2005-07-15,1.16
2005-07-14,1.17
2005-07-13,1.16
2005-07-12,1.16
2005-07-11,1.16
2005-07-08,1.16
2005-07-07,1.16
2005-07-06,1.17
2005-07-05,1.17
2005-07-04,1.17
2005-07-01,1.15
2005-06-30,1.15
2005-06-29,1.17
2005-06-28,1.17
2005-06-27,1.16
2005-06-24,1.17
2005-06-23,1.17
2005-06-22,1.17
2005-06-21,1.18
2005-06-20,1.18
2005-06-17,1.17
2005-06-16,1.16
2005-06-15,1.14
2005-06-14,1.15
2005-06-13,1.16
2005-06-10,1.14
2005-06-09,1.14
2005-06-08,1.14
2005-06-07,1.14
2005-06-06,1.14
2005-06-03,1.14
2005-06-02,1.14
2005-06-01,1.13
2005-05-31,1.14
2005-05-30,1.14
2005-05-27,1.14
2005-05-26,1.13
2005-05-25,1.13
2005-05-24,1.14
2005-05-23,1.13
2005-05-20,1.14
2005-05-19,1.14
2005-05-18,1.13
2005-05-17,1.13
2005-05-16,1.14
2005-05-13,1.14
2005-05-12,1.14
2005-05-11,1.14
2005-05-10,1.14
2005-05-09,1.14
2005-05-06,1.13
2005-05-05,1.13
2005-05-04,1.12
2005-05-03,1.12
2005-05-02,1.12
2005-04-29,1.11
2005-04-28,1.11
2005-04-27,1.11
2005-04-26,1.12
2005-04-25,1.14
2005-04-22,1.14
2005-04-21,1.13
2005-04-20,1.13
2005-04-19,1.13
2005-04-18,1.1
2005-04-15,1.14
2005-04-14,1.14
2005-04-13,1.15
2005-04-12,1.14
2005-04-11,1.15
2005-04-08,1.15
2005-04-07,1.13
2005-04-06,1.14
2005-04-05,1.16
2005-04-04,1.18
2005-04-01,1.17
2005-03-31,1.17
2005-03-30,1.16
2005-03-29,1.16
2005-03-28,1.18
2005-03-25,1.18
2005-03-24,1.18
2005-03-23,1.18
2005-03-22,1.18
2005-03-21,1.18
2005-03-18,1.19
2005-03-17,1.19
2005-03-16,1.2
2005-03-15,1.2
2005-03-14,1.2
2005-03-11,1.2
2005-03-10,1.19
2005-03-09,1.19
2005-03-08,1.2
2005-03-07,1.18
2005-03-04,1.2
2005-03-03,1.19
2005-03-02,1.2
2005-03-01,1.2
2005-02-28,1.19
2005-02-25,1.2
2005-02-24,1.18
2005-02-23,1.2
2005-02-22,1.19
2005-02-21,1.2
2005-02-18,1.21
2005-02-17,1.22
2005-02-16,1.22
2005-02-15,1.22
2005-02-14,1.23
2005-02-11,1.23
2005-02-10,1.23
2005-02-09,1.23
2005-02-08,1.23
2005-02-07,1.22
2005-02-04,1.23
2005-02-03,1.22
2005-02-02,1.22
2005-02-01,1.22
2005-01-31,1.21
2005-01-28,1.19
2005-01-27,1.19
2005-01-26,1.16
2005-01-25,1.16
2005-01-24,1.16
2005-01-21,1.16
2005-01-20,1.17
2005-01-19,1.17
2005-01-18,1.16
2005-01-17,1.17
2005-01-14,1.16
2005-01-13,1.17
2005-01-12,1.16
2005-01-11,1.2
2005-01-10,1.16
2005-01-07,1.06
2005-01-06,1.04
2005-01-05,1.04
2005-01-04,1.03
2005-01-03,1.04
2004-12-31,1.06
2004-12-30,1.06
2004-12-29,1.06
2004-12-28,1.06
2004-12-27,1.06
2004-12-24,1.06
2004-12-23,1.06
2004-12-22,1.08
2004-12-21,1.08
2004-12-20,1.07
2004-12-17,1.06
2004-12-16,1.08
2004-12-15,1.08
2004-12-14,1.08
2004-12-13,1.08
2004-12-10,1.08
2004-12-09,1.08
2004-12-08,1.09
2004-12-07,1.08
2004-12-06,1.08
2004-12-03,1.08
2004-12-02,1.09
2004-12-01,1.07
2004-11-30,1.09
2004-11-29,1.09
2004-11-26,1.09
2004-11-25,1.08
2004-11-24,1.09
2004-11-23,1.1
2004-11-22,1.1
2004-11-19,1.09
2004-11-18,1.09
2004-11-17,1.1
2004-11-16,1.09
2004-11-15,1.1
2004-11-12,1.1
2004-11-11,1.1
2004-11-10,1.11
2004-11-09,1.08
2004-11-08,1.09
2004-11-05,1.09
2004-11-04,1.09
2004-11-03,1.09
2004-11-02,1.1
2004-11-01,1.11
2004-10-29,1.1
2004-10-28,1.11
2004-10-27,1.1
2004-10-26,1.09
2004-10-25,1.11
2004-10-22,1.12
2004-10-21,1.11
2004-10-20,1.11
2004-10-19,1.12
2004-10-18,1.09
2004-10-15,1.1
2004-10-14,1.11
2004-10-13,1.11
2004-10-12,1.11
2004-10-11,1.12
2004-10-08,1.11
2004-10-07,1.11
2004-10-06,1.09
2004-10-05,1.12
2004-10-04,1.13
2004-10-01,1.13
2004-09-30,1.13
2004-09-29,1.16
2004-09-28,1.16
2004-09-27,1.18
2004-09-24,1.18
2004-09-23,1.18
2004-09-22,1.16
2004-09-21,1.17
2004-09-20,1.17
2004-09-17,1.18
2004-09-16,1.17
2004-09-15,1.17
2004-09-14,1.17
2004-09-13,1.18
2004-09-10,1.17
2004-09-09,1.17
2004-09-08,1.17
2004-09-07,1.17
2004-09-06,1.19
2004-09-03,1.2
2004-09-02,1.2
2004-09-01,1.19
2004-08-31,1.19
2004-08-30,1.19
2004-08-27,1.21
2004-08-26,1.2
2004-08-25,1.2
2004-08-24,1.19
2004-08-23,1.14
2004-08-20,1.15
2004-08-19,1.16
2004-08-18,1.15
2004-08-17,1.15
2004-08-16,1.15
2004-08-13,1.13
2004-08-12,1.14
2004-08-11,1.14
2004-08-10,1.13
2004-08-09,1.14
2004-08-06,1.14
2004-08-05,1.14
2004-08-04,1.15
2004-08-03,1.15
2004-08-02,1.16
2004-07-30,1.16
2004-07-29,1.15
2004-07-28,1.16
2004-07-27,1.15
2004-07-26,1.16
2004-07-23,1.16
2004-07-22,1.15
2004-07-21,1.16
2004-07-20,1.17
2004-07-19,1.16
2004-07-16,1.17
2004-07-15,1.18
2004-07-14,1.17
2004-07-13,1.17
2004-07-12,1.19
2004-07-09,1.17
2004-07-08,1.16
2004-07-07,1.18
2004-07-06,1.2
2004-07-05,1.19
2004-07-02,1.2
2004-07-01,1.19
2004-06-30,1.2
2004-06-29,1.23
2004-06-28,1.2
2004-06-25,1.2
2004-06-24,1.21
2004-06-23,1.21
2004-06-22,1.22
2004-06-21,1.22
2004-06-18,1.23
2004-06-17,1.24
2004-06-16,1.21
2004-06-15,1.23
2004-06-14,1.22
2004-06-11,1.22
2004-06-10,1.22
2004-06-09,1.23
2004-06-08,1.23
2004-06-07,1.24
2004-06-04,1.24
2004-06-03,1.25
2004-06-02,1.23
2004-06-01,1.24
2004-05-31,1.24
2004-05-28,1.27
2004-05-27,1.26
2004-05-26,1.26
2004-05-25,1.26
2004-05-24,1.28
2004-05-21,1.27
2004-05-20,1.27
2004-05-19,1.26
2004-05-18,1.26
2004-05-17,1.26
2004-05-14,1.25
2004-05-13,1.27
2004-05-12,1.27
2004-05-11,1.27
2004-05-10,1.27
2004-05-07,1.25
2004-05-06,1.26
2004-05-05,1.28
2004-05-04,1.26
2004-05-03,1.25
2004-04-30,1.27
2004-04-29,1.27
2004-04-28,1.25
2004-04-27,1.24
2004-04-26,1.26
2004-04-23,1.27
2004-04-22,1.27
2004-04-21,1.25
2004-04-20,1.25
2004-04-19,1.26
2004-04-16,1.27
2004-04-15,1.26
2004-04-14,1.24
2004-04-13,1.24
2004-04-12,1.23
2004-04-09,1.23
2004-04-08,1.23
2004-04-07,1.24
2004-04-06,1.22
2004-04-05,1.22
2004-04-02,1.24
2004-04-01,1.23
2004-03-31,1.22
2004-03-30,1.23
2004-03-29,1.23
2004-03-26,1.23
2004-03-25,1.23
2004-03-24,1.2
2004-03-23,1.22
2004-03-22,1.23
2004-03-19,1.28
2004-03-18,1.28
2004-03-17,1.28
2004-03-16,1.25
2004-03-15,1.25
2004-03-12,1.27
2004-03-11,1.24
2004-03-10,1.29
2004-03-09,1.29
2004-03-08,1.3
2004-03-05,1.27
2004-03-04,1.29
2004-03-03,1.29
2004-03-02,1.28
2004-03-01,1.25
2004-02-27,1.24
2004-02-26,1.25
2004-02-25,1.24
2004-02-24,1.2
2004-02-23,1.21
2004-02-20,1.2
2004-02-19,1.22
2004-02-18,1.21
2004-02-17,1.22
2004-02-16,1.22
2004-02-13,1.19
2004-02-12,1.19
2004-02-11,1.17
2004-02-10,1.17
2004-02-09,1.17
2004-02-06,1.15
2004-02-05,1.15
2004-02-04,1.15
2004-02-03,1.17
2004-02-02,1.18
2004-01-30,1.2
2004-01-29,1.2
2004-01-28,1.2
2004-01-27,1.18
2004-01-26,1.17
2004-01-23,1.17
2004-01-22,1.18
2004-01-21,1.12
2004-01-20,1.1
2004-01-19,1.1
2004-01-16,1.09
2004-01-15,1.1
2004-01-14,1.1
2004-01-13,1.11
2004-01-12,1.1
2004-01-09,1.11
2004-01-08,1.09
2004-01-07,1.11
2004-01-06,1.12
2004-01-05,1.12
2004-01-02,1.14
2004-01-01,1.15
2003-12-31,1.15
2003-12-30,1.15
2003-12-29,1.11
2003-12-26,1.09
2003-12-25,1.09
2003-12-24,1.09
2003-12-23,1.08
2003-12-22,1.1
2003-12-19,1.09
2003-12-18,1.07
2003-12-17,1.04
2003-12-16,1.01
2003-12-15,0.98
2003-12-12,0.91
2003-12-11,0.92
2003-12-10,0.91
2003-12-09,0.9
2003-12-08,0.9
2003-12-05,0.9
2003-12-04,0.9
2003-12-03,0.89
2003-12-02,0.89
2003-12-01,0.9
2003-11-28,0.91
2003-11-27,0.9
2003-11-26,0.91
2003-11-25,0.9
2003-11-24,0.88
2003-11-21,0.86
2003-11-20,0.87
2003-11-19,0.87
2003-11-18,0.88
2003-11-17,0.89
2003-11-14,0.88
2003-11-13,0.8
2003-11-12,0.77
2003-11-11,0.79
2003-11-10,0.79
2003-11-07,0.79
2003-11-06,0.79
2003-11-05,0.79
2003-11-04,0.79
2003-11-03,0.78
2003-10-31,0.78
2003-10-30,0.78
2003-10-29,0.78
2003-10-28,0.78
2003-10-27,0.78
2003-10-24,0.77
2003-10-23,0.77
2003-10-22,0.77
2003-10-21,0.77
2003-10-20,0.77
2003-10-17,0.77
2003-10-16,0.77
2003-10-15,0.77
2003-10-14,0.77
2003-10-13,0.77
2003-10-10,0.77
2003-10-09,0.77
2003-10-08,0.79
2003-10-07,0.77
2003-10-06,0.77
2003-10-03,0.77
2003-10-02,0.77
2003-10-01,0.77
2003-09-30,0.77
2003-09-29,0.77
2003-09-26,0.77
2003-09-25,0.77
2003-09-24,0.77
2003-09-23,0.78
2003-09-22,0.77
2003-09-19,0.75
2003-09-18,0.75
2003-09-17,0.75
2003-09-16,0.75
2003-09-15,0.75
2003-09-12,0.74
2003-09-11,0.71
2003-09-10,0.68
2003-09-09,0.68
2003-09-08,0.68
2003-09-05,0.68
2003-09-04,0.68
2003-09-03,0.67
2003-09-02,0.67
2003-09-01,0.67
2003-08-29,0.67
2003-08-28,0.67
2003-08-27,0.67
2003-08-26,0.68
2003-08-25,0.68
2003-08-22,0.68
2003-08-21,0.68
2003-08-20,0.67
2003-08-19,0.68
2003-08-18,0.68
2003-08-15,0.67
2003-08-14,0.66
2003-08-13,0.67
2003-08-12,0.66
2003-08-11,0.66
2003-08-08,0.67
2003-08-07,0.67
2003-08-06,0.67
2003-08-05,0.67
2003-08-04,0.68
2003-08-01,0.68
2003-07-31,0.67
2003-07-30,0.67
2003-07-29,0.67
2003-07-28,0.67
2003-07-25,0.67
2003-07-24,0.67
2003-07-23,0.67
2003-07-22,0.67
2003-07-21,0.67
2003-07-18,0.67
2003-07-17,0.67
2003-07-16,0.66
2003-07-15,0.68
2003-07-14,0.68
2003-07-11,0.68
2003-07-10,0.68
2003-07-09,0.68
2003-07-08,0.68
2003-07-07,0.68
2003-07-04,0.67
2003-07-03,0.67
2003-07-02,0.66
2003-07-01,0.67
2003-06-30,0.67
2003-06-27,0.68
2003-06-26,0.67
2003-06-25,0.67
2003-06-24,0.67
2003-06-23,0.67
2003-06-20,0.67
2003-06-19,0.67
2003-06-18,0.68
2003-06-17,0.68
2003-06-16,0.67
2003-06-13,0.67
2003-06-12,0.67
2003-06-11,0.67
2003-06-10,0.66
2003-06-09,0.66
2003-06-06,0.68
2003-06-05,0.68
2003-06-04,0.68
2003-06-03,0.67
2003-06-02,0.67
2003-05-30,0.67
2003-05-29,0.67
2003-05-28,0.67
2003-05-27,0.67
2003-05-26,0.67
2003-05-23,0.67
2003-05-22,0.67
2003-05-21,0.67
2003-05-20,0.67
2003-05-19,0.67
2003-05-16,0.67
2003-05-15,0.67
2003-05-14,0.66
2003-05-13,0.68
2003-05-12,0.69
2003-05-09,0.69
2003-05-08,0.69
2003-05-07,0.69
2003-05-06,0.68
2003-05-05,0.69
2003-05-02,0.69
2003-05-01,0.69
2003-04-30,0.69
2003-04-29,0.7
2003-04-28,0.7
2003-04-25,0.7
2003-04-24,0.7
2003-04-23,0.7
2003-04-22,0.69
2003-04-21,0.7
2003-04-18,0.7
2003-04-17,0.7
2003-04-16,0.7
2003-04-15,0.69
2003-04-14,0.71
2003-04-11,0.71
2003-04-10,0.7
2003-04-09,0.7
2003-04-08,0.7
2003-04-07,0.72
2003-04-04,0.7
2003-04-03,0.72
2003-04-02,0.72
2003-04-01,0.73
2003-03-31,0.73
2003-03-28,0.73
2003-03-27,0.72
2003-03-26,0.71
2003-03-25,0.73
2003-03-24,0.74
2003-03-21,0.74
2003-03-20,0.74
2003-03-19,0.74
2003-03-18,0.74
2003-03-17,0.74
2003-03-14,0.74
2003-03-13,0.74
2003-03-12,0.73
2003-03-11,0.73
2003-03-10,0.73
2003-03-07,0.73
2003-03-06,0.74
2003-03-05,0.72
2003-03-04,0.72
2003-03-03,0.73
2003-02-28,0.72
2003-02-27,0.74
2003-02-26,0.73
2003-02-25,0.74
2003-02-24,0.74
2003-02-21,0.75
2003-02-20,0.75
2003-02-19,0.75
2003-02-18,0.74
2003-02-17,0.75
2003-02-14,0.75
2003-02-13,0.74
2003-02-12,0.75
2003-02-11,0.75
2003-02-10,0.75
2003-02-07,0.75
2003-02-06,0.75
2003-02-05,0.76
2003-02-04,0.76
2003-02-03,0.76
2003-01-31,0.76
2003-01-30,0.79
2003-01-29,0.76
2003-01-28,0.76
2003-01-27,0.76
2003-01-24,0.78
2003-01-23,0.77
2003-01-22,0.78
2003-01-21,0.79
2003-01-20,0.78
2003-01-17,0.79
2003-01-16,0.79
2003-01-15,0.79
2003-01-14,0.78
2003-01-13,0.79
2003-01-10,0.79
2003-01-09,0.8
2003-01-08,0.8
2003-01-07,0.79
2003-01-06,0.8
2003-01-03,0.79
2003-01-02,0.8
2003-01-01,0.8
2002-12-31,0.8
2002-12-30,0.8
2002-12-27,0.8
2002-12-26,0.8
2002-12-25,0.8
2002-12-24,0.8
2002-12-23,0.8
2002-12-20,0.8
2002-12-19,0.8
2002-12-18,0.8
2002-12-17,0.8
2002-12-16,0.8
2002-12-13,0.8
2002-12-12,0.8
2002-12-11,0.8
2002-12-10,0.8
2002-12-09,0.8
2002-12-06,0.8
2002-12-05,0.8
2002-12-04,0.79
2002-12-03,0.79
2002-12-02,0.79
2002-11-29,0.79
2002-11-28,0.81
2002-11-27,0.81
2002-11-26,0.79
2002-11-25,0.79
2002-11-22,0.79
2002-11-21,0.8
2002-11-20,0.8
2002-11-19,0.79
2002-11-18,0.79
2002-11-15,0.79
2002-11-14,0.81
2002-11-13,0.78
2002-11-12,0.79
2002-11-11,0.78
2002-11-08,0.79
2002-11-07,0.8
2002-11-06,0.8
2002-11-05,0.8
2002-11-04,0.8
2002-11-01,0.8
2002-10-31,0.8
2002-10-30,0.8
2002-10-29,0.79
2002-10-28,0.81
2002-10-25,0.8
2002-10-24,0.79
2002-10-23,0.79
2002-10-22,0.8
2002-10-21,0.79
2002-10-18,0.81
2002-10-17,0.82
2002-10-16,0.8
2002-10-15,0.81
2002-10-14,0.8
2002-10-11,0.8
2002-10-10,0.81
2002-10-09,0.82
2002-10-08,0.82
2002-10-07,0.8
2002-10-04,0.81
2002-10-03,0.81
2002-10-02,0.81
2002-10-01,0.81
2002-09-30,0.81
2002-09-27,0.83
2002-09-26,0.83
2002-09-25,0.83
2002-09-24,0.84
2002-09-23,0.82
2002-09-20,0.84
2002-09-19,0.84
2002-09-18,0.84
2002-09-17,0.84
2002-09-16,0.83
2002-09-13,0.86
2002-09-12,0.85
2002-09-11,0.84
2002-09-10,0.83
2002-09-09,0.83
2002-09-06,0.85
2002-09-05,0.84
2002-09-04,0.84
2002-09-03,0.84
2002-09-02,0.85
2002-08-30,0.85
2002-08-29,0.85
2002-08-28,0.85
2002-08-27,0.84
2002-08-26,0.85
2002-08-23,0.84
2002-08-22,0.85
2002-08-21,0.85
2002-08-20,0.84
2002-08-19,0.85
2002-08-16,0.85
2002-08-15,0.83
2002-08-14,0.83
2002-08-13,0.85
2002-08-12,0.85
2002-08-09,0.84
2002-08-08,0.85
2002-08-07,0.84
2002-08-06,0.85
2002-08-05,0.85
2002-08-02,0.84
2002-08-01,0.84
2002-07-31,0.85
2002-07-30,0.85
2002-07-29,0.84
2002-07-26,0.85
2002-07-25,0.84
2002-07-24,0.85
2002-07-23,0.85
2002-07-22,0.85
2002-07-19,0.86
2002-07-18,0.85
2002-07-17,0.85
2002-07-16,0.88
2002-07-15,0.86
2002-07-12,0.86
2002-07-11,0.86
2002-07-10,0.87
2002-07-09,0.86
2002-07-08,0.86
2002-07-05,0.85
2002-07-04,0.84
2002-07-03,0.84
2002-07-02,0.85
2002-07-01,0.86
2002-06-28,0.85
2002-06-27,0.87
2002-06-26,0.86
2002-06-25,0.86
2002-06-24,0.85
2002-06-21,0.86
2002-06-20,0.89
2002-06-19,0.88
2002-06-18,0.85
2002-06-17,0.85
2002-06-14,0.86
2002-06-13,0.87
2002-06-12,0.86
2002-06-11,0.87
2002-06-10,0.88
2002-06-07,0.88
2002-06-06,0.87
2002-06-05,0.86
2002-06-04,0.86
2002-06-03,0.85
2002-05-31,0.85
2002-05-30,0.84
2002-05-29,0.84
2002-05-28,0.85
2002-05-27,0.84
2002-05-24,0.85
2002-05-23,0.84
2002-05-22,0.84
2002-05-21,0.85
2002-05-20,0.85
2002-05-17,0.84
2002-05-16,0.84
2002-05-15,0.84
2002-05-14,0.83
2002-05-13,0.83
2002-05-10,0.83
2002-05-09,0.84
2002-05-08,0.83
2002-05-07,0.83
2002-05-06,0.83
2002-05-03,0.82
2002-05-02,0.85
2002-05-01,0.84
2002-04-30,0.84
2002-04-29,0.84
2002-04-26,0.85
2002-04-25,0.84
2002-04-24,0.84
2002-04-23,0.85
2002-04-22,0.84
2002-04-19,0.84
2002-04-18,0.86
2002-04-17,0.86
2002-04-16,0.86
2002-04-15,0.86
2002-04-12,0.85
2002-04-11,0.85
2002-04-10,0.85
2002-04-09,0.85
2002-04-08,0.84
2002-04-05,0.85
2002-04-04,0.84
2002-04-03,0.85
2002-04-02,0.85
2002-04-01,0.84
2002-03-29,0.84
2002-03-28,0.84
2002-03-27,0.84
2002-03-26,0.84
2002-03-25,0.84
2002-03-22,0.85
2002-03-21,0.84
2002-03-20,0.83
2002-03-19,0.84
2002-03-18,0.84
2002-03-15,0.84
2002-03-14,0.84
2002-03-13,0.83
2002-03-12,0.84
2002-03-11,0.85
2002-03-08,0.85
2002-03-07,0.83
2002-03-06,0.85
2002-03-05,0.86
2002-03-04,0.84
2002-03-01,0.83
2002-02-28,0.82
2002-02-27,0.82
2002-02-26,0.82
2002-02-25,0.82
2002-02-22,0.83
2002-02-21,0.83
2002-02-20,0.85
2002-02-19,0.85
2002-02-18,0.86
2002-02-15,0.86
2002-02-14,0.85
2002-02-13,0.85
2002-02-12,0.87
2002-02-11,0.87
2002-02-08,0.88
2002-02-07,0.87
2002-02-06,0.89
2002-02-05,0.88
2002-02-04,0.88
2002-02-01,0.87
2002-01-31,0.88
2002-01-30,0.87
2002-01-29,0.88
2002-01-28,0.89
2002-01-25,0.87
2002-01-24,0.87
2002-01-23,0.88
2002-01-22,0.87
2002-01-21,0.87
2002-01-18,0.88
2002-01-17,0.89
2002-01-16,0.89
2002-01-15,0.88
2002-01-14,0.88
2002-01-11,0.87
2002-01-10,0.88
2002-01-09,0.88
2002-01-08,0.88
2002-01-07,0.9
2002-01-04,0.89
2002-01-03,0.89
2002-01-02,0.89
2002-01-01,0.88
2001-12-31,0.88
2001-12-28,0.88
2001-12-27,0.89
2001-12-26,0.88
2001-12-25,0.88
2001-12-24,0.88
2001-12-21,0.88
2001-12-20,0.87
2001-12-19,0.87
2001-12-18,0.87
2001-12-17,0.87
2001-12-14,0.88
2001-12-13,0.88
2001-12-12,0.87
2001-12-11,0.88
2001-12-10,0.88
2001-12-07,0.91
2001-12-06,0.9
2001-12-05,0.91
2001-12-04,0.91
2001-12-03,0.91
2001-11-30,0.95
2001-11-29,0.93
2001-11-28,0.93
2001-11-27,0.93
2001-11-26,0.94
2001-11-23,0.94
2001-11-22,0.94
2001-11-21,0.94
2001-11-20,0.94
2001-11-19,0.93
2001-11-16,0.92
2001-11-15,0.91
2001-11-14,0.91
2001-11-13,0.92
2001-11-12,0.91
2001-11-09,0.92
2001-11-08,0.92
2001-11-07,0.89
2001-11-06,0.91
2001-11-05,0.91
2001-11-02,0.92
2001-11-01,0.93
2001-10-31,0.93
2001-10-30,0.89
2001-10-29,0.91
2001-10-26,0.89
2001-10-25,0.89
2001-10-24,0.91
2001-10-23,0.92
2001-10-22,0.91
2001-10-19,0.9
2001-10-18,0.9
2001-10-17,0.89
2001-10-16,0.88
2001-10-15,0.88
2001-10-12,0.88
2001-10-11,0.89
2001-10-10,0.88
2001-10-09,0.87
2001-10-08,0.89
2001-10-05,0.89
2001-10-04,0.89
2001-10-03,0.89
2001-10-02,0.89
2001-10-01,0.89
2001-09-28,0.9
2001-09-27,0.9
2001-09-26,0.9
2001-09-25,0.91
2001-09-24,0.89
2001-09-21,0.87
2001-09-20,0.89
2001-09-19,0.89
2001-09-18,0.85
2001-09-17,0.85
2001-09-14,0.9
2001-09-13,0.9
2001-09-12,0.92
2001-09-11,0.92
2001-09-10,0.97
2001-09-07,0.98
2001-09-06,0.98
2001-09-05,0.98
2001-09-04,0.98
2001-09-03,0.98
2001-08-31,1.01
2001-08-30,0.98
2001-08-29,0.99
2001-08-28,0.99
2001-08-27,1.0
2001-08-24,1.02
2001-08-23,1.01
2001-08-22,1.02
2001-08-21,1.02
2001-08-20,1.02
2001-08-17,1.02
2001-08-16,1.02
2001-08-15,1.03
2001-08-14,1.03
2001-08-13,1.02
2001-08-10,1.02
2001-08-09,1.02
2001-08-08,1.03
2001-08-07,1.03
2001-08-06,1.03
2001-08-03,1.04
2001-08-02,1.04
2001-08-01,1.05
2001-07-31,1.05
2001-07-30,1.05
2001-07-27,1.04
2001-07-26,1.04
2001-07-25,1.04
2001-07-24,1.05
2001-07-23,1.06
2001-07-20,1.05
2001-07-19,1.06
2001-07-18,1.05
2001-07-17,1.05
2001-07-16,1.05
2001-07-13,1.05
2001-07-12,1.05
2001-07-11,1.05
2001-07-10,1.05
2001-07-09,1.05
2001-07-06,1.04
2001-07-05,1.04
2001-07-04,1.04
2001-07-03,1.05
2001-07-02,1.04
2001-06-29,1.03
2001-06-28,1.01
2001-06-27,1.02
2001-06-26,1.01
2001-06-25,1.02
2001-06-22,1.01
2001-06-21,1.01
2001-06-20,1.02
2001-06-19,1.05
2001-06-18,1.05
2001-06-15,1.05
2001-06-14,1.03
2001-06-13,1.03
2001-06-12,1.05
2001-06-11,1.04
2001-06-08,1.03
2001-06-07,1.01
2001-06-06,1.01
2001-06-05,1.0
2001-06-04,1.0
2001-06-01,1.0
2001-05-31,1.05
2001-05-30,0.99
2001-05-29,0.98
2001-05-28,0.93
2001-05-25,0.94
2001-05-24,0.92
2001-05-23,0.92
2001-05-22,0.93
2001-05-21,0.97
2001-05-18,0.98
2001-05-17,0.97
2001-05-16,0.98
2001-05-15,0.99
2001-05-14,0.99
2001-05-11,1.0
2001-05-10,1.0
2001-05-09,0.99
2001-05-08,1.0
2001-05-07,0.99
2001-05-04,0.99
2001-05-03,0.99
2001-05-02,1.0
2001-05-01,1.01
2001-04-30,1.01
2001-04-27,1.01
2001-04-26,1.02
2001-04-25,1.02
2001-04-24,1.02
2001-04-23,1.02
2001-04-20,1.02
2001-04-19,1.05
2001-04-18,1.04
2001-04-17,1.02
2001-04-16,1.05
2001-04-13,1.05
2001-04-12,1.05
2001-04-11,1.05
2001-04-10,1.05
2001-04-09,1.04
2001-04-06,1.05
2001-04-05,1.05
2001-04-04,1.03
2001-04-03,1.03
2001-04-02,1.03
2001-03-30,1.02
2001-03-29,1.01
2001-03-28,1.02
2001-03-27,1.02
2001-03-26,1.04
2001-03-23,1.03
2001-03-22,1.0
2001-03-21,1.03
2001-03-20,1.04
2001-03-19,1.05
2001-03-16,1.05
2001-03-15,1.07
2001-03-14,0.8125
2001-03-13,1.06
2001-03-12,1.05
2001-03-09,1.07
2001-03-08,1.07
2001-03-07,1.07
2001-03-06,1.1
2001-03-05,1.07
2001-03-02,1.07
2001-03-01,1.08
2001-02-28,1.09
2001-02-27,1.09
2001-02-26,1.09
2001-02-23,1.09
2001-02-22,1.09
2001-02-21,1.1
2001-02-20,1.11
2001-02-19,1.1
2001-02-16,1.11
2001-02-15,1.11
2001-02-14,1.12
2001-02-13,1.11
2001-02-12,1.11
2001-02-09,1.11
2001-02-08,1.13
2001-02-07,1.13
2001-02-06,1.13
2001-02-05,1.14
2001-02-02,1.14
2001-02-01,1.15
2001-01-31,1.15
2001-01-30,1.13
2001-01-29,1.14
2001-01-26,0.75
2001-01-25,1.15
2001-01-24,0.75
2001-01-23,1.15
2001-01-22,1.15
2001-01-19,1.15
2001-01-18,1.16
2001-01-17,1.13
2001-01-16,1.13
2001-01-15,1.16
2001-01-12,1.11
2001-01-11,1.09
2001-01-10,1.08
2001-01-09,1.08
2001-01-08,1.08
2001-01-05,1.1
2001-01-04,1.08
2001-01-03,1.07
2001-01-02,1.08
2001-01-01,1.07
2000-12-29,1.07
2000-12-28,1.07
2000-12-27,1.09
2000-12-26,0.4062
2000-12-22,1.09
2000-12-21,1.09
2000-12-20,1.12
2000-12-19,1.14
2000-12-18,1.14
2000-12-15,1.12
2000-12-14,1.16
2000-12-13,1.15
2000-12-12,1.16
2000-12-11,1.16
2000-12-08,1.13
2000-12-07,1.13
2000-12-06,1.15
2000-12-05,1.15
2000-12-04,1.17
2000-12-01,1.17
2000-11-30,1.17
2000-11-29,1.09
2000-11-28,1.04
2000-11-27,1.05
2000-11-24,1.07
2000-11-23,1.07
2000-11-22,1.1
2000-11-21,1.11
2000-11-20,1.14
2000-11-17,1.21
2000-11-16,1.27
2000-11-15,1.26
2000-11-14,1.7
2000-11-13,1.64
2000-11-10,8.45
2000-11-09,8.5
2000-11-08,8.7
2000-11-07,8.32
2000-11-06,8.2
2000-11-03,8.11
2000-11-02,8.08
2000-11-01,8.05
2000-10-31,8.05
2000-10-30,8.05
2000-10-27,8.06
2000-10-26,8.05
2000-10-25,8.1
2000-10-24,8.1
2000-10-23,8.11
2000-10-20,8.3
2000-10-19,8.3
2000-10-18,8.26
2000-10-17,8.36
2000-10-16,8.46
2000-10-13,8.6
2000-10-12,8.6
2000-10-11,8.4
2000-10-10,8.51
2000-10-09,8.65
2000-10-06,8.88
2000-10-05,8.91
2000-10-04,8.91
2000-10-03,8.91
2000-10-02,8.99
2000-09-29,9.03
2000-09-28,8.95
2000-09-27,8.98
2000-09-26,8.98
2000-09-25,9.02
2000-09-22,8.8
2000-09-21,9.03
2000-09-20,9.19
2000-09-19,9.21
2000-09-18,9.22
2000-09-15,9.22
2000-09-14,8.98
2000-09-13,8.96
2000-09-12,8.99
2000-09-11,8.94
2000-09-08,8.9
2000-09-07,8.97
2000-09-06,8.95
2000-09-05,8.92
2000-09-04,8.91
2000-09-01,8.87
2000-08-31,8.96
2000-08-30,8.9
2000-08-29,9.01
2000-08-28,8.66
2000-08-25,8.62
2000-08-24,8.5
2000-08-23,8.58
2000-08-22,8.3
2000-08-21,8.6
2000-08-18,8.59
2000-08-17,8.6
2000-08-16,8.6
2000-08-15,8.8
2000-08-14,8.8
2000-08-11,8.79
2000-08-10,8.79
2000-08-09,8.79
2000-08-08,8.86
2000-08-07,8.94
2000-08-04,8.94
2000-08-03,8.96
2000-08-02,9.0
2000-08-01,9.03
2000-07-31,9.0
2000-07-28,8.97
2000-07-27,9.01
2000-07-26,9.01
2000-07-25,9.12
2000-07-24,9.15
2000-07-21,9.15
2000-07-20,8.95
2000-07-19,9.16
2000-07-18,9.16
2000-07-17,9.15
2000-07-14,9.15
2000-07-13,9.08
2000-07-12,9.08
2000-07-11,9.07
2000-07-10,9.02
2000-07-07,9.1
2000-07-06,9.1
2000-07-05,9.09
2000-07-04,9.04
2000-07-03,9.19
2000-06-30,9.05
2000-06-29,8.95
2000-06-28,9.0
2000-06-27,9.0
2000-06-26,9.0
2000-06-23,9.07
2000-06-22,9.1
2000-06-21,9.1
2000-06-20,9.05
2000-06-19,9.02
2000-06-16,9.02
2000-06-15,8.96
2000-06-14,8.95
2000-06-13,9.0
2000-06-12,9.05
2000-06-09,9.0
2000-06-08,8.97
2000-06-07,8.91
2000-06-06,8.92
2000-06-05,9.09
2000-06-02,9.08
2000-06-01,9.08
2000-05-31,9.03
2000-05-30,9.1
2000-05-29,9.05
2000-05-26,9.13
2000-05-25,9.13
2000-05-24,9.14
2000-05-23,9.2
2000-05-22,9.1
2000-05-19,9.25
2000-05-18,9.2
2000-05-17,9.2
2000-05-16,9.05
2000-05-15,9.13
2000-05-12,9.19
2000-05-11,9.1
2000-05-10,9.04
2000-05-09,9.0
2000-05-08,9.0
2000-05-05,8.95
2000-05-04,8.9
2000-05-03,8.85
2000-05-02,8.88
2000-05-01,8.56
2000-04-28,8.56
2000-04-27,8.83
2000-04-26,8.79
2000-04-25,9.0
2000-04-24,9.0
2000-04-21,9.0
2000-04-20,9.0
2000-04-19,8.74
2000-04-18,8.94
2000-04-17,8.99
2000-04-14,8.62
2000-04-13,8.61
2000-04-12,8.95
2000-04-11,8.97
2000-04-10,9.04
2000-04-07,9.04
2000-04-06,8.97
2000-04-05,9.05
2000-04-04,9.0
2000-04-03,9.1
2000-03-31,9.05
2000-03-30,8.9
2000-03-29,9.05
2000-03-28,9.04
2000-03-27,9.04
2000-03-24,9.19
2000-03-23,9.0
2000-03-22,9.15
2000-03-21,9.3
2000-03-20,9.4
2000-03-17,9.6
2000-03-16,9.35
2000-03-15,9.6
2000-03-14,9.6
2000-03-13,10.05
2000-03-10,10.05
2000-03-09,10.1
2000-03-08,10.0
2000-03-07,10.31
2000-03-06,10.31
2000-03-03,9.9
2000-03-02,9.75
2000-03-01,9.77
2000-02-29,9.65
2000-02-28,9.5
2000-02-25,9.42
2000-02-24,9.44
2000-02-23,9.55
2000-02-22,9.8
2000-02-21,10.06
2000-02-18,9.99
2000-02-17,9.26
2000-02-16,9.31
2000-02-15,9.31
2000-02-14,9.4
2000-02-11,9.35
2000-02-10,9.32
2000-02-09,9.31
2000-02-08,9.36
2000-02-07,9.4
2000-02-04,9.43
2000-02-03,9.36
2000-02-02,9.34
2000-02-01,9.38
2000-01-31,9.3
2000-01-28,9.34
2000-01-27,9.22
2000-01-26,9.21
2000-01-25,9.24
2000-01-24,9.23
2000-01-21,9.17
2000-01-20,9.27
2000-01-19,9.26
2000-01-18,9.45
2000-01-17,9.39
2000-01-14,9.38
2000-01-13,9.4
2000-01-12,9.4
2000-01-11,9.39
2000-01-10,9.4
2000-01-07,9.35
2000-01-06,9.39
2000-01-05,9.4
2000-01-04,9.78
2000-01-03,9.9
