,edp:pl
2018-11-23,3.045
2018-11-22,3.041
2018-11-21,3.065
2018-11-20,3.08
2018-11-19,3.08
2018-11-16,3.075
2018-11-15,3.07
2018-11-14,3.097
2018-11-13,3.078
2018-11-12,3.11
2018-11-09,3.11
2018-11-08,3.178
2018-11-07,3.11
2018-11-06,3.115
2018-11-05,3.096
2018-11-02,3.08
2018-11-01,3.116
2018-10-31,3.104
2018-10-30,3.11
2018-10-29,3.088
2018-10-26,3.051
2018-10-25,3.072
2018-10-24,3.081
2018-10-23,3.101
2018-10-22,3.145
2018-10-19,3.169
2018-10-18,3.138
2018-10-17,3.14
2018-10-16,3.119
2018-10-15,3.066
2018-10-12,3.053
2018-10-11,3.08
2018-10-10,3.14
2018-10-09,3.15
2018-10-08,3.187
2018-10-05,3.185
2018-10-04,3.185
2018-10-03,3.201
2018-10-02,3.15
2018-10-01,3.12
2018-09-28,3.178
2018-09-27,3.287
2018-09-26,3.255
2018-09-25,3.26
2018-09-24,3.265
2018-09-21,3.224
2018-09-20,3.223
2018-09-19,3.24
2018-09-18,3.25
2018-09-17,3.264
2018-09-14,3.245
2018-09-13,3.243
2018-09-12,3.265
2018-09-11,3.275
2018-09-10,3.289
2018-09-07,3.29
2018-09-06,3.294
2018-09-05,3.305
2018-09-04,3.332
2018-09-03,3.344
2018-08-31,3.365
2018-08-30,3.37
2018-08-29,3.371
2018-08-28,3.36
2018-08-27,3.367
2018-08-24,3.37
2018-08-23,3.396
2018-08-22,3.393
2018-08-21,3.386
2018-08-20,3.382
2018-08-17,3.394
2018-08-16,3.4
2018-08-15,3.4
2018-08-14,3.41
2018-08-13,3.424
2018-08-10,3.462
2018-08-09,3.468
2018-08-08,3.462
2018-08-07,3.494
2018-08-06,3.515
2018-08-03,3.53
2018-08-02,3.541
2018-08-01,3.533
2018-07-31,3.489
2018-07-30,3.533
2018-07-27,3.49
2018-07-26,3.458
2018-07-25,3.445
2018-07-24,3.428
2018-07-23,3.459
2018-07-20,3.433
2018-07-19,3.45
2018-07-18,3.452
2018-07-17,3.47
2018-07-16,3.463
2018-07-13,3.46
2018-07-12,3.501
2018-07-11,3.505
2018-07-10,3.49
2018-07-09,3.492
2018-07-06,3.43
2018-07-05,3.455
2018-07-04,3.43
2018-07-03,3.42
2018-07-02,3.41
2018-06-29,3.4
2018-06-28,3.44
2018-06-27,3.43
2018-06-26,3.41
2018-06-25,3.4
2018-06-23,3.395
2018-06-22,3.395
2018-06-21,3.344
2018-06-20,3.359
2018-06-19,3.38
2018-06-18,3.39
2018-06-15,3.37
2018-06-14,3.4
2018-06-13,3.394
2018-06-12,3.4
2018-06-11,3.372
2018-06-08,3.376
2018-06-07,3.37
2018-06-06,3.41
2018-06-05,3.42
2018-06-04,3.419
2018-06-01,3.367
2018-05-31,3.35
2018-05-30,3.39
2018-05-29,3.353
2018-05-28,3.378
2018-05-25,3.42
2018-05-24,3.406
2018-05-23,3.476
2018-05-22,3.45
2018-05-21,3.486
2018-05-18,3.458
2018-05-17,3.401
2018-05-16,3.4
2018-05-15,3.44
2018-05-14,3.4
2018-05-11,3.108
2018-05-10,3.069
2018-05-09,3.042
2018-05-08,3.041
2018-05-07,3.05
2018-05-04,3.047
2018-05-03,3.032
2018-05-02,3.061
2018-04-30,3.076
2018-04-27,3.068
2018-04-26,3.178
2018-04-25,3.21
2018-04-24,3.237
2018-04-23,3.213
2018-04-20,3.205
2018-04-19,3.207
2018-04-18,3.173
2018-04-17,3.163
2018-04-16,3.157
2018-04-13,3.176
2018-04-12,3.151
2018-04-11,3.149
2018-04-10,3.201
2018-04-09,3.205
2018-04-06,3.087
2018-04-05,3.106
2018-04-04,3.105
2018-04-03,3.09
2018-03-29,3.088
2018-03-28,3.071
2018-03-27,2.995
2018-03-26,2.951
2018-03-23,2.937
2018-03-22,2.963
2018-03-21,3.0
2018-03-20,2.993
2018-03-19,3.007
2018-03-16,3.053
2018-03-15,3.055
2018-03-14,3.052
2018-03-13,3.05
2018-03-12,3.01
2018-03-09,2.921
2018-03-08,2.913
2018-03-07,2.833
2018-03-06,2.81
2018-03-05,2.8
2018-03-02,2.789
2018-03-01,2.719
2018-02-28,2.753
2018-02-27,2.768
2018-02-26,2.799
2018-02-23,2.8
2018-02-22,2.727
2018-02-21,2.681
2018-02-20,2.704
2018-02-19,2.772
2018-02-16,2.808
2018-02-15,2.756
2018-02-14,2.749
2018-02-13,2.721
2018-02-12,2.739
2018-02-09,2.687
2018-02-08,2.704
2018-02-07,2.729
2018-02-06,2.64
2018-02-05,2.696
2018-02-02,2.777
2018-02-01,2.833
2018-01-31,2.829
2018-01-30,2.84
2018-01-29,2.869
2018-01-26,2.89
2018-01-25,2.889
2018-01-24,2.883
2018-01-23,2.889
2018-01-22,2.89
2018-01-19,2.884
2018-01-18,2.868
2018-01-17,2.891
2018-01-16,2.91
2018-01-15,2.91
2018-01-12,2.852
2018-01-11,2.886
2018-01-10,2.92
2018-01-09,2.952
2018-01-08,2.978
2018-01-05,2.994
2018-01-04,2.974
2018-01-03,2.944
2018-01-02,2.902
2017-12-29,2.885
2017-12-28,2.88
2017-12-27,2.897
2017-12-22,2.869
2017-12-21,2.864
2017-12-20,2.877
2017-12-19,2.925
2017-12-18,2.93
2017-12-15,2.928
2017-12-14,2.897
2017-12-13,2.93
2017-12-12,2.941
2017-12-11,2.947
2017-12-08,2.908
2017-12-07,2.937
2017-12-06,2.906
2017-12-05,2.905
2017-12-04,2.917
2017-12-01,2.913
2017-11-30,2.945
2017-11-29,2.908
2017-11-28,2.908
2017-11-27,2.92
2017-11-24,2.909
2017-11-23,2.927
2017-11-22,2.911
2017-11-21,2.888
2017-11-20,2.922
2017-11-17,2.915
2017-11-16,2.96
2017-11-15,3.003
2017-11-14,2.97
2017-11-13,2.956
2017-11-10,2.986
2017-11-09,2.98
2017-11-08,3.012
2017-11-07,2.964
2017-11-06,2.95
2017-11-03,2.956
2017-11-02,3.098
2017-11-01,3.085
2017-10-31,3.063
2017-10-30,3.032
2017-10-27,3.024
2017-10-26,3.007
2017-10-25,2.95
2017-10-24,2.97
2017-10-23,3.007
2017-10-20,3.009
2017-10-19,3.02
2017-10-18,3.014
2017-10-17,2.999
2017-10-16,2.998
2017-10-13,3.107
2017-10-12,3.117
2017-10-11,3.093
2017-10-10,3.04
2017-10-09,3.006
2017-10-06,3.015
2017-10-05,3.1
2017-10-04,3.083
2017-10-03,3.09
2017-10-02,3.096
2017-09-29,3.185
2017-09-28,3.189
2017-09-27,3.203
2017-09-26,3.214
2017-09-25,3.226
2017-09-22,3.197
2017-09-21,3.225
2017-09-20,3.253
2017-09-19,3.268
2017-09-18,3.289
2017-09-15,3.374
2017-09-14,3.331
2017-09-13,3.344
2017-09-12,3.321
2017-09-11,3.296
2017-09-08,3.252
2017-09-07,3.236
2017-09-06,3.223
2017-09-05,3.256
2017-09-04,3.254
2017-09-01,3.245
2017-08-31,3.225
2017-08-30,3.185
2017-08-29,3.218
2017-08-28,3.229
2017-08-25,3.216
2017-08-24,3.246
2017-08-23,3.202
2017-08-22,3.22
2017-08-21,3.185
2017-08-18,3.202
2017-08-17,3.214
2017-08-16,3.174
2017-08-15,3.164
2017-08-14,3.155
2017-08-11,3.113
2017-08-10,3.164
2017-08-09,3.168
2017-08-08,3.158
2017-08-07,3.155
2017-08-04,3.15
2017-08-03,3.083
2017-08-02,3.054
2017-08-01,3.042
2017-07-31,3.0
2017-07-28,2.967
2017-07-27,3.001
2017-07-26,2.99
2017-07-25,2.959
2017-07-24,2.97
2017-07-21,2.995
2017-07-20,2.99
2017-07-19,3.0
2017-07-18,2.983
2017-07-17,2.95
2017-07-14,2.961
2017-07-13,2.932
2017-07-12,2.901
2017-07-11,2.857
2017-07-10,2.857
2017-07-07,2.83
2017-07-06,2.822
2017-07-05,2.858
2017-07-04,2.901
2017-07-03,2.856
2017-06-30,2.863
2017-06-29,2.868
2017-06-28,2.891
2017-06-27,2.892
2017-06-26,2.944
2017-06-23,2.971
2017-06-22,2.998
2017-06-21,3.03
2017-06-20,3.049
2017-06-19,3.055
2017-06-16,3.047
2017-06-15,3.056
2017-06-14,3.173
2017-06-13,3.219
2017-06-12,3.17
2017-06-09,3.271
2017-06-08,3.236
2017-06-07,3.241
2017-06-06,3.257
2017-06-05,3.167
2017-06-02,3.24
2017-06-01,3.284
2017-05-31,3.274
2017-05-30,3.205
2017-05-29,3.186
2017-05-26,3.195
2017-05-25,3.189
2017-05-24,3.169
2017-05-23,3.198
2017-05-22,3.147
2017-05-19,3.096
2017-05-18,2.989
2017-05-17,3.056
2017-05-16,3.077
2017-05-15,3.088
2017-05-12,3.3
2017-05-11,3.266
2017-05-10,3.251
2017-05-09,3.25
2017-05-08,3.231
2017-05-05,3.255
2017-05-04,3.21
2017-05-03,3.125
2017-05-02,3.079
2017-04-28,3.03
2017-04-27,3.082
2017-04-26,3.102
2017-04-25,3.118
2017-04-24,3.114
2017-04-21,3.045
2017-04-20,3.047
2017-04-19,3.085
2017-04-18,3.128
2017-04-13,3.159
2017-04-12,3.165
2017-04-11,3.164
2017-04-10,3.18
2017-04-07,3.18
2017-04-06,3.186
2017-04-05,3.18
2017-04-04,3.176
2017-04-03,3.17
2017-03-31,3.175
2017-03-30,3.153
2017-03-29,3.073
2017-03-28,3.055
2017-03-27,2.933
2017-03-24,2.92
2017-03-23,2.912
2017-03-22,2.922
2017-03-21,2.899
2017-03-20,2.877
2017-03-17,2.863
2017-03-16,2.848
2017-03-15,2.831
2017-03-14,2.834
2017-03-13,2.829
2017-03-10,2.827
2017-03-09,2.841
2017-03-08,2.824
2017-03-07,2.84
2017-03-06,2.87
2017-03-03,2.81
2017-03-02,2.918
2017-03-01,2.908
2017-02-28,2.919
2017-02-27,2.887
2017-02-24,2.887
2017-02-23,2.896
2017-02-22,2.892
2017-02-21,2.892
2017-02-20,2.879
2017-02-17,2.859
2017-02-16,2.855
2017-02-15,2.85
2017-02-14,2.817
2017-02-13,2.8
2017-02-10,2.787
2017-02-09,2.799
2017-02-08,2.763
2017-02-07,2.685
2017-02-06,2.66
2017-02-03,2.7
2017-02-02,2.703
2017-02-01,2.67
2017-01-31,2.688
2017-01-30,2.7
2017-01-27,2.744
2017-01-26,2.717
2017-01-25,2.702
2017-01-24,2.731
2017-01-23,2.72
2017-01-20,2.78
2017-01-19,2.8
2017-01-18,2.831
2017-01-17,2.851
2017-01-16,2.769
2017-01-15,2.769
2017-01-13,2.774
2017-01-12,2.767
2017-01-11,2.753
2017-01-10,2.74
2017-01-09,2.794
2017-01-06,2.804
2017-01-05,2.86
2017-01-04,2.891
2017-01-03,2.904
2017-01-02,2.917
2016-12-31,2.79
2016-12-30,2.894
2016-12-29,2.925
2016-12-28,2.918
2016-12-27,2.919
2016-12-23,2.887
2016-12-22,2.867
2016-12-21,2.903
2016-12-20,2.9
2016-12-19,2.88
2016-12-16,2.854
2016-12-15,2.85
2016-12-14,2.855
2016-12-13,2.875
2016-12-12,2.825
2016-12-09,2.83
2016-12-08,2.81
2016-12-07,2.82
2016-12-06,2.792
2016-12-05,2.695
2016-12-02,2.697
2016-12-01,2.699
2016-11-30,2.727
2016-11-29,2.71
2016-11-28,2.707
2016-11-25,2.716
2016-11-24,2.692
2016-11-23,2.7
2016-11-22,2.723
2016-11-21,2.735
2016-11-18,2.69
2016-11-17,2.71
2016-11-16,2.647
2016-11-15,2.685
2016-11-14,2.637
2016-11-11,2.67
2016-11-10,2.699
2016-11-09,2.84
2016-11-08,2.93
2016-11-07,2.919
2016-11-04,2.85
2016-11-03,2.909
2016-11-02,2.893
2016-11-01,2.971
2016-10-31,3.011
2016-10-28,3.006
2016-10-27,2.989
2016-10-26,3.03
2016-10-25,3.009
2016-10-24,3.028
2016-10-21,2.994
2016-10-20,3.0
2016-10-19,3.015
2016-10-18,2.99
2016-10-17,2.945
2016-10-14,2.922
2016-10-13,2.882
2016-10-12,2.854
2016-10-11,2.814
2016-10-10,2.803
2016-10-07,2.735
2016-10-06,2.776
2016-10-05,2.82
2016-10-04,2.9
2016-10-03,2.922
2016-09-30,2.989
2016-09-29,2.987
2016-09-28,2.965
2016-09-27,2.928
2016-09-26,2.938
2016-09-23,2.947
2016-09-22,2.99
2016-09-21,2.915
2016-09-20,2.924
2016-09-19,2.917
2016-09-16,2.885
2016-09-15,2.901
2016-09-14,2.897
2016-09-13,2.898
2016-09-12,2.916
2016-09-09,2.959
2016-09-08,3.06
2016-09-07,3.054
2016-09-06,3.041
2016-09-05,3.082
2016-09-02,3.045
2016-09-01,3.01
2016-08-31,3.005
2016-08-30,2.999
2016-08-29,3.007
2016-08-26,3.012
2016-08-25,3.009
2016-08-24,3.009
2016-08-23,3.01
2016-08-22,3.0
2016-08-19,2.99
2016-08-18,3.024
2016-08-17,3.011
2016-08-16,3.076
2016-08-15,3.105
2016-08-12,3.106
2016-08-11,3.123
2016-08-10,3.118
2016-08-09,3.106
2016-08-08,3.083
2016-08-05,3.057
2016-08-04,3.032
2016-08-03,3.01
2016-08-02,3.021
2016-08-01,3.087
2016-07-29,3.048
2016-07-28,3.001
2016-07-27,3.023
2016-07-26,3.029
2016-07-25,3.021
2016-07-22,3.001
2016-07-21,2.97
2016-07-20,2.957
2016-07-19,2.923
2016-07-18,2.945
2016-07-15,2.913
2016-07-14,2.913
2016-07-13,2.881
2016-07-12,2.878
2016-07-11,2.851
2016-07-08,2.766
2016-07-07,2.761
2016-07-06,2.655
2016-07-05,2.716
2016-07-04,2.795
2016-07-01,2.783
2016-06-30,2.726
2016-06-29,2.741
2016-06-28,2.653
2016-06-27,2.579
2016-06-24,2.681
2016-06-23,2.941
2016-06-22,2.944
2016-06-21,2.926
2016-06-20,2.95
2016-06-17,2.86
2016-06-16,2.785
2016-06-15,2.818
2016-06-14,2.767
2016-06-13,2.872
2016-06-10,2.925
2016-06-09,2.986
2016-06-08,3.007
2016-06-07,2.983
2016-06-06,2.964
2016-06-03,2.924
2016-06-02,2.952
2016-06-01,2.945
2016-05-31,3.004
2016-05-30,2.987
2016-05-27,2.948
2016-05-26,2.955
2016-05-25,2.886
2016-05-24,2.879
2016-05-23,2.862
2016-05-20,2.905
2016-05-19,2.935
2016-05-18,2.959
2016-05-17,2.978
2016-05-16,2.973
2016-05-13,3.171
2016-05-12,3.139
2016-05-11,3.114
2016-05-10,3.172
2016-05-09,3.159
2016-05-06,3.184
2016-05-05,3.247
2016-05-04,3.133
2016-05-03,3.118
2016-05-02,3.156
2016-04-29,3.092
2016-04-28,3.115
2016-04-27,3.137
2016-04-26,3.06
2016-04-25,3.076
2016-04-22,3.079
2016-04-21,3.036
2016-04-20,3.053
2016-04-19,3.004
2016-04-18,2.959
2016-04-15,2.955
2016-04-14,2.943
2016-04-13,2.954
2016-04-12,2.922
2016-04-11,2.945
2016-04-08,2.928
2016-04-07,2.916
2016-04-06,2.93
2016-04-05,2.99
2016-04-04,3.095
2016-04-01,3.094
2016-03-31,3.111
2016-03-30,3.147
2016-03-29,3.087
2016-03-24,3.057
2016-03-23,3.052
2016-03-22,3.085
2016-03-21,3.116
2016-03-18,3.1
2016-03-17,3.09
2016-03-16,3.0
2016-03-15,2.983
2016-03-14,2.977
2016-03-11,2.966
2016-03-10,2.882
2016-03-09,2.821
2016-03-08,2.775
2016-03-07,2.757
2016-03-04,2.878
2016-03-03,2.92
2016-03-02,2.866
2016-03-01,2.869
2016-02-29,2.852
2016-02-26,2.823
2016-02-25,2.866
2016-02-24,2.798
2016-02-23,2.85
2016-02-22,2.944
2016-02-19,2.862
2016-02-18,2.867
2016-02-17,2.83
2016-02-16,2.776
2016-02-15,2.795
2016-02-12,2.748
2016-02-11,2.746
2016-02-10,2.893
2016-02-09,2.926
2016-02-08,3.007
2016-02-05,3.104
2016-02-04,3.138
2016-02-03,3.143
2016-02-02,3.257
2016-02-01,3.248
2016-01-29,3.212
2016-01-28,3.163
2016-01-27,3.165
2016-01-26,3.18
2016-01-25,3.139
2016-01-22,3.134
2016-01-21,3.044
2016-01-20,3.004
2016-01-19,3.048
2016-01-18,3.0
2016-01-15,3.047
2016-01-14,3.14
2016-01-11,3.2
2016-01-08,3.21
2016-01-07,3.23
2016-01-05,3.188
2016-01-04,3.185
2015-12-31,3.321
2015-12-30,3.297
2015-12-29,3.285
2015-12-28,3.223
2015-12-24,3.226
2015-12-22,3.144
2015-12-18,3.15
2015-12-16,3.078
2015-12-15,3.058
2015-12-09,3.13
2015-12-08,3.078
2015-12-07,3.134
2015-12-04,3.101
2015-12-03,3.125
2015-12-02,3.121
2015-12-01,3.124
2015-11-30,3.155
2015-11-27,3.238
2015-11-26,3.23
2015-11-25,3.191
2015-11-24,3.198
2015-11-23,3.288
2015-11-20,3.33
2015-11-19,3.29
2015-11-18,3.25
2015-11-17,3.208
2015-11-16,3.164
2015-11-13,3.162
2015-11-12,3.132
2015-11-11,3.149
2015-11-10,3.25
2015-11-09,3.25
2015-11-06,3.408
2015-11-05,3.433
2015-11-04,3.456
2015-11-03,3.449
2015-11-02,3.427
2015-10-30,3.368
2015-10-29,3.357
2015-10-28,3.337
2015-10-23,3.412
2015-10-20,3.395
2015-10-19,3.382
2015-10-16,3.399
2015-10-15,3.375
2015-10-14,3.32
2015-10-13,3.364
2015-10-12,3.378
2015-10-09,3.496
2015-10-08,3.46
2015-10-07,3.455
2015-10-06,3.401
2015-10-05,3.443
2015-10-02,3.34
2015-10-01,3.278
2015-09-30,3.271
2015-09-29,3.171
2015-09-28,3.159
2015-09-25,3.167
2015-09-24,3.048
2015-09-23,3.06
2015-09-22,3.029
2015-09-21,3.098
2015-09-18,3.068
2015-09-17,3.1
2015-09-16,3.062
2015-09-15,2.99
2015-09-14,3.024
2015-09-11,3.046
2015-09-10,3.056
2015-09-09,3.134
2015-09-08,3.114
2015-09-07,3.058
2015-09-04,3.065
2015-09-03,3.11
2015-09-02,3.031
2015-09-01,3.058
2015-08-31,3.126
2015-08-28,3.143
2015-08-27,3.142
2015-08-26,3.031
2015-08-25,3.06
2015-08-24,2.975
2015-08-21,3.167
2015-08-20,3.308
2015-08-19,3.337
2015-08-18,3.378
2015-08-11,3.333
2015-08-10,3.378
2015-08-06,3.407
2015-07-31,3.368
2015-07-30,3.504
2015-07-29,3.484
2015-07-28,3.523
2015-07-27,3.537
2015-07-24,3.605
2015-07-23,3.587
2015-07-22,3.628
2015-07-21,3.598
2015-07-20,3.65
2015-07-15,3.586
2015-06-30,3.405
2015-06-29,3.419
2015-06-26,3.549
2015-06-25,3.556
2015-06-24,3.56
2015-06-23,3.565
2015-06-22,3.498
2015-06-19,3.393
2015-06-17,3.386
2015-06-16,3.371
2015-06-15,3.353
2015-06-11,3.428
2015-06-10,3.389
2015-06-09,3.354
2015-06-08,3.346
2015-06-05,3.443
2015-06-04,3.508
2015-06-03,3.539
2015-06-02,3.563
2015-06-01,3.535
2015-05-29,3.555
2015-05-28,3.575
2015-05-27,3.595
2015-05-26,3.514
2015-05-25,3.536
2015-05-22,3.605
2015-05-21,3.615
2015-05-20,3.621
2015-05-19,3.609
2015-05-18,3.581
2015-05-15,3.556
2015-05-14,3.577
2015-05-13,3.566
2015-05-12,3.5
2015-05-11,3.655
2015-05-08,3.65
2015-05-07,3.511
2015-05-06,3.466
2015-05-05,3.5
2015-05-04,3.614
2015-05-01,3.572
2015-04-30,3.572
2015-04-29,3.513
2015-04-28,3.579
2015-04-27,3.585
2015-04-24,3.574
2015-04-23,3.524
2015-04-22,3.531
2015-04-21,3.562
2015-04-20,3.585
2015-04-17,3.599
2015-04-16,3.624
2015-04-10,3.694
2015-03-27,3.58
2015-03-26,3.582
2015-03-24,3.597
2015-03-19,3.518
2015-03-18,3.544
2015-03-17,3.49
2015-03-16,3.481
2015-03-13,3.444
2015-03-12,3.407
2015-03-11,3.38
2015-03-10,3.295
2015-03-09,3.333
2015-03-06,3.353
2015-03-05,3.454
2015-03-04,3.385
2015-03-03,3.491
2015-03-02,3.51
2015-02-27,3.526
2015-02-26,3.471
2015-02-25,3.482
2015-02-24,3.485
2015-02-23,3.386
2015-02-20,3.325
2015-02-19,3.25
2015-02-18,3.275
2015-02-17,3.268
2015-02-12,3.241
2015-02-11,3.199
2015-02-10,3.29
2015-02-09,3.21
2015-02-06,3.234
2015-02-05,3.264
2015-02-04,3.344
2015-02-03,3.385
2015-02-02,3.361
2015-01-30,3.377
2015-01-29,3.532
2015-01-28,3.487
2015-01-27,3.53
2015-01-26,3.553
2015-01-23,3.55
2015-01-22,3.521
2015-01-21,3.49
2015-01-20,3.424
2015-01-19,3.438
2015-01-16,3.401
2015-01-15,3.376
2015-01-14,3.225
2015-01-13,3.267
2015-01-12,3.15
2015-01-09,3.112
2015-01-08,3.17
2015-01-07,3.1
2015-01-06,3.104
2015-01-05,3.159
2015-01-02,3.264
2015-01-01,3.218
2014-12-31,3.218
2014-12-30,3.25
2014-12-29,3.289
2014-12-26,3.257
2014-12-25,3.257
2014-12-24,3.257
2014-12-23,3.28
2014-12-18,3.248
2014-12-17,3.163
2014-12-16,3.158
2014-12-15,3.096
2014-12-12,3.211
2014-12-11,3.3
2014-12-10,3.336
2014-12-09,3.44
2014-12-08,3.496
2014-12-05,3.488
2014-12-04,3.407
2014-12-03,3.399
2014-12-02,3.342
2014-12-01,3.308
2014-11-28,3.299
2014-11-27,3.337
2014-11-26,3.248
2014-11-25,3.295
2014-11-24,3.288
2014-11-21,3.288
2014-11-20,3.24
2014-11-19,3.299
2014-11-18,3.267
2014-11-17,3.227
2014-11-14,3.229
2014-11-13,3.219
2014-11-12,3.197
2014-11-11,3.275
2014-11-10,3.283
2014-11-05,3.277
2014-11-04,3.276
2014-11-03,3.328
2014-10-31,3.431
2014-10-30,3.331
2014-10-29,3.337
2014-10-27,3.248
2014-10-24,3.282
2014-10-23,3.332
2014-10-22,3.32
2014-10-21,3.341
2014-10-20,3.263
2014-10-15,3.222
2014-10-09,3.282
2014-10-08,3.29
2014-10-06,3.343
2014-10-03,3.352
2014-09-30,3.455
2014-09-26,3.404
2014-09-25,3.321
2014-09-24,3.37
2014-09-23,3.389
2014-09-22,3.434
2014-09-16,3.39
2014-09-15,3.396
2014-09-12,3.393
2014-09-10,3.551
2014-09-08,3.629
2014-09-05,3.668
2014-08-29,3.684
2014-08-28,3.64
2014-08-27,3.677
2014-08-26,3.607
2014-08-25,3.541
2014-08-22,3.512
2014-08-21,3.56
2014-08-20,3.493
2014-08-18,3.455
2014-08-15,3.398
2014-08-14,3.359
2014-08-13,3.295
2014-08-11,3.169
2014-08-08,3.09
2014-08-07,3.133
2014-08-06,3.282
2014-08-05,3.42
2014-08-04,3.424
2014-08-01,3.418
2014-07-31,3.503
2014-07-30,3.573
2014-07-29,3.596
2014-07-28,3.612
2014-07-25,3.61
2014-07-24,3.568
2014-07-23,3.527
2014-07-21,3.443
2014-07-18,3.402
2014-07-17,3.39
2014-07-16,3.415
2014-07-15,3.37
2014-07-14,3.414
2014-07-11,3.372
2014-07-10,3.228
2014-07-08,3.486
2014-07-07,3.497
2014-07-04,3.54
2014-07-03,3.596
2014-07-02,3.585
2014-07-01,3.557
2014-06-30,3.664
2014-06-27,3.68
2014-06-26,3.68
2014-06-25,3.674
2014-06-24,3.74
2014-06-23,3.748
2014-06-20,3.719
2014-06-13,3.663
2014-06-12,3.655
2014-06-11,3.66
2014-06-09,3.678
2014-06-06,3.62
2014-06-05,3.557
2014-06-04,3.49
2014-05-29,3.4
2014-05-28,3.431
2014-05-20,3.42
2014-05-19,3.407
2014-05-13,3.488
2014-05-09,3.485
2014-05-08,3.573
2014-05-07,3.511
2014-05-06,3.522
2014-05-05,3.534
2014-05-02,3.505
2014-05-01,3.5
2014-04-30,3.5
2014-04-29,3.49
2014-04-28,3.45
2014-04-25,3.431
2014-04-24,3.423
2014-04-22,3.388
2014-04-17,3.364
2014-04-16,3.32
2014-04-15,3.247
2014-04-14,3.234
2014-04-11,3.2
2014-04-10,3.233
2014-04-09,3.239
2014-04-07,3.248
2014-04-04,3.215
2014-04-03,3.3
2014-04-02,3.336
2014-04-01,3.38
2014-03-31,3.371
2014-03-27,3.3
2014-03-26,3.302
2014-03-25,3.258
2014-03-24,3.201
2014-03-21,3.274
2014-03-19,3.261
2014-03-18,3.283
2014-03-17,3.241
2014-03-14,3.207
2014-03-13,3.224
2014-03-12,3.266
2014-03-11,3.286
2014-03-10,3.255
2014-03-07,3.235
2014-03-06,3.238
2014-03-05,3.205
2014-03-04,3.175
2014-03-03,3.101
2014-02-27,3.099
2014-02-26,3.07
2014-02-19,2.925
2014-02-17,2.93
2014-02-14,2.926
2014-02-13,2.9
2014-02-11,2.907
2014-02-10,2.805
2014-02-07,2.798
2014-02-06,2.8
2014-02-05,2.772
2014-02-04,2.762
2014-02-03,2.8
2014-01-31,2.786
2014-01-30,2.803
2014-01-29,2.787
2014-01-28,2.798
2014-01-27,2.771
2014-01-24,2.766
2014-01-23,2.816
2014-01-22,2.829
2014-01-21,2.843
2014-01-17,2.868
2014-01-16,2.846
2014-01-15,2.853
2014-01-10,2.833
2014-01-09,2.812
2014-01-08,2.786
2014-01-07,2.74
2014-01-06,2.69
2014-01-03,2.681
2014-01-02,2.643
2014-01-01,2.67
2013-12-19,2.63
2013-12-18,2.622
2013-12-17,2.65
2013-12-16,2.64
2013-12-13,2.641
2013-12-12,2.646
2013-12-11,2.667
2013-12-10,2.687
2013-12-06,2.667
2013-12-05,2.685
2013-12-03,2.725
2013-11-29,2.785
2013-11-28,2.775
2013-11-27,2.782
2013-11-26,2.781
2013-11-25,2.799
2013-11-22,2.783
2013-11-21,2.751
2013-11-20,2.75
2013-11-19,2.76
2013-11-18,2.762
2013-11-15,2.73
2013-11-14,2.728
2013-11-13,2.719
2013-11-12,2.715
2013-11-11,2.711
2013-11-08,2.696
2013-11-07,2.697
2013-11-06,2.719
2013-11-05,2.71
2013-11-04,2.706
2013-11-01,2.719
2013-10-31,2.712
2013-10-30,2.69
2013-10-29,2.669
2013-10-28,2.669
2013-10-25,2.67
2013-10-24,2.682
2013-10-23,2.677
2013-10-22,2.69
2013-10-21,2.675
2013-10-18,2.677
2013-10-17,2.647
2013-10-16,2.612
2013-10-14,2.51
2013-10-11,2.481
2013-10-10,2.458
2013-10-09,2.468
2013-10-08,2.522
2013-10-07,2.545
2013-10-04,2.586
2013-10-03,2.69
2013-10-02,2.7
2013-10-01,2.697
2013-09-30,2.7
2013-09-27,2.714
2013-09-26,2.72
2013-09-25,2.72
2013-09-24,2.708
2013-09-23,2.694
2013-09-20,2.713
2013-09-19,2.705
2013-08-30,2.674
2013-08-29,2.705
2013-08-28,2.682
2013-08-27,2.675
2013-08-26,2.69
2013-08-23,2.699
2013-08-22,2.7
2013-08-21,2.667
2013-08-20,2.672
2013-08-19,2.695
2013-08-16,2.706
2013-08-15,2.717
2013-08-14,2.713
2013-08-13,2.7
2013-08-12,2.7
2013-08-09,2.703
2013-08-08,2.7
2013-08-07,2.666
2013-08-06,2.634
2013-08-05,2.663
2013-08-02,2.661
2013-07-31,2.67
2013-07-30,2.642
2013-07-26,2.565
2013-07-25,2.53
2013-07-19,2.5
2013-07-18,2.459
2013-07-17,2.419
2013-07-16,2.411
2013-07-15,2.404
2013-07-12,2.41
2013-07-11,2.468
2013-07-10,2.481
2013-07-09,2.423
2013-07-08,2.411
2013-07-05,2.37
2013-07-04,2.368
2013-07-03,2.308
2013-07-02,2.465
2013-06-28,2.475
2013-06-27,2.446
2013-06-26,2.448
2013-06-25,2.414
2013-06-24,2.395
2013-06-21,2.439
2013-06-20,2.515
2013-06-19,2.576
2013-06-18,2.579
2013-06-17,2.549
2013-06-13,2.533
2013-06-10,2.535
2013-06-07,2.52
2013-06-06,2.466
2013-06-05,2.458
2013-06-04,2.475
2013-06-03,2.465
2013-05-31,2.479
2013-05-30,2.52
2013-05-29,2.512
2013-05-28,2.541
2013-05-27,2.502
2013-05-24,2.49
2013-05-23,2.441
2013-05-21,2.466
2013-05-20,2.474
2013-05-17,2.638
2013-05-16,2.608
2013-05-15,2.599
2013-05-14,2.615
2013-05-13,2.635
2013-05-10,2.624
2013-05-09,2.606
2013-05-08,2.619
2013-05-07,2.6
2013-05-06,2.616
2013-05-03,2.607
2013-05-02,2.61
2013-05-01,2.61
2013-04-29,2.62
2013-04-26,2.57
2013-04-25,2.62
2013-04-24,2.569
2013-04-23,2.55
2013-04-22,2.501
2013-04-19,2.503
2013-04-18,2.428
2013-04-17,2.458
2013-04-16,2.46
2013-04-15,2.49
2013-04-12,2.47
2013-04-11,2.412
2013-04-10,2.422
2013-04-09,2.37
2013-04-05,2.311
2013-04-04,2.319
2013-04-03,2.32
2013-04-02,2.383
2013-04-01,2.402
2013-03-22,2.478
2013-03-20,2.444
2013-03-19,2.419
2013-03-15,2.43
2013-03-13,2.36
2013-03-12,2.355
2013-03-11,2.349
2013-03-08,2.35
2013-03-07,2.32
2013-03-06,2.317
2013-03-05,2.32
2013-03-04,2.3
2013-03-01,2.28
2013-02-15,2.335
2013-02-14,2.345
2013-02-11,2.395
2013-02-08,2.405
2013-02-07,2.39
2013-02-06,2.388
2013-02-05,2.38
2013-02-04,2.365
2013-02-01,2.401
2013-01-31,2.375
2013-01-30,2.362
2013-01-28,2.331
2013-01-25,2.36
2013-01-24,2.36
2013-01-23,2.387
2013-01-22,2.379
2013-01-17,2.412
2013-01-16,2.368
2013-01-11,2.349
2013-01-10,2.368
2013-01-09,2.355
2013-01-08,2.306
2013-01-07,2.308
2013-01-04,2.35
2013-01-03,2.35
2013-01-02,2.35
2013-01-01,2.29
2012-12-31,2.29
2012-12-28,2.293
2012-12-27,2.295
2012-12-26,2.319
2012-12-25,2.319
2012-12-24,2.319
2012-12-21,2.311
2012-12-20,2.352
2012-12-19,2.289
2012-12-17,2.27
2012-12-14,2.244
2012-12-12,2.167
2012-12-10,2.1
2012-12-07,2.104
2012-12-06,2.054
2012-12-05,2.037
2012-12-04,1.954
2012-12-03,1.975
2012-11-30,1.946
2012-11-29,1.93
2012-11-28,1.917
2012-11-27,1.922
2012-11-26,1.93
2012-11-23,1.95
2012-11-22,1.954
2012-11-21,1.96
2012-11-20,1.94
2012-11-19,1.94
2012-11-16,1.922
2012-11-15,1.946
2012-11-14,1.959
2012-11-13,1.958
2012-11-12,1.973
2012-11-09,1.974
2012-11-08,1.989
2012-11-07,1.985
2012-11-06,2.03
2012-11-05,2.043
2012-11-02,2.075
2012-11-01,2.074
2012-10-31,2.096
2012-10-30,2.087
2012-10-29,2.069
2012-10-26,2.091
2012-10-25,2.075
2012-10-24,2.111
2012-10-23,2.106
2012-10-22,2.125
2012-10-19,2.119
2012-10-18,2.16
2012-10-17,2.142
2012-10-16,2.103
2012-10-15,2.074
2012-10-12,2.09
2012-10-11,2.088
2012-10-10,2.077
2012-10-09,2.104
2012-10-08,2.118
2012-10-05,2.141
2012-10-04,2.12
2012-10-02,2.153
2012-10-01,2.158
2012-09-28,2.142
2012-09-27,2.187
2012-09-26,2.185
2012-09-25,2.228
2012-09-24,2.177
2012-09-21,2.237
2012-09-20,2.218
2012-09-19,2.23
2012-09-18,2.238
2012-09-17,2.296
2012-09-14,2.297
2012-09-13,2.21
2012-09-12,2.212
2012-09-11,2.197
2012-09-10,2.187
2012-09-07,2.155
2012-09-06,2.083
2012-09-05,2.021
2012-09-04,1.967
2012-09-03,1.962
2012-08-31,1.938
2012-08-30,1.918
2012-08-22,2.012
2012-08-21,2.01
2012-08-20,2.029
2012-08-15,1.949
2012-08-14,1.925
2012-08-13,1.938
2012-08-10,1.937
2012-08-09,1.972
2012-08-07,1.989
2012-08-06,1.926
2012-08-03,1.901
2012-08-02,1.823
2012-08-01,1.859
2012-07-31,1.854
2012-07-27,1.853
2012-07-26,1.874
2012-07-24,1.77
2012-07-23,1.824
2012-07-20,1.937
2012-07-19,1.946
2012-07-18,1.963
2012-07-17,1.969
2012-07-16,1.964
2012-07-13,1.956
2012-07-12,1.93
2012-07-11,1.93
2012-07-10,1.911
2012-07-09,1.914
2012-07-06,1.905
2012-07-05,1.953
2012-07-04,1.97
2012-07-03,1.93
2012-07-02,1.915
2012-06-25,1.803
2012-06-19,1.775
2012-06-18,1.758
2012-06-15,1.75
2012-06-14,1.71
2012-06-13,1.69
2012-06-12,1.735
2012-06-11,1.738
2012-06-08,1.76
2012-06-07,1.744
2012-06-06,1.738
2012-06-05,1.683
2012-06-04,1.7
2012-06-01,1.66
2012-05-31,1.68
2012-05-29,1.674
2012-05-28,1.714
2012-05-25,1.732
2012-05-24,1.737
2012-05-23,1.757
2012-05-22,1.88
2012-05-21,1.834
2012-05-18,1.852
2012-05-17,1.82
2012-05-16,1.917
2012-05-15,2.002
2012-05-11,2.097
2012-05-10,2.27
2012-05-09,2.244
2012-05-08,2.224
2012-05-07,2.205
2012-05-04,2.186
2012-05-01,2.16
2012-04-30,2.16
2012-04-27,2.15
2012-04-26,2.105
2012-04-25,2.13
2012-04-24,2.115
2012-04-23,2.07
2012-04-20,2.11
2012-04-19,2.088
2012-04-18,2.09
2012-04-17,2.102
2012-04-16,2.068
2012-04-13,2.077
2012-04-12,2.065
2012-04-11,2.101
2012-04-10,2.041
2012-04-09,2.084
2012-04-06,2.084
2012-04-05,2.084
2012-04-03,2.158
2012-04-02,2.17
2012-03-30,2.181
2012-03-29,2.155
2012-03-28,2.21
2012-03-27,2.225
2012-03-26,2.2
2012-03-23,2.194
2012-03-22,2.207
2012-03-21,2.219
2012-03-20,2.23
2012-03-19,2.196
2012-03-16,2.182
2012-03-15,2.233
2012-03-14,2.24
2012-03-13,2.23
2012-03-12,2.212
2012-03-09,2.254
2012-03-08,2.255
2012-03-07,2.245
2012-03-06,2.233
2012-03-05,2.277
2012-03-02,2.299
2012-03-01,2.24
2012-02-28,2.158
2012-02-27,2.169
2012-02-24,2.178
2012-02-23,2.19
2012-02-22,2.232
2012-02-17,2.236
2012-02-15,2.239
2012-02-14,2.271
2012-02-10,2.234
2012-02-09,2.22
2012-02-08,2.28
2012-02-07,2.245
2012-02-06,2.185
2012-02-03,2.209
2012-02-02,2.195
2012-02-01,2.23
2012-01-31,2.231
2012-01-30,2.193
2012-01-27,2.219
2012-01-26,2.241
2012-01-25,2.211
2012-01-24,2.242
2012-01-23,2.243
2012-01-20,2.29
2012-01-17,2.359
2012-01-16,2.344
2012-01-13,2.354
2012-01-12,2.37
2012-01-09,2.381
2011-12-30,2.391
2011-12-29,2.384
2011-12-28,2.378
2011-12-27,2.338
2011-12-26,2.323
2011-12-23,2.323
2011-12-22,2.33
2011-12-21,2.246
2011-12-20,2.342
2011-12-19,2.37
2011-12-16,2.371
2011-12-15,2.47
2011-12-14,2.41
2011-12-13,2.41
2011-12-12,2.468
2011-12-01,2.362
2011-11-29,2.324
2011-11-28,2.301
2011-11-25,2.226
2011-11-24,2.21
2011-11-23,2.24
2011-11-22,2.277
2011-11-21,2.276
2011-11-18,2.323
2011-11-17,2.311
2011-11-16,2.299
2011-11-15,2.327
2011-11-14,2.305
2011-11-11,2.35
2011-11-10,2.3
2011-11-09,2.3
2011-11-08,2.291
2011-11-07,2.354
2011-11-04,2.27
2011-11-03,2.297
2011-11-02,2.2
2011-11-01,2.242
2011-10-31,2.285
2011-10-28,2.368
2011-10-27,2.405
2011-10-26,2.38
2011-10-25,2.382
2011-10-24,2.411
2011-10-21,2.414
2011-10-20,2.398
2011-10-19,2.449
2011-10-18,2.42
2011-10-17,2.42
2011-10-14,2.464
2011-10-13,2.468
2011-10-12,2.459
2011-10-11,2.397
2011-10-10,2.425
2011-10-07,2.407
2011-10-06,2.363
2011-10-05,2.345
2011-10-04,2.318
2011-10-03,2.263
2011-09-30,2.315
2011-09-20,2.402
2011-09-19,2.353
2011-09-15,2.346
2011-09-13,2.214
2011-09-06,2.282
2011-09-02,2.472
2011-08-31,2.29
2011-08-30,2.23
2011-08-29,2.242
2011-08-26,2.151
2011-08-25,2.164
2011-08-24,2.215
2011-08-23,2.2
2011-08-22,2.167
2011-08-19,2.095
2011-08-18,2.065
2011-08-17,2.17
2011-08-16,2.144
2011-08-15,2.211
2011-08-12,2.123
2011-08-11,2.095
2011-08-10,2.08
2011-08-09,2.094
2011-08-08,2.223
2011-08-05,2.249
2011-08-04,2.24
2011-08-03,2.257
2011-08-02,2.28
2011-08-01,2.297
2011-07-29,2.42
2011-07-28,2.414
2011-07-27,2.404
2011-07-26,2.454
2011-07-25,2.472
2011-07-22,2.465
2011-07-21,2.379
2011-07-20,2.3
2011-07-19,2.23
2011-07-18,2.206
2011-07-15,2.263
2011-07-14,2.26
2011-07-13,2.295
2011-07-12,2.305
2011-07-11,2.33
2011-07-08,2.433
2011-07-07,2.487
2011-07-06,2.442
2011-07-05,2.527
2011-07-04,2.534
2011-07-01,2.496
2011-06-30,2.449
2011-06-29,2.401
2011-06-28,2.384
2011-06-27,2.366
2011-06-24,2.387
2011-06-23,2.41
2011-06-22,2.436
2011-06-21,2.462
2011-06-20,2.44
2011-06-17,2.485
2011-06-16,2.443
2011-06-15,2.475
2011-06-14,2.518
2011-06-13,2.508
2011-06-10,2.504
2011-06-09,2.579
2011-06-08,2.531
2011-06-07,2.597
2011-06-06,2.564
2011-06-03,2.563
2011-06-02,2.55
2011-06-01,2.565
2011-05-31,2.585
2011-05-30,2.576
2011-05-27,2.595
2011-05-26,2.589
2011-05-25,2.58
2011-05-24,2.567
2011-05-23,2.557
2011-05-20,2.61
2011-05-19,2.608
2011-05-18,2.577
2011-05-17,2.6
2011-05-16,2.593
2011-05-13,2.622
2011-05-12,2.606
2011-05-11,2.616
2011-05-10,2.574
2011-05-09,2.724
2011-05-06,2.72
2011-05-05,2.67
2011-05-04,2.7
2011-05-03,2.77
2011-05-02,2.77
2011-04-29,2.76
2011-04-28,2.783
2011-04-27,2.76
2011-04-26,2.772
2011-04-25,2.79
2011-04-22,2.79
2011-04-21,2.79
2011-04-20,2.771
2011-04-19,2.73
2011-04-18,2.75
2011-04-15,2.8
2011-04-14,2.804
2011-04-13,2.837
2011-04-12,2.76
2011-04-11,2.805
2011-04-08,2.809
2011-04-06,2.779
2011-04-04,2.769
2011-04-01,2.806
2011-03-31,2.748
2011-03-30,2.767
2011-03-29,2.711
2011-03-28,2.727
2011-03-25,2.734
2011-03-24,2.725
2011-03-23,2.701
2011-03-22,2.722
2011-03-21,2.754
2011-03-18,2.72
2011-03-16,2.704
2011-03-15,2.711
2011-03-14,2.751
2011-03-11,2.771
2011-03-10,2.789
2011-03-09,2.803
2011-03-08,2.78
2011-03-07,2.751
2011-03-04,2.751
2011-03-03,2.788
2011-03-02,2.772
2011-03-01,2.743
2011-02-28,2.748
2011-02-25,2.777
2011-02-24,2.76
2011-02-23,2.751
2011-02-22,2.769
2011-02-21,2.8
2011-02-18,2.871
2011-02-17,2.91
2011-02-16,2.895
2011-02-15,2.82
2011-02-14,2.822
2011-02-11,2.808
2011-02-10,2.834
2011-02-09,2.882
2011-02-08,2.849
2011-02-07,2.86
2011-02-04,2.84
2011-02-03,2.84
2011-02-02,2.869
2011-02-01,2.869
2011-01-28,2.768
2011-01-27,2.776
2011-01-26,2.721
2011-01-25,2.772
2011-01-24,2.829
2011-01-21,2.8
2011-01-20,2.759
2011-01-19,2.716
2011-01-18,2.68
2011-01-17,2.631
2011-01-14,2.654
2011-01-13,2.61
2011-01-12,2.6
2011-01-11,2.504
2011-01-10,2.473
2011-01-07,2.512
2011-01-06,2.56
2010-12-17,2.593
2010-12-16,2.59
2010-12-15,2.595
2010-12-14,2.607
2010-12-13,2.68
2010-12-10,2.663
2010-12-09,2.664
2010-12-08,2.6
2010-12-07,2.555
2010-12-06,2.529
2010-12-03,2.537
2010-12-02,2.51
2010-12-01,2.487
2010-11-30,2.464
2010-11-29,2.428
2010-11-26,2.472
2010-11-25,2.491
2010-11-24,2.507
2010-11-23,2.497
2010-11-22,2.59
2010-11-19,2.62
2010-11-18,2.596
2010-11-17,2.562
2010-11-16,2.569
2010-11-15,2.595
2010-11-12,2.609
2010-11-11,2.575
2010-11-10,2.56
2010-11-09,2.546
2010-11-05,2.57
2010-11-04,2.662
2010-11-03,2.676
2010-10-25,2.69
2010-10-19,2.72
2010-10-18,2.697
2010-10-15,2.679
2010-10-14,2.647
2010-10-13,2.6
2010-10-12,2.573
2010-10-11,2.62
2010-10-08,2.6
2010-10-07,2.564
2010-10-06,2.531
2010-10-05,2.522
2010-10-04,2.487
2010-10-01,2.503
2010-09-30,2.514
2010-09-29,2.529
2010-09-28,2.55
2010-09-27,2.531
2010-09-24,2.523
2010-09-23,2.461
2010-09-22,2.5
2010-09-21,2.562
2010-09-20,2.552
2010-09-17,2.54
2010-09-16,2.579
2010-09-15,2.562
2010-09-14,2.609
2010-09-13,2.57
2010-09-10,2.53
2010-09-09,2.481
2010-09-08,2.466
2010-09-07,2.436
2010-09-06,2.445
2010-09-03,2.419
2010-09-02,2.409
2010-09-01,2.422
2010-08-23,2.413
2010-08-20,2.399
2010-08-19,2.429
2010-08-18,2.453
2010-08-17,2.48
2010-08-16,2.453
2010-08-13,2.463
2010-08-12,2.455
2010-08-11,2.464
2010-08-10,2.512
2010-08-05,2.549
2010-08-04,2.55
2010-08-02,2.565
2010-07-30,2.523
2010-07-29,2.53
2010-07-28,2.52
2010-07-27,2.505
2010-07-26,2.505
2010-07-23,2.51
2010-07-22,2.508
2010-07-21,2.486
2010-07-20,2.48
2010-07-19,2.465
2010-07-16,2.475
2010-07-15,2.497
2010-07-14,2.497
2010-07-13,2.48
2010-07-12,2.495
2010-07-09,2.521
2010-07-08,2.533
2010-07-07,2.517
2010-07-06,2.48
2010-07-05,2.434
2010-07-02,2.441
2010-07-01,2.425
2010-06-29,2.43
2010-06-28,2.48
2010-06-25,2.486
2010-06-24,2.516
2010-06-23,2.566
2010-06-22,2.59
2010-06-21,2.607
2010-06-18,2.612
2010-06-17,2.589
2010-06-16,2.594
2010-06-15,2.539
2010-06-14,2.54
2010-06-11,2.525
2010-06-10,2.524
2010-06-09,2.473
2010-06-08,2.46
2010-06-07,2.486
2010-06-04,2.484
2010-06-03,2.554
2010-06-02,2.517
2010-06-01,2.537
2010-05-31,2.516
2010-05-28,2.531
2010-05-27,2.54
2010-05-26,2.498
2010-05-25,2.5
2010-05-24,2.574
2010-05-21,2.56
2010-05-20,2.57
2010-05-19,2.619
2010-05-18,2.643
2010-05-17,2.611
2010-05-14,2.584
2010-05-13,2.685
2010-05-12,2.689
2010-05-11,2.652
2010-05-10,2.715
2010-05-07,2.596
2010-05-06,2.585
2010-05-05,2.576
2010-05-03,2.712
2010-04-30,2.689
2010-04-29,2.696
2010-04-28,2.587
2010-04-27,2.622
2010-04-26,2.726
2010-04-23,2.826
2010-04-22,2.815
2010-04-21,2.863
2010-04-20,2.971
2010-04-19,2.942
2010-04-16,2.97
2010-04-15,3.02
2010-04-14,3.035
2010-04-13,3.001
2010-04-12,3.007
2010-04-09,2.973
2010-04-08,2.93
2010-04-07,2.945
2010-04-06,2.944
2010-04-05,2.959
2010-04-02,2.959
2010-04-01,2.959
2010-03-31,2.943
2010-03-30,2.971
2010-03-29,2.953
2010-03-26,2.9
2010-03-25,2.885
2010-03-24,2.84
2010-03-23,2.852
2010-03-22,2.855
2010-03-19,2.915
2010-03-18,2.94
2010-03-17,2.983
2010-03-16,2.895
2010-03-15,2.872
2010-03-12,2.884
2010-03-11,2.885
2010-03-10,2.865
2010-03-09,2.8
2010-03-08,2.802
2010-03-03,2.764
2010-03-02,2.757
2010-02-25,2.676
2010-02-22,2.849
2010-02-19,2.864
2010-02-18,2.776
2010-02-17,2.751
2010-02-16,2.765
2010-02-15,2.683
2010-02-12,2.678
2010-02-11,2.703
2010-02-10,2.751
2010-02-09,2.71
2010-02-08,2.703
2010-02-05,2.668
2010-02-04,2.68
2010-02-03,2.748
2010-02-02,2.829
2010-02-01,2.837
2010-01-29,2.871
2010-01-28,2.928
2010-01-27,2.955
2010-01-26,2.945
2010-01-25,2.956
2010-01-22,2.974
2010-01-21,2.988
2010-01-20,2.97
2010-01-19,3.037
2010-01-18,3.04
2010-01-15,3.057
2010-01-14,3.12
2010-01-13,3.13
2010-01-12,3.13
2010-01-11,3.15
2010-01-08,3.178
2010-01-07,3.139
2010-01-06,3.125
2010-01-05,3.119
2010-01-04,3.132
2009-12-31,3.108
2009-12-30,3.142
2009-12-29,3.1
2009-12-24,3.091
2009-12-21,3.1
2009-12-18,3.062
2009-12-17,3.073
2009-12-16,3.109
2009-12-15,3.091
2009-12-14,3.095
2009-12-11,3.098
2009-12-10,3.09
2009-12-09,3.079
2009-12-08,3.07
2009-12-07,3.086
2009-12-04,3.09
2009-12-03,3.071
2009-12-02,3.102
2009-12-01,3.084
2009-11-30,3.054
2009-11-27,3.078
2009-11-26,3.049
2009-11-25,3.107
2009-11-23,3.08
2009-11-20,3.056
2009-11-19,3.04
2009-11-18,3.091
2009-11-17,3.103
2009-11-16,3.12
2009-11-13,3.106
2009-11-12,3.089
2009-11-11,3.09
2009-11-10,3.085
2009-11-09,3.07
2009-11-05,3.089
2009-11-04,3.099
2009-11-03,3.005
2009-11-02,3.03
2009-10-30,3.007
2009-10-29,3.016
2009-10-28,3.004
2009-10-27,3.07
2009-10-26,3.05
2009-10-23,3.057
2009-10-22,3.066
2009-10-21,3.11
2009-10-20,3.101
2009-10-19,3.106
2009-10-16,3.13
2009-10-15,3.135
2009-10-14,3.181
2009-10-13,3.125
2009-10-12,3.187
2009-10-09,3.203
2009-10-08,3.2
2009-10-07,3.18
2009-10-06,3.17
2009-10-05,3.14
2009-10-02,3.104
2009-10-01,3.145
2009-09-18,3.064
2009-09-17,3.101
2009-09-16,3.034
2009-09-14,3.012
2009-09-11,3.01
2009-09-10,3.013
2009-09-09,3.025
2009-09-03,2.967
2009-09-02,2.944
2009-09-01,2.982
2009-08-31,3.015
2009-08-28,2.99
2009-08-27,2.998
2009-08-26,2.972
2009-08-25,2.961
2009-08-24,2.958
2009-08-21,2.902
2009-08-20,2.853
2009-08-19,2.839
2009-08-18,2.796
2009-08-17,2.79
2009-08-14,2.817
2009-08-13,2.847
2009-08-12,2.838
2009-08-11,2.8
2009-08-10,2.8
2009-08-07,2.821
2009-08-06,2.811
2009-08-05,2.831
2009-08-04,2.837
2009-08-03,2.836
2009-07-31,2.783
2009-07-30,2.786
2009-07-29,2.784
2009-07-28,2.78
2009-07-27,2.79
2009-07-24,2.79
2009-07-23,2.795
2009-07-22,2.792
2009-07-21,2.802
2009-07-20,2.809
2009-07-17,2.781
2009-07-16,2.785
2009-07-15,2.82
2009-07-14,2.781
2009-07-13,2.785
2009-07-10,2.74
2009-07-09,2.765
2009-07-08,2.747
2009-07-07,2.754
2009-07-06,2.78
2009-07-03,2.795
2009-07-02,2.791
2009-07-01,2.818
2009-06-30,2.793
2009-06-29,2.814
2009-06-26,2.811
2009-06-25,2.803
2009-06-24,2.78
2009-06-23,2.75
2009-06-19,2.767
2009-06-18,2.701
2009-06-17,2.64
2009-06-16,2.735
2009-06-15,2.748
2009-06-12,2.793
2009-06-11,2.817
2009-06-10,2.77
2009-06-09,2.83
2009-06-08,2.77
2009-06-05,2.784
2009-06-04,2.8
2009-06-03,2.806
2009-06-02,2.86
2009-06-01,2.867
2009-05-26,2.878
2009-05-25,2.853
2009-05-22,2.851
2009-05-19,2.895
2009-05-18,2.848
2009-05-15,2.808
2009-05-14,2.79
2009-05-13,2.801
2009-05-12,2.77
2009-05-11,2.812
2009-05-08,2.93
2009-05-07,2.86
2009-05-06,2.824
2009-05-05,2.781
2009-05-04,2.801
2009-05-01,2.764
2009-04-30,2.764
2009-04-29,2.742
2009-04-28,2.67
2009-04-27,2.685
2009-04-24,2.703
2009-04-23,2.662
2009-04-22,2.711
2009-04-20,2.729
2009-04-17,2.762
2009-04-16,2.8
2009-04-15,2.774
2009-04-14,2.789
2009-04-13,2.778
2009-04-10,2.778
2009-04-07,2.719
2009-04-06,2.656
2009-04-03,2.59
2009-03-27,2.525
2009-03-26,2.595
2009-03-25,2.75
2009-03-24,2.788
2009-03-23,2.808
2009-03-20,2.74
2009-03-19,2.705
2009-03-18,2.625
2009-03-17,2.58
2009-03-16,2.554
2009-03-13,2.56
2009-03-12,2.59
2009-03-11,2.574
2009-03-10,2.504
2009-03-09,2.455
2009-03-05,2.35
2009-03-04,2.437
2009-03-03,2.384
2009-03-02,2.453
2009-02-27,2.51
2009-02-26,2.472
2009-02-25,2.44
2009-02-24,2.5
2009-02-23,2.556
2009-02-20,2.541
2009-02-06,2.795
2009-02-05,2.78
2009-02-04,2.8
2009-02-03,2.758
2009-02-02,2.739
2009-01-30,2.778
2009-01-21,2.7
2009-01-19,2.785
2009-01-16,2.79
2009-01-15,2.72
2009-01-14,2.624
2009-01-13,2.74
2009-01-12,2.681
2009-01-09,2.73
2009-01-08,2.756
2009-01-07,2.737
2009-01-06,2.8
2009-01-05,2.777
2009-01-02,2.71
2009-01-01,2.695
2008-12-31,2.695
2008-12-30,2.7
2008-12-29,2.644
2008-12-26,2.63
2008-12-25,2.63
2008-12-23,2.63
2008-12-22,2.62
2008-12-19,2.622
2008-12-18,2.68
2008-12-09,2.48
2008-12-08,2.437
2008-12-05,2.352
2008-12-04,2.467
2008-12-03,2.563
2008-12-02,2.55
2008-12-01,2.589
2008-11-19,2.706
2008-11-18,2.712
2008-11-17,2.622
2008-11-14,2.662
2008-11-13,2.627
2008-11-12,2.635
2008-11-11,2.708
2008-11-10,2.751
2008-11-07,2.76
2008-11-06,2.7
2008-11-05,2.847
2008-11-04,2.955
2008-11-03,2.806
2008-10-31,2.686
2008-10-30,2.644
2008-10-29,2.713
2008-10-28,2.404
2008-10-27,2.3
2008-10-24,2.352
2008-10-23,2.485
2008-10-22,2.43
2008-10-21,2.6
2008-10-20,2.683
2008-10-17,2.543
2008-10-16,2.481
2008-10-15,2.638
2008-10-14,2.77
2008-10-13,2.536
2008-10-10,2.241
2008-10-09,2.299
2008-10-08,2.272
2008-10-07,2.377
2008-10-06,2.256
2008-10-03,2.7
2008-10-02,2.724
2008-10-01,2.84
2008-09-30,2.939
2008-09-29,2.875
2008-09-26,3.006
2008-09-25,2.997
2008-09-24,3.03
2008-09-23,2.99
2008-09-22,2.919
2008-09-19,3.021
2008-09-18,2.702
2008-09-17,2.823
2008-09-16,2.95
2008-09-15,3.035
2008-09-12,3.126
2008-09-11,3.055
2008-09-10,3.113
2008-09-09,3.191
2008-09-08,3.315
2008-09-05,3.3
2008-09-04,3.4
2008-09-03,3.487
2008-09-02,3.455
2008-07-31,3.515
2008-07-30,3.475
2008-07-29,3.41
2008-07-28,3.39
2008-07-25,3.44
2008-07-24,3.45
2008-07-23,3.52
2008-07-22,3.485
2008-07-21,3.555
2008-07-18,3.56
2008-07-11,3.49
2008-07-10,3.565
2008-06-30,3.315
2008-06-27,3.33
2008-06-26,3.37
2008-06-25,3.425
2008-06-24,3.375
2008-06-23,3.48
2008-06-20,3.505
2008-06-19,3.595
2008-06-17,3.695
2008-06-16,3.7
2008-06-13,3.7
2008-06-12,3.7
2008-06-11,3.715
2008-06-10,3.78
2008-06-09,3.79
2008-06-06,3.815
2008-06-05,3.89
2008-06-04,3.9
2008-06-03,4.03
2008-06-02,3.975
2008-05-30,4.05
2008-05-29,4.06
2008-05-28,4.03
2008-05-27,4.04
2008-05-26,4.015
2008-05-23,4.05
2008-05-22,4.095
2008-05-21,4.055
2008-05-20,4.075
2008-05-19,4.09
2008-05-16,3.99
2008-05-15,4.02
2008-05-14,4.125
2008-05-13,4.14
2008-05-12,4.085
2008-05-09,4.13
2008-05-08,4.15
2008-05-07,4.21
2008-05-06,4.125
2008-05-05,4.05
2008-05-02,4.13
2008-05-01,4.06
2008-04-30,4.06
2008-04-29,4.065
2008-04-28,4.135
2008-04-25,4.1
2008-04-24,4.13
2008-04-23,4.105
2008-04-22,4.125
2008-04-21,4.145
2008-04-07,4.075
2008-03-31,3.84
2008-03-28,3.905
2008-03-24,3.725
2008-03-17,3.615
2008-03-14,3.685
2008-03-11,3.84
2008-03-10,3.83
2008-02-29,3.875
2008-02-28,3.99
2008-02-27,4.08
2008-02-26,4.07
2008-02-25,4.07
2008-02-22,4.035
2008-02-21,4.12
2008-02-20,4.09
2008-02-19,4.185
2008-02-18,4.21
2008-02-15,4.185
2008-02-14,4.26
2008-02-13,4.28
2008-02-12,4.27
2008-02-11,4.14
2008-02-08,4.095
2008-02-07,4.1
2008-02-06,4.135
2008-02-05,4.115
2008-02-04,4.31
2008-02-01,4.345
2008-01-30,4.28
2008-01-29,4.295
2008-01-28,4.1
2008-01-25,4.11
2008-01-24,3.96
2008-01-23,3.73
2008-01-22,3.87
2008-01-21,3.99
2008-01-18,4.19
2008-01-17,4.23
2008-01-16,4.2
2008-01-15,4.38
2008-01-14,4.5
2008-01-11,4.53
2008-01-10,4.54
2008-01-09,4.5
2008-01-08,4.63
2008-01-07,4.66
2008-01-04,4.54
2008-01-03,4.51
2008-01-02,4.45
2008-01-01,4.47
2007-12-28,4.45
2007-12-27,4.46
2007-12-26,4.52
2007-12-25,4.52
2007-12-24,4.52
2007-12-21,4.49
2007-12-20,4.47
2007-12-19,4.51
2007-12-18,4.58
2007-12-17,4.6
2007-12-14,4.6
2007-12-13,4.52
2007-12-12,4.6
2007-12-11,4.69
2007-12-10,4.57
2007-12-07,4.59
2007-12-06,4.63
2007-12-05,4.62
2007-12-04,4.68
2007-12-03,4.71
2007-11-29,4.6
2007-11-28,4.7
2007-11-27,4.61
2007-11-26,4.71
2007-11-23,4.69
2007-11-22,4.65
2007-11-21,4.58
2007-11-20,4.54
2007-11-19,4.62
2007-11-16,4.72
2007-11-15,4.76
2007-11-14,4.68
2007-11-13,4.7
2007-11-12,4.91
2007-11-09,4.84
2007-11-08,4.85
2007-11-07,4.69
2007-11-06,4.56
2007-11-05,4.45
2007-11-02,4.45
2007-11-01,4.5
2007-10-31,4.44
2007-10-30,4.39
2007-10-19,4.27
2007-10-18,4.32
2007-10-17,4.29
2007-10-16,4.23
2007-10-15,4.25
2007-10-12,4.25
2007-10-11,4.3
2007-10-10,4.21
2007-10-09,4.22
2007-10-08,4.13
2007-10-05,4.15
2007-10-04,4.1
2007-10-03,4.14
2007-10-02,4.14
2007-10-01,4.12
2007-09-28,4.1
2007-09-27,4.1
2007-09-26,4.05
2007-09-25,3.99
2007-09-24,4.02
2007-09-21,4.02
2007-09-20,3.97
2007-09-19,3.99
2007-09-18,3.89
2007-09-17,3.88
2007-09-10,3.89
2007-09-07,3.89
2007-09-06,4.0
2007-09-05,4.02
2007-09-04,4.04
2007-09-03,4.03
2007-08-31,4.03
2007-08-30,4.02
2007-08-29,4.04
2007-08-28,4.03
2007-08-27,4.04
2007-08-24,4.05
2007-08-23,4.05
2007-08-22,4.02
2007-08-21,3.96
2007-08-20,3.95
2007-07-31,4.17
2007-07-30,4.11
2007-07-27,4.18
2007-07-26,4.23
2007-07-25,4.23
2007-07-24,4.23
2007-07-23,4.25
2007-07-20,4.22
2007-06-29,4.09
2007-06-28,4.12
2007-06-27,4.16
2007-06-26,4.1
2007-06-25,4.11
2007-06-22,4.11
2007-06-21,4.13
2007-06-20,4.15
2007-06-19,4.1
2007-06-18,4.14
2007-06-14,4.11
2007-06-13,4.08
2007-06-12,4.07
2007-06-11,4.08
2007-06-06,4.12
2007-06-05,4.16
2007-06-04,4.23
2007-05-31,4.23
2007-05-30,4.21
2007-05-29,4.26
2007-05-28,4.28
2007-05-25,4.27
2007-05-24,4.27
2007-05-23,4.22
2007-05-22,4.15
2007-05-21,4.11
2007-05-18,4.18
2007-05-17,4.15
2007-05-16,3.96
2007-05-15,3.94
2007-05-14,3.97
2007-05-11,3.95
2007-05-10,3.96
2007-05-08,3.98
2007-05-02,3.99
2007-04-27,4.08
2007-04-26,4.11
2007-04-25,4.09
2007-04-24,4.06
2007-04-23,4.09
2007-04-20,4.12
2007-03-30,4.02
2007-03-29,4.07
2007-03-28,4.06
2007-03-19,4.08
2007-03-16,4.0
2007-03-15,4.06
2007-03-14,4.0
2007-03-13,4.07
2007-03-12,4.09
2007-03-09,4.06
2007-03-08,4.09
2007-03-07,4.09
2007-03-06,4.18
2007-03-05,4.14
2007-03-02,4.16
2007-03-01,4.16
2007-02-28,4.14
2007-02-27,4.19
2007-02-26,4.28
2007-02-23,4.28
2007-02-22,4.34
2007-02-21,4.26
2007-02-20,4.28
2007-02-19,4.27
2007-02-16,4.22
2007-02-15,4.06
2007-02-14,4.02
2007-02-13,4.02
2007-02-12,4.06
2007-02-09,4.08
2007-02-08,4.0
2007-02-07,4.0
2007-02-06,3.9
2007-02-05,3.9
2007-02-02,3.86
2007-02-01,3.86
2007-01-31,3.83
2007-01-30,3.88
2007-01-29,3.86
2007-01-26,3.85
2007-01-25,3.84
2007-01-24,3.84
2007-01-23,3.82
2007-01-22,3.81
2007-01-19,3.87
2007-01-18,3.99
2007-01-17,4.04
2007-01-16,3.97
2007-01-15,3.94
2007-01-12,3.96
2007-01-11,3.97
2007-01-10,3.89
2007-01-09,3.87
2007-01-08,3.83
2007-01-05,3.81
2007-01-04,3.82
2007-01-03,3.8
2007-01-02,3.82
2007-01-01,3.84
2006-12-29,3.84
2006-12-28,3.8
2006-12-27,3.77
2006-12-26,3.74
2006-12-25,3.74
2006-12-22,3.74
2006-12-21,3.74
2006-12-20,3.74
2006-12-19,3.83
2006-12-18,3.84
2006-12-15,3.75
2006-12-14,3.74
2006-12-13,3.75
2006-12-12,3.74
2006-12-11,3.74
2006-12-08,3.74
2006-12-07,3.72
2006-12-06,3.74
2006-12-05,3.67
2006-12-04,3.59
2006-12-01,3.58
2006-11-30,3.58
2006-11-29,3.55
2006-11-28,3.55
2006-11-27,3.57
2006-11-24,3.53
2006-11-23,3.54
2006-11-22,3.56
2006-11-21,3.58
2006-11-20,3.57
2006-11-17,3.58
2006-11-16,3.59
2006-11-15,3.6
2006-11-14,3.56
2006-11-13,3.59
2006-11-10,3.6
2006-11-09,3.61
2006-11-08,3.6
2006-11-07,3.58
2006-11-06,3.59
2006-11-03,3.49
2006-11-02,3.5
2006-11-01,3.51
2006-10-31,3.52
2006-10-30,3.56
2006-10-23,3.53
2006-10-19,3.48
2006-10-18,3.47
2006-10-17,3.43
2006-10-16,3.42
2006-10-13,3.44
2006-10-12,3.42
2006-10-11,3.44
2006-10-10,3.44
2006-09-26,3.22
2006-09-19,3.13
2006-09-18,3.12
2006-09-15,3.16
2006-09-14,3.08
2006-09-13,3.1
2006-09-12,3.08
2006-09-11,3.06
2006-09-08,3.09
2006-09-07,3.07
2006-09-06,3.1
2006-09-05,3.13
2006-09-04,3.16
2006-09-01,3.16
2006-08-31,3.14
2006-08-30,3.15
2006-08-29,3.16
2006-08-28,3.17
2006-08-25,3.12
2006-08-24,3.15
2006-08-23,3.17
2006-08-22,3.16
2006-08-21,3.17
2006-08-18,3.17
2006-08-17,3.18
2006-08-16,3.2
2006-08-15,3.19
2006-08-14,3.19
2006-08-11,3.16
2006-08-10,3.16
2006-08-09,3.19
2006-08-08,3.17
2006-08-07,3.12
2006-08-04,3.14
2006-08-03,3.14
2006-08-02,3.09
2006-08-01,3.1
2006-07-31,3.1
2006-07-28,3.1
2006-07-27,3.05
2006-07-26,3.05
2006-07-25,3.01
2006-07-24,3.0
2006-07-21,2.97
2006-07-20,3.0
2006-07-19,3.01
2006-07-17,2.94
2006-07-14,2.95
2006-07-13,2.96
2006-07-11,2.99
2006-07-10,3.03
2006-07-07,2.97
2006-07-06,2.98
2006-07-05,2.98
2006-07-04,3.03
2006-07-03,3.03
2006-06-30,3.07
2006-06-29,3.05
2006-06-28,3.05
2006-06-27,3.01
2006-06-26,2.99
2006-06-23,2.93
2006-06-22,2.91
2006-06-21,2.92
2006-06-20,2.9
2006-06-19,2.92
2006-06-16,2.92
2006-06-15,2.87
2006-06-14,2.84
2006-06-13,2.85
2006-06-12,2.88
2006-06-09,2.94
2006-06-08,2.9
2006-06-07,2.97
2006-05-31,2.88
2006-05-30,2.88
2006-05-29,2.94
2006-05-26,2.96
2006-05-25,2.86
2006-05-24,2.86
2006-05-23,2.87
2006-05-22,2.86
2006-05-19,2.84
2006-05-18,2.9
2006-05-17,2.98
2006-05-16,3.04
2006-05-15,3.04
2006-05-12,3.03
2006-05-11,3.03
2006-05-10,3.06
2006-04-28,3.12
2006-04-27,3.15
2006-04-26,3.19
2006-04-25,3.17
2006-04-24,3.27
2006-04-21,3.28
2006-04-20,3.28
2006-04-19,3.32
2006-04-18,3.28
2006-04-17,3.26
2006-04-14,3.26
2006-04-13,3.26
2006-04-12,3.25
2006-04-11,3.27
2006-04-10,3.3
2006-04-07,3.28
2006-04-06,3.25
2006-04-05,3.28
2006-04-04,3.19
2006-04-03,3.21
2006-03-31,3.24
2006-03-30,3.23
2006-03-29,3.15
2006-03-28,3.04
2006-03-27,3.03
2006-03-24,3.03
2006-03-23,3.0
2006-03-22,3.01
2006-03-21,2.98
2006-03-20,3.0
2006-03-17,3.01
2006-03-16,3.02
2006-03-15,3.02
2006-03-14,2.95
2006-03-13,2.95
2006-03-09,2.96
2006-03-08,2.93
2006-03-07,2.96
2006-03-06,2.96
2006-03-03,2.92
2006-03-02,2.95
2006-03-01,2.96
2006-02-28,2.93
2006-02-27,2.99
2006-02-24,2.96
2006-02-23,2.94
2006-02-22,2.94
2006-02-21,2.93
2006-02-20,2.84
2006-02-17,2.83
2006-02-16,2.82
2006-02-15,2.83
2006-02-14,2.83
2006-02-13,2.8
2006-02-10,2.81
2006-02-06,2.74
2006-02-03,2.72
2006-02-02,2.7
2006-02-01,2.73
2006-01-31,2.71
2006-01-30,2.69
2006-01-27,2.7
2006-01-26,2.7
2006-01-25,2.7
2006-01-24,2.68
2006-01-23,2.72
2006-01-20,2.72
2006-01-19,2.75
2006-01-18,2.79
2006-01-17,2.79
2006-01-16,2.78
2006-01-13,2.82
2006-01-12,2.79
2006-01-11,2.79
2006-01-10,2.76
2006-01-09,2.82
2006-01-06,2.75
2006-01-05,2.68
2006-01-04,2.65
2006-01-03,2.63
2006-01-02,2.6
2005-12-30,2.6
2005-12-29,2.63
2005-12-28,2.61
2005-12-27,2.63
2005-12-26,2.66
2005-12-23,2.66
2005-12-22,2.65
2005-12-21,2.62
2005-12-20,2.58
2005-12-19,2.57
2005-12-16,2.55
2005-12-15,2.54
2005-12-14,2.54
2005-12-13,2.55
2005-12-12,2.55
2005-12-09,2.54
2005-12-08,2.56
2005-12-06,2.54
2005-12-05,2.5
2005-12-02,2.51
2005-12-01,2.51
2005-11-30,2.5
2005-11-25,2.5
2005-11-23,2.41
2005-11-18,2.39
2005-11-17,2.38
2005-11-16,2.36
2005-11-15,2.36
2005-11-14,2.36
2005-11-11,2.37
2005-11-10,2.36
2005-11-09,2.38
2005-11-08,2.35
2005-11-07,2.36
2005-11-04,2.36
2005-11-03,2.35
2005-11-02,2.36
2005-11-01,2.34
2005-10-31,2.36
2005-10-28,2.33
2005-10-27,2.32
2005-10-26,2.31
2005-10-25,2.34
2005-10-24,2.33
2005-10-21,2.32
2005-10-20,2.31
2005-10-19,2.31
2005-10-18,2.32
2005-10-17,2.29
2005-10-14,2.28
2005-10-13,2.27
2005-10-12,2.28
2005-10-11,2.28
2005-10-10,2.29
2005-10-07,2.28
2005-10-06,2.29
2005-10-05,2.3
2005-10-04,2.31
2005-10-03,2.31
2005-09-30,2.32
2005-09-29,2.32
2005-09-28,2.32
2005-09-27,2.35
2005-09-26,2.32
2005-09-23,2.31
2005-09-22,2.31
2005-09-21,2.32
2005-09-20,2.34
2005-09-19,2.32
2005-09-16,2.32
2005-09-15,2.31
2005-09-14,2.32
2005-09-13,2.33
2005-09-12,2.3
2005-09-09,2.3
2005-09-08,2.31
2005-09-07,2.32
2005-09-06,2.32
2005-09-05,2.29
2005-09-02,2.26
2005-09-01,2.28
2005-08-31,2.28
2005-08-30,2.26
2005-08-29,2.25
2005-08-26,2.25
2005-08-25,2.24
2005-08-24,2.24
2005-08-23,2.23
2005-08-22,2.24
2005-08-19,2.23
2005-08-18,2.21
2005-08-17,2.22
2005-08-16,2.22
2005-08-15,2.21
2005-08-12,2.22
2005-08-11,2.2
2005-08-10,2.21
2005-08-09,2.2
2005-08-08,2.23
2005-07-25,2.1
2005-07-21,2.1
2005-07-20,2.09
2005-07-19,2.09
2005-07-18,2.09
2005-07-11,2.08
2005-07-07,2.07
2005-07-06,2.08
2005-07-05,2.08
2005-07-04,2.08
2005-06-30,2.08
2005-06-29,2.07
2005-06-28,2.06
2005-06-27,2.06
2005-06-24,2.1
2005-06-23,2.09
2005-06-22,2.08
2005-06-21,2.1
2005-06-20,2.1
2005-06-17,2.08
2005-06-16,2.07
2005-06-15,2.08
2005-06-14,2.1
2005-06-13,2.09
2005-06-10,2.07
2005-06-09,2.08
2005-06-08,2.07
2005-06-07,2.1
2005-06-06,2.1
2005-06-03,2.1
2005-06-02,2.07
2005-06-01,2.09
2005-05-31,2.06
2005-05-30,2.09
2005-05-27,2.11
2005-05-26,2.1
2005-05-25,2.08
2005-05-24,2.14
2005-05-23,2.14
2005-05-20,2.13
2005-05-19,2.09
2005-05-18,2.09
2005-05-17,2.11
2005-05-16,2.1
2005-05-13,2.11
2005-05-12,2.1
2005-05-11,2.08
2005-05-10,2.1
2005-05-09,2.09
2005-05-06,2.1
2005-05-05,2.12
2005-05-04,2.12
2005-05-03,2.11
2005-05-02,2.11
2005-04-29,2.1
2005-04-28,2.1
2005-04-27,2.08
2005-04-26,2.1
2005-04-25,2.2
2005-04-22,2.19
2005-04-21,2.18
2005-04-20,2.18
2005-04-19,2.18
2005-04-18,2.19
2005-04-15,2.19
2005-04-14,2.19
2005-04-11,2.17
2005-04-08,2.17
2005-04-07,2.17
2005-04-06,2.15
2005-04-05,2.17
2005-04-04,2.16
2005-04-01,2.17
2005-03-09,2.23
2005-03-08,2.23
2005-03-07,2.24
2005-03-04,2.23
2005-03-03,2.24
2005-03-02,2.22
2005-03-01,2.21
2005-02-28,2.21
2005-02-25,2.22
2005-02-24,2.22
2005-02-22,2.24
2005-02-18,2.28
2005-02-17,2.3
2005-02-16,2.31
2005-02-15,2.31
2005-02-14,2.29
2005-02-11,2.31
2005-02-10,2.29
2005-02-08,2.29
2005-02-07,2.27
2005-02-03,2.29
2005-02-02,2.28
2005-02-01,2.28
2005-01-31,2.26
2005-01-28,2.24
2005-01-27,2.22
2005-01-26,2.24
2005-01-25,2.23
2005-01-24,2.24
2005-01-21,2.24
2005-01-20,2.23
2005-01-19,2.24
2005-01-18,2.23
2005-01-17,2.25
2005-01-14,2.22
2005-01-13,2.26
2005-01-12,2.26
2005-01-11,2.28
2005-01-10,2.27
2005-01-07,2.29
2005-01-06,2.28
2005-01-05,2.26
2005-01-04,2.25
2005-01-03,2.22
2004-12-31,2.23
2004-12-30,2.23
2004-12-29,2.23
2004-12-28,2.22
2004-12-27,2.22
2004-12-24,2.23
2004-12-23,2.22
2004-12-22,2.23
2004-12-21,2.25
2004-12-20,2.25
2004-12-17,2.23
2004-12-16,2.26
2004-12-15,2.28
2004-12-14,2.25
2004-12-13,2.23
2004-12-10,2.21
2004-12-09,2.22
2004-12-08,2.23
2004-12-07,2.22
2004-12-06,2.21
2004-12-03,2.21
2004-12-02,2.21
2004-12-01,2.23
2004-11-30,2.23
2004-11-29,2.24
2004-11-26,2.28
2004-11-25,2.26
2004-11-24,2.26
2004-11-23,2.26
2004-11-22,2.28
2004-11-19,2.25
2004-11-18,2.27
2004-11-17,2.3
2004-11-16,2.21
2004-11-15,2.26
2004-11-12,2.33
2004-11-11,2.35
2004-11-10,2.38
2004-11-09,2.3
2004-11-08,2.2662
2004-11-05,2.2566
2004-11-04,2.3046
2004-11-03,2.295
2004-11-02,2.2758
2004-11-01,2.247
2004-10-08,2.247
2004-10-07,2.2278
2004-10-06,2.2758
2004-10-05,2.2662
2004-10-04,2.2662
2004-10-01,2.2374
2004-09-30,2.2566
2004-09-29,2.2278
2004-09-28,2.2182
2004-09-27,2.2662
2004-09-24,2.2758
2004-09-23,2.2758
2004-09-22,2.2758
2004-09-21,2.2566
2004-09-20,2.2758
2004-09-15,2.2662
2004-09-13,2.247
2004-09-10,2.2278
2004-09-09,2.2182
2004-09-08,2.199
2004-09-07,2.1606
2004-09-06,2.1414
2004-09-03,2.1894
2004-09-02,2.1894
2004-09-01,2.1798
2004-08-31,2.1894
2004-08-30,2.199
2004-08-27,2.1798
2004-08-26,2.1798
2004-08-25,2.1894
2004-08-24,2.199
2004-08-23,2.1894
2004-08-20,2.2086
2004-08-19,2.1894
2004-08-18,2.199
2004-08-17,2.1798
2004-08-16,2.2086
2004-08-13,2.199
2004-08-12,2.1894
2004-08-11,2.1798
2004-08-10,2.199
2004-08-09,2.2086
2004-08-06,2.151
2004-08-05,2.1606
2004-08-04,2.151
2004-08-03,2.1798
2004-08-02,2.2086
2004-07-30,2.1318
2004-07-29,2.247
2004-07-28,2.2758
2004-07-27,2.2566
2004-07-26,2.247
2004-07-23,2.2758
2004-07-22,2.2854
2004-07-21,2.2758
2004-07-20,2.2758
2004-07-19,2.2662
2004-07-16,2.2854
2004-07-15,2.2566
2004-07-14,2.2566
2004-07-13,2.2566
2004-07-12,2.247
2004-07-09,2.2086
2004-07-08,2.1894
2004-07-07,2.1894
2004-07-06,2.1798
2004-07-05,2.1798
2004-07-02,2.2182
2004-07-01,2.2182
2004-06-18,2.1606
2004-06-17,2.1606
2004-06-16,2.1606
2004-06-15,2.151
2004-06-14,2.1222
2004-06-11,2.151
2004-06-10,2.151
2004-05-31,2.1318
2004-05-28,2.1318
2004-05-27,2.1414
2004-05-26,2.1126
2004-05-25,2.1126
2004-05-24,2.1222
2004-05-21,2.1222
2004-05-20,2.1222
2004-05-07,2.199
2004-05-06,2.2182
2004-05-05,2.2374
2004-05-04,2.2086
2004-05-03,2.2086
2004-04-30,2.1894
2004-04-29,2.2374
2004-04-28,2.2278
2004-04-27,2.2086
2004-04-26,2.2662
2004-04-23,2.3046
2004-04-22,2.295
2004-04-21,2.3142
2004-04-20,2.3142
2004-04-19,2.3238
2004-04-16,2.3334
2004-04-15,2.3046
2004-04-14,2.3238
2004-04-13,2.3431
2004-04-08,2.3142
2004-04-07,2.3142
2004-04-06,2.2758
2004-04-05,2.2758
2004-04-02,2.295
2004-04-01,2.247
2004-03-31,2.2086
2004-03-30,2.1798
2004-03-29,2.1606
2004-03-26,2.1894
2004-03-25,2.1606
2004-03-24,2.1126
2004-03-23,2.1318
2004-03-22,2.151
2004-03-19,2.1894
2004-03-18,2.2086
2004-03-17,2.2278
2004-03-16,2.199
2004-03-15,2.1798
2004-03-12,2.2758
2004-03-11,2.247
2004-03-10,2.3238
2004-03-09,2.3431
2004-03-08,2.3911
2004-03-05,2.3142
2004-03-04,2.2566
2004-03-03,2.2854
2004-03-02,2.2278
2004-03-01,2.2086
2004-02-27,2.1894
2004-02-24,2.2278
2004-02-19,2.1894
2004-02-18,2.1798
2004-02-17,2.151
2004-02-16,2.1414
2004-02-13,2.1126
2004-02-12,2.103
2004-02-11,2.1318
2004-02-10,2.1126
2004-02-09,2.0934
2004-02-06,2.0838
2004-02-05,2.055
2004-02-04,2.0358
2004-02-03,2.0454
2004-02-02,2.0454
2004-01-29,1.9685
2004-01-28,1.9878
2004-01-27,2.007
2004-01-26,1.9974
2004-01-23,1.9974
2004-01-22,1.9685
2004-01-21,1.9493
2004-01-20,1.9685
2004-01-19,1.9974
2004-01-16,2.007
2004-01-15,1.9974
2004-01-14,1.9974
2004-01-13,1.9878
2004-01-12,2.0262
2003-12-31,2.007
2003-12-30,2.007
2003-12-29,1.9878
2003-12-24,2.007
2003-12-23,2.007
2003-12-22,1.9878
2003-12-19,1.9685
2003-12-18,1.9685
2003-12-17,1.9589
2003-12-16,1.9974
2003-12-15,1.9781
2003-12-12,1.9589
2003-12-11,1.9589
2003-12-10,1.9781
2003-12-09,1.9685
2003-12-08,1.9781
2003-12-05,1.9493
2003-12-04,1.9493
2003-12-03,1.9493
2003-12-02,1.9685
2003-12-01,1.9685
2003-11-28,1.9974
2003-11-27,1.9493
2003-11-26,1.9397
2003-11-25,1.9205
2003-11-24,1.9205
2003-11-21,1.9301
2003-11-20,1.9397
2003-11-19,1.9301
2003-11-18,1.9109
2003-11-17,1.9205
2003-11-14,1.9493
2003-11-13,1.9205
2003-11-12,1.9301
2003-11-11,1.8917
2003-11-10,1.9013
2003-11-07,1.9205
2003-11-06,1.8725
2003-11-05,1.8821
2003-11-04,1.8821
2003-11-03,1.8725
2003-10-31,1.8725
2003-10-30,1.8821
2003-10-29,1.8917
2003-10-28,1.9109
2003-10-24,1.9013
2003-10-23,1.9013
2003-10-22,1.9013
2003-10-20,1.8917
2003-10-09,1.9493
2003-10-08,1.9493
2003-10-07,1.9205
2003-10-06,1.9205
2003-10-03,1.9109
2003-10-02,1.9109
2003-10-01,1.8917
2003-09-30,1.8917
2003-09-29,1.8725
2003-09-26,1.8725
2003-09-25,1.8629
2003-09-24,1.8821
2003-09-23,1.8821
2003-09-22,1.8437
2003-09-17,1.8533
2003-09-16,1.8629
2003-09-11,1.8821
2003-09-10,1.8629
2003-09-02,1.9205
2003-08-29,1.9013
2003-08-28,1.9301
2003-08-27,1.9589
2003-08-26,1.9781
2003-08-25,1.9974
2003-08-22,1.9878
2003-08-21,1.9589
2003-08-20,1.9301
2003-08-19,1.9205
2003-08-18,1.9109
2003-08-15,1.8629
2003-08-14,1.8629
2003-08-13,1.8533
2003-08-12,1.8629
2003-08-11,1.8533
2003-08-08,1.8725
2003-08-07,1.9013
2003-08-06,1.8917
2003-08-05,1.9109
2003-08-04,1.8725
2003-08-01,1.8533
2003-07-31,1.8917
2003-07-30,1.9109
2003-07-29,1.9205
2003-07-28,1.9109
2003-07-25,1.9205
2003-07-24,1.9205
2003-07-23,1.9013
2003-07-22,1.8917
2003-07-21,1.9109
2003-07-18,1.9301
2003-07-17,1.9878
2003-07-16,1.9589
2003-07-15,2.0262
2003-07-14,2.055
2003-07-11,2.0358
2003-07-10,1.9781
2003-07-09,1.9493
2003-07-08,2.0166
2003-07-07,1.9589
2003-07-04,1.8917
2003-07-03,1.9109
2003-07-02,1.8341
2003-07-01,1.7861
2003-06-30,1.7861
2003-06-27,1.8245
2003-06-26,1.8149
2003-06-25,1.8053
2003-06-24,1.7669
2003-06-23,1.8053
2003-06-20,1.7573
2003-06-19,1.7285
2003-06-18,1.7285
2003-06-17,1.8053
2003-06-16,1.8245
2003-06-13,1.7477
2003-06-12,1.8149
2003-06-11,1.8245
2003-06-10,1.8149
2003-05-30,1.7381
2003-05-29,1.6901
2003-05-28,1.7093
2003-05-27,1.6805
2003-05-26,1.6709
2003-05-23,1.6709
2003-05-22,1.6805
2003-05-21,1.6901
2003-05-20,1.6901
2003-05-19,1.6805
2003-05-16,1.6325
2003-05-15,1.6709
2003-05-14,1.6805
2003-05-13,1.6613
2003-05-12,1.6613
2003-04-30,1.5556
2003-04-29,1.5748
2003-04-28,1.5748
2003-04-25,1.5748
2003-04-24,1.546
2003-04-23,1.5652
2003-04-22,1.594
2003-04-17,1.6517
2003-04-16,1.6709
2003-04-15,1.6613
2003-04-14,1.6132
2003-04-11,1.6036
2003-04-10,1.5844
2003-04-09,1.6229
2003-04-08,1.6421
2003-04-07,1.6613
2003-04-04,1.6229
2003-04-03,1.5556
2003-04-02,1.5748
2003-04-01,1.5556
2003-03-31,1.5076
2003-03-28,1.5364
2003-03-27,1.5172
2003-03-26,1.5364
2003-03-25,1.498
2003-03-24,1.4692
2003-03-21,1.498
2003-03-20,1.498
2003-03-19,1.4788
2003-03-18,1.4692
2003-03-17,1.4116
2003-03-14,1.4308
2003-03-13,1.402
2003-03-12,1.3924
2003-03-11,1.4404
2003-03-10,1.45
2003-03-07,1.3636
2003-03-06,1.354
2003-03-05,1.3252
2003-03-04,1.354
2003-03-03,1.3444
2003-02-28,1.3636
2003-02-27,1.3636
2003-02-26,1.3732
2003-02-25,1.402
2003-02-24,1.4596
2003-02-21,1.4788
2003-02-20,1.4788
2003-01-31,1.45
2003-01-30,1.4308
2003-01-29,1.4404
2003-01-28,1.4308
2003-01-27,1.45
2003-01-24,1.4884
2003-01-23,1.5076
2003-01-22,1.498
2003-01-21,1.5076
2003-01-20,1.546
2003-01-17,1.5364
2003-01-16,1.5364
2003-01-15,1.5268
2003-01-14,1.5748
2003-01-13,1.6036
2003-01-10,1.6036
2002-12-19,1.594
2002-12-18,1.546
2002-12-17,1.5076
2002-12-16,1.4692
2002-12-13,1.4884
2002-12-12,1.4884
2002-12-11,1.5364
2002-12-10,1.5364
2002-12-09,1.5652
2002-12-06,1.5844
2002-12-05,1.6132
2002-12-04,1.6325
2002-12-03,1.6132
2002-12-02,1.6036
2002-11-29,1.6229
2002-11-28,1.6132
2002-11-27,1.6132
2002-11-26,1.5844
2002-11-25,1.6036
2002-11-22,1.5652
2002-11-21,1.5556
2002-11-20,1.6036
2002-11-18,1.6036
2002-11-15,1.6421
2002-11-14,1.6036
2002-11-13,1.5556
2002-11-12,1.5844
2002-11-11,1.5748
2002-11-08,1.5844
2002-11-07,1.5748
2002-11-06,1.594
2002-11-05,1.6229
2002-11-04,1.6132
2002-10-31,1.4788
2002-10-30,1.4788
2002-10-29,1.4692
2002-10-28,1.498
2002-10-25,1.498
2002-10-24,1.4884
2002-10-23,1.498
2002-10-22,1.4596
2002-10-21,1.4596
2002-10-18,1.498
2002-10-17,1.498
2002-10-16,1.5172
2002-10-15,1.5076
2002-10-14,1.5076
2002-10-11,1.5268
2002-10-10,1.4692
2002-09-30,1.45
2002-09-27,1.4692
2002-09-26,1.498
2002-09-25,1.498
2002-09-24,1.498
2002-09-23,1.5076
2002-09-20,1.594
2002-09-19,1.5076
2002-09-18,1.5652
2002-09-17,1.6229
2002-09-16,1.6421
2002-09-13,1.6421
2002-09-12,1.6325
2002-09-11,1.6325
2002-09-10,1.6229
2002-09-09,1.6229
2002-09-06,1.6132
2002-09-05,1.6132
2002-09-04,1.6132
2002-09-03,1.6132
2002-09-02,1.5844
2002-08-30,1.6036
2002-08-21,1.594
2002-08-19,1.6325
2002-08-16,1.6132
2002-08-14,1.6325
2002-08-13,1.6325
2002-08-12,1.6613
2002-08-09,1.6613
2002-08-08,1.6421
2002-08-07,1.6229
2002-08-06,1.6229
2002-08-05,1.6132
2002-08-02,1.6901
2002-08-01,1.6805
2002-07-31,1.7189
2002-07-30,1.6613
2002-07-29,1.6517
2002-07-26,1.6132
2002-07-25,1.6229
2002-07-24,1.5268
2002-07-23,1.6036
2002-07-22,1.5844
2002-07-19,1.6517
2002-07-18,1.7285
2002-07-17,1.7573
2002-07-16,1.7573
2002-07-15,1.7669
2002-07-11,1.8245
2002-07-10,1.8341
2002-07-09,1.8341
2002-07-08,1.8437
2002-07-05,1.8725
2002-07-04,1.8629
2002-07-03,1.8725
2002-07-02,1.8629
2002-07-01,1.8821
2002-06-28,1.8821
2002-06-27,1.8917
2002-06-26,1.9205
2002-06-25,1.9205
2002-06-24,1.9013
2002-06-21,1.9974
2002-06-20,2.055
2002-06-19,2.0838
2002-06-18,2.1222
2002-06-17,2.0838
2002-06-14,2.0934
2002-06-13,2.103
2002-06-12,2.0838
2002-06-11,2.1222
2002-06-07,2.0934
2002-06-06,2.0742
2002-06-05,2.1126
2002-06-04,2.0838
2002-06-03,2.1126
2002-05-31,2.1798
2002-05-29,2.199
2002-05-28,2.2086
2002-05-27,2.2182
2002-05-24,2.2182
2002-05-23,2.2278
2002-05-22,2.2278
2002-05-21,2.247
2002-05-20,2.2086
2002-05-17,2.2182
2002-05-16,2.2086
2002-05-15,2.2086
2002-05-14,2.2086
2002-05-13,2.199
2002-05-10,2.2086
2002-05-09,2.1894
2002-05-08,2.2086
2002-05-07,2.151
2002-05-06,2.1414
2002-05-03,2.1702
2002-05-02,2.1606
2002-04-30,2.199
2002-04-29,2.199
2002-04-26,2.2278
2002-04-24,2.2086
2002-04-23,2.2086
2002-04-22,2.2566
2002-04-19,2.2182
2002-04-18,2.247
2002-04-17,2.2374
2002-04-16,2.2662
2002-04-15,2.2662
2002-04-12,2.2566
2002-04-11,2.2758
2002-04-10,2.2854
2002-04-09,2.295
2002-04-08,2.3046
2002-04-05,2.3142
2002-04-04,2.3238
2002-04-03,2.3142
2002-04-02,2.3046
2002-03-28,2.295
2002-03-27,2.3046
2002-03-26,2.295
2002-03-25,2.3142
2002-03-22,2.3046
2002-03-21,2.295
2002-03-20,2.2854
2002-03-19,2.2566
2002-03-18,2.3623
2002-03-15,2.3238
2002-03-14,2.295
2002-03-13,2.2758
2002-03-12,2.2662
2002-03-11,2.2566
2002-03-08,2.2662
2002-03-07,2.247
2002-03-06,2.2278
2002-03-05,2.2374
2002-03-04,2.2662
2002-03-01,2.2182
2002-02-28,2.1414
2002-02-27,2.1414
2002-02-26,2.1414
2002-02-25,2.1318
2002-02-22,2.1318
2002-02-21,2.1414
2002-02-20,2.1702
2002-02-19,2.1414
2002-02-18,2.1606
2002-02-15,2.1798
2002-02-14,2.2182
2002-02-13,2.1414
2002-02-11,2.1798
2002-02-08,2.2086
2002-02-07,2.2278
2002-02-06,2.2182
2002-02-05,2.2278
2002-02-04,2.2182
2002-02-01,2.247
2002-01-31,2.2566
2002-01-30,2.247
2002-01-29,2.2566
2002-01-28,2.3046
2002-01-25,2.247
2002-01-24,2.2566
2002-01-23,2.295
2002-01-21,2.3142
2002-01-18,2.3431
2002-01-17,2.3623
2002-01-16,2.3527
2002-01-15,2.3334
2002-01-14,2.1894
2002-01-11,2.2182
2002-01-10,2.2278
2002-01-09,2.2566
2002-01-08,2.2854
2002-01-07,2.247
2002-01-04,2.295
2002-01-03,2.3238
2002-01-02,2.3142
2001-12-28,2.3431
2001-12-27,2.3334
2001-12-21,2.2662
2001-12-20,2.2278
2001-12-19,2.2566
2001-12-18,2.3719
2001-12-17,2.3815
2001-12-14,2.3527
2001-12-13,2.3719
2001-12-12,2.3719
2001-12-11,2.4103
2001-12-10,2.3911
2001-12-07,2.4199
2001-12-06,2.4295
2001-12-05,2.2758
2001-12-04,2.3334
2001-12-03,2.4199
2001-11-30,2.4583
2001-11-29,2.4103
2001-11-28,2.4295
2001-11-27,2.4199
2001-11-26,2.4295
2001-11-23,2.4487
2001-11-22,2.4487
2001-11-21,2.4295
2001-11-20,2.4679
2001-11-19,2.5159
2001-11-16,2.5351
2001-11-15,2.5255
2001-11-14,2.5159
2001-11-13,2.4871
2001-11-12,2.4679
2001-11-09,2.5159
2001-11-08,2.4775
2001-11-07,2.4871
2001-11-06,2.4871
2001-11-05,2.4775
2001-11-02,2.5063
2001-10-31,2.5639
2001-10-30,2.6407
2001-10-25,2.7464
2001-10-24,2.7752
2001-10-23,2.7464
2001-10-22,2.7464
2001-10-09,2.7656
2001-10-08,2.756
2001-10-04,2.7752
2001-10-03,2.6599
2001-10-02,2.6023
2001-10-01,2.7176
2001-09-19,2.5255
2001-09-18,2.5159
2001-09-17,2.4199
2001-09-14,2.4199
2001-09-13,2.5735
2001-09-12,2.5735
2001-09-11,2.6407
2001-09-10,2.7848
2001-08-31,2.7368
2001-08-30,2.7464
2001-08-29,2.7944
2001-08-28,2.7368
2001-08-27,2.7944
2001-08-24,2.804
2001-08-23,2.8136
2001-08-22,2.7944
2001-08-21,2.8424
2001-08-20,2.8328
2001-08-17,2.8232
2001-08-16,2.852
2001-08-14,2.852
2001-08-13,2.7464
2001-08-10,2.8424
2001-08-09,2.852
2001-08-08,2.8712
2001-08-07,2.8712
2001-08-06,2.852
2001-08-03,2.852
2001-08-02,2.8328
2001-08-01,2.852
2001-07-31,2.9
2001-07-30,2.8808
2001-07-27,2.9192
2001-07-26,2.8712
2001-07-25,2.8328
2001-07-24,2.7464
2001-07-23,2.708
2001-07-20,2.756
2001-07-19,2.7752
2001-07-18,2.7368
2001-07-17,2.7176
2001-07-16,2.708
2001-07-13,2.6983
2001-07-12,2.6791
2001-07-11,2.6215
2001-07-10,2.7272
2001-07-09,2.6695
2001-07-06,2.6887
2001-07-05,2.7464
2001-07-04,2.7272
2001-07-03,2.7176
2001-07-02,2.6983
2001-06-29,2.708
2001-06-28,2.7368
2001-06-27,2.6695
2001-06-26,2.6695
2001-06-25,2.6887
2001-06-22,2.6887
2001-06-21,2.6311
2001-06-20,2.6119
2001-05-31,2.7944
2001-05-30,2.7848
2001-05-23,2.8712
2001-05-18,2.8808
2001-05-17,2.9288
2001-05-16,2.9672
2001-05-15,2.9672
2001-05-14,2.9192
2001-05-11,2.8904
2001-05-10,2.9096
2001-05-09,2.9
2001-05-08,2.9096
2001-05-07,2.9
2001-05-04,2.9384
2001-05-03,2.8904
2001-05-02,2.9288
2001-04-30,2.9384
2001-04-27,2.9096
2001-04-26,2.9096
2001-04-24,2.9576
2001-04-23,2.9288
2001-04-20,2.9576
2001-04-19,3.0248
2001-04-18,3.1209
2001-04-17,3.1209
2001-04-12,3.0921
2001-04-11,3.1113
2001-04-10,3.0729
2001-04-09,3.0248
2001-04-06,2.9864
2001-04-05,3.0248
2001-04-04,2.9768
2001-04-03,2.9096
2001-04-02,2.8808
2001-03-30,2.8808
2001-03-29,2.948
2001-03-28,2.9
2001-03-27,2.9
2001-03-26,2.9288
2001-03-23,2.9576
2001-03-22,2.9
2001-03-21,2.996
2001-03-20,2.9768
2001-03-19,3.044
2001-03-16,3.0248
2001-03-15,3.0729
2001-03-14,3.044
2001-03-13,3.0825
2001-03-12,3.0633
2001-03-09,3.1017
2001-03-08,3.0921
2001-03-07,3.1401
2001-03-06,3.0825
2001-03-02,3.0921
2001-03-01,3.044
2001-02-28,3.1017
2001-02-26,3.0921
2001-02-23,3.0729
2001-02-22,3.0536
2001-02-21,3.1209
2001-02-20,3.1113
2001-02-19,3.1017
2001-02-16,3.1497
2001-02-09,3.2073
2001-02-08,3.2169
2001-02-07,3.2649
2001-02-06,3.3033
2001-02-05,3.1785
2001-02-02,3.2169
2001-02-01,3.2553
2001-01-29,3.2457
2001-01-26,3.3033
2001-01-25,3.2649
2001-01-24,3.1881
2001-01-23,3.2457
2001-01-22,3.2073
2001-01-09,3.2649
2001-01-03,3.457
2001-01-02,3.4089
2000-12-19,3.3033
2000-12-18,3.2073
2000-12-15,3.1881
2000-12-14,3.2169
2000-12-13,3.2073
2000-12-12,3.1881
2000-12-11,3.2553
2000-11-30,3.2841
2000-11-29,3.2745
2000-11-28,3.3225
2000-11-27,3.2169
2000-11-24,3.2457
2000-11-23,3.2649
2000-11-22,3.2937
2000-11-21,3.2457
2000-11-20,3.1113
2000-11-17,3.1017
2000-11-16,3.1017
2000-11-15,3.0825
2000-11-14,3.1017
2000-11-13,3.0633
2000-11-10,3.1113
2000-11-09,3.1305
2000-11-08,3.1113
2000-11-07,3.1017
2000-11-06,3.1017
2000-11-03,3.0729
2000-11-02,3.0536
2000-10-27,3.1593
2000-10-26,3.1593
2000-10-25,3.1785
2000-10-24,3.1209
2000-10-23,3.0825
2000-10-20,3.0248
2000-10-19,3.1017
2000-10-18,3.2265
2000-10-17,3.2841
2000-10-16,3.3513
2000-10-13,3.3129
2000-10-12,3.2841
2000-10-11,3.3321
2000-10-10,3.3609
2000-10-09,3.3705
2000-10-06,3.5146
2000-10-04,3.5242
2000-10-03,3.4858
2000-10-02,3.4858
2000-09-29,3.4378
2000-09-28,3.4474
2000-09-27,3.505
2000-09-26,3.5626
2000-09-25,3.6106
2000-09-22,3.601
2000-09-21,3.5338
2000-09-20,3.5722
2000-09-19,3.6394
2000-09-18,3.6394
2000-09-15,3.6586
2000-09-14,3.7162
2000-09-13,3.6202
2000-09-12,3.5626
2000-09-11,3.5626
2000-09-08,3.5338
2000-09-07,3.4954
2000-09-06,3.4474
2000-09-05,3.505
2000-09-04,3.5434
2000-09-01,3.5146
2000-08-29,3.4474
2000-08-28,3.457
2000-08-25,3.4282
2000-08-24,3.4282
2000-08-23,3.3801
2000-08-22,3.3801
2000-08-18,3.3705
2000-08-17,3.3897
2000-08-16,3.4378
2000-08-14,3.4762
2000-08-11,3.4378
2000-08-10,3.4666
2000-08-09,3.4762
2000-08-08,3.4666
2000-08-07,3.4954
2000-08-04,3.4858
2000-08-03,3.4954
2000-08-02,3.505
2000-08-01,3.505
2000-07-31,3.4954
2000-07-28,3.5146
2000-07-27,3.4378
2000-07-26,3.3897
2000-07-25,3.4089
2000-07-24,3.4474
2000-07-21,3.457
2000-07-20,3.4474
2000-07-19,3.457
2000-07-18,3.457
2000-07-17,3.4954
2000-07-14,3.4474
2000-07-13,3.4378
2000-07-12,3.4378
2000-07-11,3.4051
2000-07-10,3.4454
2000-07-07,3.1689
2000-07-06,3.5146
2000-07-05,3.5146
2000-07-04,3.5357
2000-07-03,3.5453
2000-06-30,3.6529
2000-06-19,3.6797
2000-06-16,3.745
2000-06-15,3.6605
2000-06-14,3.649
2000-06-13,3.624
2000-06-12,3.601
2000-06-09,3.5972
2000-06-08,3.5223
2000-06-07,3.5376
2000-06-06,3.5722
2000-06-05,3.5607
2000-06-02,3.5607
2000-06-01,3.5818
2000-05-31,3.5818
2000-05-30,3.5991
2000-05-29,3.6048
2000-05-26,3.5952
2000-05-25,3.7258
2000-05-24,3.7239
2000-05-23,3.7393
2000-05-22,3.6989
2000-04-19,3.5933
2000-04-18,3.6106
2000-04-17,3.553
2000-04-14,3.553
2000-04-13,3.6298
2000-04-12,3.6394
2000-04-11,3.649
2000-04-10,3.7258
2000-04-07,3.7873
2000-04-06,3.7777
2000-04-05,3.7143
2000-04-04,3.7066
2000-04-03,3.745
2000-03-31,3.7546
2000-03-30,3.7738
2000-03-29,3.8295
2000-03-28,3.8411
2000-03-27,3.8699
2000-03-24,3.7969
2000-03-23,3.7527
2000-03-22,3.7393
2000-03-21,3.7604
2000-03-20,3.7335
2000-03-17,3.7642
2000-03-16,3.7873
2000-03-15,3.795
2000-03-14,3.7969
2000-03-13,3.7278
2000-03-10,3.7738
2000-03-09,3.7642
2000-03-08,3.7662
2000-03-06,3.8372
2000-03-03,3.8603
2000-03-02,3.8507
2000-03-01,3.8507
2000-02-18,3.4896
2000-02-17,3.4243
2000-02-16,3.336
2000-02-15,3.2188
2000-02-14,3.286
2000-02-11,3.3225
2000-02-10,3.3225
2000-02-09,3.3244
2000-02-08,3.3897
2000-02-07,3.3129
2000-02-04,3.263
2000-02-03,3.1266
2000-02-02,3.0959
2000-02-01,3.0767
2000-01-28,3.1266
2000-01-27,3.1842
2000-01-26,3.165
2000-01-25,3.1497
2000-01-24,3.1593
2000-01-21,3.142
2000-01-20,3.1401
2000-01-19,3.167
2000-01-18,3.2073
2000-01-17,3.1919
2000-01-14,3.1113
2000-01-13,3.1401
2000-01-12,3.167
2000-01-11,3.2131
2000-01-10,3.2092
2000-01-07,3.1535
2000-01-06,3.1017
2000-01-05,3.0901
2000-01-04,3.1497
2000-01-03,3.2937
1999-12-30,3.3283
1999-12-29,3.3168
1999-12-28,3.2822
1999-12-27,3.3206
1999-12-23,3.3763
1999-12-22,3.2553
1999-12-21,3.1574
1999-12-20,3.1478
1999-12-16,3.1305
1999-12-13,3.263
1999-12-10,3.3993
1999-12-07,3.0229
1999-12-03,2.9365
1999-12-02,2.9807
1999-11-30,2.9845
1999-11-29,2.9749
1999-11-26,2.998
1999-11-25,2.9941
1999-11-24,2.8309
1999-11-23,2.7848
1999-11-19,2.7464
1999-11-18,2.7694
1999-11-17,2.7867
1999-11-15,2.8001
1999-11-12,2.804
1999-11-11,2.8136
1999-11-10,2.8597
1999-11-08,2.8424
1999-11-04,2.8193
1999-11-02,2.8136
1999-10-29,2.8385
1999-10-28,2.8405
1999-10-27,2.8654
1999-10-26,2.9058
1999-10-25,2.8731
1999-10-22,2.8635
1999-10-21,2.8232
1999-10-20,2.7598
1999-10-19,2.7944
1999-10-18,2.7752
1999-10-15,2.7444
1999-10-14,2.7848
1999-10-13,2.7579
1999-10-12,2.7464
1999-10-11,2.7809
1999-10-08,2.7944
1999-10-07,2.7848
1999-10-06,2.8232
1999-10-04,2.875
1999-10-01,2.8347
1999-09-29,2.8462
1999-09-28,2.8904
1999-09-27,2.9077
1999-09-23,2.7848
1999-09-22,2.8136
1999-09-21,2.8789
1999-09-20,2.8981
1999-09-17,2.9211
1999-09-16,2.8923
1999-09-14,2.8808
1999-09-13,2.9096
1999-09-09,2.9768
1999-09-08,3.0248
1999-09-07,2.996
1999-09-06,2.9807
1999-09-03,2.9787
1999-09-02,2.9615
1999-09-01,3.069
1999-08-31,3.0729
1999-08-30,3.1074
1999-08-27,3.1285
1999-08-26,3.1266
1999-08-25,3.0633
1999-08-24,3.0652
1999-08-23,3.1093
1999-08-20,3.1593
1999-08-19,3.0921
1999-08-18,3.1036
1999-08-17,3.1554
1999-08-16,3.1574
1999-08-13,3.1478
1999-08-12,3.1305
1999-08-11,3.1305
1999-08-10,3.094
1999-08-09,3.1113
1999-08-06,3.1113
1999-08-05,3.1151
1999-08-04,3.117
1999-08-03,3.1458
1999-08-02,3.1439
1999-07-30,3.1958
1999-07-29,3.1593
1999-07-28,3.1785
1999-07-27,3.1708
1999-07-26,3.1766
1999-07-23,3.1881
1999-07-22,3.215
1999-07-21,3.2591
1999-07-20,3.2111
1999-07-19,3.2611
1999-07-16,3.1497
1999-07-15,3.1497
1999-07-09,3.2495
1999-07-08,3.2649
1999-07-07,3.2995
1999-07-06,3.2995
1999-07-02,3.2515
1999-07-01,3.2726
1999-06-30,3.3532
1999-06-29,3.3033
1999-06-28,3.2246
1999-06-25,3.1478
1999-06-24,3.1727
1999-06-23,3.1842
1999-06-22,3.2342
1999-06-21,3.263
1999-06-18,3.2937
1999-06-17,3.3033
1999-06-16,3.3033
1999-06-15,3.3148
1999-06-14,3.3052
1999-06-09,3.3571
1999-06-08,3.3609
1999-06-07,3.3705
1999-06-04,3.3417
1999-06-02,3.3552
1999-06-01,3.3917
1999-05-31,3.4089
1999-05-28,3.3513
1999-05-27,3.3859
1999-05-26,3.359
1999-05-25,3.3629
1999-05-24,3.4435
1999-05-21,3.4358
1999-05-20,3.4282
1999-05-19,3.4301
1999-05-18,3.3821
1999-05-17,3.3321
1999-05-14,3.4166
1999-05-13,3.4762
1999-05-12,3.4589
1999-05-11,3.4973
1999-05-10,3.4666
1999-05-07,3.3705
1999-05-06,3.3571
1999-05-05,3.3436
1999-05-04,3.3897
1999-05-03,3.4339
1999-04-30,3.4185
1999-04-29,3.384
1999-04-28,3.407
1999-04-23,3.3667
1999-04-22,3.3936
1999-04-19,3.3801
1999-04-16,3.3859
1999-04-15,3.3782
1999-04-14,3.4589
1999-04-13,3.4934
1999-04-09,3.6221
1999-04-07,3.5876
1999-04-06,3.576
1999-04-01,3.5722
1999-03-31,3.5107
1999-03-30,3.5395
1999-03-29,3.5338
1999-03-26,3.5722
1999-03-25,3.5741
1999-03-24,3.4762
1999-03-23,3.4742
1999-03-22,3.4032
1999-03-19,3.4282
1999-03-18,3.3993
1999-03-17,3.5088
1999-03-16,3.5876
1999-03-15,3.6144
1999-03-12,3.5434
1999-03-11,3.553
1999-03-10,3.4838
1999-03-09,3.5933
1999-03-08,3.6586
1999-03-05,3.7297
1999-03-04,3.6452
1999-03-03,3.6701
1999-03-02,3.6663
1999-03-01,3.7143
1999-02-26,3.7719
1999-02-25,3.6913
1999-02-24,3.7182
1999-02-23,3.7431
1999-02-22,3.7642
1999-02-19,3.7546
1999-02-18,3.6682
1999-02-17,3.7566
1999-02-10,3.843
1999-02-09,3.8411
1999-02-08,3.8699
1999-02-05,4.0235
1999-02-03,4.1157
1999-02-01,4.158
1999-01-29,4.1291
1999-01-28,4.133
1999-01-27,4.1291
1999-01-26,4.1791
1999-01-25,4.1176
1999-01-22,4.0658
1999-01-21,4.1483
1999-01-20,4.0485
1999-01-19,4.0216
1999-01-18,4.0331
1999-01-15,3.914
1999-01-14,3.891
1999-01-13,3.8487
1999-01-12,3.9256
1999-01-11,3.9333
1999-01-08,3.7815
1999-01-07,3.7354
1999-01-06,3.697
1999-01-05,3.649
1999-01-04,3.6893
1998-12-29,3.6211
1998-12-23,3.6144
1998-12-22,3.5157
1998-12-21,3.5291
1998-12-18,3.4659
1998-12-15,3.4582
1998-12-11,3.4496
1998-12-10,3.5454
1998-12-09,3.6977
1998-12-07,3.736
1998-12-04,3.6891
1998-12-03,3.7629
1998-11-30,3.691
1998-11-27,3.7447
1998-11-26,3.8328
1998-11-25,3.6881
1998-11-24,3.6901
1998-11-23,3.9027
1998-11-20,4.0713
1998-11-19,4.0905
1998-11-18,4.0943
1998-11-12,4.0617
1998-11-11,4.1192
1998-10-30,4.0914
1998-10-29,4.1183
1998-10-28,4.0809
1998-10-27,4.1336
1998-10-26,4.1949
1998-10-23,4.1987
1998-10-22,4.1604
1998-10-21,4.1518
1998-10-20,4.215
1998-10-19,4.1547
1998-10-13,4.1499
1998-10-12,4.1173
1998-10-09,4.0225
1998-10-08,4.0416
1998-10-01,3.554
1998-09-30,3.7772
1998-09-28,3.897
1998-09-24,4.0847
1998-09-23,4.0234
1998-09-22,3.9937
1998-09-21,3.9947
1998-09-18,4.2629
1998-09-17,4.262
1998-09-16,4.2677
1998-09-15,4.2342
1998-09-14,4.2485
1998-09-11,4.2093
1998-09-10,4.1767
1998-09-09,4.2725
1998-09-07,4.238
1998-09-04,4.1575
1998-09-03,4.1662
1998-09-02,4.1834
1998-09-01,4.0091
1998-08-31,4.033
1998-08-28,4.0522
1998-08-27,3.9276
1998-08-26,3.9841
1998-08-25,4.0799
1998-08-24,4.0205
1998-08-20,4.1039
1998-08-19,4.1192
1998-08-18,4.1336
1998-08-17,3.873
1998-08-14,3.9228
1998-08-11,3.851
1998-08-10,4.0253
1998-08-07,4.0617
1998-08-06,4.0474
1998-08-05,4.0435
1998-08-04,4.0713
1998-08-03,4.0282
1998-07-31,4.1001
1998-07-30,4.0953
1998-07-29,4.0809
1998-07-28,4.1671
1998-07-27,4.1087
1998-07-22,4.0972
1998-07-17,4.1815
1998-07-14,4.2821
1998-07-13,4.261
1998-07-09,4.2256
1998-07-08,4.2792
1998-07-07,4.2399
1998-07-06,4.1432
1998-07-03,4.1211
1998-07-02,4.124
1998-07-01,4.124
1998-06-30,4.1135
1998-06-26,4.1949
1998-06-25,4.2275
1998-06-24,4.2246
1998-06-23,4.2821
1998-06-22,4.306
1998-06-19,4.3913
1998-06-18,4.353
1998-06-17,4.3827
1998-06-16,4.2849
1998-06-15,4.3012
1998-06-12,4.4373
1998-06-09,4.4928
1998-06-08,4.579
1998-06-05,4.5053
1998-06-04,4.4152
1998-06-03,4.4919
1998-06-02,4.5302
1998-06-01,4.5742
1998-05-29,4.5982
1998-05-28,4.6787
1998-05-27,4.5618
1998-05-26,4.6451
1998-05-25,4.6317
1998-05-22,4.6403
1998-05-21,4.6643
1998-05-20,4.6748
1998-05-19,4.626
1998-05-18,4.3635
1998-05-15,4.4018
1998-05-14,4.3252
1998-05-13,4.3827
1998-05-12,4.4832
1998-05-11,4.4928
1998-05-08,4.4545
1998-05-07,4.4622
1998-05-06,4.5599
1998-05-05,4.5934
1998-05-04,4.6653
1998-04-30,4.5982
1998-04-29,4.512
1998-04-28,4.6164
1998-04-27,4.3395
1998-04-24,4.6078
1998-04-23,4.7036
1998-04-22,4.7132
1998-04-21,4.7055
1998-04-20,4.6844
1998-04-15,4.7898
1998-04-06,4.5934
1998-04-02,4.4056
1998-03-31,4.2102
1998-03-30,4.2533
1998-03-27,4.3108
1998-03-26,4.3683
1998-03-25,4.3913
1998-03-24,4.3731
1998-03-23,4.33
1998-03-20,4.1384
1998-03-19,4.0857
1998-03-18,4.1001
1998-03-12,3.9276
1998-03-10,3.9152
1998-03-03,3.965
1998-03-02,3.9228
1998-02-27,3.7744
1998-02-26,3.8165
1998-02-25,3.8941
1998-02-23,3.8318
1998-02-20,3.7763
1998-02-19,3.7629
1998-02-18,3.7542
1998-02-17,3.736
1998-02-16,3.5828
1998-02-13,3.6096
1998-02-12,3.6096
1998-02-11,3.6498
1998-02-10,3.6671
1998-02-09,3.7552
1998-02-06,3.7791
1998-02-05,3.829
1998-02-04,3.8318
1998-02-03,3.8318
1998-02-02,3.8318
1998-01-30,3.7083
1998-01-29,3.7437
1998-01-28,3.7341
1998-01-27,3.6987
1998-01-26,3.6709
1998-01-23,3.6393
1998-01-22,3.6201
1998-01-21,3.5732
1998-01-20,3.578
1998-01-19,3.5588
1998-01-16,3.5444
1998-01-15,3.5195
1998-01-13,3.5253
1998-01-12,3.4956
1998-01-09,3.5253
1998-01-08,3.5301
1998-01-07,3.5061
1997-12-31,3.3385
1997-12-30,3.3433
1997-12-29,3.3145
1997-12-23,3.3136
1997-12-22,3.2523
1997-12-19,3.2082
1997-12-18,3.2494
1997-12-17,3.2465
1997-12-16,3.2092
1997-12-15,3.2341
1997-12-12,3.1632
1997-12-11,3.1804
1997-12-10,3.2072
1997-12-09,3.2072
1997-12-05,3.2293
1997-12-04,3.2235
1997-12-03,3.2369
1997-12-02,3.2389
1997-11-28,3.1201
1997-11-26,3.1708
1997-11-25,3.0942
1997-11-24,3.1114
1997-11-19,3.0559
1997-11-18,3.0032
1997-11-17,2.9783
1997-11-14,2.9572
1997-11-13,2.9179
1997-11-12,2.916
1997-11-07,2.9955
1997-11-05,2.9965
1997-10-31,2.9601
1997-10-30,2.9074
1997-10-29,2.9371
1997-10-27,2.9361
1997-10-24,2.9898
1997-10-23,2.9745
1997-10-21,3.008
1997-10-20,2.9505
1997-10-17,2.9409
1997-10-13,2.9026
1997-10-09,2.9668
1997-09-30,2.9601
1997-09-29,2.9505
1997-09-26,2.9697
1997-09-25,2.9697
1997-09-24,2.9553
1997-09-23,2.9697
1997-09-22,2.9783
1997-09-18,2.9697
1997-09-17,2.8854
1997-09-16,2.7637
1997-09-11,2.7781
1997-09-09,2.7867
1997-09-08,2.7781
1997-09-05,2.8164
1997-09-04,2.8308
1997-09-03,2.8691
1997-09-02,2.8538
1997-09-01,2.7992
1997-08-27,2.8777
1997-08-26,2.9036
1997-08-25,2.9122
1997-08-22,2.916
1997-08-21,2.9601
1997-08-19,2.9764
1997-08-18,2.9907
1997-08-14,3.0655
1997-08-13,3.0511
1997-08-12,3.0837
1997-08-11,3.0626
1997-08-08,3.0894
1997-08-07,3.1038
1997-08-06,3.0348
1997-08-05,2.9697
1997-08-04,2.9505
1997-08-01,2.9563
1997-07-31,3.0185
1997-07-30,3.0559
1997-07-29,3.099
1997-07-28,3.1229
1997-07-25,3.1421
1997-07-24,3.1325
1997-07-23,3.1565
1997-07-22,3.1277
1997-07-21,3.1325
1997-07-18,3.1325
1997-07-17,3.1421
1997-07-16,3.1584
1997-07-15,3.1086
1997-07-14,3.1277
1997-07-11,3.1182
1997-07-10,3.1134
1997-07-09,3.166
1997-07-08,3.1747
1997-07-07,3.1967
1997-07-04,3.1804
1997-07-03,3.1804
1997-07-02,3.1431
1997-07-01,3.1076
1997-06-30,3.0942
1997-06-27,3.0664
1997-06-26,3.0559
1997-06-25,3.0827
1997-06-24,3.0894
1997-06-23,3.1622
1997-06-20,3.2092
