,edpr:pl
2018-11-23,7.535
2018-11-22,7.525
2018-11-21,7.55
2018-11-20,7.5
2018-11-19,7.655
2018-11-16,7.745
2018-11-15,7.745
2018-11-14,7.8
2018-11-13,7.855
2018-11-12,7.885
2018-11-09,7.86
2018-11-08,7.795
2018-11-07,7.855
2018-11-06,7.82
2018-11-05,7.89
2018-11-02,7.85
2018-11-01,7.95
2018-10-31,7.94
2018-10-30,7.83
2018-10-29,7.87
2018-10-26,7.98
2018-10-25,8.0
2018-10-24,7.99
2018-10-23,7.94
2018-10-22,8.1
2018-10-19,8.155
2018-10-18,8.13
2018-10-17,8.135
2018-10-16,8.15
2018-10-15,8.12
2018-10-12,8.13
2018-10-11,8.09
2018-10-10,8.3
2018-10-09,8.505
2018-10-08,8.52
2018-10-05,8.525
2018-10-04,8.59
2018-10-03,8.77
2018-10-02,8.62
2018-10-01,8.6
2018-09-28,8.74
2018-09-27,8.8
2018-09-26,8.78
2018-09-25,8.735
2018-09-24,8.705
2018-09-21,8.72
2018-09-20,8.575
2018-09-19,8.49
2018-09-18,8.46
2018-09-17,8.43
2018-09-14,8.335
2018-09-13,8.51
2018-09-12,8.505
2018-09-11,8.555
2018-09-10,8.47
2018-09-07,8.455
2018-09-06,8.385
2018-09-05,8.36
2018-09-04,8.425
2018-09-03,8.5
2018-08-31,8.545
2018-08-30,8.56
2018-08-29,8.615
2018-08-28,8.605
2018-08-27,8.61
2018-08-24,8.69
2018-08-23,8.655
2018-08-22,8.725
2018-08-21,8.7
2018-08-20,8.8
2018-08-17,8.78
2018-08-16,8.8
2018-08-15,8.725
2018-08-14,8.8
2018-08-13,8.78
2018-08-10,8.765
2018-08-09,8.8
2018-08-08,8.77
2018-08-07,8.77
2018-08-06,8.81
2018-08-03,8.8
2018-08-02,8.71
2018-08-01,8.78
2018-07-31,8.83
2018-07-30,8.69
2018-07-27,8.78
2018-07-26,8.8
2018-07-25,8.8
2018-07-24,8.875
2018-07-23,8.88
2018-07-20,8.9
2018-07-19,8.885
2018-07-18,8.975
2018-07-17,9.0
2018-07-16,8.97
2018-07-13,8.93
2018-07-12,9.0
2018-07-11,9.005
2018-07-10,9.085
2018-07-09,9.055
2018-07-06,9.1
2018-07-05,9.17
2018-07-04,8.99
2018-07-03,8.99
2018-07-02,8.915
2018-06-29,8.93
2018-06-28,8.845
2018-06-27,8.88
2018-06-26,8.89
2018-06-25,8.365
2018-06-23,8.325
2018-06-22,8.325
2018-06-21,8.285
2018-06-20,8.32
2018-06-19,8.345
2018-06-18,8.35
2018-06-15,8.425
2018-06-14,8.355
2018-06-13,8.17
2018-06-12,8.09
2018-06-11,8.245
2018-06-08,8.15
2018-06-07,8.2
2018-06-06,8.22
2018-06-05,8.18
2018-06-04,8.17
2018-06-01,7.95
2018-05-31,8.045
2018-05-30,7.99
2018-05-29,7.97
2018-05-28,8.02
2018-05-25,8.09
2018-05-24,8.06
2018-05-23,8.145
2018-05-22,8.245
2018-05-21,8.245
2018-05-18,8.18
2018-05-17,8.22
2018-05-16,8.03
2018-05-15,8.075
2018-05-14,8.055
2018-05-11,7.84
2018-05-10,7.8
2018-05-09,7.935
2018-05-08,8.035
2018-05-07,8.04
2018-05-04,8.0
2018-05-03,8.005
2018-05-02,8.005
2018-04-30,7.96
2018-04-27,8.06
2018-04-26,8.02
2018-04-25,7.95
2018-04-24,7.97
2018-04-23,7.93
2018-04-20,7.905
2018-04-19,7.885
2018-04-18,7.92
2018-04-17,8.005
2018-04-16,8.01
2018-04-13,8.1
2018-04-12,8.02
2018-04-11,8.005
2018-04-10,8.025
2018-04-09,7.97
2018-04-06,8.0
2018-04-05,8.04
2018-04-04,8.005
2018-04-03,8.0
2018-03-29,7.96
2018-03-28,7.905
2018-03-27,7.68
2018-03-26,7.62
2018-03-23,7.63
2018-03-22,7.68
2018-03-21,7.66
2018-03-20,7.655
2018-03-19,7.47
2018-03-16,7.62
2018-03-15,7.565
2018-03-14,7.545
2018-03-13,7.445
2018-03-12,7.4
2018-03-09,7.405
2018-03-08,7.37
2018-03-07,7.185
2018-03-06,7.185
2018-03-05,7.165
2018-03-02,7.085
2018-03-01,7.15
2018-02-28,7.175
2018-02-27,7.15
2018-02-26,7.15
2018-02-23,7.15
2018-02-22,7.14
2018-02-21,7.08
2018-02-20,7.09
2018-02-19,7.135
2018-02-16,7.185
2018-02-15,7.14
2018-02-14,7.12
2018-02-13,7.11
2018-02-12,6.965
2018-02-09,6.885
2018-02-08,6.94
2018-02-07,6.995
2018-02-06,6.86
2018-02-05,6.97
2018-02-02,7.07
2018-02-01,7.085
2018-01-31,7.05
2018-01-30,7.06
2018-01-29,7.09
2018-01-26,7.1
2018-01-25,7.1
2018-01-24,7.06
2018-01-23,7.105
2018-01-22,7.11
2018-01-19,7.06
2018-01-18,7.07
2018-01-17,7.1
2018-01-16,7.07
2018-01-15,7.08
2018-01-12,7.07
2018-01-11,7.05
2018-01-10,7.0
2018-01-09,6.97
2018-01-08,7.01
2018-01-05,6.79
2018-01-04,6.78
2018-01-03,6.785
2018-01-02,6.92
2017-12-29,6.967
2017-12-28,6.788
2017-12-27,6.722
2017-12-22,6.7
2017-12-21,6.72
2017-12-20,6.75
2017-12-19,6.832
2017-12-18,6.865
2017-12-15,6.711
2017-12-14,6.686
2017-12-13,6.622
2017-12-12,6.612
2017-12-11,6.556
2017-12-08,6.622
2017-12-07,6.708
2017-12-06,6.727
2017-12-05,6.742
2017-12-04,6.809
2017-12-01,6.802
2017-11-30,6.85
2017-11-29,6.814
2017-11-28,6.9
2017-11-27,6.83
2017-11-24,6.895
2017-11-23,6.93
2017-11-22,6.871
2017-11-21,6.877
2017-11-20,6.876
2017-11-17,6.896
2017-11-16,6.934
2017-11-15,6.94
2017-11-14,6.938
2017-11-13,6.952
2017-11-10,6.994
2017-11-09,6.987
2017-11-08,7.051
2017-11-07,6.995
2017-11-06,6.978
2017-11-03,6.9
2017-11-02,7.159
2017-11-01,7.189
2017-10-31,7.1
2017-10-30,7.109
2017-10-27,7.09
2017-10-26,7.039
2017-10-25,6.991
2017-10-24,7.058
2017-10-23,7.06
2017-10-20,7.003
2017-10-19,7.081
2017-10-18,7.026
2017-10-17,7.065
2017-10-16,7.034
2017-10-13,7.063
2017-10-12,7.12
2017-10-11,7.126
2017-10-10,7.11
2017-10-09,7.105
2017-10-06,7.086
2017-10-05,7.158
2017-10-04,7.076
2017-10-03,7.115
2017-10-02,7.17
2017-09-29,7.2
2017-09-28,7.16
2017-09-27,7.183
2017-09-26,7.198
2017-09-25,7.189
2017-09-22,7.2
2017-09-21,7.199
2017-09-20,7.2
2017-09-19,7.119
2017-09-18,7.094
2017-09-15,7.031
2017-09-14,7.059
2017-09-13,7.08
2017-09-12,7.023
2017-09-11,6.997
2017-09-08,6.953
2017-09-07,6.925
2017-09-06,6.898
2017-09-05,6.901
2017-09-04,6.898
2017-09-01,6.908
2017-08-31,6.874
2017-08-30,6.85
2017-08-29,6.85
2017-08-28,6.85
2017-08-25,6.823
2017-08-24,6.854
2017-08-23,6.824
2017-08-22,6.866
2017-08-21,6.848
2017-08-18,6.86
2017-08-17,6.853
2017-08-16,6.864
2017-08-15,6.826
2017-08-14,6.86
2017-08-11,6.807
2017-08-10,6.818
2017-08-09,6.81
2017-08-08,6.786
2017-08-07,6.818
2017-08-04,6.797
2017-08-03,6.766
2017-08-02,6.765
2017-08-01,6.772
2017-07-31,6.754
2017-07-28,6.759
2017-07-27,6.787
2017-07-26,6.778
2017-07-25,6.96
2017-07-24,6.931
2017-07-21,6.898
2017-07-20,6.9
2017-07-19,6.87
2017-07-18,6.864
2017-07-17,6.893
2017-07-14,6.933
2017-07-13,6.868
2017-07-12,6.894
2017-07-11,6.848
2017-07-10,6.85
2017-07-07,6.859
2017-07-06,6.893
2017-07-05,7.025
2017-07-04,7.0
2017-07-03,7.005
2017-06-30,6.963
2017-06-29,6.96
2017-06-28,6.96
2017-06-27,6.97
2017-06-26,7.0
2017-06-23,6.961
2017-06-22,7.01
2017-06-21,6.999
2017-06-20,7.009
2017-06-19,7.03
2017-06-16,7.0
2017-06-15,6.986
2017-06-14,7.006
2017-06-13,6.97
2017-06-12,6.957
2017-06-09,6.975
2017-06-08,6.952
2017-06-07,6.958
2017-06-06,6.98
2017-06-05,6.945
2017-06-02,6.955
2017-06-01,6.988
2017-05-31,6.972
2017-05-30,6.96
2017-05-29,6.941
2017-05-26,6.975
2017-05-25,6.96
2017-05-24,6.958
2017-05-23,6.98
2017-05-22,7.032
2017-05-19,7.084
2017-05-18,6.958
2017-05-17,6.963
2017-05-16,6.958
2017-05-15,6.992
2017-05-12,6.981
2017-05-11,7.015
2017-05-10,7.039
2017-05-09,7.003
2017-05-08,6.99
2017-05-05,7.022
2017-05-04,7.0
2017-05-03,6.991
2017-05-02,7.05
2017-04-28,6.995
2017-04-27,6.99
2017-04-26,6.98
2017-04-25,6.99
2017-04-24,6.94
2017-04-21,6.88
2017-04-20,6.9
2017-04-19,6.913
2017-04-18,6.943
2017-04-13,6.96
2017-04-12,6.99
2017-04-11,6.99
2017-04-10,6.99
2017-04-07,6.99
2017-04-06,6.989
2017-04-05,6.989
2017-04-04,6.99
2017-04-03,6.921
2017-03-31,6.931
2017-03-30,6.91
2017-03-29,6.9
2017-03-28,6.9
2017-03-27,6.267
2017-03-24,6.2
2017-03-23,6.185
2017-03-22,6.12
2017-03-21,6.12
2017-03-20,6.112
2017-03-17,6.1
2017-03-16,6.11
2017-03-15,6.119
2017-03-14,6.1
2017-03-13,6.104
2017-03-10,6.1
2017-03-09,6.186
2017-03-08,6.195
2017-03-07,6.222
2017-03-06,6.293
2017-03-03,6.338
2017-03-02,6.36
2017-03-01,6.336
2017-02-28,6.214
2017-02-27,6.197
2017-02-24,6.211
2017-02-23,6.244
2017-02-22,6.306
2017-02-21,6.313
2017-02-20,6.31
2017-02-17,6.223
2017-02-16,6.247
2017-02-15,6.28
2017-02-14,6.213
2017-02-13,6.15
2017-02-10,6.122
2017-02-09,6.109
2017-02-08,6.144
2017-02-07,6.05
2017-02-06,6.004
2017-02-03,6.05
2017-02-02,5.947
2017-02-01,5.929
2017-01-31,5.943
2017-01-30,6.0
2017-01-27,6.065
2017-01-26,6.087
2017-01-25,6.097
2017-01-24,5.96
2017-01-23,5.71
2017-01-20,5.759
2017-01-19,5.78
2017-01-18,5.84
2017-01-17,5.799
2017-01-16,5.75
2017-01-15,5.75
2017-01-13,5.811
2017-01-12,5.76
2017-01-11,5.73
2017-01-10,5.81
2017-01-09,5.81
2017-01-06,5.926
2017-01-05,6.0
2017-01-04,6.049
2017-01-03,6.023
2017-01-02,6.045
2016-12-31,6.331
2016-12-30,6.036
2016-12-29,5.944
2016-12-28,5.893
2016-12-27,5.931
2016-12-23,5.91
2016-12-22,5.885
2016-12-21,5.92
2016-12-20,5.874
2016-12-19,5.878
2016-12-16,5.749
2016-12-15,5.7
2016-12-14,5.824
2016-12-13,5.99
2016-12-12,5.853
2016-12-09,5.934
2016-12-08,5.918
2016-12-07,5.911
2016-12-06,5.974
2016-12-05,5.854
2016-12-02,5.91
2016-12-01,5.93
2016-11-30,6.909
2016-11-29,5.988
2016-11-28,6.01
2016-11-25,6.055
2016-11-24,6.007
2016-11-23,6.009
2016-11-22,6.006
2016-11-21,6.003
2016-11-18,6.038
2016-11-17,6.009
2016-11-16,5.935
2016-11-15,5.91
2016-11-14,5.904
2016-11-11,5.823
2016-11-10,5.732
2016-11-09,6.086
2016-11-08,6.454
2016-11-07,6.429
2016-11-04,6.37
2016-11-03,6.481
2016-11-02,6.566
2016-11-01,6.842
2016-10-31,6.884
2016-10-28,6.896
2016-10-27,6.949
2016-10-26,7.015
2016-10-25,6.975
2016-10-24,7.114
2016-10-21,7.105
2016-10-20,7.133
2016-10-19,7.12
2016-10-18,7.083
2016-10-17,6.969
2016-10-14,6.991
2016-10-13,6.868
2016-10-12,6.815
2016-10-11,6.801
2016-10-10,6.776
2016-10-07,6.706
2016-10-06,6.782
2016-10-05,6.84
2016-10-04,7.023
2016-10-03,7.063
2016-09-30,7.112
2016-09-29,7.128
2016-09-28,7.103
2016-09-27,7.095
2016-09-26,7.127
2016-09-23,7.14
2016-09-22,7.253
2016-09-21,7.124
2016-09-20,7.038
2016-09-19,7.06
2016-09-16,6.874
2016-09-15,6.91
2016-09-14,6.993
2016-09-13,6.993
2016-09-12,7.045
2016-09-09,7.177
2016-09-08,7.236
2016-09-07,7.22
2016-09-06,7.136
2016-09-05,7.213
2016-09-02,7.183
2016-09-01,7.106
2016-08-31,7.153
2016-08-30,7.086
2016-08-29,7.028
2016-08-26,7.077
2016-08-25,7.039
2016-08-24,7.046
2016-08-23,6.948
2016-08-22,6.959
2016-08-19,6.956
2016-08-18,7.027
2016-08-17,6.94
2016-08-16,7.092
2016-08-15,7.165
2016-08-12,7.164
2016-08-11,7.202
2016-08-10,7.085
2016-08-09,7.145
2016-08-08,7.045
2016-08-05,7.043
2016-08-04,7.015
2016-08-03,6.992
2016-08-02,7.112
2016-08-01,7.217
2016-07-29,7.217
2016-07-28,7.122
2016-07-27,7.205
2016-07-26,7.107
2016-07-25,6.996
2016-07-22,7.057
2016-07-21,6.933
2016-07-20,6.945
2016-07-19,6.98
2016-07-18,6.986
2016-07-15,6.951
2016-07-14,6.955
2016-07-13,6.924
2016-07-12,6.956
2016-07-11,6.88
2016-07-08,6.74
2016-07-07,6.775
2016-07-06,6.633
2016-07-05,6.709
2016-07-04,6.836
2016-07-01,6.803
2016-06-30,6.714
2016-06-29,6.765
2016-06-28,6.582
2016-06-27,6.417
2016-06-24,6.58
2016-06-23,6.746
2016-06-22,6.758
2016-06-21,6.732
2016-06-20,6.792
2016-06-17,6.602
2016-06-16,6.556
2016-06-15,6.687
2016-06-14,6.578
2016-06-13,6.67
2016-06-10,6.834
2016-06-09,6.971
2016-06-08,6.96
2016-06-07,6.986
2016-06-06,6.965
2016-06-03,6.903
2016-06-02,6.922
2016-06-01,6.856
2016-05-31,7.008
2016-05-30,6.952
2016-05-27,6.876
2016-05-26,6.877
2016-05-25,6.849
2016-05-24,6.811
2016-05-23,6.781
2016-05-20,6.735
2016-05-19,6.638
2016-05-18,6.623
2016-05-17,6.614
2016-05-16,6.551
2016-05-13,6.75
2016-05-12,6.682
2016-05-11,6.725
2016-05-10,6.835
2016-05-09,6.814
2016-05-06,6.881
2016-05-05,6.965
2016-05-04,6.756
2016-05-03,6.686
2016-05-02,6.851
2016-04-29,6.805
2016-04-28,6.8
2016-04-27,6.837
2016-04-26,6.734
2016-04-25,6.798
2016-04-22,6.926
2016-04-21,6.877
2016-04-20,6.719
2016-04-19,6.674
2016-04-18,6.538
2016-04-15,6.556
2016-04-14,6.519
2016-04-13,6.497
2016-04-12,6.402
2016-04-11,6.429
2016-04-08,6.466
2016-04-07,6.388
2016-04-06,6.346
2016-04-05,6.49
2016-04-04,6.603
2016-04-01,6.639
2016-03-31,6.713
2016-03-30,6.767
2016-03-29,6.693
2016-03-24,6.731
2016-03-23,6.884
2016-03-22,6.727
2016-03-21,6.751
2016-03-18,6.603
2016-03-17,6.478
2016-03-16,6.405
2016-03-15,6.401
2016-03-14,6.542
2016-03-11,6.482
2016-03-10,6.471
2016-03-09,6.411
2016-03-08,6.393
2016-03-07,6.471
2016-03-04,6.546
2016-03-03,6.56
2016-03-02,6.558
2016-03-01,6.651
2016-02-29,6.608
2016-02-26,6.489
2016-02-25,6.39
2016-02-24,6.294
2016-02-23,6.411
2016-02-22,6.478
2016-02-19,6.314
2016-02-18,6.416
2016-02-17,6.553
2016-02-16,6.363
2016-02-15,6.388
2016-02-12,6.304
2016-02-11,6.409
2016-02-10,6.699
2016-02-09,6.578
2016-02-08,6.631
2016-02-05,6.8
2016-02-04,6.94
2016-02-03,6.97
2016-02-02,7.097
2016-02-01,7.203
2016-01-29,7.035
2016-01-28,7.171
2016-01-27,7.023
2016-01-26,6.925
2016-01-25,6.885
2016-01-22,6.744
2016-01-21,6.435
2016-01-20,6.629
2016-01-19,6.818
2016-01-18,6.824
2016-01-15,6.926
2016-01-14,7.079
2016-01-13,7.28
2016-01-12,7.202
2016-01-11,7.019
2016-01-08,7.194
2016-01-07,7.233
2016-01-06,7.238
2016-01-05,7.24
2016-01-04,7.267
2016-01-01,7.25
2015-12-31,7.25
2015-12-30,7.137
2015-12-29,7.1
2015-12-28,7.007
2015-12-25,7.078
2015-12-24,7.078
2015-12-23,7.06
2015-12-22,6.9
2015-12-21,6.977
2015-12-18,6.99
2015-12-17,6.952
2015-12-16,6.751
2015-12-15,6.59
2015-12-14,6.436
2015-12-11,6.513
2015-12-10,6.551
2015-12-09,6.617
2015-12-08,6.637
2015-12-07,6.652
2015-12-04,6.667
2015-12-03,6.554
2015-12-02,6.713
2015-12-01,6.666
2015-11-30,6.552
2015-11-27,6.63
2015-11-26,6.501
2015-11-25,6.377
2015-11-24,6.3
2015-11-23,6.346
2015-11-20,6.371
2015-11-19,6.382
2015-11-18,6.274
2015-11-17,6.216
2015-11-16,6.119
2015-11-13,6.164
2015-11-12,6.164
2015-11-11,6.28
2015-11-10,6.259
2015-11-09,6.301
2015-11-06,6.599
2015-11-05,6.583
2015-11-04,6.58
2015-11-03,6.575
2015-11-02,6.61
2015-10-30,6.613
2015-10-29,6.36
2015-10-28,6.27
2015-10-27,6.157
2015-10-26,6.196
2015-10-23,6.268
2015-10-22,6.145
2015-10-21,6.13
2015-10-20,6.152
2015-10-19,6.144
2015-10-16,6.164
2015-10-15,6.176
2015-10-14,6.054
2015-10-13,6.063
2015-10-12,6.017
2015-10-09,6.324
2015-10-08,6.262
2015-10-07,6.28
2015-10-06,6.17
2015-10-05,6.213
2015-10-02,6.0
2015-10-01,5.848
2015-09-30,5.865
2015-09-29,5.789
2015-09-28,5.733
2015-09-25,5.79
2015-09-24,5.731
2015-09-23,5.83
2015-09-22,5.843
2015-09-21,5.976
2015-09-18,5.891
2015-09-17,6.038
2015-09-16,5.967
2015-09-15,5.84
2015-09-14,5.883
2015-09-11,5.938
2015-09-10,6.047
2015-09-09,5.976
2015-09-08,5.933
2015-09-07,5.896
2015-09-04,5.87
2015-09-03,6.0
2015-09-02,5.879
2015-09-01,5.93
2015-08-31,6.083
2015-08-28,6.034
2015-08-27,6.044
2015-08-26,5.943
2015-08-25,6.063
2015-08-24,5.825
2015-08-21,6.118
2015-08-20,6.28
2015-08-19,6.381
2015-08-18,6.437
2015-08-17,6.44
2015-08-14,6.399
2015-08-13,6.388
2015-08-12,6.344
2015-08-11,6.42
2015-08-10,6.464
2015-08-07,6.493
2015-08-06,6.783
2015-08-05,6.735
2015-08-04,6.699
2015-08-03,6.766
2015-07-31,6.669
2015-07-30,6.74
2015-07-29,6.728
2015-07-28,6.766
2015-07-27,6.687
2015-07-24,6.869
2015-07-23,6.896
2015-07-22,6.901
2015-07-21,6.841
2015-07-20,6.803
2015-07-17,6.856
2015-07-16,6.864
2015-07-15,6.8
2015-07-14,6.808
2015-07-13,6.752
2015-07-10,6.578
2015-07-09,6.476
2015-07-08,6.241
2015-07-07,6.081
2015-07-06,6.277
2015-07-03,6.488
2015-07-02,6.535
2015-07-01,6.408
2015-06-30,6.35
2015-06-29,6.426
2015-06-26,6.667
2015-06-25,6.75
2015-06-24,6.777
2015-06-23,6.812
2015-06-22,6.502
2015-06-19,6.302
2015-06-18,6.34
2015-06-17,6.487
2015-06-16,6.535
2015-06-15,6.385
2015-06-12,6.521
2015-06-11,6.57
2015-06-10,6.552
2015-06-09,6.434
2015-06-08,6.397
2015-06-05,6.555
2015-06-04,6.69
2015-06-03,6.6
2015-06-02,6.52
2015-06-01,6.51
2015-05-29,6.553
2015-05-28,6.566
2015-05-27,6.509
2015-05-26,6.467
2015-05-25,6.563
2015-05-22,6.733
2015-05-21,6.722
2015-05-20,6.76
2015-05-19,6.748
2015-05-18,6.665
2015-05-15,6.63
2015-05-14,6.712
2015-05-13,6.668
2015-05-12,6.45
2015-05-11,6.435
2015-05-08,6.44
2015-05-07,6.216
2015-05-06,6.187
2015-05-05,6.284
2015-05-04,6.379
2015-05-01,6.253
2015-04-30,6.253
2015-04-29,6.228
2015-04-28,6.329
2015-04-27,6.347
2015-04-24,6.38
2015-04-23,6.185
2015-04-22,6.236
2015-04-21,6.27
2015-04-20,6.235
2015-04-17,6.212
2015-04-16,6.31
2015-04-15,6.522
2015-04-14,6.501
2015-04-13,6.547
2015-04-10,6.492
2015-04-09,6.569
2015-04-08,6.512
2015-04-07,6.48
2015-04-06,6.389
2015-04-03,6.389
2015-04-02,6.389
2015-04-01,6.388
2015-03-31,6.4
2015-03-30,6.389
2015-03-27,6.347
2015-03-26,6.316
2015-03-25,6.46
2015-03-24,6.436
2015-03-23,6.36
2015-03-20,6.469
2015-03-19,6.461
2015-03-18,6.423
2015-03-17,6.298
2015-03-16,6.31
2015-03-13,6.34
2015-03-12,6.233
2015-03-11,6.166
2015-03-10,6.045
2015-03-09,6.043
2015-03-06,6.096
2015-03-05,6.07
2015-03-04,5.922
2015-03-03,6.032
2015-03-02,6.1
2015-02-27,6.189
2015-02-26,6.05
2015-02-25,5.951
2015-02-24,5.903
2015-02-23,5.866
2015-02-20,5.85
2015-02-19,6.01
2015-02-18,6.032
2015-02-17,6.0
2015-02-16,5.982
2015-02-13,5.915
2015-02-12,5.848
2015-02-11,5.73
2015-02-10,5.742
2015-02-09,5.702
2015-02-06,5.794
2015-02-05,5.89
2015-02-04,5.917
2015-02-03,5.916
2015-02-02,5.9
2015-01-30,5.93
2015-01-29,6.0
2015-01-28,6.02
2015-01-27,6.052
2015-01-26,6.19
2015-01-23,5.964
2015-01-22,6.01
2015-01-21,5.704
2015-01-20,5.627
2015-01-19,5.69
2015-01-16,5.697
2015-01-15,5.577
2015-01-14,5.442
2015-01-13,5.485
2015-01-12,5.448
2015-01-09,5.378
2015-01-08,5.435
2015-01-07,5.4
2015-01-06,5.35
2015-01-05,5.3
2015-01-02,5.525
2015-01-01,5.404
2014-12-31,5.404
2014-12-30,5.406
2014-12-29,5.43
2014-12-26,5.492
2014-12-25,5.492
2014-12-24,5.492
2014-12-23,5.459
2014-12-22,5.413
2014-12-19,5.453
2014-12-18,5.558
2014-12-17,5.295
2014-12-16,5.253
2014-12-15,5.2
2014-12-12,5.3
2014-12-11,5.321
2014-12-10,5.308
2014-12-09,5.326
2014-12-08,5.468
2014-12-05,5.426
2014-12-04,5.287
2014-12-03,5.39
2014-12-02,5.323
2014-12-01,5.29
2014-11-28,5.422
2014-11-27,5.454
2014-11-26,5.389
2014-11-25,5.4
2014-11-24,5.355
2014-11-21,5.342
2014-11-20,5.211
2014-11-19,5.292
2014-11-18,5.188
2014-11-17,5.14
2014-11-14,5.12
2014-11-13,5.116
2014-11-12,5.14
2014-11-11,5.148
2014-11-10,5.15
2014-11-07,5.133
2014-11-06,5.121
2014-11-05,5.15
2014-11-04,5.13
2014-11-03,5.179
2014-10-31,5.184
2014-10-30,5.13
2014-10-29,5.11
2014-10-28,5.22
2014-10-27,5.14
2014-10-24,5.15
2014-10-23,5.2
2014-10-22,5.106
2014-10-21,5.04
2014-10-20,4.982
2014-10-17,4.97
2014-10-16,4.934
2014-10-15,5.111
2014-10-14,5.24
2014-10-13,5.129
2014-10-10,5.15
2014-10-09,5.199
2014-10-08,5.15
2014-10-07,5.285
2014-10-06,5.334
2014-10-03,5.38
2014-10-02,5.327
2014-10-01,5.521
2014-09-30,5.49
2014-09-29,5.411
2014-09-26,5.447
2014-09-25,5.47
2014-09-24,5.5
2014-09-23,5.469
2014-09-22,5.564
2014-09-19,5.615
2014-09-18,5.59
2014-09-17,5.576
2014-09-16,5.555
2014-09-15,5.518
2014-09-12,5.548
2014-09-11,5.545
2014-09-10,5.53
2014-09-09,5.5
2014-09-08,5.535
2014-09-05,5.52
2014-09-04,5.556
2014-09-03,5.49
2014-09-02,5.471
2014-09-01,5.526
2014-08-29,5.505
2014-08-28,5.48
2014-08-27,5.466
2014-08-26,5.398
2014-08-25,5.368
2014-08-22,5.255
2014-08-21,5.261
2014-08-20,5.217
2014-08-19,5.153
2014-08-18,5.165
2014-08-15,5.091
2014-08-14,5.071
2014-08-13,4.938
2014-08-12,4.905
2014-08-11,4.91
2014-08-08,4.832
2014-08-07,4.832
2014-08-06,4.867
2014-08-05,5.154
2014-08-04,5.169
2014-08-01,5.077
2014-07-31,5.268
2014-07-30,5.378
2014-07-29,5.633
2014-07-28,5.702
2014-07-25,5.627
2014-07-24,5.66
2014-07-23,5.562
2014-07-22,5.61
2014-07-21,5.378
2014-07-18,5.407
2014-07-17,5.4
2014-07-16,5.28
2014-07-15,5.198
2014-07-14,5.185
2014-07-11,5.058
2014-07-10,4.945
2014-07-09,5.13
2014-07-08,5.27
2014-07-07,5.389
2014-07-04,5.45
2014-07-03,5.403
2014-07-02,5.318
2014-07-01,5.338
2014-06-30,5.438
2014-06-27,5.432
2014-06-26,5.412
2014-06-25,5.41
2014-06-24,5.464
2014-06-23,5.311
2014-06-20,5.334
2014-06-19,5.347
2014-06-18,5.179
2014-06-17,5.19
2014-06-16,5.181
2014-06-13,5.239
2014-06-12,5.24
2014-06-11,5.265
2014-06-10,5.343
2014-06-09,5.36
2014-06-06,5.325
2014-06-05,5.193
2014-06-04,5.015
2014-06-03,5.09
2014-06-02,5.12
2014-05-30,5.057
2014-05-29,5.045
2014-05-28,5.015
2014-05-27,5.073
2014-05-26,5.072
2014-05-23,4.95
2014-05-22,4.865
2014-05-21,4.89
2014-05-20,4.94
2014-05-19,4.956
2014-05-16,4.891
2014-05-15,4.922
2014-05-14,4.96
2014-05-13,5.024
2014-05-12,5.05
2014-05-09,4.93
2014-05-08,4.997
2014-05-07,4.95
2014-05-06,5.071
2014-05-05,4.942
2014-05-02,4.937
2014-05-01,4.937
2014-04-30,4.937
2014-04-29,4.905
2014-04-28,4.868
2014-04-25,4.803
2014-04-24,4.771
2014-04-23,4.76
2014-04-22,4.709
2014-04-21,4.752
2014-04-18,4.752
2014-04-17,4.752
2014-04-16,4.704
2014-04-15,4.55
2014-04-14,4.63
2014-04-11,4.678
2014-04-10,4.616
2014-04-09,4.71
2014-04-08,4.706
2014-04-07,4.856
2014-04-04,4.882
2014-04-03,4.927
2014-04-02,4.969
2014-04-01,4.901
2014-03-31,4.834
2014-03-28,4.83
2014-03-27,4.797
2014-03-26,4.792
2014-03-25,4.707
2014-03-24,4.629
2014-03-21,4.683
2014-03-20,4.725
2014-03-19,4.74
2014-03-18,4.736
2014-03-17,4.646
2014-03-14,4.566
2014-03-13,4.59
2014-03-12,4.671
2014-03-11,4.656
2014-03-10,4.609
2014-03-07,4.56
2014-03-06,4.61
2014-03-05,4.6
2014-03-04,4.59
2014-03-03,4.58
2014-02-28,4.68
2014-02-27,4.68
2014-02-26,4.74
2014-02-25,4.76
2014-02-24,4.72
2014-02-21,4.64
2014-02-20,4.63
2014-02-19,4.57
2014-02-18,4.53
2014-02-17,4.56
2014-02-14,4.6
2014-02-13,4.43
2014-02-12,4.41
2014-02-11,4.4
2014-02-10,4.33
2014-02-07,4.25
2014-02-06,4.26
2014-02-05,4.25
2014-02-04,4.31
2014-02-03,4.25
2014-01-31,4.27
2014-01-30,4.25
2014-01-29,4.22
2014-01-28,4.26
2014-01-27,4.17
2014-01-24,4.23
2014-01-23,4.28
2014-01-22,4.39
2014-01-21,4.5
2014-01-20,4.48
2014-01-17,4.44
2014-01-16,4.4
2014-01-15,4.38
2014-01-14,4.31
2014-01-13,4.33
2014-01-10,4.29
2014-01-09,4.2
2014-01-08,4.12
2014-01-07,4.07
2014-01-06,3.97
2014-01-03,3.9
2014-01-02,3.87
2014-01-01,3.86
2013-12-31,3.86
2013-12-30,3.85
2013-12-27,3.85
2013-12-26,3.84
2013-12-25,3.84
2013-12-24,3.84
2013-12-23,3.82
2013-12-20,3.83
2013-12-19,3.88
2013-12-18,3.76
2013-12-17,3.8
2013-12-16,3.81
2013-12-13,3.85
2013-12-12,3.8
2013-12-11,3.8
2013-12-10,3.75
2013-12-09,3.75
2013-12-06,3.74
2013-12-05,3.78
2013-12-04,3.85
2013-12-03,3.91
2013-12-02,3.93
2013-11-29,3.93
2013-11-28,3.93
2013-11-27,3.926
2013-11-26,3.932
2013-11-25,3.99
2013-11-22,4.025
2013-11-21,3.994
2013-11-20,3.999
2013-11-19,4.035
2013-11-18,4.045
2013-11-15,4.033
2013-11-14,4.079
2013-11-13,4.068
2013-11-12,4.02
2013-11-11,4.042
2013-11-08,4.03
2013-11-07,4.05
2013-11-06,4.051
2013-11-05,4.067
2013-11-04,4.085
2013-11-01,4.052
2013-10-31,4.059
2013-10-30,4.08
2013-10-29,4.065
2013-10-28,4.018
2013-10-25,4.003
2013-10-24,4.041
2013-10-23,4.067
2013-10-22,4.12
2013-10-21,4.12
2013-10-18,3.97
2013-10-17,3.94
2013-10-16,3.96
2013-10-15,3.955
2013-10-14,3.933
2013-10-11,3.842
2013-10-10,3.828
2013-10-09,3.792
2013-10-08,3.791
2013-10-07,3.8
2013-10-04,3.783
2013-10-03,3.789
2013-10-02,3.845
2013-10-01,3.875
2013-09-30,3.841
2013-09-27,3.879
2013-09-26,3.874
2013-09-25,3.887
2013-09-24,3.85
2013-09-23,3.87
2013-09-20,3.886
2013-09-19,3.828
2013-09-18,3.937
2013-09-17,3.956
2013-09-16,3.986
2013-09-13,4.0
2013-09-12,4.03
2013-09-11,3.97
2013-09-10,3.954
2013-09-09,3.881
2013-09-06,3.876
2013-09-05,3.84
2013-09-04,3.832
2013-09-03,3.833
2013-09-02,3.853
2013-08-30,3.792
2013-08-29,3.816
2013-08-28,3.744
2013-08-27,3.73
2013-08-26,3.794
2013-08-23,3.807
2013-08-22,3.815
2013-08-21,3.75
2013-08-20,3.812
2013-08-19,3.885
2013-08-16,3.894
2013-08-15,3.916
2013-08-14,3.845
2013-08-13,3.85
2013-08-12,3.842
2013-08-09,3.852
2013-08-08,3.805
2013-08-07,3.811
2013-08-06,3.821
2013-08-05,3.87
2013-08-02,3.879
2013-08-01,3.885
2013-07-31,3.855
2013-07-30,3.839
2013-07-29,3.821
2013-07-26,3.768
2013-07-25,3.77
2013-07-24,3.79
2013-07-23,3.67
2013-07-22,3.72
2013-07-19,3.717
2013-07-18,3.764
2013-07-17,3.787
2013-07-16,3.75
2013-07-15,3.72
2013-07-12,3.77
2013-07-11,3.94
2013-07-10,4.0
2013-07-09,3.996
2013-07-08,3.99
2013-07-05,3.875
2013-07-04,3.841
2013-07-03,3.774
2013-07-02,3.93
2013-07-01,4.0
2013-06-28,3.943
2013-06-27,3.821
2013-06-26,3.75
2013-06-25,3.641
2013-06-24,3.575
2013-06-21,3.65
2013-06-20,3.671
2013-06-19,3.787
2013-06-18,3.822
2013-06-17,3.825
2013-06-14,3.787
2013-06-13,3.76
2013-06-12,3.73
2013-06-11,3.703
2013-06-10,3.712
2013-06-07,3.75
2013-06-06,3.9
2013-06-05,3.95
2013-06-04,4.027
2013-06-03,4.01
2013-05-31,4.094
2013-05-30,4.16
2013-05-29,4.157
2013-05-28,4.186
2013-05-27,4.12
2013-05-24,4.077
2013-05-23,4.15
2013-05-22,4.22
2013-05-21,4.197
2013-05-20,4.05
2013-05-17,4.11
2013-05-16,4.06
2013-05-15,4.05
2013-05-14,4.12
2013-05-13,4.09
2013-05-10,4.107
2013-05-09,4.13
2013-05-08,4.09
2013-05-07,4.01
2013-05-06,4.037
2013-05-03,4.02
2013-05-02,3.925
2013-05-01,3.951
2013-04-30,3.951
2013-04-29,3.975
2013-04-26,3.85
2013-04-25,3.915
2013-04-24,3.86
2013-04-23,3.786
2013-04-22,3.71
2013-04-19,3.704
2013-04-18,3.583
2013-04-17,3.63
2013-04-16,3.759
2013-04-15,3.77
2013-04-12,3.785
2013-04-11,3.82
2013-04-10,3.836
2013-04-09,3.653
2013-04-08,3.615
2013-04-05,3.688
2013-04-04,3.72
2013-04-03,3.648
2013-04-02,3.744
2013-04-01,3.77
2013-03-29,3.77
2013-03-28,3.77
2013-03-27,3.82
2013-03-26,3.98
2013-03-25,3.979
2013-03-22,4.059
2013-03-21,4.052
2013-03-20,4.05
2013-03-19,4.012
2013-03-18,4.043
2013-03-15,4.11
2013-03-14,4.04
2013-03-13,3.947
2013-03-12,3.918
2013-03-11,3.95
2013-03-08,3.97
2013-03-07,3.969
2013-03-06,3.93
2013-03-05,3.924
2013-03-04,3.91
2013-03-01,3.9
2013-02-28,3.94
2013-02-27,3.945
2013-02-26,3.785
2013-02-25,3.9
2013-02-22,3.96
2013-02-21,3.9
2013-02-20,3.91
2013-02-19,3.911
2013-02-18,3.928
2013-02-15,3.95
2013-02-14,3.975
2013-02-13,3.97
2013-02-12,3.97
2013-02-11,3.974
2013-02-08,3.9
2013-02-07,3.89
2013-02-06,3.9
2013-02-05,3.95
2013-02-04,3.86
2013-02-01,4.01
2013-01-31,4.2
2013-01-30,4.26
2013-01-29,4.22
2013-01-28,4.272
2013-01-25,4.325
2013-01-24,4.31
2013-01-23,4.34
2013-01-22,4.36
2013-01-21,4.33
2013-01-18,4.32
2013-01-17,4.259
2013-01-16,4.148
2013-01-15,4.17
2013-01-14,4.203
2013-01-11,4.162
2013-01-10,4.16
2013-01-09,4.13
2013-01-08,4.061
2013-01-07,4.068
2013-01-04,4.075
2013-01-03,4.06
2013-01-02,4.049
2013-01-01,3.994
2012-12-31,3.994
2012-12-28,3.953
2012-12-27,4.0
2012-12-26,3.97
2012-12-25,3.97
2012-12-24,3.97
2012-12-21,3.872
2012-12-20,4.137
2012-12-19,4.177
2012-12-18,4.099
2012-12-17,4.1
2012-12-14,4.096
2012-12-13,4.12
2012-12-12,4.003
2012-12-11,3.95
2012-12-10,3.885
2012-12-07,3.973
2012-12-06,3.902
2012-12-05,3.888
2012-12-04,3.777
2012-12-03,3.79
2012-11-30,3.76
2012-11-29,3.745
2012-11-28,3.7
2012-11-27,3.784
2012-11-26,3.761
2012-11-23,3.755
2012-11-22,3.75
2012-11-21,3.78
2012-11-20,3.756
2012-11-19,3.752
2012-11-16,3.711
2012-11-15,3.728
2012-11-14,3.787
2012-11-13,3.798
2012-11-12,3.82
2012-11-09,3.789
2012-11-08,3.8
2012-11-07,3.768
2012-11-06,3.8
2012-11-05,3.63
2012-11-02,3.71
2012-11-01,3.699
2012-10-31,3.668
2012-10-30,3.72
2012-10-29,3.674
2012-10-26,3.73
2012-10-25,3.704
2012-10-24,3.75
2012-10-23,3.705
2012-10-22,3.71
2012-10-19,3.7
2012-10-18,3.941
2012-10-17,3.82
2012-10-16,3.775
2012-10-15,3.6
2012-10-12,3.64
2012-10-11,3.64
2012-10-10,3.59
2012-10-09,3.61
2012-10-08,3.65
2012-10-05,3.69
2012-10-04,3.58
2012-10-03,3.61
2012-10-02,3.565
2012-10-01,3.492
2012-09-28,3.485
2012-09-27,3.491
2012-09-26,3.482
2012-09-25,3.7
2012-09-24,3.68
2012-09-21,3.71
2012-09-20,3.603
2012-09-19,3.57
2012-09-18,3.576
2012-09-17,3.511
2012-09-14,3.374
2012-09-13,3.1
2012-09-12,3.14
2012-09-11,3.149
2012-09-10,3.149
2012-09-07,3.089
2012-09-06,3.035
2012-09-05,2.95
2012-09-04,3.005
2012-09-03,3.02
2012-08-31,2.91
2012-08-30,2.84
2012-08-29,2.856
2012-08-28,2.85
2012-08-27,2.808
2012-08-24,2.802
2012-08-23,2.832
2012-08-22,2.845
2012-08-21,2.835
2012-08-20,2.81
2012-08-17,2.79
2012-08-16,2.648
2012-08-15,2.606
2012-08-14,2.599
2012-08-13,2.584
2012-08-10,2.59
2012-08-09,2.598
2012-08-08,2.61
2012-08-07,2.63
2012-08-06,2.552
2012-08-03,2.45
2012-08-02,2.405
2012-08-01,2.48
2012-07-31,2.508
2012-07-30,2.506
2012-07-27,2.461
2012-07-26,2.378
2012-07-25,2.34
2012-07-24,2.314
2012-07-23,2.485
2012-07-20,2.66
2012-07-19,2.72
2012-07-18,2.696
2012-07-17,2.68
2012-07-16,2.67
2012-07-13,2.71
2012-07-12,2.704
2012-07-11,2.733
2012-07-10,2.68
2012-07-09,2.65
2012-07-06,2.69
2012-07-05,2.806
2012-07-04,2.893
2012-07-03,2.83
2012-07-02,2.765
2012-06-29,2.701
2012-06-28,2.603
2012-06-27,2.717
2012-06-26,2.642
2012-06-25,2.65
2012-06-22,2.756
2012-06-21,2.74
2012-06-20,2.783
2012-06-19,2.72
2012-06-18,2.71
2012-06-15,2.744
2012-06-14,2.591
2012-06-13,2.64
2012-06-12,2.752
2012-06-11,2.87
2012-06-08,2.914
2012-06-07,2.851
2012-06-06,2.893
2012-06-05,2.818
2012-06-04,2.816
2012-06-01,2.84
2012-05-31,2.831
2012-05-30,2.92
2012-05-29,2.942
2012-05-28,3.09
2012-05-25,3.08
2012-05-24,2.985
2012-05-23,3.01
2012-05-22,3.178
2012-05-21,3.003
2012-05-18,3.0
2012-05-17,3.03
2012-05-16,3.237
2012-05-15,3.36
2012-05-14,3.44
2012-05-11,3.521
2012-05-10,3.433
2012-05-09,3.45
2012-05-08,3.433
2012-05-07,3.347
2012-05-04,3.337
2012-05-03,3.291
2012-05-02,3.27
2012-05-01,3.218
2012-04-30,3.218
2012-04-27,3.218
2012-04-26,3.143
2012-04-25,3.306
2012-04-24,3.215
2012-04-23,3.24
2012-04-20,3.323
2012-04-19,3.38
2012-04-18,3.397
2012-04-17,3.433
2012-04-16,3.354
2012-04-13,3.446
2012-04-12,3.5
2012-04-11,3.439
2012-04-10,3.558
2012-04-09,3.615
2012-04-06,3.615
2012-04-05,3.615
2012-04-04,3.522
2012-04-03,3.558
2012-04-02,3.576
2012-03-30,3.726
2012-03-29,3.82
2012-03-28,3.832
2012-03-27,3.78
2012-03-26,3.881
2012-03-23,3.87
2012-03-22,3.88
2012-03-21,3.89
2012-03-20,3.86
2012-03-19,3.87
2012-03-16,3.887
2012-03-15,3.855
2012-03-14,3.95
2012-03-13,3.965
2012-03-12,3.9
2012-03-09,3.974
2012-03-08,3.868
2012-03-07,3.85
2012-03-06,3.848
2012-03-05,3.927
2012-03-02,4.0
2012-03-01,4.016
2012-02-29,3.91
2012-02-28,4.04
2012-02-27,3.97
2012-02-24,4.03
2012-02-23,4.071
2012-02-22,4.235
2012-02-21,4.27
2012-02-20,4.22
2012-02-17,4.27
2012-02-16,4.334
2012-02-15,4.38
2012-02-14,4.403
2012-02-13,4.4
2012-02-10,4.436
2012-02-09,4.4
2012-02-08,4.412
2012-02-07,4.449
2012-02-06,4.378
2012-02-03,4.312
2012-02-02,4.416
2012-02-01,4.451
2012-01-31,4.4
2012-01-30,4.379
2012-01-27,4.4
2012-01-26,4.32
2012-01-25,4.289
2012-01-24,4.45
2012-01-23,4.34
2012-01-20,4.38
2012-01-19,4.36
2012-01-18,4.37
2012-01-17,4.343
2012-01-16,4.43
2012-01-13,4.5
2012-01-12,4.65
2012-01-11,4.645
2012-01-10,4.76
2012-01-09,4.78
2012-01-06,4.859
2012-01-05,4.7
2012-01-04,4.685
2012-01-03,4.72
2012-01-02,4.763
2011-12-30,4.728
2011-12-29,4.613
2011-12-28,4.687
2011-12-27,4.664
2011-12-26,4.653
2011-12-23,4.653
2011-12-22,4.51
2011-12-21,4.507
2011-12-20,4.483
2011-12-19,4.539
2011-12-16,4.54
2011-12-15,4.46
2011-12-14,4.351
2011-12-13,4.174
2011-12-12,4.19
2011-12-09,4.355
2011-12-08,4.3
2011-12-07,4.3
2011-12-06,4.202
2011-12-05,4.309
2011-12-02,4.258
2011-12-01,4.289
2011-11-30,4.298
2011-11-29,4.166
2011-11-28,4.18
2011-11-25,4.065
2011-11-24,4.174
2011-11-23,4.145
2011-11-22,4.15
2011-11-21,4.061
2011-11-18,4.26
2011-11-17,4.24
2011-11-16,4.31
2011-11-15,4.26
2011-11-14,4.38
2011-11-11,4.4
2011-11-10,4.341
2011-11-09,4.334
2011-11-08,4.36
2011-11-07,4.38
2011-11-04,4.3
2011-11-03,4.394
2011-11-02,4.132
2011-11-01,4.201
2011-10-31,4.34
2011-10-28,4.34
2011-10-27,4.4
2011-10-26,4.32
2011-10-25,4.23
2011-10-24,4.1
2011-10-21,4.13
2011-10-20,4.15
2011-10-19,4.21
2011-10-18,4.23
2011-10-17,4.263
2011-10-14,4.3
2011-10-13,4.2
2011-10-12,4.14
2011-10-11,4.105
2011-10-10,4.191
2011-10-07,4.067
2011-10-06,4.07
2011-10-05,4.033
2011-10-04,3.986
2011-10-03,3.98
2011-09-30,4.09
2011-09-29,4.129
2011-09-28,4.122
2011-09-27,4.135
2011-09-26,4.109
2011-09-23,4.032
2011-09-22,4.162
2011-09-21,4.356
2011-09-20,4.287
2011-09-19,4.269
2011-09-16,4.37
2011-09-15,4.445
2011-09-14,4.272
2011-09-13,4.09
2011-09-12,4.095
2011-09-09,4.113
2011-09-08,4.284
2011-09-07,4.306
2011-09-06,4.15
2011-09-05,4.254
2011-09-02,4.356
2011-09-01,4.208
2011-08-31,4.18
2011-08-30,4.09
2011-08-29,4.122
2011-08-26,4.065
2011-08-25,4.05
2011-08-24,4.041
2011-08-23,4.041
2011-08-22,4.028
2011-08-19,3.983
2011-08-18,3.958
2011-08-17,4.135
2011-08-16,4.159
2011-08-15,4.247
2011-08-12,4.167
2011-08-11,4.161
2011-08-10,4.0
2011-08-09,3.887
2011-08-08,3.987
2011-08-05,4.121
2011-08-04,4.3
2011-08-03,4.381
2011-08-02,4.31
2011-08-01,4.401
2011-07-29,4.52
2011-07-28,4.619
2011-07-27,4.575
2011-07-26,4.589
2011-07-25,4.525
2011-07-22,4.57
2011-07-21,4.445
2011-07-20,4.439
2011-07-19,4.304
2011-07-18,4.3
2011-07-15,4.303
2011-07-14,4.297
2011-07-13,4.44
2011-07-12,4.426
2011-07-11,4.435
2011-07-08,4.527
2011-07-07,4.586
2011-07-06,4.4
2011-07-05,4.511
2011-07-04,4.63
2011-07-01,4.577
2011-06-30,4.549
2011-06-29,4.5
2011-06-28,4.37
2011-06-27,4.32
2011-06-24,4.305
2011-06-23,4.399
2011-06-22,4.462
2011-06-21,4.477
2011-06-20,4.498
2011-06-17,4.55
2011-06-16,4.5
2011-06-15,4.506
2011-06-14,4.626
2011-06-13,4.575
2011-06-10,4.575
2011-06-09,4.607
2011-06-08,4.583
2011-06-07,4.61
2011-06-06,4.61
2011-06-03,4.65
2011-06-02,4.64
2011-06-01,4.63
2011-05-31,4.745
2011-05-30,4.755
2011-05-27,4.669
2011-05-26,4.691
2011-05-25,4.749
2011-05-24,4.762
2011-05-23,4.788
2011-05-20,4.81
2011-05-19,4.813
2011-05-18,4.757
2011-05-17,4.798
2011-05-16,4.8
2011-05-13,4.773
2011-05-12,4.807
2011-05-11,4.757
2011-05-10,4.86
2011-05-09,4.913
2011-05-06,4.95
2011-05-05,4.907
2011-05-04,4.9
2011-05-03,5.18
2011-05-02,5.25
2011-04-29,5.2
2011-04-28,5.19
2011-04-27,5.14
2011-04-26,5.158
2011-04-25,1.636
2011-04-22,1.636
2011-04-21,5.09
2011-04-20,5.061
2011-04-19,5.114
2011-04-18,4.928
2011-04-15,5.072
2011-04-14,5.086
2011-04-13,5.204
2011-04-12,5.178
2011-04-11,5.165
2011-04-08,5.102
2011-04-07,4.895
2011-04-06,4.881
2011-04-05,4.96
2011-04-04,5.03
2011-04-01,5.01
2011-03-31,5.068
2011-03-30,5.195
2011-03-29,5.182
2011-03-28,5.18
2011-03-25,5.03
2011-03-24,4.99
2011-03-23,4.981
2011-03-22,4.916
2011-03-21,5.009
2011-03-18,4.957
2011-03-17,4.967
2011-03-16,4.928
2011-03-15,5.0
2011-03-14,4.81
2011-03-11,4.534
2011-03-10,4.61
2011-03-09,4.643
2011-03-08,4.597
2011-03-07,4.343
2011-03-04,4.295
2011-03-03,4.335
2011-03-02,4.33
2011-03-01,4.351
2011-02-28,4.35
2011-02-25,4.302
2011-02-24,4.35
2011-02-23,4.235
2011-02-22,4.271
2011-02-21,4.3
2011-02-18,4.463
2011-02-17,4.55
2011-02-16,4.542
2011-02-15,4.485
2011-02-14,4.502
2011-02-11,4.538
2011-02-10,4.5
2011-02-09,4.529
2011-02-08,4.425
2011-02-07,4.357
2011-02-04,4.278
2011-02-03,4.319
2011-02-02,4.383
2011-02-01,4.402
2011-01-31,4.34
2011-01-28,4.3
2011-01-27,4.338
2011-01-26,4.374
2011-01-25,4.384
2011-01-24,4.504
2011-01-21,4.491
2011-01-20,4.548
2011-01-19,4.492
2011-01-18,4.48
2011-01-17,4.4
2011-01-14,4.405
2011-01-13,4.42
2011-01-12,4.48
2011-01-11,4.27
2011-01-10,4.199
2011-01-07,4.355
2011-01-06,4.487
2011-01-05,4.53
2011-01-04,4.436
2011-01-03,4.42
2010-12-31,4.337
2010-12-30,4.38
2010-12-29,4.43
2010-12-28,4.387
2010-12-27,4.41
2010-12-24,4.437
2010-12-23,4.434
2010-12-22,4.429
2010-12-21,4.463
2010-12-20,4.43
2010-12-17,4.473
2010-12-16,4.392
2010-12-15,4.382
2010-12-14,4.355
2010-12-13,4.439
2010-12-10,4.309
2010-12-09,4.251
2010-12-08,4.24
2010-12-07,4.127
2010-12-06,3.954
2010-12-03,4.029
2010-12-02,3.917
2010-12-01,3.867
2010-11-30,3.715
2010-11-29,3.817
2010-11-26,3.9
2010-11-25,3.97
2010-11-24,3.923
2010-11-23,3.966
2010-11-22,4.069
2010-11-19,4.103
2010-11-18,4.086
2010-11-17,4.024
2010-11-16,3.935
2010-11-15,3.972
2010-11-12,3.941
2010-11-11,3.9
2010-11-10,3.91
2010-11-09,4.014
2010-11-08,3.99
2010-11-05,4.09
2010-11-04,4.07
2010-11-03,4.121
2010-11-02,4.207
2010-11-01,4.152
2010-10-29,4.169
2010-10-28,4.179
2010-10-27,4.161
2010-10-26,4.254
2010-10-25,4.277
2010-10-22,4.29
2010-10-21,4.154
2010-10-20,4.269
2010-10-19,4.286
2010-10-18,4.273
2010-10-15,4.131
2010-10-14,4.055
2010-10-13,4.054
2010-10-12,4.036
2010-10-11,4.09
2010-10-08,4.067
2010-10-07,4.062
2010-10-06,4.095
2010-10-05,4.086
2010-10-04,4.072
2010-10-01,4.1
2010-09-30,4.15
2010-09-29,4.166
2010-09-28,4.183
2010-09-27,4.096
2010-09-24,4.131
2010-09-23,4.128
2010-09-22,4.124
2010-09-21,4.157
2010-09-20,4.16
2010-09-17,4.206
2010-09-16,4.33
2010-09-15,4.371
2010-09-14,4.446
2010-09-13,4.47
2010-09-10,4.402
2010-09-09,4.416
2010-09-08,4.377
2010-09-07,4.44
2010-09-06,4.501
2010-09-03,4.398
2010-09-02,4.4
2010-09-01,4.42
2010-08-31,4.39
2010-08-30,4.449
2010-08-27,4.47
2010-08-26,4.45
2010-08-25,4.33
2010-08-24,4.439
2010-08-23,4.508
2010-08-20,4.526
2010-08-19,4.542
2010-08-18,4.59
2010-08-17,4.616
2010-08-16,4.509
2010-08-13,4.5
2010-08-12,4.533
2010-08-11,4.607
2010-08-10,4.713
2010-08-09,4.705
2010-08-06,4.638
2010-08-05,4.777
2010-08-04,4.855
2010-08-03,4.832
2010-08-02,4.78
2010-07-30,4.583
2010-07-29,4.622
2010-07-28,4.7
2010-07-27,4.862
2010-07-26,4.825
2010-07-23,4.826
2010-07-22,4.85
2010-07-21,4.85
2010-07-20,4.85
2010-07-19,4.83
2010-07-16,4.862
2010-07-15,5.001
2010-07-14,5.054
2010-07-13,5.02
2010-07-12,5.033
2010-07-09,5.11
2010-07-08,5.133
2010-07-07,5.2
2010-07-06,5.089
2010-07-05,5.003
2010-07-02,4.797
2010-07-01,4.734
2010-06-30,4.832
2010-06-29,4.754
2010-06-28,4.983
2010-06-25,4.952
2010-06-24,5.021
2010-06-23,5.01
2010-06-22,5.0
2010-06-21,5.1
2010-06-18,4.95
2010-06-17,4.711
2010-06-16,4.663
2010-06-15,4.595
2010-06-14,4.6
2010-06-11,4.583
2010-06-10,4.41
2010-06-09,4.368
2010-06-08,4.36
2010-06-07,4.49
2010-06-04,4.658
2010-06-03,4.754
2010-06-02,4.7
2010-06-01,4.706
2010-05-31,4.653
2010-05-28,4.676
2010-05-27,4.57
2010-05-26,4.482
2010-05-25,4.449
2010-05-24,4.613
2010-05-21,4.632
2010-05-20,4.624
2010-05-19,4.65
2010-05-18,4.885
2010-05-17,4.669
2010-05-14,4.864
2010-05-13,5.09
2010-05-12,5.077
2010-05-11,5.029
2010-05-10,5.17
2010-05-07,4.837
2010-05-06,5.063
2010-05-05,5.1
2010-05-04,5.2
2010-05-03,5.36
2010-04-30,5.34
2010-04-29,5.13
2010-04-28,5.024
2010-04-27,5.063
2010-04-26,5.12
2010-04-23,5.339
2010-04-22,5.373
2010-04-21,5.471
2010-04-20,5.75
2010-04-19,5.69
2010-04-16,5.784
2010-04-15,5.853
2010-04-14,5.87
2010-04-13,5.9
2010-04-12,5.957
2010-04-09,5.98
2010-04-08,5.871
2010-04-07,5.874
2010-04-06,5.88
2010-04-05,5.049
2010-04-02,5.049
2010-04-01,5.85
2010-03-31,5.785
2010-03-30,5.867
2010-03-29,5.855
2010-03-26,5.786
2010-03-25,5.793
2010-03-24,5.734
2010-03-23,5.739
2010-03-22,5.743
2010-03-19,5.722
2010-03-18,5.766
2010-03-17,5.819
2010-03-16,5.658
2010-03-15,5.739
2010-03-12,5.806
2010-03-11,5.91
2010-03-10,6.02
2010-03-09,5.97
2010-03-08,6.05
2010-03-05,6.023
2010-03-04,5.929
2010-03-03,5.94
2010-03-02,5.986
2010-03-01,5.945
2010-02-26,5.919
2010-02-25,5.97
2010-02-24,5.98
2010-02-23,5.918
2010-02-22,5.972
2010-02-19,6.003
2010-02-18,5.95
2010-02-17,5.761
2010-02-16,5.758
2010-02-15,5.76
2010-02-12,5.779
2010-02-11,5.899
2010-02-10,6.0
2010-02-09,5.9
2010-02-08,5.85
2010-02-05,5.76
2010-02-04,5.83
2010-02-03,6.18
2010-02-02,6.3
2010-02-01,6.35
2010-01-29,6.234
2010-01-28,6.338
2010-01-27,6.44
2010-01-26,6.5
2010-01-25,6.384
2010-01-22,6.422
2010-01-21,6.481
2010-01-20,6.45
2010-01-19,6.761
2010-01-18,6.707
2010-01-15,6.72
2010-01-14,6.861
2010-01-13,6.9
2010-01-12,6.9
2010-01-11,6.966
2010-01-07,6.935
2010-01-06,7.0
2010-01-05,6.97
2010-01-04,6.751
2009-12-31,6.63
2009-12-30,6.659
2009-12-29,6.67
2009-12-28,6.58
2009-12-24,6.67
2009-12-23,6.7
2009-12-22,6.508
2009-12-21,6.368
2009-12-18,6.336
2009-12-17,6.3
2009-12-16,6.441
2009-12-15,6.379
2009-12-14,6.284
2009-12-11,6.263
2009-12-10,6.223
2009-12-09,6.308
2009-12-08,6.399
2009-12-07,6.5
2009-12-04,6.505
2009-12-03,6.59
2009-12-02,6.501
2009-12-01,6.58
2009-11-30,6.543
2009-11-27,6.488
2009-11-26,6.4
2009-11-25,6.528
2009-11-24,6.582
2009-11-23,6.629
2009-11-20,6.62
2009-11-19,6.68
2009-11-18,6.571
2009-11-17,6.607
2009-11-16,6.692
2009-11-13,6.616
2009-11-12,6.555
2009-11-11,6.708
2009-11-10,6.71
2009-11-09,6.8
2009-11-06,6.76
2009-11-05,6.745
2009-11-04,6.75
2009-11-03,6.7
2009-11-02,6.7
2009-10-30,6.78
2009-10-29,6.983
2009-10-28,6.816
2009-10-27,6.816
2009-10-26,6.758
2009-10-23,6.812
2009-10-22,6.88
2009-10-21,7.008
2009-10-20,7.013
2009-10-19,7.09
2009-10-16,7.135
2009-10-15,7.35
2009-10-14,7.399
2009-10-13,7.386
2009-10-12,7.5
2009-10-09,7.499
2009-10-08,7.485
2009-10-07,7.46
2009-10-06,7.377
2009-10-05,7.336
2009-10-02,7.349
2009-10-01,7.425
2009-09-30,7.515
2009-09-29,7.463
2009-09-28,7.385
2009-09-25,7.402
2009-09-24,7.45
2009-09-23,7.48
2009-09-22,7.56
2009-09-21,7.592
2009-09-18,7.749
2009-09-17,7.59
2009-09-16,7.29
2009-09-15,7.099
2009-09-14,7.002
2009-09-11,7.0
2009-09-10,7.014
2009-09-09,7.005
2009-09-08,6.999
2009-09-07,7.01
2009-09-04,6.95
2009-09-03,6.94
2009-09-02,6.904
2009-09-01,6.892
2009-08-31,6.92
2009-08-28,6.99
2009-08-27,7.05
2009-08-26,7.135
2009-08-25,7.15
2009-08-24,7.057
2009-08-21,6.94
2009-08-20,6.8
2009-08-19,6.798
2009-08-18,6.84
2009-08-17,6.89
2009-08-14,7.046
2009-08-13,7.089
2009-08-12,7.07
2009-08-11,7.072
2009-08-10,7.061
2009-08-07,7.095
2009-08-06,7.105
2009-08-05,7.109
2009-08-04,7.175
2009-08-03,7.176
2009-07-31,7.204
2009-07-30,7.164
2009-07-29,7.238
2009-07-28,7.051
2009-07-27,7.299
2009-07-24,7.25
2009-07-23,7.171
2009-07-22,7.17
2009-07-21,7.15
2009-07-20,7.1
2009-07-17,7.021
2009-07-16,7.105
2009-07-15,7.215
2009-07-14,7.06
2009-07-13,7.076
2009-07-10,7.108
2009-07-09,7.26
2009-07-08,7.23
2009-07-07,7.08
2009-07-06,7.081
2009-07-03,7.21
2009-07-02,7.115
2009-07-01,7.317
2009-06-30,7.3
2009-06-29,7.35
2009-06-26,7.368
2009-06-25,7.32
2009-06-24,7.351
2009-06-23,7.319
2009-06-22,7.24
2009-06-19,7.29
2009-06-18,7.068
2009-06-17,7.006
2009-06-16,7.25
2009-06-15,7.307
2009-06-12,7.315
2009-06-11,7.324
2009-06-10,7.05
2009-06-09,7.13
2009-06-08,7.0
2009-06-05,7.19
2009-06-04,7.22
2009-06-03,7.213
2009-06-02,7.25
2009-06-01,7.41
2009-05-29,7.48
2009-05-28,7.36
2009-05-27,7.64
2009-05-26,7.385
2009-05-25,7.25
2009-05-22,7.179
2009-05-21,6.951
2009-05-20,6.99
2009-05-19,6.78
2009-05-18,6.728
2009-05-15,6.755
2009-05-14,6.716
2009-05-13,6.644
2009-05-12,6.68
2009-05-11,6.817
2009-05-08,6.8
2009-05-07,6.99
2009-05-06,6.896
2009-05-05,6.599
2009-05-04,6.275
2009-05-01,6.2
2009-04-30,6.2
2009-04-29,6.079
2009-04-28,5.97
2009-04-27,5.929
2009-04-24,5.936
2009-04-23,5.9
2009-04-22,5.72
2009-04-21,5.799
2009-04-20,5.563
2009-04-17,5.69
2009-04-16,5.74
2009-04-15,5.951
2009-04-14,6.129
2009-04-13,6.069
2009-04-10,6.069
2009-04-09,6.069
2009-04-08,6.05
2009-04-07,6.127
2009-04-06,6.14
2009-04-03,6.1
2009-04-02,6.22
2009-04-01,6.134
2009-03-31,6.149
2009-03-30,6.047
2009-03-27,6.09
2009-03-26,6.185
2009-03-25,6.15
2009-03-24,6.018
2009-03-23,6.29
2009-03-20,6.15
2009-03-19,5.98
2009-03-18,5.94
2009-03-17,5.94
2009-03-16,5.87
2009-03-13,5.787
2009-03-12,5.739
2009-03-11,5.747
2009-03-10,5.75
2009-03-09,5.69
2009-03-06,5.81
2009-03-05,5.751
2009-03-04,5.885
2009-03-03,5.603
2009-03-02,5.837
2009-02-27,5.82
2009-02-26,5.66
2009-02-25,5.56
2009-02-24,5.843
2009-02-23,5.77
2009-02-20,5.8
2009-02-19,5.92
2009-02-18,5.81
2009-02-17,5.728
2009-02-16,5.67
2009-02-13,5.7
2009-02-12,5.621
2009-02-11,5.73
2009-02-10,5.702
2009-02-09,5.878
2009-02-06,5.789
2009-02-05,5.669
2009-02-04,5.65
2009-02-03,5.645
2009-02-02,5.72
2009-01-30,5.82
2009-01-29,5.792
2009-01-28,5.76
2009-01-27,5.405
2009-01-26,5.341
2009-01-23,5.25
2009-01-22,5.278
2009-01-21,5.2
2009-01-20,5.38
2009-01-19,5.53
2009-01-16,5.75
2009-01-15,5.4
2009-01-14,5.32
2009-01-13,5.3
2009-01-12,5.465
2009-01-09,5.57
2009-01-08,5.81
2009-01-07,5.97
2009-01-06,5.84
2009-01-05,5.422
2009-01-02,5.125
2009-01-01,5.003
2008-12-31,5.003
2008-12-30,5.03
2008-12-29,5.1
2008-12-26,4.909
2008-12-25,4.909
2008-12-24,4.909
2008-12-23,4.99
2008-12-22,5.105
2008-12-19,5.216
2008-12-18,5.23
2008-12-17,4.95
2008-12-16,4.84
2008-12-15,4.66
2008-12-12,4.5
2008-12-11,4.71
2008-12-10,4.589
2008-12-09,4.582
2008-12-08,4.7
2008-12-05,4.58
2008-12-04,4.832
2008-12-03,4.8
2008-12-02,4.89
2008-12-01,4.89
2008-11-28,4.89
2008-11-27,4.73
2008-11-26,4.43
2008-11-25,4.537
2008-11-24,4.66
2008-11-21,4.5
2008-11-20,4.599
2008-11-19,4.65
2008-11-18,4.84
2008-11-17,4.94
2008-11-14,4.99
2008-11-13,4.83
2008-11-12,4.98
2008-11-11,4.99
2008-11-10,4.879
2008-11-07,4.58
2008-11-06,4.199
2008-11-05,4.5
2008-11-04,4.85
2008-11-03,4.394
2008-10-31,4.05
2008-10-30,3.655
2008-10-29,3.45
2008-10-28,3.47
2008-10-27,3.52
2008-10-24,3.755
2008-10-23,4.083
2008-10-22,4.25
2008-10-21,4.5
2008-10-20,4.549
2008-10-17,4.4
2008-10-16,4.25
2008-10-15,4.59
2008-10-14,4.755
2008-10-13,4.6
2008-10-10,4.05
2008-10-09,4.47
2008-10-08,4.59
2008-10-07,4.75
2008-10-06,4.668
2008-10-03,5.31
2008-10-02,5.579
2008-10-01,5.371
2008-09-30,5.59
2008-09-29,5.785
2008-09-26,5.97
2008-09-25,6.12
2008-09-24,5.9
2008-09-23,5.95
2008-09-22,6.06
2008-09-19,6.299
2008-09-18,5.755
2008-09-17,5.961
2008-09-16,6.34
2008-09-15,6.07
2008-09-12,6.35
2008-09-11,6.105
2008-09-10,6.17
2008-09-09,6.395
2008-09-08,6.82
2008-09-05,6.7
2008-09-04,7.01
2008-09-03,7.19
2008-09-02,7.07
2008-09-01,6.95
2008-08-29,6.97
2008-08-28,6.95
2008-08-27,6.95
2008-08-26,6.95
2008-08-25,6.93
2008-08-22,7.03
2008-08-21,6.87
2008-08-20,6.8
2008-08-19,6.63
2008-08-18,6.5
2008-08-15,6.47
2008-08-14,6.49
2008-08-13,6.55
2008-08-12,6.49
2008-08-11,6.45
2008-08-08,6.38
2008-08-07,6.35
2008-08-06,6.28
2008-08-05,6.22
2008-08-04,6.06
2008-08-01,6.2
2008-07-31,6.43
2008-07-30,6.45
2008-07-29,6.4
2008-07-28,6.4
2008-07-25,6.36
2008-07-24,6.62
2008-07-23,6.74
2008-07-22,6.75
2008-07-21,6.99
2008-07-18,6.99
2008-07-17,7.03
2008-07-16,6.85
2008-07-15,6.8
2008-07-14,6.95
2008-07-11,7.02
2008-07-10,7.05
2008-07-09,7.2
2008-07-08,7.05
2008-07-07,7.07
2008-07-04,6.95
2008-07-03,7.05
2008-07-02,6.94
2008-07-01,6.95
2008-06-30,7.35
2008-06-27,7.42
2008-06-26,7.47
2008-06-25,7.75
2008-06-24,7.61
2008-06-23,7.75
2008-06-20,7.75
2008-06-19,7.81
2008-06-18,7.81
2008-06-17,7.88
2008-06-16,7.8
2008-06-13,7.75
2008-06-12,7.75
2008-06-11,7.65
2008-06-10,7.8
2008-06-09,7.85
2008-06-06,7.85
2008-06-05,7.95
2008-06-04,7.65
2008-06-03,4.285
2008-06-02,4.29
2008-05-30,4.315
2008-05-29,4.25
2008-05-28,4.335
2008-05-27,4.38
2008-05-26,4.565
2008-05-23,4.68
2008-05-22,4.725
2008-05-21,4.815
2008-05-20,4.845
2008-05-19,4.89
2008-05-16,4.895
2008-05-15,4.89
2008-05-14,4.895
2008-05-13,4.83
2008-05-12,4.755
2008-05-09,4.75
2008-05-08,4.8
2008-05-07,4.805
2008-05-06,4.8
2008-05-05,4.8
2008-05-02,4.8
2008-05-01,4.78
2008-04-30,4.78
2008-04-29,4.78
2008-04-28,4.79
2008-04-25,4.74
2008-04-24,4.735
2008-04-23,4.77
2008-04-22,4.77
2008-04-21,4.7
2008-04-18,4.73
2008-04-17,4.77
2008-04-16,4.55
2008-04-15,4.56
2008-04-14,4.585
2008-04-11,4.6
2008-04-10,4.66
2008-04-09,4.65
2008-04-08,4.67
2008-04-07,4.67
2008-04-04,4.62
2008-04-03,4.575
2008-04-02,4.58
2008-04-01,4.6
2008-03-31,4.475
2008-03-28,4.48
2008-03-27,4.48
2008-03-26,4.465
2008-03-25,4.41
2008-03-24,4.265
2008-03-21,4.265
2008-03-20,4.265
2008-03-19,4.26
2008-03-18,4.285
2008-03-17,4.23
2008-03-14,4.315
2008-03-13,4.35
2008-03-12,4.575
2008-03-11,4.55
2008-03-10,4.41
2008-03-07,4.405
2008-03-06,4.41
2008-03-05,4.38
2008-03-04,4.5
2008-03-03,4.54
2008-02-29,4.6
2008-02-28,4.61
2008-02-27,4.605
2008-02-26,4.63
2008-02-25,4.6
2008-02-22,4.565
2008-02-21,4.63
2008-02-20,4.65
2008-02-19,4.67
2008-02-18,4.58
2008-02-15,4.505
2008-02-14,4.565
2008-02-13,4.375
2008-02-12,4.305
2008-02-11,4.22
2008-02-08,4.2
2008-02-07,4.15
2008-02-06,4.225
2008-02-05,4.225
2008-02-04,4.41
2008-02-01,4.36
2008-01-31,4.295
2008-01-30,4.33
2008-01-29,4.38
2008-01-28,4.305
2008-01-25,4.32
2008-01-24,4.01
2008-01-23,3.9
2008-01-22,3.93
2008-01-21,3.82
2008-01-18,3.99
2008-01-17,3.9
2008-01-16,3.8
2008-01-15,4.0
2008-01-14,4.3
2008-01-11,4.4
2008-01-10,4.65
2008-01-09,4.92
2008-01-08,5.13
2008-01-07,5.13
2008-01-04,5.37
2008-01-03,5.4
2008-01-02,5.49
2008-01-01,5.33
2007-12-31,5.33
2007-12-28,5.37
2007-12-27,5.46
2007-12-26,5.53
2007-12-25,5.53
2007-12-24,5.53
2007-12-21,5.44
2007-12-20,5.45
2007-12-19,5.53
2007-12-18,5.53
2007-12-17,5.61
2007-12-14,5.65
2007-12-13,5.69
2007-12-12,5.82
2007-12-11,5.91
2007-12-10,5.95
2007-12-07,5.96
2007-12-06,5.97
2007-12-05,6.02
2007-12-04,6.02
2007-12-03,6.04
2007-11-30,5.93
2007-11-29,5.73
2007-11-28,5.75
2007-11-27,5.7
2007-11-26,5.67
2007-11-23,5.65
2007-11-22,5.56
2007-11-21,5.46
2007-11-20,5.5
2007-11-19,5.52
2007-11-16,5.72
2007-11-15,5.79
2007-11-14,5.78
2007-11-13,5.74
2007-11-12,5.72
2007-11-09,5.73
2007-11-08,5.83
2007-11-07,6.02
2007-11-06,5.9
2007-11-05,5.78
2007-11-02,5.8
2007-11-01,5.75
2007-10-31,5.76
2007-10-30,5.7
2007-10-29,5.57
2007-10-26,5.53
2007-10-25,5.6
2007-10-24,5.55
2007-10-23,5.6
2007-10-22,5.5
2007-10-19,5.66
2007-10-18,5.69
2007-10-17,5.73
2007-10-16,5.5
2007-10-15,5.64
2007-10-12,5.76
2007-10-11,5.84
2007-10-10,5.7
2007-10-09,5.68
2007-10-08,5.76
2007-10-05,5.77
2007-10-04,5.65
2007-10-03,5.36
2007-10-02,5.35
2007-10-01,5.2
2007-09-28,5.16
2007-09-27,5.29
2007-09-26,5.2
2007-09-25,5.19
2007-09-24,5.42
2007-09-21,5.48
2007-09-20,5.47
2007-09-19,5.67
2007-09-18,5.35
2007-09-17,5.03
2007-09-14,5.43
2007-09-13,5.69
2007-09-12,5.93
2007-09-11,6.01
2007-09-10,5.78
2007-09-07,6.0
2007-09-06,6.38
2007-09-05,6.38
2007-09-04,6.56
2007-09-03,6.24
2007-08-31,6.25
2007-08-30,6.25
2007-08-29,6.24
2007-08-28,6.19
2007-08-27,6.43
2007-08-24,6.39
2007-08-23,6.36
2007-08-22,6.22
2007-08-21,5.95
2007-08-20,5.84
2007-08-17,5.54
2007-08-16,5.36
2007-08-15,6.23
2007-08-14,6.24
2007-08-13,6.32
2007-08-10,6.14
2007-08-09,6.47
2007-08-08,6.66
2007-08-07,6.71
2007-08-06,6.68
2007-08-03,6.76
2007-08-02,6.79
2007-08-01,6.67
2007-07-31,6.8
2007-07-30,6.78
2007-07-27,6.74
2007-07-26,6.81
2007-07-25,6.99
2007-07-24,7.11
2007-07-23,7.2
2007-07-20,7.16
2007-07-19,7.27
2007-07-18,7.02
2007-07-17,7.0
2007-07-16,6.99
2007-07-13,6.88
2007-07-12,6.86
2007-07-11,6.89
2007-07-10,6.98
2007-07-09,6.96
2007-07-06,6.98
2007-07-05,6.93
2007-07-04,6.98
2007-07-03,7.0
2007-07-02,6.98
2007-06-29,6.85
2007-06-28,6.86
2007-06-27,6.79
2007-06-26,6.75
2007-06-25,6.82
2007-06-22,6.82
2007-06-21,6.87
2007-06-20,6.85
2007-06-19,6.92
2007-06-18,6.92
2007-06-15,6.93
2007-06-14,6.85
2007-06-13,6.8
2007-06-12,6.86
2007-06-11,6.95
2007-06-08,6.89
2007-06-07,6.85
2007-06-06,7.04
2007-06-05,7.15
2007-06-04,7.14
2007-06-01,6.75
2007-05-31,6.75
2007-05-30,6.62
2007-05-29,6.65
2007-05-28,6.61
2007-05-25,6.56
2007-05-24,6.56
2007-05-23,6.62
2007-05-22,6.42
2007-05-21,6.41
2007-05-18,6.4
2007-05-17,6.41
2007-05-16,6.37
2007-05-15,6.37
2007-05-14,6.37
2007-05-11,6.4
2007-05-10,6.37
2007-05-09,6.55
2007-05-08,6.34
2007-05-07,6.28
2007-05-04,6.26
2007-05-03,6.23
2007-05-02,6.28
2007-05-01,6.1495
2007-04-30,6.28
2007-04-27,6.28
2007-04-26,6.4
2007-04-25,5.96
2007-04-24,5.91
2007-04-23,5.94
2007-04-20,5.87
2007-04-19,5.84
2007-04-18,5.8
2007-04-17,5.85
2007-04-16,5.87
2007-04-13,5.82
2007-04-12,5.83
2007-04-11,5.81
2007-04-10,5.83
2007-04-09,5.82
2007-04-06,5.82
2007-04-05,5.82
2007-04-04,5.82
2007-04-03,5.82
2007-04-02,5.75
2007-03-30,5.67
2007-03-29,5.63
2007-03-28,5.53
2007-03-27,5.58
2007-03-26,5.6
2007-03-23,5.64
2007-03-22,5.61
2007-03-21,5.43
2007-03-20,5.41
2007-03-19,5.43
2007-03-16,5.4
2007-03-15,5.43
2007-03-14,5.33
2007-03-13,5.6
2007-03-12,5.69
2007-03-09,5.66
2007-03-08,5.7
2007-03-07,5.78
2007-03-06,5.68
2007-03-05,5.51
2007-03-02,5.73
2007-03-01,5.78
2007-02-28,5.69
2007-02-27,5.78
2007-02-26,5.9
2007-02-23,5.94
2007-02-22,5.98
2007-02-21,6.01
2007-02-20,6.12
2007-02-19,5.97
2007-02-16,5.51
2007-02-15,5.5
2007-02-14,5.52
2007-02-13,5.52
2007-02-12,5.5
2007-02-09,5.53
2007-02-08,5.52
2007-02-07,5.55
2007-02-06,5.55
2007-02-05,5.46
2007-02-02,5.48
2007-02-01,5.5
2007-01-31,5.5
2007-01-30,5.54
2007-01-29,5.49
2007-01-26,5.45
2007-01-25,5.37
2007-01-24,5.39
2007-01-23,4.86
2007-01-22,4.81
2007-01-19,4.76
2007-01-18,4.71
2007-01-17,4.69
2007-01-16,4.62
2007-01-15,4.6
2007-01-12,4.45
2007-01-11,4.45
2007-01-10,4.48
2007-01-09,4.42
2007-01-08,4.51
2007-01-05,4.15
2007-01-04,3.98
2007-01-03,4.01
2007-01-02,4.03
2007-01-01,4.06
2006-12-29,4.06
2006-12-28,3.94
2006-12-27,3.8
2006-12-26,3.77
2006-12-25,3.77
2006-12-22,3.77
2006-12-21,3.78
2006-12-20,3.79
2006-12-19,3.78
2006-12-18,3.79
2006-12-15,3.8
2006-12-14,3.81
2006-12-13,3.79
2006-12-12,3.79
2006-12-11,3.8
2006-12-08,3.81
2006-12-07,3.81
2006-12-06,3.82
2006-12-05,3.8
2006-12-04,3.79
2006-12-01,3.8
2006-11-30,3.79
2006-11-29,3.81
2006-11-28,3.82
2006-11-27,3.75
2006-11-24,3.79
2006-11-23,3.79
2006-11-22,3.8
2006-11-21,3.77
2006-11-20,3.78
2006-11-17,3.78
2006-11-16,3.78
2006-11-15,3.8
2006-11-14,3.7
2006-11-13,3.79
2006-11-10,3.81
2006-11-09,3.84
2006-11-08,3.86
2006-11-07,3.85
2006-11-06,3.86
2006-11-03,3.88
2006-11-02,3.87
2006-11-01,3.88
2006-10-31,3.87
2006-10-30,3.87
2006-10-27,3.88
2006-10-26,3.91
2006-10-25,3.85
2006-10-24,3.81
2006-10-23,3.85
2006-10-20,3.81
2006-10-19,3.77
2006-10-18,3.85
2006-10-17,3.69
2006-10-16,3.48
2006-10-13,3.35
2006-10-12,3.35
2006-10-11,3.36
2006-10-10,3.35
2006-10-09,3.35
2006-10-06,3.33
2006-10-05,3.33
2006-10-04,3.33
2006-10-03,3.34
2006-10-02,3.33
2006-09-29,3.34
2006-09-28,3.33
2006-09-27,3.34
2006-09-26,3.37
2006-09-25,3.38
2006-09-22,3.38
2006-09-21,3.38
2006-09-20,3.38
2006-09-19,3.4
2006-09-18,3.36
2006-09-15,3.39
2006-09-14,3.32
2006-09-13,3.33
2006-09-12,3.3
2006-09-11,3.32
2006-09-08,3.36
2006-09-07,3.33
2006-09-06,3.16
2006-09-05,3.11
2006-09-04,3.1
2006-09-01,3.11
2006-08-31,3.09
2006-08-30,3.1
2006-08-29,3.11
2006-08-28,3.12
2006-08-25,3.09
2006-08-24,3.05
2006-08-23,3.05
2006-08-22,3.06
2006-08-21,3.05
2006-08-18,3.08
2006-08-17,3.04
2006-08-16,2.84
2006-08-15,2.85
2006-08-14,2.84
2006-08-11,2.85
2006-08-10,2.85
2006-08-09,2.85
2006-08-08,2.82
2006-08-07,2.81
2006-08-04,2.85
2006-08-03,2.84
2006-08-02,2.81
2006-08-01,2.7
2006-07-31,2.62
2006-07-28,2.66
2006-07-27,2.75
2006-07-26,2.58
2006-07-25,2.38
2006-07-24,2.29
2006-07-21,2.25
2006-07-20,2.28
2006-07-19,2.24
2006-07-18,2.22
2006-07-17,2.24
2006-07-14,2.25
2006-07-13,2.26
2006-07-12,2.29
2006-07-11,2.29
2006-07-10,2.31
2006-07-07,2.26
2006-07-06,2.29
2006-07-05,2.28
2006-07-04,2.27
2006-07-03,2.28
2006-06-30,2.27
2006-06-29,2.24
2006-06-28,2.24
2006-06-27,2.22
2006-06-26,2.24
2006-06-23,2.26
2006-06-22,2.26
2006-06-21,2.25
2006-06-20,2.28
2006-06-19,2.3
2006-06-16,2.27
2006-06-15,2.27
2006-06-14,2.27
2006-06-13,2.28
2006-06-12,2.4
2006-06-09,2.42
2006-06-08,2.22
2006-06-07,2.26
2006-06-06,2.19
2006-06-05,2.28
2006-06-02,2.11
2006-06-01,2.12
2006-05-31,2.09
2006-05-30,2.11
2006-05-29,2.12
2006-05-26,2.13
2006-05-25,2.12
2006-05-24,2.09
2006-05-23,2.14
2006-05-22,1.99
2006-05-19,2.14
2006-05-18,2.16
2006-05-17,2.21
2006-05-16,2.25
2006-05-15,2.18
2006-05-12,2.25
2006-05-11,2.3
2006-05-10,2.3
2006-05-09,2.29
2006-05-08,2.31
2006-05-05,2.33
2006-05-04,2.24
2006-05-03,2.18
2006-05-02,2.28
2006-05-01,17.75
2006-04-28,2.215
2006-04-27,1.95
2006-04-26,1.965
2006-04-25,1.96
2006-04-24,1.95
2006-04-21,1.95
2006-04-20,1.935
2006-04-19,1.99
2006-04-18,1.965
2006-04-17,1.89
2006-04-14,1.89
2006-04-13,1.89
2006-04-12,1.89
2006-04-11,1.92
2006-04-10,1.935
2006-04-07,1.985
2006-04-06,1.95
2006-04-05,1.805
2006-04-04,1.7
2006-04-03,1.61
2006-03-31,1.61
2006-03-30,1.61
2006-03-29,1.6
2006-03-28,1.59
2006-03-27,1.595
2006-03-24,1.575
2006-03-23,1.56
2006-03-22,1.565
2006-03-21,1.54
2006-03-20,1.545
2006-03-17,1.55
2006-03-16,1.525
2006-03-15,1.525
2006-03-14,1.53
2006-03-13,1.515
2006-03-10,1.515
2006-03-09,1.545
2006-03-08,1.575
2006-03-07,1.6
2006-03-06,1.59
2006-03-03,1.525
2006-03-02,1.53
2006-03-01,1.475
2006-02-28,1.465
2006-02-27,1.475
2006-02-24,1.47
2006-02-23,1.47
2006-02-22,1.475
2006-02-21,1.495
2006-02-20,1.42
2006-02-17,1.43
2006-02-16,1.435
2006-02-15,1.435
2006-02-14,1.445
2006-02-13,1.44
2006-02-10,1.45
2006-02-09,1.445
2006-02-08,1.425
2006-02-07,1.425
2006-02-06,1.44
2006-02-03,1.45
2006-02-02,1.455
2006-02-01,1.46
2006-01-31,1.45
2006-01-30,1.455
2006-01-27,1.46
2006-01-26,1.445
2006-01-25,1.44
2006-01-24,1.44
2006-01-23,1.46
2006-01-20,1.47
2006-01-19,1.425
2006-01-18,1.34
2006-01-17,1.4
2006-01-16,1.445
2006-01-13,1.475
2006-01-12,1.48
2006-01-11,1.505
2006-01-10,1.51
2006-01-09,1.53
2006-01-06,1.525
2006-01-05,1.52
2006-01-04,1.53
2006-01-03,1.53
2006-01-02,1.53
2005-12-30,1.52
2005-12-29,1.53
2005-12-28,1.52
2005-12-27,1.525
2005-12-26,1.54
2005-12-23,1.54
2005-12-22,1.56
2005-12-21,1.55
2005-12-20,1.47
2005-12-19,1.48
2005-12-16,1.485
2005-12-15,1.48
2005-12-14,1.485
2005-12-13,1.495
2005-12-12,1.495
2005-12-09,1.495
2005-12-08,1.505
2005-12-07,1.515
2005-12-06,1.52
2005-12-05,1.525
2005-12-02,1.525
2005-12-01,1.52
2005-11-30,1.545
2005-11-29,1.545
2005-11-28,1.475
2005-11-25,1.34
2005-11-24,1.335
2005-11-23,1.345
2005-11-22,1.35
2005-11-21,1.355
2005-11-18,1.36
2005-11-17,1.36
2005-11-16,1.365
2005-11-15,1.365
2005-11-14,1.37
2005-11-11,1.36
2005-11-10,1.37
2005-11-09,1.37
2005-11-08,1.37
2005-11-07,1.37
2005-11-04,1.375
2005-11-03,1.38
2005-11-02,1.355
2005-11-01,1.355
2005-10-31,1.355
2005-10-28,1.34
2005-10-27,1.28
2005-10-26,1.31
2005-10-25,1.34
2005-10-24,1.34
2005-10-21,1.255
2005-10-20,1.145
2005-10-19,1.105
2005-10-18,1.12
2005-10-17,1.08
2005-10-14,1.05
2005-10-13,1.0
2005-10-12,1.025
2005-10-11,1.045
2005-10-10,1.025
2005-10-07,1.04
2005-10-06,1.055
2005-10-05,1.06
2005-10-04,1.05
2005-10-03,1.025
2005-09-30,0.985
2005-09-29,0.965
2005-09-28,0.985
2005-09-27,0.935
2005-09-26,0.885
2005-09-23,0.875
2005-09-22,0.87
2005-09-21,0.86
2005-09-20,0.86
2005-09-19,0.86
2005-09-16,0.865
2005-09-15,0.865
2005-09-14,0.87
2005-09-13,0.87
2005-09-12,0.87
2005-09-09,0.865
2005-09-08,0.865
2005-09-07,0.86
2005-09-06,0.87
2005-09-05,0.845
2005-09-02,0.785
2005-09-01,0.815
2005-08-31,0.88
2005-08-30,0.81
2005-08-29,0.735
2005-08-26,0.7
2005-08-25,0.665
2005-08-24,0.645
2005-08-23,0.645
2005-08-22,0.64
2005-08-19,0.64
2005-08-18,0.64
2005-08-17,0.64
2005-08-16,0.64
2005-08-15,0.635
2005-08-12,0.635
2005-08-11,0.635
2005-08-10,0.64
2005-08-09,0.635
2005-08-08,0.64
2005-08-05,0.64
2005-08-04,0.635
2005-08-03,0.62
2005-08-02,0.61
2005-08-01,0.61
2005-07-29,0.605
2005-07-28,0.615
2005-07-27,0.595
2005-07-26,0.595
2005-07-25,0.585
2005-07-22,0.585
2005-07-21,0.595
2005-07-20,0.59
2005-07-19,0.59
2005-07-18,0.595
2005-07-15,0.59
2005-07-14,0.59
2005-07-13,0.59
2005-07-12,0.58
2005-07-11,0.58
2005-07-08,0.585
2005-07-07,0.58
2005-07-06,0.59
2005-07-05,0.58
2005-07-04,0.605
2005-07-01,0.615
2005-06-30,0.625
2005-06-29,0.625
2005-06-28,0.625
2005-06-27,0.625
2005-06-24,0.64
2005-06-23,0.64
2005-06-22,0.655
2005-06-21,0.65
2005-06-20,0.61
2005-06-17,0.61
2005-06-16,0.61
2005-06-15,0.61
2005-06-14,0.61
2005-06-13,0.615
2005-06-10,0.6
2005-06-09,0.605
2005-06-08,0.59
2005-06-07,0.62
2005-06-06,0.62
2005-06-03,3.0552
2005-06-02,0.59
2005-06-01,0.605
2005-05-31,0.61
2005-05-30,0.615
2005-05-27,0.62
2005-05-26,0.635
2005-05-25,0.61
2005-05-24,0.565
2005-05-23,0.55
2005-05-20,0.555
2005-05-19,0.55
2005-05-18,0.555
2005-05-17,0.55
2005-05-16,0.56
2005-05-13,0.56
2005-05-12,0.565
2005-05-11,0.565
2005-05-10,0.56
2005-05-09,0.57
2005-05-06,0.565
2005-05-05,0.565
2005-05-04,0.56
2005-05-03,0.56
2005-05-02,0.56
2005-04-29,0.565
2005-04-28,0.56
2005-04-27,0.565
2005-04-26,0.57
2005-04-25,0.57
2005-04-22,0.565
2005-04-21,0.57
2005-04-20,0.575
2005-04-19,0.575
2005-04-18,0.575
2005-04-15,0.58
2005-04-14,0.59
2005-04-13,0.585
2005-04-12,0.58
2005-04-11,0.59
2005-04-08,0.585
2005-04-07,0.585
2005-04-06,0.58
2005-04-05,0.585
2005-04-04,0.575
2005-04-01,0.585
2005-03-31,0.585
2005-03-30,0.585
2005-03-29,0.59
2005-03-28,3.0552
2005-03-25,3.0552
2005-03-24,0.59
2005-03-23,0.59
2005-03-22,0.59
2005-03-21,0.59
2005-03-18,0.595
2005-03-17,0.6
2005-03-16,0.61
2005-03-15,0.605
2005-03-14,0.59
2005-03-11,0.6
2005-03-10,0.615
2005-03-09,0.625
2005-03-08,0.595
2005-03-07,0.62
2005-03-04,0.63
2005-03-03,0.69
2005-03-02,0.65
2005-03-01,0.555
2005-02-28,3.0552
2005-02-25,3.026
2005-02-24,3.0162
2005-02-23,2.9869
2005-02-22,2.9967
2005-02-21,3.026
2005-02-18,3.026
2005-02-17,3.0455
2005-02-16,3.065
2005-02-15,3.065
2005-02-14,3.0845
2005-02-11,3.0552
2005-02-10,3.0748
2005-02-09,3.0943
2005-02-08,3.065
2005-02-07,3.0845
2005-02-04,3.104
2005-02-03,3.0943
2005-02-02,3.0748
2005-02-01,3.065
2005-01-31,3.0748
2005-01-28,3.0845
2005-01-27,3.0748
2005-01-26,3.0748
2005-01-25,3.0455
2005-01-24,3.0357
2005-01-21,3.0455
2005-01-20,3.0357
2005-01-19,3.0357
2005-01-18,2.9674
2005-01-17,2.9674
2005-01-14,2.9576
2005-01-13,2.9576
2005-01-12,2.9283
2005-01-11,2.9283
2005-01-10,2.9576
2005-01-07,2.9576
2005-01-06,2.9479
2005-01-05,2.9479
2005-01-04,2.9479
2005-01-03,2.9283
2004-12-31,2.9088
2004-12-30,2.9186
2004-12-29,2.9186
2004-12-28,2.9186
2004-12-27,2.9381
2004-12-24,2.9576
2004-12-23,2.9674
2004-12-22,2.9479
2004-12-21,2.9576
2004-12-20,2.9674
2004-12-17,2.9576
2004-12-16,2.9576
2004-12-15,2.9479
2004-12-14,2.9674
2004-12-13,2.9576
2004-12-10,2.9381
2004-12-09,2.9186
2004-12-08,2.9283
2004-12-07,2.9283
2004-12-06,2.9381
2004-12-03,2.9479
2004-12-02,2.9479
2004-12-01,2.9674
2004-11-30,2.9869
2004-11-29,3.0064
2004-11-26,3.0064
2004-11-25,3.0162
2004-11-24,2.9967
2004-11-23,3.0455
2004-11-22,3.0552
2004-11-19,3.065
2004-11-18,3.0552
2004-11-17,3.0748
2004-11-16,3.0455
2004-11-15,3.1138
2004-11-12,3.104
2004-11-11,3.0845
2004-11-10,3.0748
2004-11-09,3.065
2004-11-08,3.0357
2004-11-05,3.0162
2004-11-04,3.026
2004-11-03,3.026
2004-11-02,3.0162
2004-11-01,3.0064
2004-10-29,2.9772
2004-10-28,2.9869
2004-10-27,2.9772
2004-10-26,2.9186
2004-10-25,2.9479
2004-10-22,2.9674
2004-10-21,2.9576
2004-10-20,2.9576
2004-10-19,2.9381
2004-10-18,2.9674
2004-10-15,2.9869
2004-10-14,2.9674
2004-10-13,2.9576
2004-10-12,2.9576
2004-10-11,2.9576
2004-10-08,2.9479
2004-10-07,2.9576
2004-10-06,2.9576
2004-10-05,2.9674
2004-10-04,2.9674
2004-10-01,2.9772
2004-09-30,2.9479
2004-09-29,2.9869
2004-09-28,2.9576
2004-09-27,2.9576
2004-09-24,2.9479
2004-09-23,2.9186
2004-09-22,2.9283
2004-09-21,2.9576
2004-09-20,2.9186
2004-09-17,2.8893
2004-09-16,2.9088
2004-09-15,2.9186
2004-09-14,2.9186
2004-09-13,2.9479
2004-09-10,2.9381
2004-09-09,2.8698
2004-09-08,2.8991
2004-09-07,2.8795
2004-09-06,2.8991
2004-09-03,2.8991
2004-09-02,2.8893
2004-09-01,2.8503
2004-08-31,2.821
2004-08-30,2.8112
2004-08-27,2.7917
2004-08-26,2.8015
2004-08-25,2.821
2004-08-24,2.821
2004-08-23,2.821
2004-08-20,2.7624
2004-08-19,2.7331
2004-08-18,2.7624
2004-08-17,2.7526
2004-08-16,2.7526
2004-08-13,2.7234
2004-08-12,2.7234
2004-08-11,2.6941
2004-08-10,2.6941
2004-08-09,2.6941
2004-08-06,2.7429
2004-08-05,2.7917
2004-08-04,2.8015
2004-08-03,2.8503
2004-08-02,2.9381
2004-07-30,2.9869
2004-07-29,3.0064
2004-07-28,2.9967
2004-07-27,3.0064
2004-07-26,2.9479
2004-07-23,2.9381
2004-07-22,2.9283
2004-07-21,2.9772
2004-07-20,2.9381
2004-07-19,2.9479
2004-07-16,2.9674
2004-07-15,2.9381
2004-07-14,2.9479
2004-07-13,2.9283
2004-07-12,2.9186
2004-07-09,2.8991
2004-07-08,2.8991
2004-07-07,2.9283
2004-07-06,2.9479
2004-07-05,2.9186
2004-07-02,2.9186
2004-07-01,2.9088
2004-06-30,2.9283
2004-06-29,2.9283
2004-06-28,2.9283
2004-06-25,2.9479
2004-06-24,2.9186
2004-06-23,2.9283
2004-06-22,2.9479
2004-06-21,2.9186
2004-06-18,2.9186
2004-06-17,2.9381
2004-06-16,2.9479
2004-06-15,2.9576
2004-06-14,2.9381
2004-06-11,2.9186
2004-06-10,2.9381
2004-06-09,2.9283
2004-06-08,2.9674
2004-06-07,2.9576
2004-06-04,2.9283
2004-06-03,2.9186
2004-06-02,2.9186
2004-06-01,2.9186
2004-05-31,2.9283
2004-05-28,2.9186
2004-05-27,2.9283
2004-05-26,2.8991
2004-05-25,2.9283
2004-05-24,2.9479
2004-05-21,2.9674
2004-05-20,3.0064
2004-05-19,2.9967
2004-05-18,2.9576
2004-05-17,2.86
2004-05-14,2.9088
2004-05-13,2.9479
2004-05-12,2.8795
2004-05-11,2.8795
2004-05-10,2.8893
2004-05-07,2.9576
2004-05-06,3.0162
2004-05-05,3.0552
2004-05-04,3.1529
2004-05-03,3.1529
2004-04-30,3.104
2004-04-29,3.1138
2004-04-28,3.1236
2004-04-27,3.1236
2004-04-26,3.104
2004-04-23,3.1431
2004-04-22,3.1724
2004-04-21,3.1236
2004-04-20,3.1821
2004-04-19,3.1724
2004-04-16,3.1724
2004-04-15,3.1724
2004-04-14,3.1919
2004-04-13,3.2114
2004-04-12,3.2114
2004-04-09,3.2114
2004-04-08,3.2114
2004-04-07,3.2017
2004-04-06,3.2114
2004-04-05,3.1236
2004-04-02,3.1333
2004-04-01,3.1333
2004-03-31,3.1138
2004-03-30,3.1138
2004-03-29,3.1138
2004-03-26,3.1236
2004-03-25,3.1236
2004-03-24,3.1333
2004-03-23,3.1138
2004-03-22,3.0943
2004-03-19,3.0748
2004-03-18,3.0455
2004-03-17,3.1138
2004-03-16,3.0748
2004-03-15,3.0455
2004-03-12,3.0748
2004-03-11,3.104
2004-03-10,3.1626
2004-03-09,3.1138
2004-03-08,3.1333
2004-03-05,3.1138
2004-03-04,3.1138
2004-03-03,3.1236
2004-03-02,3.1333
2004-03-01,3.1333
2004-02-27,3.1431
2004-02-26,3.1626
2004-02-25,3.1431
2004-02-24,3.1724
2004-02-23,3.1236
2004-02-20,3.1236
2004-02-19,3.1236
2004-02-18,3.1236
2004-02-17,3.0845
2004-02-16,2.9772
2004-02-13,2.9674
2004-02-12,2.9576
2004-02-11,2.9381
2004-02-10,2.9283
2004-02-09,2.9381
2004-02-06,2.9479
2004-02-05,2.8991
2004-02-04,2.9283
2004-02-03,2.9186
2004-02-02,2.9283
2004-01-30,2.9479
2004-01-29,2.9772
2004-01-28,3.0162
2004-01-27,3.0162
2004-01-26,2.9967
2004-01-23,2.9967
2004-01-22,2.9772
2004-01-21,2.9869
2004-01-20,2.9869
2004-01-19,3.0748
2004-01-16,3.0943
2004-01-15,3.0064
2004-01-14,2.9479
2004-01-13,2.9381
2004-01-12,2.9283
2004-01-09,2.8795
2004-01-08,2.8893
2004-01-07,2.8503
2004-01-06,2.86
2004-01-05,2.8503
2004-01-02,2.8503
2004-01-01,2.8503
2003-12-31,2.8503
2003-12-30,2.86
2003-12-29,2.86
2003-12-26,2.8307
2003-12-25,2.8307
2003-12-24,2.8307
2003-12-23,2.8015
2003-12-22,2.8112
2003-12-19,2.821
2003-12-18,2.7429
2003-12-17,2.7136
2003-12-16,2.655
2003-12-15,2.6453
2003-12-12,2.6453
2003-12-11,2.6355
2003-12-10,2.6355
2003-12-09,2.6453
2003-12-08,2.6355
2003-12-05,2.6453
2003-12-04,2.5867
2003-12-03,2.5867
2003-12-02,2.5867
2003-12-01,2.5672
2003-11-28,2.5769
2003-11-27,2.5672
2003-11-26,2.5769
2003-11-25,2.5867
2003-11-24,2.5867
2003-11-21,2.5769
2003-11-20,2.5965
2003-11-19,2.6062
2003-11-18,2.616
2003-11-17,2.616
2003-11-14,2.6648
2003-11-13,2.6355
2003-11-12,2.6453
2003-11-11,2.6258
2003-11-10,2.6355
2003-11-07,2.6355
2003-11-06,2.616
2003-11-05,2.6258
2003-11-04,2.6453
2003-11-03,2.6355
2003-10-31,2.5867
2003-10-30,2.616
2003-10-29,2.5965
2003-10-28,2.6355
2003-10-27,2.616
2003-10-24,2.6453
2003-10-23,2.5965
2003-10-22,2.655
2003-10-21,2.7038
2003-10-20,2.6355
2003-10-17,2.6648
2003-10-16,2.655
2003-10-15,2.5477
2003-10-14,2.5086
2003-10-13,2.4598
2003-10-10,2.4989
2003-10-09,2.4891
2003-10-08,2.4696
2003-10-07,2.4208
2003-10-06,2.4012
2003-10-03,2.3915
2003-10-02,2.372
2003-10-01,2.372
2003-09-30,2.411
2003-09-29,2.4208
2003-09-26,2.372
2003-09-25,2.3817
2003-09-24,2.3622
2003-09-23,2.372
2003-09-22,2.3427
2003-09-19,2.372
2003-09-18,2.3329
2003-09-17,2.3134
2003-09-16,2.2744
2003-09-15,2.3036
2003-09-12,2.2939
2003-09-11,2.3232
2003-09-10,2.3036
2003-09-09,2.3232
2003-09-08,2.3427
2003-09-05,2.372
2003-09-04,2.3915
2003-09-03,2.411
2003-09-02,2.372
2003-09-01,2.3524
2003-08-29,2.3329
2003-08-28,2.372
2003-08-27,2.4012
2003-08-26,2.4012
2003-08-25,2.4012
2003-08-22,2.3915
2003-08-21,2.3915
2003-08-20,2.372
2003-08-19,2.372
2003-08-18,2.372
2003-08-15,2.3817
2003-08-14,2.3622
2003-08-13,2.3524
2003-08-12,2.372
2003-08-11,2.3622
2003-08-08,2.3036
2003-08-07,2.3232
2003-08-06,2.2939
2003-08-05,2.3134
2003-08-04,2.3427
2003-08-01,2.3915
2003-07-31,2.3915
2003-07-30,2.3524
2003-07-29,2.3622
2003-07-28,2.3427
2003-07-25,2.3232
2003-07-24,2.2939
2003-07-23,2.206
2003-07-22,2.2255
2003-07-21,2.2255
2003-07-18,2.2548
2003-07-17,2.2646
2003-07-16,2.2451
2003-07-15,2.2451
2003-07-14,2.2744
2003-07-11,2.2353
2003-07-10,2.2353
2003-07-09,2.2841
2003-07-08,2.3427
2003-07-07,2.3622
2003-07-04,2.3622
2003-07-03,2.372
2003-07-02,2.3622
2003-07-01,2.3524
2003-06-30,2.4012
2003-06-27,2.4403
2003-06-26,2.3915
2003-06-25,2.4208
2003-06-24,2.3915
2003-06-23,2.4208
2003-06-20,2.4989
2003-06-19,2.5379
2003-06-18,2.5672
2003-06-17,2.5379
2003-06-16,2.5574
2003-06-13,2.5672
2003-06-12,2.5769
2003-06-11,2.6062
2003-06-10,2.6258
2003-06-09,2.5672
2003-06-06,2.5672
2003-06-05,2.5281
2003-06-04,2.5769
2003-06-03,2.4501
2003-06-02,2.4012
2003-05-30,2.3524
2003-05-29,2.3329
2003-05-28,2.372
2003-05-27,2.3134
2003-05-26,2.3329
2003-05-23,2.3329
2003-05-22,2.2939
2003-05-21,2.3036
2003-05-20,2.3329
2003-05-19,2.3232
2003-05-16,2.3524
2003-05-15,2.3622
2003-05-14,2.3817
2003-05-13,2.4012
2003-05-12,2.372
2003-05-09,2.2939
2003-05-08,2.372
2003-05-07,2.3817
2003-05-06,2.3427
2003-05-05,2.3036
2003-05-02,2.3232
2003-05-01,2.3329
2003-04-30,2.3329
2003-04-29,2.3427
2003-04-28,2.2548
2003-04-25,2.1963
2003-04-24,2.1865
2003-04-23,2.2158
2003-04-22,2.2353
2003-04-21,2.2158
2003-04-18,2.2158
2003-04-17,2.2158
2003-04-16,2.2255
2003-04-15,2.2353
2003-04-14,2.1865
2003-04-11,2.1767
2003-04-10,2.2255
2003-04-09,2.2255
2003-04-08,2.167
2003-04-07,2.2451
2003-04-04,2.2255
2003-04-03,2.1865
2003-04-02,2.206
2003-04-01,2.167
2003-03-31,2.167
2003-03-28,2.1475
2003-03-27,2.1865
2003-03-26,2.1865
2003-03-25,2.1865
2003-03-24,2.167
2003-03-21,2.1865
2003-03-20,2.2548
2003-03-19,2.2353
2003-03-18,2.2548
2003-03-17,2.3036
2003-03-14,2.2841
2003-03-13,2.2353
2003-03-12,2.1767
2003-03-11,2.2451
2003-03-10,2.167
2003-03-07,2.1767
2003-03-06,2.1475
2003-03-05,2.0987
2003-03-04,2.1279
2003-03-03,2.0791
2003-02-28,2.0987
2003-02-27,2.0791
2003-02-26,2.0498
2003-02-25,2.0401
2003-02-24,2.0791
2003-02-21,2.1084
2003-02-20,2.1182
2003-02-19,2.1084
2003-02-18,2.0987
2003-02-17,2.0791
2003-02-14,2.0791
2003-02-13,2.0498
2003-02-12,2.0303
2003-02-11,2.0206
2003-02-10,2.001
2003-02-07,2.001
2003-02-06,2.001
2003-02-05,1.9815
2003-02-04,2.0206
2003-02-03,2.0206
2003-01-31,2.0401
2003-01-30,1.9718
2003-01-29,1.9425
2003-01-28,1.9913
2003-01-27,1.9913
2003-01-24,2.001
2003-01-23,2.0206
2003-01-22,1.9815
2003-01-21,1.9913
2003-01-20,1.962
2003-01-17,2.0206
2003-01-16,2.0791
2003-01-15,2.0791
2003-01-14,2.0791
2003-01-13,2.0791
2003-01-10,2.1084
2003-01-09,2.1084
2003-01-08,2.1084
2003-01-07,2.1377
2003-01-06,2.1279
2003-01-03,2.1377
2003-01-02,2.1377
2003-01-01,2.1279
2002-12-31,2.1279
2002-12-30,2.1377
2002-12-27,2.1475
2002-12-26,2.1572
2002-12-25,2.1572
2002-12-24,2.1572
2002-12-23,2.1572
2002-12-20,2.1475
2002-12-19,2.1377
2002-12-18,2.1475
2002-12-17,2.1377
2002-12-16,2.1475
2002-12-13,2.1377
2002-12-12,2.1475
2002-12-11,2.1377
2002-12-10,2.1182
2002-12-09,2.0987
2002-12-06,2.0987
2002-12-05,2.1182
2002-12-04,2.0791
2002-12-03,2.0694
2002-12-02,2.1084
2002-11-29,2.1182
2002-11-28,2.1279
2002-11-27,2.0889
2002-11-26,2.0498
2002-11-25,2.0303
2002-11-22,1.9718
2002-11-21,1.9718
2002-11-20,1.962
2002-11-19,1.9522
2002-11-18,1.9815
2002-11-15,1.9815
2002-11-14,1.962
2002-11-13,1.9718
2002-11-12,1.9913
2002-11-11,1.9913
2002-11-08,2.001
2002-11-07,2.0206
2002-11-06,2.0498
2002-11-05,2.0206
2002-11-04,2.0206
2002-11-01,1.9815
2002-10-31,1.9815
2002-10-30,1.9522
2002-10-29,1.9718
2002-10-28,1.9913
2002-10-25,1.962
2002-10-24,1.8546
2002-10-23,1.8058
2002-10-22,1.7668
2002-10-21,1.7961
2002-10-18,1.7961
2002-10-17,1.8058
2002-10-16,1.7765
2002-10-15,1.8058
2002-10-14,1.7472
2002-10-11,1.8058
2002-10-10,1.8058
2002-10-09,1.8253
2002-10-08,1.8741
2002-10-07,1.8644
2002-10-04,1.9425
2002-10-03,1.9327
2002-10-02,1.9327
2002-10-01,1.9327
2002-09-30,1.9522
2002-09-27,2.0206
2002-09-26,2.0596
2002-09-25,2.0498
2002-09-24,2.001
2002-09-23,2.0694
2002-09-20,2.0889
2002-09-19,2.1182
2002-09-18,2.1475
2002-09-17,2.1865
2002-09-16,2.1865
2002-09-13,2.1963
2002-09-12,2.1963
2002-09-11,2.1963
2002-09-10,2.1963
2002-09-09,2.1963
2002-09-06,2.2158
2002-09-05,2.1865
2002-09-04,2.1865
2002-09-03,2.1475
2002-09-02,2.1767
2002-08-30,2.167
2002-08-29,2.1865
2002-08-28,2.1963
2002-08-27,2.2158
2002-08-26,2.2158
2002-08-23,2.1767
2002-08-22,2.1572
2002-08-21,2.1084
2002-08-20,2.1475
2002-08-19,2.1182
2002-08-16,2.1475
2002-08-15,2.1475
2002-08-14,2.1475
2002-08-13,2.1865
2002-08-12,2.2158
2002-08-09,2.1963
2002-08-08,2.1377
2002-08-07,2.1182
2002-08-06,2.1475
2002-08-05,2.1279
2002-08-02,2.2255
2002-08-01,2.2939
2002-07-31,2.2939
2002-07-30,2.2646
2002-07-29,2.2841
2002-07-26,2.2548
2002-07-25,2.2841
2002-07-24,2.2744
2002-07-23,2.2841
2002-07-22,2.372
2002-07-19,2.4305
2002-07-18,2.4501
2002-07-17,2.4403
2002-07-16,2.4501
2002-07-15,2.3817
2002-07-12,2.411
2002-07-11,2.411
2002-07-10,2.4305
2002-07-09,2.4208
2002-07-08,2.411
2002-07-05,2.3817
2002-07-04,2.3524
2002-07-03,2.3524
2002-07-02,2.4012
2002-07-01,2.4208
2002-06-28,2.4012
2002-06-27,2.3915
2002-06-26,2.372
2002-06-25,2.3622
2002-06-24,2.3232
2002-06-21,2.372
2002-06-20,2.3817
2002-06-19,2.4012
2002-06-18,2.4012
2002-06-17,2.4208
2002-06-14,2.4305
2002-06-13,2.4501
2002-06-12,2.4501
2002-06-11,2.4501
2002-06-10,2.4305
2002-06-07,2.4305
2002-06-06,2.4305
2002-06-05,2.4501
2002-06-04,2.411
2002-06-03,2.4208
2002-05-31,2.4012
2002-05-30,2.4696
2002-05-29,2.4696
2002-05-28,2.411
2002-05-27,2.411
2002-05-24,2.4208
2002-05-23,2.3915
2002-05-22,2.372
2002-05-21,2.3915
2002-05-20,2.411
2002-05-17,2.4208
2002-05-16,2.4403
2002-05-15,2.411
2002-05-14,2.4012
2002-05-13,2.2939
2002-05-10,2.3427
2002-05-09,2.3329
2002-05-08,2.3427
2002-05-07,2.2646
2002-05-06,2.2939
2002-05-03,2.3524
2002-05-02,2.3817
2002-05-01,2.4012
2002-04-30,2.4012
2002-04-29,2.5379
2002-04-26,2.5574
2002-04-25,2.5574
2002-04-24,2.5574
2002-04-23,2.5672
2002-04-22,2.5672
2002-04-19,2.6258
2002-04-18,2.6258
2002-04-17,2.616
2002-04-16,2.6258
2002-04-15,2.6258
2002-04-12,2.6062
2002-04-11,2.6062
2002-04-10,2.6258
2002-04-09,2.655
2002-04-08,2.655
2002-04-05,2.6453
2002-04-04,2.6453
2002-04-03,2.655
2002-04-02,2.6648
2002-04-01,2.6746
2002-03-29,2.6746
2002-03-28,2.6746
2002-03-27,2.6746
2002-03-26,2.655
2002-03-25,2.6453
2002-03-22,2.6453
2002-03-21,2.616
2002-03-20,2.6258
2002-03-19,2.6746
2002-03-18,2.6355
2002-03-15,2.616
2002-03-14,2.616
2002-03-13,2.5477
2002-03-12,2.5379
2002-03-11,2.5477
2002-03-08,2.5769
2002-03-07,2.5379
2002-03-06,2.5574
2002-03-05,2.5086
2002-03-04,2.5184
2002-03-01,2.4012
2002-02-28,2.3915
2002-02-27,2.3622
2002-02-26,2.3232
2002-02-25,2.3134
2002-02-22,2.411
2002-02-21,2.5086
2002-02-20,2.5184
2002-02-19,2.5086
2002-02-18,2.5379
2002-02-15,2.4793
2002-02-14,2.5965
2002-02-13,2.6258
2002-02-12,2.5672
2002-02-11,2.5672
2002-02-08,2.5184
2002-02-07,2.4891
2002-02-06,2.5281
2002-02-05,2.4793
2002-02-04,2.4793
2002-02-01,2.4793
2002-01-31,2.4012
2002-01-30,2.3915
2002-01-29,2.4012
2002-01-28,2.4012
2002-01-25,2.3915
2002-01-24,2.4403
2002-01-23,2.4501
2002-01-22,2.4598
2002-01-21,2.4012
2002-01-18,2.3915
2002-01-17,2.2939
2002-01-16,2.3622
2002-01-15,2.2158
2002-01-14,2.167
2002-01-11,2.1182
2002-01-10,2.1572
2002-01-09,2.1963
2002-01-08,2.2451
2002-01-07,2.2158
2002-01-04,2.2158
2002-01-03,2.2158
2002-01-02,2.1865
2002-01-01,2.206
2001-12-31,2.206
2001-12-28,2.206
2001-12-27,2.1767
2001-12-26,2.1963
2001-12-25,2.1963
2001-12-24,2.1963
2001-12-21,2.1963
2001-12-20,2.1767
2001-12-19,2.2255
2001-12-18,2.3134
2001-12-17,2.3232
2001-12-14,2.3134
2001-12-13,2.3036
2001-12-12,2.3036
2001-12-11,2.3036
2001-12-10,2.3036
2001-12-07,2.3134
2001-12-06,2.3427
2001-12-05,2.3232
2001-12-04,2.3036
2001-12-03,2.3232
2001-11-30,2.3622
2001-11-29,2.372
2001-11-28,2.3427
2001-11-27,2.3622
2001-11-26,2.3232
2001-11-23,2.3427
2001-11-22,2.3622
2001-11-21,2.372
2001-11-20,2.3915
2001-11-19,2.3915
2001-11-16,2.3427
2001-11-15,2.3817
2001-11-14,2.3817
2001-11-13,2.3915
2001-11-12,2.372
2001-11-09,2.3622
2001-11-08,2.4305
2001-11-07,2.4012
2001-11-06,2.4598
2001-11-05,2.3915
2001-11-02,2.4012
2001-11-01,2.3427
2001-10-31,2.3427
2001-10-30,2.2744
2001-10-29,2.2841
2001-10-26,2.3329
2001-10-25,2.3329
2001-10-24,2.3622
2001-10-23,2.3817
2001-10-22,2.3622
2001-10-19,2.2744
2001-10-18,2.2744
2001-10-17,2.2744
2001-10-16,2.2158
2001-10-15,2.2158
2001-10-12,2.2548
2001-10-11,2.2451
2001-10-10,2.167
2001-10-09,2.1377
2001-10-08,2.1182
2001-10-05,2.206
2001-10-04,2.206
2001-10-03,2.1767
2001-10-02,2.1865
2001-10-01,2.1182
2001-09-28,2.1475
2001-09-27,2.1475
2001-09-26,2.0401
2001-09-25,2.0303
2001-09-24,2.0206
2001-09-21,2.0498
2001-09-20,1.9718
2001-09-19,2.1084
2001-09-18,2.0401
2001-09-17,1.9718
2001-09-14,1.9718
2001-09-13,2.0206
2001-09-12,1.9815
2001-09-11,2.0206
2001-09-10,2.1572
2001-09-07,2.2255
2001-09-06,2.3036
2001-09-05,2.3134
2001-09-04,2.3329
2001-09-03,2.3427
2001-08-31,2.3915
2001-08-30,2.3915
2001-08-29,2.3524
2001-08-28,2.3524
2001-08-27,2.372
2001-08-24,2.3524
2001-08-23,2.3622
2001-08-22,2.3915
2001-08-21,2.4403
2001-08-20,2.4403
2001-08-17,2.4598
2001-08-16,2.5184
2001-08-15,2.5184
2001-08-14,2.5184
2001-08-13,2.4891
2001-08-10,2.5379
2001-08-09,2.5379
2001-08-08,2.5379
2001-08-07,2.5574
2001-08-06,2.5769
2001-08-03,2.5477
2001-08-02,2.6355
2001-08-01,2.5867
2001-07-31,2.6453
2001-07-30,2.6648
2001-07-27,2.6843
2001-07-26,2.6843
2001-07-25,2.6062
2001-07-24,2.6062
2001-07-23,2.6355
2001-07-20,2.6453
2001-07-19,2.6941
2001-07-18,2.6941
2001-07-17,2.6746
2001-07-16,2.7038
2001-07-13,2.6941
2001-07-12,2.6941
2001-07-11,2.6453
2001-07-10,2.7038
2001-07-09,2.6258
2001-07-06,2.6355
2001-07-05,2.655
2001-07-04,2.6648
2001-07-03,2.6843
2001-07-02,2.655
2001-06-29,2.6746
2001-06-28,2.7331
2001-06-27,2.7234
2001-06-26,2.6843
2001-06-25,2.6648
2001-06-22,2.7038
2001-06-21,2.6843
2001-06-20,2.7331
2001-06-19,2.7917
2001-06-18,2.7624
2001-06-15,2.9186
2001-06-14,2.9088
2001-06-13,2.9088
2001-06-12,2.9283
2001-06-11,2.9674
2001-06-08,3.065
2001-06-07,3.065
2001-06-06,3.104
2001-06-05,3.0845
2001-06-04,3.065
2001-06-01,3.0943
2001-05-31,3.0748
2001-05-30,3.1138
2001-05-29,3.1529
2001-05-28,3.1236
2001-05-25,3.1138
2001-05-24,3.104
2001-05-23,3.104
2001-05-22,3.104
2001-05-21,3.1333
2001-05-18,3.1333
2001-05-17,3.1626
2001-05-16,3.1431
2001-05-15,3.1236
2001-05-14,3.1529
2001-05-11,3.1529
2001-05-10,3.1626
2001-05-09,3.1529
2001-05-08,3.1529
2001-05-07,3.1529
2001-05-04,3.1529
2001-05-03,3.1724
2001-05-02,3.1724
2001-05-01,3.1626
2001-04-30,3.1626
2001-04-27,3.0357
2001-04-26,3.0064
2001-04-25,2.9869
2001-04-24,2.9869
2001-04-23,2.9869
2001-04-20,3.026
2001-04-19,3.1138
2001-04-18,3.1236
2001-04-17,3.0943
2001-04-16,3.1236
2001-04-13,3.1236
2001-04-12,3.1236
2001-04-11,3.1138
2001-04-10,3.1138
2001-04-09,3.065
2001-04-06,3.0748
2001-04-05,3.104
2001-04-04,3.026
2001-04-03,3.0748
2001-04-02,3.1431
2001-03-30,3.2309
2001-03-29,3.2602
2001-03-28,3.1626
2001-03-27,3.2212
2001-03-26,3.2212
2001-03-23,3.1821
2001-03-22,3.0455
2001-03-21,3.1821
2001-03-20,3.2505
2001-03-19,3.2505
2001-03-16,3.3286
2001-03-15,3.4652
2001-03-14,13.15
2001-03-13,3.4652
2001-03-12,3.475
2001-03-09,3.4652
2001-03-08,3.475
2001-03-07,3.514
2001-03-06,3.5433
2001-03-05,3.4847
2001-03-02,3.5043
2001-03-01,3.5043
2001-02-28,3.4555
2001-02-27,3.4847
2001-02-26,3.4847
2001-02-23,3.4945
2001-02-22,3.4847
2001-02-21,3.4945
2001-02-20,3.5628
2001-02-19,3.514
2001-02-16,3.5433
2001-02-15,3.6116
2001-02-14,3.6116
2001-02-13,3.5921
2001-02-12,3.6116
2001-02-09,3.5726
2001-02-08,3.5921
2001-02-07,3.6116
2001-02-06,3.6214
2001-02-05,3.6507
2001-02-02,3.6995
2001-02-01,3.6897
2001-01-31,3.8069
2001-01-30,3.7483
2001-01-29,3.719
2001-01-26,11.875
2001-01-25,3.7971
2001-01-24,12.0
2001-01-23,3.6604
2001-01-22,3.6897
2001-01-19,3.6409
2001-01-18,3.6116
2001-01-17,3.6312
2001-01-16,3.5823
2001-01-15,3.5628
2001-01-12,3.514
2001-01-11,3.4847
2001-01-10,3.475
2001-01-09,3.4652
2001-01-08,3.475
2001-01-05,3.514
2001-01-04,3.4945
2001-01-03,3.309
2001-01-02,3.3578
2001-01-01,3.2602
2000-12-29,3.2602
2000-12-28,3.2602
2000-12-27,3.3188
2000-12-26,10.5
2000-12-22,3.3383
2000-12-21,3.3578
2000-12-20,3.3676
2000-12-19,3.4652
2000-12-18,3.4555
2000-12-15,3.4164
2000-12-14,3.4262
2000-12-13,3.4262
2000-12-12,3.4066
2000-12-11,3.4164
2000-12-08,3.3969
2000-12-07,3.3969
2000-12-06,3.4262
2000-12-05,3.514
2000-12-04,3.4555
2000-12-01,3.5335
2000-11-30,3.5335
2000-11-29,3.5823
2000-11-28,3.5726
2000-11-27,3.5921
2000-11-24,3.6312
2000-11-23,3.6116
2000-11-22,3.6507
2000-11-21,3.7092
2000-11-20,3.6604
2000-11-17,3.6995
2000-11-16,3.6995
2000-11-15,3.7092
2000-11-14,3.6995
2000-11-13,3.6604
2000-11-10,3.6604
2000-11-09,3.7092
2000-11-08,3.6995
2000-11-07,3.7288
2000-11-06,3.6897
2000-11-03,3.7483
2000-11-02,3.7776
2000-11-01,3.7288
2000-10-31,3.7288
2000-10-30,3.7288
2000-10-27,3.8947
2000-10-26,3.8264
2000-10-25,3.924
2000-10-24,3.9045
2000-10-23,3.758
2000-10-20,3.7971
2000-10-19,3.8752
2000-10-18,3.7776
2000-10-17,3.8069
2000-10-16,3.8069
2000-10-13,3.7873
2000-10-12,3.8069
2000-10-11,3.8166
2000-10-10,3.8947
2000-10-09,3.9045
2000-10-06,3.9533
2000-10-05,3.9728
2000-10-04,3.9728
2000-10-03,3.9533
2000-10-02,3.9728
2000-09-29,3.924
2000-09-28,3.9337
2000-09-27,3.9045
2000-09-26,3.8361
2000-09-25,3.8752
2000-09-22,3.9045
2000-09-21,3.8557
2000-09-20,3.8361
2000-09-19,3.8557
2000-09-18,3.9045
2000-09-15,3.9142
2000-09-14,3.924
2000-09-13,3.9435
2000-09-12,3.9337
2000-09-11,3.9337
2000-09-08,3.924
2000-09-07,3.9045
2000-09-06,3.924
2000-09-05,3.9337
2000-09-04,3.9533
2000-09-01,3.9142
2000-08-31,3.9045
2000-08-30,3.9142
2000-08-29,3.9142
2000-08-28,3.9045
2000-08-25,3.9045
2000-08-24,3.9337
2000-08-23,3.8849
2000-08-22,3.8654
2000-08-21,3.8361
2000-08-18,3.8166
2000-08-17,3.8166
2000-08-16,3.8069
2000-08-15,3.8361
2000-08-14,3.8361
2000-08-11,3.7776
2000-08-10,3.758
2000-08-09,3.7678
2000-08-08,3.7776
2000-08-07,3.7873
2000-08-04,3.758
2000-08-03,3.7678
2000-08-02,3.758
2000-08-01,3.758
2000-07-31,3.7288
2000-07-28,3.7092
2000-07-27,3.7483
2000-07-26,3.7483
2000-07-25,3.7385
2000-07-24,3.6995
2000-07-21,3.6995
2000-07-20,3.7385
2000-07-19,3.7385
2000-07-18,3.6409
2000-07-17,3.5433
2000-07-14,3.514
2000-07-13,3.514
2000-07-12,3.5628
2000-07-11,3.514
2000-07-10,3.514
2000-07-07,3.5921
2000-07-06,3.5921
2000-07-05,3.6019
2000-07-04,3.6214
2000-07-03,3.6019
2000-06-30,3.6116
2000-06-29,3.5238
2000-06-28,3.5921
2000-06-27,3.5726
2000-06-26,3.6312
2000-06-23,3.6604
2000-06-22,3.6604
2000-06-21,3.6604
2000-06-20,3.6312
2000-06-19,3.6507
2000-06-16,3.6507
2000-06-15,3.6312
2000-06-14,3.6995
2000-06-13,3.6312
2000-06-12,3.6409
2000-06-09,3.6116
2000-06-08,3.5433
2000-06-07,3.4847
2000-06-06,3.514
2000-06-05,3.5043
2000-06-02,3.5726
2000-06-01,3.6312
