,egl:pl
2018-11-23,1.52
2018-11-22,1.494
2018-11-21,1.544
2018-11-20,1.51
2018-11-19,1.596
2018-11-16,1.57
2018-11-15,1.612
2018-11-14,1.644
2018-11-13,1.664
2018-11-12,1.706
2018-11-09,1.756
2018-11-08,1.746
2018-11-07,1.78
2018-11-06,1.708
2018-11-05,1.728
2018-11-02,1.78
2018-11-01,1.752
2018-10-31,1.758
2018-10-30,1.758
2018-10-29,1.722
2018-10-26,1.668
2018-10-25,1.718
2018-10-24,1.682
2018-10-23,1.696
2018-10-22,1.77
2018-10-19,1.802
2018-10-18,1.84
2018-10-17,1.884
2018-10-16,1.924
2018-10-15,1.816
2018-10-12,1.83
2018-10-11,1.776
2018-10-10,1.79
2018-10-09,1.894
2018-10-08,1.87
2018-10-05,1.966
2018-10-04,1.994
2018-10-03,2.025
2018-10-02,1.988
2018-10-01,2.035
2018-09-28,2.1
2018-09-27,2.195
2018-09-26,2.145
2018-09-25,2.115
2018-09-24,2.075
2018-09-21,2.12
2018-09-20,2.19
2018-09-19,2.17
2018-09-18,2.165
2018-09-17,2.165
2018-09-14,2.14
2018-09-13,2.18
2018-09-12,2.215
2018-09-11,2.155
2018-09-10,2.205
2018-09-07,2.165
2018-09-06,2.2
2018-09-05,2.33
2018-09-04,2.445
2018-08-31,2.675
2018-08-30,2.8
2018-08-29,2.86
2018-08-28,2.885
2018-08-27,2.85
2018-08-24,2.795
2018-08-23,2.85
2018-08-22,2.875
2018-08-21,2.875
2018-08-20,2.81
2018-08-17,2.775
2018-08-16,2.805
2018-08-15,2.77
2018-08-14,2.815
2018-08-13,2.85
2018-08-10,2.89
2018-08-09,2.885
2018-08-08,2.8
2018-08-07,2.82
2018-08-06,2.845
2018-08-03,2.86
2018-08-02,2.885
2018-08-01,2.875
2018-07-31,2.865
2018-07-30,2.885
2018-07-27,2.9
2018-07-26,2.89
2018-07-25,2.89
2018-07-24,2.875
2018-07-23,2.92
2018-07-20,2.895
2018-07-19,2.935
2018-07-18,2.925
2018-07-17,3.0
2018-07-16,3.03
2018-07-13,2.995
2018-07-12,3.005
2018-07-11,3.02
2018-07-10,3.09
2018-07-09,3.06
2018-07-06,3.035
2018-07-05,3.005
2018-07-04,2.85
2018-07-03,2.835
2018-07-02,2.9
2018-06-29,2.875
2018-06-28,2.91
2018-06-27,3.025
2018-06-26,2.9
2018-06-25,2.93
2018-06-23,2.94
2018-06-22,2.94
2018-06-21,2.85
2018-06-20,2.965
2018-06-19,2.985
2018-06-18,3.02
2018-06-15,3.105
2018-06-14,3.21
2018-06-13,3.25
2018-06-12,3.24
2018-06-11,3.2
2018-06-08,3.22
2018-06-07,3.26
2018-06-06,3.315
2018-06-05,3.335
2018-06-04,3.39
2018-06-01,3.23
2018-05-31,3.25
2018-05-30,3.23
2018-05-29,3.18
2018-05-28,3.385
2018-05-25,3.385
2018-05-24,3.465
2018-05-23,3.535
2018-05-22,3.55
2018-05-21,3.545
2018-05-18,3.55
2018-05-17,3.635
2018-05-16,3.56
2018-05-15,3.535
2018-05-14,3.59
2018-05-11,3.63
2018-05-10,3.605
2018-05-09,3.575
2018-05-08,3.615
2018-05-07,3.685
2018-05-04,3.675
2018-05-03,3.63
2018-05-02,3.63
2018-04-30,3.595
2018-04-27,3.575
2018-04-26,3.57
2018-04-25,3.575
2018-04-24,3.565
2018-04-23,3.62
2018-04-20,3.555
2018-04-19,3.52
2018-04-18,3.6
2018-04-17,3.535
2018-04-16,3.46
2018-04-13,3.525
2018-04-12,3.42
2018-04-11,3.275
2018-04-10,3.245
2018-04-09,3.14
2018-04-06,3.08
2018-04-05,3.335
2018-04-04,3.18
2018-04-03,3.245
2018-03-29,3.27
2018-03-28,3.27
2018-03-27,3.48
2018-03-26,3.525
2018-03-23,3.69
2018-03-22,3.66
2018-03-21,3.675
2018-03-20,3.69
2018-03-19,3.615
2018-03-16,3.61
2018-03-15,3.7
2018-03-14,3.61
2018-03-13,3.505
2018-03-12,3.83
2018-03-09,3.795
2018-03-08,3.8
2018-03-07,3.82
2018-03-06,3.75
2018-03-05,3.8
2018-03-02,3.765
2018-03-01,3.9
2018-02-28,4.0
2018-02-27,4.025
2018-02-26,4.015
2018-02-23,3.97
2018-02-22,3.86
2018-02-21,3.865
2018-02-20,3.845
2018-02-19,3.64
2018-02-16,3.7
2018-02-15,3.53
2018-02-14,3.46
2018-02-13,3.51
2018-02-12,3.565
2018-02-09,3.54
2018-02-08,3.66
2018-02-07,3.8
2018-02-06,3.655
2018-02-05,3.73
2018-02-02,3.955
2018-02-01,4.065
2018-01-31,4.0
2018-01-30,3.975
2018-01-29,4.03
2018-01-26,4.05
2018-01-25,4.025
2018-01-24,3.995
2018-01-23,4.015
2018-01-22,4.035
2018-01-19,3.99
2018-01-18,3.98
2018-01-17,3.985
2018-01-16,4.02
2018-01-15,3.985
2018-01-12,3.975
2018-01-11,4.0
2018-01-10,3.95
2018-01-09,3.98
2018-01-08,3.905
2018-01-05,3.85
2018-01-04,4.065
2018-01-03,4.0
2018-01-02,3.79
2017-12-29,3.663
2017-12-28,3.701
2017-12-27,3.678
2017-12-22,3.618
2017-12-21,3.685
2017-12-20,3.728
2017-12-19,3.74
2017-12-18,3.745
2017-12-15,3.72
2017-12-14,3.678
2017-12-13,3.751
2017-12-12,3.725
2017-12-11,3.754
2017-12-08,3.741
2017-12-07,3.715
2017-12-06,3.714
2017-12-05,3.546
2017-12-04,3.495
2017-12-01,3.525
2017-11-30,3.45
2017-11-29,3.458
2017-11-28,3.451
2017-11-27,3.401
2017-11-24,3.385
2017-11-23,3.448
2017-11-22,3.484
2017-11-21,3.311
2017-11-20,3.236
2017-11-17,3.197
2017-11-16,3.195
2017-11-15,3.23
2017-11-14,3.288
2017-11-13,3.268
2017-11-10,3.36
2017-11-09,3.41
2017-11-08,3.465
2017-11-07,3.475
2017-11-06,3.477
2017-11-03,3.473
2017-11-02,3.5
2017-11-01,3.598
2017-10-31,3.448
2017-10-30,3.38
2017-10-27,3.323
2017-10-26,3.33
2017-10-25,3.302
2017-10-24,3.291
2017-10-23,3.336
2017-10-20,3.3
2017-10-19,3.25
2017-10-18,3.287
2017-10-17,3.299
2017-10-16,3.265
2017-10-13,3.267
2017-10-12,3.33
2017-10-11,3.318
2017-10-10,3.234
2017-10-09,3.285
2017-10-06,3.323
2017-10-05,3.272
2017-10-04,3.193
2017-10-03,3.29
2017-10-02,3.178
2017-09-29,3.172
2017-09-28,3.098
2017-09-27,3.1
2017-09-26,2.897
2017-09-25,2.951
2017-09-22,2.973
2017-09-21,2.926
2017-09-20,2.964
2017-09-19,2.962
2017-09-18,2.923
2017-09-15,2.877
2017-09-14,2.731
2017-09-13,2.69
2017-09-12,2.679
2017-09-11,2.529
2017-09-08,2.506
2017-09-07,2.48
2017-09-06,2.467
2017-09-05,2.458
2017-09-04,2.432
2017-09-01,2.428
2017-08-31,2.427
2017-08-30,2.408
2017-08-29,2.359
2017-08-28,2.37
2017-08-25,2.392
2017-08-24,2.35
2017-08-23,2.361
2017-08-22,2.404
2017-08-21,2.39
2017-08-18,2.408
2017-08-17,2.43
2017-08-16,2.452
2017-08-15,2.383
2017-08-14,2.41
2017-08-11,2.38
2017-08-10,2.439
2017-08-09,2.472
2017-08-08,2.497
2017-08-07,2.469
2017-08-04,2.455
2017-08-03,2.426
2017-08-02,2.477
2017-08-01,2.425
2017-07-31,2.38
2017-07-28,2.41
2017-07-27,2.486
2017-07-26,2.519
2017-07-25,2.501
2017-07-24,2.476
2017-07-21,2.508
2017-07-20,2.52
2017-07-19,2.51
2017-07-18,2.489
2017-07-17,2.441
2017-07-14,2.425
2017-07-13,2.422
2017-07-12,2.354
2017-07-11,2.354
2017-07-10,2.384
2017-07-07,2.354
2017-07-06,2.35
2017-07-05,2.412
2017-07-04,2.43
2017-07-03,2.435
2017-06-30,2.43
2017-06-29,2.434
2017-06-28,2.511
2017-06-27,2.559
2017-06-26,2.608
2017-06-23,2.567
2017-06-22,2.609
2017-06-21,2.643
2017-06-20,2.64
2017-06-19,2.606
2017-06-16,2.652
2017-06-15,2.611
2017-06-14,2.668
2017-06-13,2.409
2017-06-12,2.322
2017-06-09,2.378
2017-06-08,2.49
2017-06-07,2.612
2017-06-06,2.691
2017-06-05,2.68
2017-06-02,2.715
2017-06-01,2.734
2017-05-31,2.72
2017-05-30,2.7
2017-05-29,2.692
2017-05-26,2.677
2017-05-25,2.718
2017-05-24,2.729
2017-05-23,2.685
2017-05-22,2.628
2017-05-19,2.55
2017-05-18,2.485
2017-05-17,2.575
2017-05-16,2.6
2017-05-15,2.606
2017-05-12,2.508
2017-05-11,2.53
2017-05-10,2.59
2017-05-09,2.605
2017-05-08,2.658
2017-05-05,2.63
2017-05-04,2.61
2017-05-03,2.555
2017-05-02,2.549
2017-04-28,2.334
2017-04-27,2.377
2017-04-26,2.295
2017-04-25,2.18
2017-04-24,2.198
2017-04-21,2.22
2017-04-20,2.238
2017-04-19,2.22
2017-04-18,2.296
2017-04-13,2.283
2017-04-12,2.309
2017-04-11,2.183
2017-04-10,2.115
2017-04-07,2.181
2017-04-06,2.088
2017-04-05,2.064
2017-04-04,1.96
2017-04-03,1.957
2017-03-31,1.894
2017-03-30,1.84
2017-03-29,1.77
2017-03-28,1.76
2017-03-27,1.746
2017-03-24,1.745
2017-03-23,1.71
2017-03-22,1.71
2017-03-21,1.716
2017-03-20,1.708
2017-03-17,1.68
2017-03-16,1.7
2017-03-15,1.762
2017-03-14,1.767
2017-03-13,1.8
2017-03-10,1.72
2017-03-09,1.728
2017-03-08,1.711
2017-03-07,1.747
2017-03-06,1.665
2017-03-03,1.665
2017-03-02,1.664
2017-03-01,1.664
2017-02-28,1.644
2017-02-27,1.621
2017-02-24,1.615
2017-02-23,1.611
2017-02-22,1.631
2017-02-21,1.649
2017-02-20,1.609
2017-02-17,1.616
2017-02-16,1.623
2017-02-15,1.642
2017-02-14,1.644
2017-02-13,1.64
2017-02-10,1.624
2017-02-09,1.617
2017-02-08,1.596
2017-02-07,1.597
2017-02-06,1.616
2017-02-03,1.649
2017-02-02,1.567
2017-02-01,1.618
2017-01-31,1.609
2017-01-30,1.639
2017-01-27,1.685
2017-01-26,1.68
2017-01-25,1.634
2017-01-24,1.645
2017-01-23,1.646
2017-01-20,1.66
2017-01-19,1.649
2017-01-18,1.621
2017-01-17,1.622
2017-01-16,1.602
2017-01-15,1.602
2017-01-13,1.627
2017-01-12,1.653
2017-01-11,1.676
2017-01-10,1.62
2017-01-09,1.633
2017-01-06,1.665
2017-01-05,1.666
2017-01-04,1.678
2017-01-03,1.655
2017-01-02,1.612
2016-12-31,1.752
2016-12-30,1.61
2016-12-29,1.607
2016-12-28,1.605
2016-12-27,1.609
2016-12-23,1.61
2016-12-22,1.597
2016-12-21,1.624
2016-12-20,1.617
2016-12-19,1.636
2016-12-16,1.599
2016-12-15,1.598
2016-12-14,1.59
2016-12-13,1.588
2016-12-12,1.592
2016-12-09,1.61
2016-12-08,1.636
2016-12-07,1.604
2016-12-06,1.567
2016-12-05,1.535
2016-12-02,1.515
2016-12-01,1.562
2016-11-30,1.511
2016-11-29,1.524
2016-11-28,1.537
2016-11-25,1.578
2016-11-24,1.551
2016-11-23,1.597
2016-11-22,1.664
2016-11-21,1.666
2016-11-18,1.681
2016-11-17,1.684
2016-11-16,1.72
2016-11-15,1.735
2016-11-14,1.756
2016-11-11,1.761
2016-11-10,1.819
2016-11-09,1.814
2016-11-08,1.81
2016-11-07,1.769
2016-11-04,1.725
2016-11-03,1.702
2016-11-02,1.736
2016-11-01,1.769
2016-10-31,1.78
2016-10-28,1.77
2016-10-27,1.78
2016-10-26,1.77
2016-10-25,1.77
2016-10-24,1.8
2016-10-21,1.77
2016-10-20,1.792
2016-10-19,1.81
2016-10-18,1.823
2016-10-17,1.855
2016-10-14,1.79
2016-10-13,1.772
2016-10-12,1.716
2016-10-11,1.72
2016-10-10,1.699
2016-10-07,1.683
2016-10-06,1.686
2016-10-05,1.708
2016-10-04,1.697
2016-10-03,1.71
2016-09-30,1.684
2016-09-29,1.667
2016-09-28,1.619
2016-09-27,1.58
2016-09-26,1.639
2016-09-23,1.637
2016-09-22,1.611
2016-09-21,1.551
2016-09-20,1.566
2016-09-19,1.565
2016-09-16,1.555
2016-09-15,1.683
2016-09-14,1.727
2016-09-13,1.723
2016-09-12,1.744
2016-09-09,1.8
2016-09-08,1.82
2016-09-07,1.79
2016-09-06,1.742
2016-09-05,1.754
2016-09-02,1.745
2016-09-01,1.72
2016-08-31,1.756
2016-08-30,1.735
2016-08-29,1.752
2016-08-26,1.734
2016-08-25,1.669
2016-08-24,1.696
2016-08-23,1.699
2016-08-22,1.713
2016-08-19,1.72
2016-08-18,1.739
2016-08-17,1.753
2016-08-16,1.779
2016-08-15,1.802
2016-08-12,1.806
2016-08-11,1.797
2016-08-10,1.8
2016-08-09,1.813
2016-08-08,1.803
2016-08-05,1.78
2016-08-04,1.786
2016-08-03,1.702
2016-08-02,1.718
2016-08-01,1.711
2016-07-29,1.715
2016-07-28,1.72
2016-07-27,1.73
2016-07-26,1.695
2016-07-25,1.681
2016-07-22,1.702
2016-07-21,1.707
2016-07-20,1.719
2016-07-19,1.683
2016-07-18,1.717
2016-07-15,1.666
2016-07-14,1.602
2016-07-13,1.538
2016-07-12,1.521
2016-07-11,1.514
2016-07-08,1.49
2016-07-07,1.451
2016-07-06,1.422
2016-07-05,1.433
2016-07-04,1.517
2016-07-01,1.487
2016-06-30,1.472
2016-06-29,1.472
2016-06-28,1.467
2016-06-27,1.437
2016-06-24,1.537
2016-06-23,1.695
2016-06-22,1.698
2016-06-21,1.696
2016-06-20,1.718
2016-06-17,1.627
2016-06-16,1.569
2016-06-15,1.603
2016-06-14,1.628
2016-06-13,1.63
2016-06-10,1.666
2016-06-09,1.668
2016-06-08,1.673
2016-06-07,1.681
2016-06-06,1.7
2016-06-03,1.701
2016-06-02,1.77
2016-06-01,1.719
2016-05-31,1.779
2016-05-30,1.771
2016-05-27,1.758
2016-05-26,1.757
2016-05-25,1.74
2016-05-24,1.714
2016-05-23,1.583
2016-05-20,1.671
2016-05-19,1.712
2016-05-18,1.8
2016-05-17,1.796
2016-05-16,1.795
2016-05-13,1.786
2016-05-12,1.786
2016-05-11,1.734
2016-05-10,1.708
2016-05-09,1.749
2016-05-06,1.807
2016-05-05,1.79
2016-05-04,1.786
2016-05-03,1.767
2016-05-02,1.767
2016-04-29,1.807
2016-04-28,1.81
2016-04-27,1.833
2016-04-26,1.795
2016-04-25,1.809
2016-04-22,1.785
2016-04-21,1.864
2016-04-20,1.916
2016-04-19,2.017
2016-04-18,1.967
2016-04-15,1.969
2016-04-14,1.885
2016-04-13,1.895
2016-04-12,1.79
2016-04-11,1.778
2016-04-08,1.685
2016-04-07,1.638
2016-04-06,1.749
2016-04-05,1.798
2016-04-04,1.872
2016-04-01,1.833
2016-03-31,1.868
2016-03-30,1.875
2016-03-29,1.762
2016-03-24,1.77
2016-03-23,1.781
2016-03-22,1.793
2016-03-21,1.865
2016-03-18,1.919
2016-03-17,1.792
2016-03-16,1.75
2016-03-15,1.768
2016-03-14,1.809
2016-03-11,1.758
2016-03-10,1.697
2016-03-09,1.682
2016-03-08,1.705
2016-03-07,1.67
2016-03-04,1.674
2016-03-03,1.68
2016-03-02,1.702
2016-03-01,1.718
2016-02-29,1.575
2016-02-26,1.543
2016-02-25,1.527
2016-02-24,1.526
2016-02-23,1.576
2016-02-22,1.595
2016-02-19,1.57
2016-02-18,1.622
2016-02-17,1.642
2016-02-16,1.503
2016-02-15,1.462
2016-02-12,1.365
2016-02-11,1.319
2016-02-10,1.36
2016-02-09,1.325
2016-02-08,1.377
2016-02-05,1.362
2016-02-04,1.347
2016-02-03,1.354
2016-02-02,1.45
2016-02-01,1.452
2016-01-29,1.451
2016-01-28,1.444
2016-01-27,1.42
2016-01-26,1.385
2016-01-25,1.431
2016-01-22,1.423
2016-01-21,1.33
2016-01-20,1.219
2016-01-19,1.207
2016-01-18,1.419
2016-01-15,1.442
2016-01-14,1.583
2016-01-13,1.68
2016-01-12,1.7
2016-01-11,1.701
2016-01-08,1.702
2016-01-07,1.722
2016-01-06,1.782
2016-01-05,1.871
2016-01-04,1.884
2016-01-01,1.925
2015-12-31,1.925
2015-12-30,1.874
2015-12-29,1.907
2015-12-28,1.914
2015-12-25,1.92
2015-12-24,1.92
2015-12-23,1.854
2015-12-22,1.811
2015-12-21,1.845
2015-12-18,1.91
2015-12-17,1.905
2015-12-16,1.938
2015-12-15,1.931
2015-12-14,1.925
2015-12-11,1.94
2015-12-10,1.9
2015-12-09,1.905
2015-12-08,1.946
2015-12-07,1.945
2015-12-04,1.996
2015-12-03,2.027
2015-12-02,2.034
2015-12-01,2.021
2015-11-30,2.065
2015-11-27,2.081
2015-11-26,2.087
2015-11-25,2.087
2015-11-24,2.126
2015-11-23,2.072
2015-11-20,2.06
2015-11-19,2.137
2015-11-18,2.175
2015-11-17,2.118
2015-11-16,2.068
2015-11-13,2.035
2015-11-12,2.06
2015-11-11,2.128
2015-11-10,2.138
2015-11-09,2.173
2015-11-06,2.35
2015-11-05,2.389
2015-11-04,2.48
2015-11-03,2.479
2015-11-02,2.38
2015-10-30,2.285
2015-10-29,2.299
2015-10-28,2.32
2015-10-27,2.27
2015-10-26,2.355
2015-10-23,2.188
2015-10-22,2.057
2015-10-21,2.1
2015-10-20,2.089
2015-10-19,2.1
2015-10-16,2.115
2015-10-15,2.157
2015-10-14,2.145
2015-10-13,2.14
2015-10-12,2.175
2015-10-09,2.25
2015-10-08,2.13
2015-10-07,2.1
2015-10-06,2.038
2015-10-05,1.993
2015-10-02,1.85
2015-10-01,1.862
2015-09-30,1.899
2015-09-29,1.82
2015-09-28,1.938
2015-09-25,1.989
2015-09-24,1.987
2015-09-23,2.015
2015-09-22,2.012
2015-09-21,2.1
2015-09-18,2.149
2015-09-17,2.133
2015-09-16,2.079
2015-09-15,2.044
2015-09-14,2.045
2015-09-11,2.012
2015-09-10,2.019
2015-09-09,2.067
2015-09-08,2.01
2015-09-07,2.002
2015-09-04,2.028
2015-09-03,2.065
2015-09-02,2.05
2015-09-01,2.151
2015-08-31,2.153
2015-08-28,2.179
2015-08-27,2.14
2015-08-26,2.051
2015-08-25,2.1
2015-08-24,1.967
2015-08-21,2.058
2015-08-20,2.071
2015-08-19,2.118
2015-08-18,2.149
2015-08-17,2.153
2015-08-14,2.175
2015-08-13,2.247
2015-08-12,2.196
2015-08-11,2.254
2015-08-10,2.32
2015-08-07,2.123
2015-08-06,2.201
2015-08-05,2.37
2015-08-04,2.376
2015-08-03,2.412
2015-07-31,2.431
2015-07-30,2.499
2015-07-29,2.527
2015-07-28,2.5
2015-07-27,2.566
2015-07-24,2.73
2015-07-23,2.765
2015-07-22,2.725
2015-07-21,2.691
2015-07-20,2.688
2015-07-17,2.616
2015-07-16,2.75
2015-07-15,2.73
2015-07-14,2.74
2015-07-13,2.658
2015-07-10,2.492
2015-07-09,2.297
2015-07-08,2.105
2015-07-07,2.101
2015-07-06,2.179
2015-07-03,2.282
2015-07-02,2.352
2015-07-01,2.318
2015-06-30,2.282
2015-06-29,2.25
2015-06-26,2.477
2015-06-25,2.48
2015-06-24,2.369
2015-06-23,2.339
2015-06-22,2.181
2015-06-19,2.052
2015-06-18,2.0
2015-06-17,2.007
2015-06-16,1.936
2015-06-15,2.109
2015-06-12,2.273
2015-06-11,2.36
2015-06-10,2.32
2015-06-09,2.3
2015-06-08,2.37
2015-06-05,2.437
2015-06-04,2.566
2015-06-03,2.588
2015-06-02,2.64
2015-06-01,2.584
2015-05-29,2.44
2015-05-28,2.61
2015-05-27,2.673
2015-05-26,2.671
2015-05-25,2.755
2015-05-22,2.79
2015-05-21,2.809
2015-05-20,2.724
2015-05-19,2.89
2015-05-18,2.902
2015-05-15,3.003
2015-05-14,3.057
2015-05-13,3.04
2015-05-12,2.956
2015-05-11,2.927
2015-05-08,2.86
2015-05-07,2.89
2015-05-06,2.997
2015-05-05,3.055
2015-05-04,3.09
2015-05-01,3.088
2015-04-30,3.088
2015-04-29,3.071
2015-04-28,3.135
2015-04-27,3.071
2015-04-24,3.03
2015-04-23,3.04
2015-04-22,3.115
2015-04-21,3.25
2015-04-20,3.15
2015-04-17,3.135
2015-04-16,3.273
2015-04-15,3.432
2015-04-14,3.39
2015-04-13,3.403
2015-04-10,3.41
2015-04-09,3.52
2015-04-08,3.471
2015-04-07,3.415
2015-04-06,3.435
2015-04-03,3.435
2015-04-02,3.435
2015-04-01,3.412
2015-03-31,3.44
2015-03-30,3.478
2015-03-27,3.45
2015-03-26,3.499
2015-03-25,3.56
2015-03-24,3.643
2015-03-23,3.602
2015-03-20,3.55
2015-03-19,3.487
2015-03-18,3.47
2015-03-17,3.467
2015-03-16,3.531
2015-03-13,3.625
2015-03-12,3.49
2015-03-11,3.43
2015-03-10,3.31
2015-03-09,3.357
2015-03-06,3.3
2015-03-05,3.27
2015-03-04,3.14
2015-03-03,3.215
2015-03-02,3.298
2015-02-27,3.349
2015-02-26,3.355
2015-02-25,3.31
2015-02-24,3.3
2015-02-23,3.17
2015-02-20,3.175
2015-02-19,3.249
2015-02-18,3.35
2015-02-17,3.399
2015-02-16,3.37
2015-02-13,3.3
2015-02-12,3.201
2015-02-11,3.092
2015-02-10,3.18
2015-02-09,3.13
2015-02-06,3.06
2015-02-05,2.989
2015-02-04,3.011
2015-02-03,3.06
2015-02-02,2.77
2015-01-30,2.737
2015-01-29,2.718
2015-01-28,2.79
2015-01-27,2.87
2015-01-26,2.94
2015-01-23,2.93
2015-01-22,2.8
2015-01-21,2.707
2015-01-20,2.786
2015-01-19,2.838
2015-01-16,2.829
2015-01-15,2.87
2015-01-14,2.763
2015-01-13,2.84
2015-01-12,2.402
2015-01-09,2.41
2015-01-08,2.467
2015-01-07,2.384
2015-01-06,2.486
2015-01-05,2.57
2015-01-02,2.762
2015-01-01,2.661
2014-12-31,2.661
2014-12-30,2.72
2014-12-29,2.726
2014-12-26,2.73
2014-12-25,2.73
2014-12-24,2.73
2014-12-23,2.816
2014-12-22,2.743
2014-12-19,2.546
2014-12-18,2.587
2014-12-17,2.43
2014-12-16,2.451
2014-12-15,2.59
2014-12-12,2.747
2014-12-11,2.869
2014-12-10,2.862
2014-12-09,2.867
2014-12-08,3.047
2014-12-05,3.2
2014-12-04,3.13
2014-12-03,2.973
2014-12-02,3.173
2014-12-01,3.227
2014-11-28,3.532
2014-11-27,3.956
2014-11-26,3.942
2014-11-25,4.084
2014-11-24,4.169
2014-11-21,4.205
2014-11-20,3.917
2014-11-19,3.9
2014-11-18,3.899
2014-11-17,3.949
2014-11-14,3.803
2014-11-13,3.935
2014-11-12,3.97
2014-11-11,4.167
2014-11-10,4.318
2014-11-07,4.197
2014-11-06,4.31
2014-11-05,4.324
2014-11-04,4.195
2014-11-03,4.221
2014-10-31,4.18
2014-10-30,3.942
2014-10-29,3.961
2014-10-28,4.151
2014-10-27,3.86
2014-10-24,3.97
2014-10-23,4.052
2014-10-22,4.05
2014-10-21,3.852
2014-10-20,3.705
2014-10-17,3.74
2014-10-16,3.672
2014-10-15,3.815
2014-10-14,4.046
2014-10-13,4.069
2014-10-10,4.076
2014-10-09,4.133
2014-10-08,4.349
2014-10-07,4.49
2014-10-06,4.705
2014-10-03,4.794
2014-10-02,4.668
2014-10-01,4.96
2014-09-30,5.114
2014-09-29,4.897
2014-09-26,4.972
2014-09-25,5.003
2014-09-24,5.006
2014-09-23,5.022
2014-09-22,5.142
2014-09-19,5.165
2014-09-18,5.22
2014-09-17,5.167
2014-09-16,4.91
2014-09-15,4.926
2014-09-12,4.817
2014-09-11,4.83
2014-09-10,4.761
2014-09-09,4.788
2014-09-08,4.91
2014-09-05,4.969
2014-09-04,4.975
2014-09-03,4.845
2014-09-02,4.73
2014-09-01,4.691
2014-08-29,4.692
2014-08-28,4.711
2014-08-27,4.915
2014-08-26,4.411
2014-08-25,4.44
2014-08-22,4.319
2014-08-21,4.372
2014-08-20,4.229
2014-08-19,4.3
2014-08-18,4.247
2014-08-15,4.114
2014-08-14,4.047
2014-08-13,3.997
2014-08-12,3.85
2014-08-11,3.999
2014-08-08,3.89
2014-08-07,3.877
2014-08-06,4.182
2014-08-05,4.47
2014-08-04,4.576
2014-08-01,4.47
2014-07-31,4.672
2014-07-30,4.825
2014-07-29,4.889
2014-07-28,4.96
2014-07-25,5.046
2014-07-24,5.0
2014-07-23,4.789
2014-07-22,4.648
2014-07-21,4.618
2014-07-18,4.615
2014-07-17,4.739
2014-07-16,4.85
2014-07-15,4.676
2014-07-14,4.7
2014-07-11,4.742
2014-07-10,4.958
2014-07-09,5.139
2014-07-08,5.149
2014-07-07,5.455
2014-07-04,5.622
2014-07-03,5.716
2014-07-02,5.553
2014-07-01,5.55
2014-06-30,5.72
2014-06-27,5.675
2014-06-26,5.73
2014-06-25,5.78
2014-06-24,5.904
2014-06-23,5.911
2014-06-20,6.033
2014-06-19,6.211
2014-06-18,6.191
2014-06-17,6.2
2014-06-16,6.26
2014-06-13,5.9
2014-06-12,6.009
2014-06-11,5.874
2014-06-10,6.25
2014-06-09,6.25
2014-06-06,5.903
2014-06-05,5.4
2014-06-04,5.436
2014-06-03,5.404
2014-06-02,5.515
2014-05-30,5.3
2014-05-29,5.095
2014-05-28,5.099
2014-05-27,4.932
2014-05-26,4.93
2014-05-23,4.67
2014-05-22,4.411
2014-05-21,4.41
2014-05-20,4.59
2014-05-19,4.722
2014-05-16,4.79
2014-05-15,4.913
2014-05-14,5.13
2014-05-13,5.13
2014-05-12,5.165
2014-05-09,5.05
2014-05-08,5.231
2014-05-07,5.199
2014-05-06,5.356
2014-05-05,5.339
2014-05-02,5.507
2014-05-01,5.507
2014-04-30,5.507
2014-04-29,5.44
2014-04-28,5.271
2014-04-25,5.34
2014-04-24,5.538
2014-04-23,5.45
2014-04-22,5.433
2014-04-21,5.307
2014-04-18,5.307
2014-04-17,5.307
2014-04-16,5.256
2014-04-15,5.04
2014-04-14,5.26
2014-04-11,5.383
2014-04-10,5.57
2014-04-09,5.39
2014-04-08,5.245
2014-04-07,5.412
2014-04-04,5.602
2014-04-03,5.651
2014-04-02,5.667
2014-04-01,5.798
2014-03-31,5.9
2014-03-28,5.732
2014-03-27,5.585
2014-03-26,5.485
2014-03-25,5.614
2014-03-24,5.51
2014-03-21,5.787
2014-03-20,5.558
2014-03-19,5.394
2014-03-18,5.29
2014-03-17,5.25
2014-03-14,5.18
2014-03-13,5.304
2014-03-12,5.261
2014-03-11,5.2
2014-03-10,4.98
2014-03-07,5.09
2014-03-06,5.093
2014-03-05,5.12
2014-03-04,5.129
2014-03-03,4.98
2014-02-28,5.134
2014-02-27,4.9
2014-02-26,4.74
2014-02-25,5.173
2014-02-24,5.074
2014-02-21,5.06
2014-02-20,4.944
2014-02-19,4.935
2014-02-18,5.036
2014-02-17,4.975
2014-02-14,4.96
2014-02-13,4.89
2014-02-12,4.92
2014-02-11,4.93
2014-02-10,4.865
2014-02-07,4.86
2014-02-06,4.873
2014-02-05,4.489
2014-02-04,4.46
2014-02-03,4.501
2014-01-31,4.679
2014-01-30,4.63
2014-01-29,4.62
2014-01-28,4.664
2014-01-27,4.63
2014-01-24,4.719
2014-01-23,4.735
2014-01-22,4.687
2014-01-21,4.78
2014-01-20,4.98
2014-01-17,5.025
2014-01-16,5.4
2014-01-15,5.357
2014-01-14,5.266
2014-01-13,5.253
2014-01-10,5.099
2014-01-09,4.99
2014-01-08,4.98
2014-01-07,4.619
2014-01-06,4.607
2014-01-03,4.576
2014-01-02,4.49
2014-01-01,4.323
2013-12-31,4.323
2013-12-30,4.333
2013-12-27,4.357
2013-12-26,4.357
2013-12-25,4.357
2013-12-24,4.357
2013-12-23,4.43
2013-12-20,4.34
2013-12-19,4.366
2013-12-18,4.37
2013-12-17,4.116
2013-12-16,4.26
2013-12-13,4.421
2013-12-12,4.417
2013-12-11,4.487
2013-12-10,4.577
2013-12-09,4.699
2013-12-06,4.55
2013-12-05,4.392
2013-12-04,4.496
2013-12-03,4.581
2013-12-02,4.68
2013-11-29,4.441
2013-11-28,4.59
2013-11-27,4.695
2013-11-26,4.344
2013-11-25,4.088
2013-11-22,3.915
2013-11-21,3.61
2013-11-20,3.604
2013-11-19,3.756
2013-11-18,3.75
2013-11-15,3.803
2013-11-14,3.772
2013-11-13,3.813
2013-11-12,3.785
2013-11-11,3.78
2013-11-08,3.713
2013-11-07,3.699
2013-11-06,3.615
2013-11-05,3.497
2013-11-04,3.485
2013-11-01,3.415
2013-10-31,3.39
2013-10-30,3.342
2013-10-29,3.431
2013-10-28,3.423
2013-10-25,3.436
2013-10-24,3.445
2013-10-23,3.441
2013-10-22,3.524
2013-10-21,3.63
2013-10-18,3.55
2013-10-17,3.5
2013-10-16,3.483
2013-10-15,3.45
2013-10-14,3.423
2013-10-11,3.36
2013-10-10,3.379
2013-10-09,3.316
2013-10-08,3.3
2013-10-07,3.2
2013-10-04,3.2
2013-10-03,3.18
2013-10-02,3.168
2013-10-01,3.041
2013-09-30,2.93
2013-09-27,2.918
2013-09-26,2.918
2013-09-25,2.893
2013-09-24,2.865
2013-09-23,2.863
2013-09-20,2.899
2013-09-19,2.8
2013-09-18,2.801
2013-09-17,2.79
2013-09-16,2.766
2013-09-13,2.823
2013-09-12,2.819
2013-09-11,2.8
2013-09-10,2.782
2013-09-09,2.79
2013-09-06,2.832
2013-09-05,2.928
2013-09-04,2.855
2013-09-03,2.712
2013-09-02,2.72
2013-08-30,2.745
2013-08-29,2.73
2013-08-28,2.605
2013-08-27,2.662
2013-08-26,2.673
2013-08-23,2.723
2013-08-22,2.721
2013-08-21,2.72
2013-08-20,2.662
2013-08-19,2.699
2013-08-16,2.72
2013-08-15,2.736
2013-08-14,2.797
2013-08-13,2.772
2013-08-12,2.784
2013-08-09,2.74
2013-08-08,2.735
2013-08-07,2.692
2013-08-06,2.691
2013-08-05,2.726
2013-08-02,2.717
2013-08-01,2.73
2013-07-31,2.74
2013-07-30,2.734
2013-07-29,2.728
2013-07-26,2.691
2013-07-25,2.79
2013-07-24,2.812
2013-07-23,2.734
2013-07-22,2.742
2013-07-19,2.66
2013-07-18,2.66
2013-07-17,2.551
2013-07-16,2.498
2013-07-15,2.49
2013-07-12,2.468
2013-07-11,2.39
2013-07-10,2.51
2013-07-09,2.353
2013-07-08,2.281
2013-07-05,2.227
2013-07-04,2.24
2013-07-03,2.13
2013-07-02,2.349
2013-07-01,2.329
2013-06-28,2.327
2013-06-27,2.376
2013-06-26,2.328
2013-06-25,2.257
2013-06-24,2.108
2013-06-21,2.182
2013-06-20,2.314
2013-06-19,2.362
2013-06-18,2.345
2013-06-17,2.289
2013-06-14,2.206
2013-06-13,2.213
2013-06-12,2.219
2013-06-11,2.195
2013-06-10,2.192
2013-06-07,2.203
2013-06-06,2.178
2013-06-05,2.23
2013-06-04,2.22
2013-06-03,2.162
2013-05-31,2.175
2013-05-30,2.183
2013-05-29,2.238
2013-05-28,2.219
2013-05-27,2.201
2013-05-24,2.125
2013-05-23,2.085
2013-05-22,2.127
2013-05-21,2.116
2013-05-20,2.145
2013-05-17,2.189
2013-05-16,2.157
2013-05-15,2.175
2013-05-14,2.086
2013-05-13,2.041
2013-05-10,2.05
2013-05-09,2.089
2013-05-08,2.07
2013-05-07,2.081
2013-05-06,2.053
2013-05-03,2.054
2013-05-02,2.042
2013-05-01,2.1
2013-04-30,2.1
2013-04-29,2.046
2013-04-26,1.952
2013-04-25,2.0
2013-04-24,1.999
2013-04-23,1.965
2013-04-22,1.904
2013-04-19,1.85
2013-04-18,1.868
2013-04-17,1.87
2013-04-16,1.891
2013-04-15,1.87
2013-04-12,1.943
2013-04-11,1.94
2013-04-10,1.986
2013-04-09,1.84
2013-04-08,1.77
2013-04-05,1.729
2013-04-04,1.783
2013-04-03,1.735
2013-04-02,1.82
2013-04-01,1.858
2013-03-29,1.858
2013-03-28,1.858
2013-03-27,1.808
2013-03-26,1.86
2013-03-25,1.931
2013-03-22,1.981
2013-03-21,2.036
2013-03-20,1.995
2013-03-19,1.985
2013-03-18,1.93
2013-03-15,1.99
2013-03-14,1.91
2013-03-13,1.884
2013-03-12,1.905
2013-03-11,1.933
2013-03-08,1.961
2013-03-07,1.97
2013-03-06,1.953
2013-03-05,1.991
2013-03-04,1.871
2013-03-01,2.0
2013-02-28,2.071
2013-02-27,2.172
2013-02-26,2.14
2013-02-25,2.195
2013-02-22,2.206
2013-02-21,2.22
2013-02-20,2.248
2013-02-19,2.24
2013-02-18,2.23
2013-02-15,2.23
2013-02-14,2.233
2013-02-13,2.209
2013-02-12,2.167
2013-02-11,2.15
2013-02-08,2.154
2013-02-07,2.235
2013-02-06,2.243
2013-02-05,2.25
2013-02-04,2.228
2013-02-01,2.26
2013-01-31,2.165
2013-01-30,2.24
2013-01-29,2.34
2013-01-28,2.379
2013-01-25,2.282
2013-01-24,2.25
2013-01-23,2.227
2013-01-22,2.212
2013-01-21,2.155
2013-01-18,2.03
2013-01-17,1.995
2013-01-16,2.0
2013-01-15,1.99
2013-01-14,1.98
2013-01-11,1.94
2013-01-10,1.914
2013-01-09,1.899
2013-01-08,1.883
2013-01-07,1.893
2013-01-04,1.779
2013-01-03,1.69
2013-01-02,1.62
2013-01-01,1.567
2012-12-31,1.567
2012-12-28,1.64
2012-12-27,1.63
2012-12-26,1.578
2012-12-25,1.578
2012-12-24,1.578
2012-12-21,1.57
2012-12-20,1.55
2012-12-19,1.465
2012-12-18,1.398
2012-12-17,1.405
2012-12-14,1.425
2012-12-13,1.401
2012-12-12,1.42
2012-12-11,1.403
2012-12-10,1.406
2012-12-07,1.42
2012-12-06,1.38
2012-12-05,1.35
2012-12-04,1.359
2012-12-03,1.358
2012-11-30,1.359
2012-11-29,1.35
2012-11-28,1.358
2012-11-27,1.358
2012-11-26,1.36
2012-11-23,1.357
2012-11-22,1.341
2012-11-21,1.358
2012-11-20,1.364
2012-11-19,1.355
2012-11-16,1.295
2012-11-15,1.301
2012-11-14,1.311
2012-11-13,1.32
2012-11-12,1.309
2012-11-09,1.321
2012-11-08,1.292
2012-11-07,1.297
2012-11-06,1.284
2012-11-05,1.296
2012-11-02,1.31
2012-11-01,1.323
2012-10-31,1.305
2012-10-30,1.315
2012-10-29,1.353
2012-10-26,1.376
2012-10-25,1.414
2012-10-24,1.4
2012-10-23,1.38
2012-10-22,1.371
2012-10-19,1.33
2012-10-18,1.354
2012-10-17,1.349
2012-10-16,1.325
2012-10-15,1.3
2012-10-12,1.302
2012-10-11,1.326
2012-10-10,1.273
2012-10-09,1.275
2012-10-08,1.261
2012-10-05,1.27
2012-10-04,1.25
2012-10-03,1.246
2012-10-02,1.241
2012-10-01,1.223
2012-09-28,1.225
2012-09-27,1.22
2012-09-26,1.211
2012-09-25,1.22
2012-09-24,1.21
2012-09-21,1.22
2012-09-20,1.215
2012-09-19,1.2
2012-09-18,1.188
2012-09-17,1.2
2012-09-14,1.218
2012-09-13,1.18
2012-09-12,1.211
2012-09-11,1.214
2012-09-10,1.21
2012-09-07,1.175
2012-09-06,1.142
2012-09-05,1.132
2012-09-04,1.127
2012-09-03,1.132
2012-08-31,1.08
2012-08-30,1.07
2012-08-29,1.074
2012-08-28,1.055
2012-08-27,1.075
2012-08-24,1.07
2012-08-23,1.065
2012-08-22,1.094
2012-08-21,1.114
2012-08-20,1.095
2012-08-17,1.051
2012-08-16,1.04
2012-08-15,1.04
2012-08-14,1.039
2012-08-13,1.03
2012-08-10,1.035
2012-08-09,1.03
2012-08-08,1.029
2012-08-07,1.029
2012-08-06,1.018
2012-08-03,1.015
2012-08-02,1.01
2012-08-01,1.006
2012-07-31,1.02
2012-07-30,1.02
2012-07-27,1.014
2012-07-26,1.009
2012-07-25,1.007
2012-07-24,1.004
2012-07-23,1.004
2012-07-20,1.01
2012-07-19,1.015
2012-07-18,1.006
2012-07-17,1.006
2012-07-16,0.999
2012-07-13,1.0
2012-07-12,1.0
2012-07-11,0.997
2012-07-10,1.0
2012-07-09,1.0
2012-07-06,1.0
2012-07-05,1.005
2012-07-04,1.02
2012-07-03,1.024
2012-07-02,1.005
2012-06-29,1.026
2012-06-28,1.0
2012-06-27,1.0
2012-06-26,1.0
2012-06-25,1.027
2012-06-22,1.05
2012-06-21,1.053
2012-06-20,1.037
2012-06-19,1.032
2012-06-18,1.02
2012-06-15,1.012
2012-06-14,0.96
2012-06-13,0.97
2012-06-12,0.988
2012-06-11,0.999
2012-06-08,0.99
2012-06-07,1.0
2012-06-06,1.006
2012-06-05,1.01
2012-06-04,1.015
2012-06-01,1.02
2012-05-31,1.025
2012-05-30,1.025
2012-05-29,1.035
2012-05-28,1.035
2012-05-25,1.04
2012-05-24,1.035
2012-05-23,1.035
2012-05-22,1.05
2012-05-21,1.052
2012-05-18,1.067
2012-05-17,1.04
2012-05-16,1.071
2012-05-15,1.102
2012-05-14,1.122
2012-05-11,1.225
2012-05-10,1.246
2012-05-09,1.229
2012-05-08,1.234
2012-05-07,1.231
2012-05-04,1.23
2012-05-03,1.253
2012-05-02,1.249
2012-05-01,1.245
2012-04-30,1.245
2012-04-27,1.237
2012-04-26,1.25
2012-04-25,1.23
2012-04-24,1.217
2012-04-23,1.213
2012-04-20,1.225
2012-04-19,1.235
2012-04-18,1.24
2012-04-17,1.245
2012-04-16,1.225
2012-04-13,1.23
2012-04-12,1.238
2012-04-11,1.201
2012-04-10,1.17
2012-04-09,1.22
2012-04-06,1.22
2012-04-05,1.22
2012-04-04,1.255
2012-04-03,1.299
2012-04-02,1.222
2012-03-30,1.217
2012-03-29,1.203
2012-03-28,1.221
2012-03-27,1.241
2012-03-26,1.239
2012-03-23,1.238
2012-03-22,1.235
2012-03-21,1.228
2012-03-20,1.225
2012-03-19,1.22
2012-03-16,1.2
2012-03-15,1.225
2012-03-14,1.108
2012-03-13,1.106
2012-03-12,1.099
2012-03-09,1.142
2012-03-08,1.142
2012-03-07,1.148
2012-03-06,1.147
2012-03-05,1.16
2012-03-02,1.175
2012-03-01,1.17
2012-02-29,1.18
2012-02-28,1.183
2012-02-27,1.185
2012-02-24,1.195
2012-02-23,1.195
2012-02-22,1.215
2012-02-21,1.21
2012-02-20,1.2
2012-02-17,1.218
2012-02-16,1.193
2012-02-15,1.2
2012-02-14,1.209
2012-02-13,1.188
2012-02-10,1.213
2012-02-09,1.25
2012-02-08,1.238
2012-02-07,1.265
2012-02-06,1.254
2012-02-03,1.248
2012-02-02,1.039
2012-02-01,1.039
2012-01-31,1.038
2012-01-30,1.036
2012-01-27,1.04
2012-01-26,1.04
2012-01-25,1.035
2012-01-24,1.041
2012-01-23,1.056
2012-01-20,1.035
2012-01-19,1.04
2012-01-18,1.04
2012-01-17,1.035
2012-01-16,1.036
2012-01-13,1.036
2012-01-12,1.035
2012-01-11,1.04
2012-01-10,1.035
2012-01-09,1.035
2012-01-06,1.045
2012-01-05,1.035
2012-01-04,1.041
2012-01-03,1.042
2012-01-02,1.05
2011-12-30,1.035
2011-12-29,1.04
2011-12-28,1.037
2011-12-27,1.039
2011-12-26,1.04
2011-12-23,1.04
2011-12-22,1.035
2011-12-21,1.035
2011-12-20,1.035
2011-12-19,1.037
2011-12-16,1.041
2011-12-15,1.046
2011-12-14,1.035
2011-12-13,1.035
2011-12-12,1.041
2011-12-09,1.075
2011-12-08,1.07
2011-12-07,1.089
2011-12-06,1.1
2011-12-05,1.11
2011-12-02,1.038
2011-12-01,1.035
2011-11-30,1.049
2011-11-29,1.045
2011-11-28,1.049
2011-11-25,1.044
2011-11-24,1.035
2011-11-23,1.044
2011-11-22,1.035
2011-11-21,1.078
2011-11-18,1.035
2011-11-17,1.04
2011-11-16,1.035
2011-11-15,1.035
2011-11-14,1.05
2011-11-11,1.035
2011-11-10,1.035
2011-11-09,1.035
2011-11-08,1.036
2011-11-07,1.039
2011-11-04,1.035
2011-11-03,1.035
2011-11-02,1.035
2011-11-01,1.039
2011-10-31,1.035
2011-10-28,1.041
2011-10-27,1.052
2011-10-26,1.035
2011-10-25,1.044
2011-10-24,1.035
2011-10-21,1.044
2011-10-20,1.035
2011-10-19,1.041
2011-10-18,1.035
2011-10-17,1.036
2011-10-14,1.041
2011-10-13,1.035
2011-10-12,1.04
2011-10-11,1.03
2011-10-10,1.049
2011-10-07,0.998
2011-10-06,1.008
2011-10-05,1.009
2011-10-04,0.995
2011-10-03,1.003
2011-09-30,1.034
2011-09-29,1.037
2011-09-28,1.045
2011-09-27,1.024
2011-09-26,1.0
2011-09-23,1.0
2011-09-22,1.005
2011-09-21,1.046
2011-09-20,1.108
2011-09-19,1.082
2011-09-16,1.13
2011-09-15,1.1
2011-09-14,1.058
2011-09-13,1.04
2011-09-12,1.043
2011-09-09,1.119
2011-09-08,1.156
2011-09-07,1.186
2011-09-06,1.188
2011-09-05,1.262
2011-09-02,1.305
2011-09-01,1.338
2011-08-31,1.325
2011-08-30,1.358
2011-08-29,1.346
2011-08-26,1.358
2011-08-25,1.367
2011-08-24,1.331
2011-08-23,1.3
2011-08-22,1.28
2011-08-19,1.285
2011-08-18,1.238
2011-08-17,1.285
2011-08-16,1.241
2011-08-15,1.204
2011-08-12,1.184
2011-08-11,1.148
2011-08-10,1.145
2011-08-09,1.142
2011-08-08,1.159
2011-08-05,1.212
2011-08-04,1.245
2011-08-03,1.252
2011-08-02,1.252
2011-08-01,1.275
2011-07-29,1.3
2011-07-28,1.3
2011-07-27,1.264
2011-07-26,1.3
2011-07-25,1.299
2011-07-22,1.306
2011-07-21,1.309
2011-07-20,1.263
2011-07-19,1.21
2011-07-18,1.2
2011-07-15,1.2
2011-07-14,1.24
2011-07-13,1.285
2011-07-12,1.315
2011-07-11,1.36
2011-07-08,1.446
2011-07-07,1.486
2011-07-06,1.485
2011-07-05,1.555
2011-07-04,1.566
2011-07-01,1.571
2011-06-30,1.6
2011-06-29,1.565
2011-06-28,1.557
2011-06-27,1.565
2011-06-24,1.568
2011-06-23,1.57
2011-06-22,1.596
2011-06-21,1.627
2011-06-20,1.61
2011-06-17,1.61
2011-06-16,1.62
2011-06-15,1.608
2011-06-14,1.642
2011-06-13,1.625
2011-06-10,1.625
2011-06-09,1.63
2011-06-08,1.635
2011-06-07,1.64
2011-06-06,1.658
2011-06-03,1.676
2011-06-02,1.662
2011-06-01,1.682
2011-05-31,1.7
2011-05-30,1.696
2011-05-27,1.705
2011-05-26,1.726
2011-05-25,1.731
2011-05-24,1.725
2011-05-23,1.717
2011-05-20,1.724
2011-05-19,1.76
2011-05-18,1.787
2011-05-17,1.712
2011-05-16,1.726
2011-05-13,1.737
2011-05-12,1.769
2011-05-11,1.791
2011-05-10,1.785
2011-05-09,1.865
2011-05-06,1.861
2011-05-05,1.839
2011-05-04,1.811
2011-05-03,1.811
2011-05-02,1.82
2011-04-29,1.79
2011-04-28,1.77
2011-04-27,1.741
2011-04-26,1.729
2011-04-25,1.722
2011-04-22,1.722
2011-04-21,1.722
2011-04-20,1.72
2011-04-19,1.708
2011-04-18,1.694
2011-04-15,1.714
2011-04-14,1.74
2011-04-13,1.754
2011-04-12,1.752
2011-04-11,1.781
2011-04-08,1.805
2011-04-07,1.815
2011-04-06,1.802
2011-04-05,1.765
2011-04-04,1.81
2011-04-01,1.815
2011-03-31,1.82
2011-03-30,1.85
2011-03-29,1.87
2011-03-28,1.888
2011-03-25,1.875
2011-03-24,1.879
2011-03-23,1.835
2011-03-22,1.873
2011-03-21,1.934
2011-03-18,1.944
2011-03-17,1.92
2011-03-16,1.933
2011-03-15,1.987
2011-03-14,2.01
2011-03-11,2.0
2011-03-10,1.985
2011-03-09,2.01
2011-03-08,2.003
2011-03-07,1.994
2011-03-04,1.975
2011-03-03,1.972
2011-03-02,1.98
2011-03-01,1.995
2011-02-28,1.98
2011-02-25,1.971
2011-02-24,1.932
2011-02-23,1.957
2011-02-22,1.967
2011-02-21,1.975
2011-02-18,2.059
2011-02-17,2.062
2011-02-16,2.062
2011-02-15,2.06
2011-02-14,2.07
2011-02-11,2.056
2011-02-10,2.047
2011-02-09,2.08
2011-02-08,2.03
2011-02-07,2.021
2011-02-04,1.999
2011-02-03,1.972
2011-02-02,2.0
2011-02-01,1.98
2011-01-31,1.987
2011-01-28,1.97
2011-01-27,1.999
2011-01-26,2.0
2011-01-25,1.996
2011-01-24,2.02
2011-01-21,1.975
2011-01-20,1.98
2011-01-19,1.96
2011-01-18,1.936
2011-01-17,1.9
2011-01-14,1.854
2011-01-13,1.79
2011-01-12,1.762
2011-01-11,1.7
2011-01-10,1.65
2011-01-07,1.68
2011-01-06,1.758
2011-01-05,1.768
2011-01-04,1.794
2011-01-03,1.771
2010-12-31,1.743
2010-12-30,1.73
2010-12-29,1.736
2010-12-28,1.756
2010-12-27,1.76
2010-12-24,1.8
2010-12-23,1.797
2010-12-22,1.798
2010-12-21,1.794
2010-12-20,1.794
2010-12-17,1.814
2010-12-16,1.841
2010-12-15,1.86
2010-12-14,1.9
2010-12-13,1.911
2010-12-10,1.866
2010-12-09,1.875
2010-12-08,1.873
2010-12-07,1.864
2010-12-06,1.83
2010-12-03,1.802
2010-12-02,1.751
2010-12-01,1.736
2010-11-30,1.676
2010-11-29,1.738
2010-11-26,1.81
2010-11-25,1.874
2010-11-24,1.925
2010-11-23,1.932
2010-11-22,1.982
2010-11-19,2.0
2010-11-18,2.0
2010-11-17,2.0
2010-11-16,1.977
2010-11-15,1.999
2010-11-12,1.98
2010-11-11,1.96
2010-11-10,2.014
2010-11-09,2.04
2010-11-08,2.02
2010-11-05,2.051
2010-11-04,2.12
2010-11-03,2.139
2010-11-02,2.142
2010-11-01,2.151
2010-10-29,2.14
2010-10-28,2.145
2010-10-27,2.12
2010-10-26,2.149
2010-10-25,2.149
2010-10-22,2.15
2010-10-21,2.164
2010-10-20,2.169
2010-10-19,2.175
2010-10-18,2.145
2010-10-15,2.116
2010-10-14,2.103
2010-10-13,2.116
2010-10-12,2.11
2010-10-11,2.142
2010-10-08,2.152
2010-10-07,2.159
2010-10-06,2.131
2010-10-05,2.119
2010-10-04,2.1
2010-10-01,2.121
2010-09-30,2.133
2010-09-29,2.12
2010-09-28,2.13
2010-09-27,2.127
2010-09-24,2.133
2010-09-23,2.141
2010-09-22,2.152
2010-09-21,2.17
2010-09-20,2.21
2010-09-17,2.194
2010-09-16,2.249
2010-09-15,2.248
2010-09-14,2.27
2010-09-13,2.27
2010-09-10,2.25
2010-09-09,2.21
2010-09-08,2.204
2010-09-07,2.231
2010-09-06,2.252
2010-09-03,2.24
2010-09-02,2.246
2010-09-01,2.229
2010-08-31,2.221
2010-08-30,2.18
2010-08-27,2.14
2010-08-26,2.12
2010-08-25,2.095
2010-08-24,2.155
2010-08-23,2.2
2010-08-20,2.161
2010-08-19,2.18
2010-08-18,2.217
2010-08-17,2.21
2010-08-16,2.155
2010-08-13,2.19
2010-08-12,2.16
2010-08-11,2.194
2010-08-10,2.272
2010-08-09,2.245
2010-08-06,2.21
2010-08-05,2.25
2010-08-04,2.226
2010-08-03,2.265
2010-08-02,2.21
2010-07-30,2.16
2010-07-29,2.149
2010-07-28,2.155
2010-07-27,2.161
2010-07-26,2.18
2010-07-23,2.175
2010-07-22,2.175
2010-07-21,2.157
2010-07-20,2.18
2010-07-19,2.19
2010-07-16,2.172
2010-07-15,2.18
2010-07-14,2.22
2010-07-13,2.266
2010-07-12,2.24
2010-07-09,2.254
2010-07-08,2.219
2010-07-07,2.15
2010-07-06,2.15
2010-07-05,2.117
2010-07-02,2.125
2010-07-01,2.113
2010-06-30,2.14
2010-06-29,2.168
2010-06-28,2.214
2010-06-25,2.188
2010-06-24,2.186
2010-06-23,2.28
2010-06-22,2.31
2010-06-21,2.382
2010-06-18,2.27
2010-06-17,2.23
2010-06-16,2.24
2010-06-15,2.23
2010-06-14,2.202
2010-06-11,2.163
2010-06-10,2.162
2010-06-09,2.054
2010-06-08,2.055
2010-06-07,2.085
2010-06-04,2.111
2010-06-03,2.161
2010-06-02,2.159
2010-06-01,2.175
2010-05-31,2.169
2010-05-28,2.154
2010-05-27,2.145
2010-05-26,2.104
2010-05-25,2.088
2010-05-24,2.153
2010-05-21,2.123
2010-05-20,2.091
2010-05-19,2.121
2010-05-18,2.213
2010-05-17,2.167
2010-05-14,2.251
2010-05-13,2.38
2010-05-12,2.405
2010-05-11,2.328
2010-05-10,2.439
2010-05-07,2.23
2010-05-06,2.332
2010-05-05,2.43
2010-05-04,2.559
2010-05-03,2.69
2010-04-30,2.707
2010-04-29,2.662
2010-04-28,2.521
2010-04-27,2.75
2010-04-26,2.999
2010-04-23,3.035
2010-04-22,2.95
2010-04-21,3.03
2010-04-20,3.157
2010-04-19,3.174
2010-04-16,3.219
2010-04-15,3.296
2010-04-14,3.29
2010-04-13,3.245
2010-04-12,3.252
2010-04-09,3.252
2010-04-08,3.187
2010-04-07,3.23
2010-04-06,3.246
2010-04-05,3.26
2010-04-02,3.26
2010-04-01,3.26
2010-03-31,3.243
2010-03-30,3.3
2010-03-29,3.311
2010-03-26,3.259
2010-03-25,3.221
2010-03-24,3.19
2010-03-23,3.253
2010-03-22,3.24
2010-03-19,3.29
2010-03-18,3.32
2010-03-17,3.33
2010-03-16,3.269
2010-03-15,3.316
2010-03-12,3.434
2010-03-11,3.41
2010-03-10,3.3
2010-03-09,3.22
2010-03-08,3.241
2010-03-05,3.315
2010-03-04,3.23
2010-03-03,3.23
2010-03-02,3.232
2010-03-01,3.22
2010-02-26,3.153
2010-02-25,3.118
2010-02-24,3.111
2010-02-23,3.131
2010-02-22,3.242
2010-02-19,3.23
2010-02-18,3.173
2010-02-17,3.135
2010-02-16,3.07
2010-02-15,3.086
2010-02-12,3.035
2010-02-11,3.081
2010-02-10,3.12
2010-02-09,3.1
2010-02-08,3.0
2010-02-05,2.98
2010-02-04,3.092
2010-02-03,3.32
2010-02-02,3.437
2010-02-01,3.369
2010-01-29,3.295
2010-01-28,3.44
2010-01-27,3.55
2010-01-26,3.638
2010-01-25,3.7
2010-01-22,3.511
2010-01-21,3.556
2010-01-20,3.628
2010-01-19,3.75
2010-01-18,3.8
2010-01-15,3.752
2010-01-14,3.804
2010-01-13,3.87
2010-01-12,3.89
2010-01-11,3.971
2010-01-08,3.932
2010-01-07,3.949
2010-01-06,3.995
2010-01-05,3.99
2010-01-04,3.973
2009-12-31,3.938
2009-12-30,3.86
2009-12-29,3.846
2009-12-28,3.841
2009-12-24,3.892
2009-12-23,3.93
2009-12-22,3.8
2009-12-21,3.63
2009-12-18,3.581
2009-12-17,3.54
2009-12-16,3.6
2009-12-15,3.594
2009-12-14,3.522
2009-12-11,3.471
2009-12-10,3.55
2009-12-09,3.539
2009-12-08,3.676
2009-12-07,3.74
2009-12-04,3.79
2009-12-03,3.807
2009-12-02,3.816
2009-12-01,3.834
2009-11-30,3.819
2009-11-27,3.88
2009-11-26,3.9
2009-11-25,4.077
2009-11-24,4.11
2009-11-23,4.133
2009-11-20,4.1
2009-11-19,4.165
2009-11-18,4.17
2009-11-17,4.076
2009-11-16,4.068
2009-11-13,4.025
2009-11-12,4.035
2009-11-11,4.085
2009-11-10,4.086
2009-11-09,4.16
2009-11-06,4.12
2009-11-05,4.1
2009-11-04,4.058
2009-11-03,4.044
2009-11-02,4.062
2009-10-30,4.037
2009-10-29,4.05
2009-10-28,3.95
2009-10-27,4.17
2009-10-26,4.2
2009-10-23,4.235
2009-10-22,4.147
2009-10-21,4.224
2009-10-20,4.21
2009-10-19,4.295
2009-10-16,4.2
2009-10-15,4.3
2009-10-14,4.35
2009-10-13,4.3
2009-10-12,4.393
2009-10-09,4.322
2009-10-08,4.28
2009-10-07,4.15
2009-10-06,3.94
2009-10-05,3.849
2009-10-02,3.729
2009-10-01,3.78
2009-09-30,3.8
2009-09-29,3.848
2009-09-28,3.838
2009-09-25,3.811
2009-09-24,3.73
2009-09-23,3.79
2009-09-22,3.751
2009-09-21,3.539
2009-09-18,3.52
2009-09-17,3.515
2009-09-16,3.489
2009-09-15,3.411
2009-09-14,3.399
2009-09-11,3.401
2009-09-10,3.401
2009-09-09,3.427
2009-09-08,3.359
2009-09-07,3.31
2009-09-04,3.27
2009-09-03,3.28
2009-09-02,3.201
2009-09-01,3.31
2009-08-31,3.41
2009-08-28,3.492
2009-08-27,3.46
2009-08-26,3.551
2009-08-25,3.43
2009-08-24,3.455
2009-08-21,3.359
2009-08-20,3.33
2009-08-19,3.233
2009-08-18,3.2
2009-08-17,3.14
2009-08-14,3.21
2009-08-13,3.17
2009-08-12,3.069
2009-08-11,3.058
2009-08-10,3.04
2009-08-07,3.009
2009-08-06,2.993
2009-08-05,2.999
2009-08-04,3.01
2009-08-03,3.006
2009-07-31,2.99
2009-07-30,3.0
2009-07-29,3.012
2009-07-28,3.03
2009-07-27,3.03
2009-07-24,3.04
2009-07-23,3.059
2009-07-22,3.03
2009-07-21,3.03
2009-07-20,3.018
2009-07-17,3.0
2009-07-16,3.02
2009-07-15,3.048
2009-07-14,3.05
2009-07-13,3.0
2009-07-10,2.985
2009-07-09,3.039
2009-07-08,2.991
2009-07-07,3.091
2009-07-06,3.141
2009-07-03,3.22
2009-07-02,3.251
2009-07-01,3.349
2009-06-30,3.23
2009-06-29,3.23
2009-06-26,3.155
2009-06-25,3.136
2009-06-24,3.121
2009-06-23,3.148
2009-06-22,3.18
2009-06-19,3.25
2009-06-18,3.134
2009-06-17,3.061
2009-06-16,3.199
2009-06-15,3.29
2009-06-12,3.375
2009-06-11,3.329
2009-06-10,3.19
2009-06-09,3.164
2009-06-08,3.18
2009-06-05,3.26
2009-06-04,3.293
2009-06-03,3.31
2009-06-02,3.33
2009-06-01,3.3
2009-05-29,3.242
2009-05-28,3.32
2009-05-27,3.346
2009-05-26,3.334
2009-05-25,3.34
2009-05-22,3.335
2009-05-21,3.261
2009-05-20,3.395
2009-05-19,3.255
2009-05-18,3.246
2009-05-15,3.234
2009-05-14,3.14
2009-05-13,3.02
2009-05-12,3.29
2009-05-11,3.5
2009-05-08,3.5
2009-05-07,3.5
2009-05-06,3.48
2009-05-05,3.519
2009-05-04,3.519
2009-05-01,3.29
2009-04-30,3.29
2009-04-29,3.16
2009-04-28,3.08
2009-04-27,3.095
2009-04-24,3.12
2009-04-23,3.0
2009-04-22,3.074
2009-04-21,3.1
2009-04-20,3.06
2009-04-17,3.35
2009-04-16,3.0
2009-04-15,2.7
2009-04-14,2.76
2009-04-13,2.82
2009-04-10,2.82
2009-04-09,2.82
2009-04-08,2.669
2009-04-07,2.581
2009-04-06,2.66
2009-04-03,2.68
2009-04-02,2.63
2009-04-01,2.641
2009-03-31,2.52
2009-03-30,2.385
2009-03-27,2.38
2009-03-26,2.341
2009-03-25,2.347
2009-03-24,2.358
2009-03-23,2.38
2009-03-20,2.314
2009-03-19,2.312
2009-03-18,2.3
2009-03-17,2.39
2009-03-16,2.345
2009-03-13,2.308
2009-03-12,2.321
2009-03-11,2.23
2009-03-10,2.2
2009-03-09,2.128
2009-03-06,2.123
2009-03-05,2.11
2009-03-04,2.175
2009-03-03,2.123
2009-03-02,2.193
2009-02-27,2.22
2009-02-26,2.157
2009-02-25,2.122
2009-02-24,2.17
2009-02-23,2.202
2009-02-20,2.202
2009-02-19,2.25
2009-02-18,2.285
2009-02-17,2.22
2009-02-16,2.295
2009-02-13,2.32
2009-02-12,2.34
2009-02-11,2.35
2009-02-10,2.36
2009-02-09,2.37
2009-02-06,2.35
2009-02-05,2.33
2009-02-04,2.387
2009-02-03,2.334
2009-02-02,2.355
2009-01-30,2.439
2009-01-29,2.49
2009-01-28,2.49
2009-01-27,2.338
2009-01-26,2.338
2009-01-23,2.27
2009-01-22,2.339
2009-01-21,2.32
2009-01-20,2.36
2009-01-19,2.43
2009-01-16,2.509
2009-01-15,2.519
2009-01-14,2.54
2009-01-13,2.63
2009-01-12,2.58
2009-01-09,2.63
2009-01-08,2.62
2009-01-07,2.535
2009-01-06,2.581
2009-01-05,2.476
2009-01-02,2.33
2009-01-01,2.35
2008-12-31,2.35
2008-12-30,2.3
2008-12-29,2.25
2008-12-26,2.292
2008-12-25,2.292
2008-12-24,2.292
2008-12-23,2.265
2008-12-22,2.27
2008-12-19,2.203
2008-12-18,2.22
2008-12-17,2.232
2008-12-16,2.262
2008-12-15,2.278
2008-12-12,2.31
2008-12-11,2.34
2008-12-10,2.359
2008-12-09,2.31
2008-12-08,2.33
2008-12-05,2.264
2008-12-04,2.262
2008-12-03,2.339
2008-12-02,2.34
2008-12-01,2.34
2008-11-28,2.35
2008-11-27,2.27
2008-11-26,2.15
2008-11-25,2.18
2008-11-24,2.249
2008-11-21,2.282
2008-11-20,2.45
2008-11-19,2.53
2008-11-18,2.57
2008-11-17,2.579
2008-11-14,2.651
2008-11-13,2.65
2008-11-12,2.65
2008-11-11,2.64
2008-11-10,2.685
2008-11-07,2.729
2008-11-06,2.64
2008-11-05,2.71
2008-11-04,2.7
2008-11-03,2.6
2008-10-31,2.535
2008-10-30,2.45
2008-10-29,2.45
2008-10-28,2.388
2008-10-27,2.342
2008-10-24,2.44
2008-10-23,2.572
2008-10-22,2.47
2008-10-21,2.573
2008-10-20,2.55
2008-10-17,2.5
2008-10-16,2.48
2008-10-15,2.6
2008-10-14,2.72
2008-10-13,2.5
2008-10-10,2.124
2008-10-09,2.3
2008-10-08,2.46
2008-10-07,2.58
2008-10-06,2.76
2008-10-03,3.0
2008-10-02,3.03
2008-10-01,3.11
2008-09-30,3.051
2008-09-29,3.016
2008-09-26,3.11
2008-09-25,3.119
2008-09-24,3.159
2008-09-23,3.23
2008-09-22,3.3
2008-09-19,3.351
2008-09-18,3.318
2008-09-17,3.41
2008-09-16,3.49
2008-09-15,3.53
2008-09-12,3.67
2008-09-11,3.615
2008-09-10,3.62
2008-09-09,3.7
2008-09-08,3.75
2008-09-05,3.59
2008-09-04,3.745
2008-09-03,3.825
2008-09-02,3.771
2008-09-01,3.625
2008-08-29,3.64
2008-08-28,3.5
2008-08-27,3.53
2008-08-26,3.51
2008-08-25,3.55
2008-08-22,3.55
2008-08-21,3.51
2008-08-20,3.54
2008-08-19,3.56
2008-08-18,3.67
2008-08-15,3.7
2008-08-14,3.7
2008-08-13,3.7
2008-08-12,3.85
2008-08-11,3.85
2008-08-08,3.68
2008-08-07,3.7
2008-08-06,3.67
2008-08-05,3.72
2008-08-04,3.66
2008-08-01,3.7
2008-07-31,3.78
2008-07-30,3.82
2008-07-29,3.73
2008-07-28,3.78
2008-07-25,3.82
2008-07-24,3.82
2008-07-23,3.96
2008-07-22,3.9
2008-07-21,3.91
2008-07-18,3.77
2008-07-17,3.66
2008-07-16,3.47
2008-07-15,3.57
2008-07-14,3.74
2008-07-11,3.81
2008-07-10,3.94
2008-07-09,4.04
2008-07-08,3.92
2008-07-07,3.96
2008-07-04,3.8
2008-07-03,3.68
2008-07-02,3.7
2008-07-01,3.7
2008-06-30,4.09
2008-06-27,4.34
2008-06-26,4.51
2008-06-25,4.71
2008-06-24,4.68
2008-06-23,4.86
2008-06-20,4.93
2008-06-19,5.0
2008-06-18,5.15
2008-06-17,5.19
2008-06-16,5.1
2008-06-13,4.93
2008-06-12,4.97
2008-06-11,5.05
2008-06-10,5.08
2008-06-09,5.2
2008-06-06,5.35
2008-06-05,5.54
2008-06-04,5.58
2008-06-03,5.63
2008-06-02,5.6
2008-05-30,5.46
2008-05-29,5.36
2008-05-28,5.42
2008-05-27,5.38
2008-05-26,5.6
2008-05-23,5.63
2008-05-22,5.63
2008-05-21,5.72
2008-05-20,5.7
2008-05-19,5.77
2008-05-16,5.81
2008-05-15,5.78
2008-05-14,5.78
2008-05-13,5.81
2008-05-12,5.9
2008-05-09,5.85
2008-05-08,5.84
2008-05-07,5.89
2008-05-06,5.75
2008-05-05,5.77
2008-05-02,5.78
2008-05-01,5.73
2008-04-30,5.73
2008-04-29,5.64
2008-04-28,5.65
2008-04-25,5.58
2008-04-24,5.58
2008-04-23,5.58
2008-04-22,5.71
2008-04-21,5.75
2008-04-18,5.79
2008-04-17,5.66
2008-04-16,5.75
2008-04-15,5.47
2008-04-14,5.28
2008-04-11,5.2
2008-04-10,5.24
2008-04-09,5.25
2008-04-08,5.13
2008-04-07,5.02
2008-04-04,5.0
2008-04-03,5.0
2008-04-02,4.99
2008-04-01,4.93
2008-03-31,4.81
2008-03-28,4.8
2008-03-27,4.75
2008-03-26,4.6
2008-03-25,4.66
2008-03-24,4.44
2008-03-21,4.44
2008-03-20,4.44
2008-03-19,4.48
2008-03-18,4.39
2008-03-17,4.2
2008-03-14,4.37
2008-03-13,4.4
2008-03-12,4.6
2008-03-11,4.4
2008-03-10,4.33
2008-03-07,4.55
2008-03-06,4.65
2008-03-05,4.79
2008-03-04,4.65
2008-03-03,4.65
2008-02-29,4.56
2008-02-28,4.79
2008-02-27,4.83
2008-02-26,4.86
2008-02-25,4.84
2008-02-22,4.91
2008-02-21,4.83
2008-02-20,4.73
2008-02-19,4.72
2008-02-18,4.69
2008-02-15,4.59
2008-02-14,4.65
2008-02-13,4.5
2008-02-12,4.42
2008-02-11,4.34
2008-02-08,4.4
2008-02-07,4.26
2008-02-06,4.4
2008-02-05,4.36
2008-02-04,4.52
2008-02-01,4.41
2008-01-31,4.17
2008-01-30,4.18
2008-01-29,4.21
2008-01-28,4.11
2008-01-25,4.2
2008-01-24,4.05
2008-01-23,4.0
2008-01-22,4.18
2008-01-21,3.92
2008-01-18,4.2
2008-01-17,4.26
2008-01-16,4.22
2008-01-15,4.4
2008-01-14,4.59
2008-01-11,4.58
2008-01-10,4.61
2008-01-09,4.67
2008-01-08,4.9
2008-01-07,4.94
2008-01-04,5.0
2008-01-03,5.02
2008-01-02,5.02
2008-01-01,5.12
2007-12-31,5.12
2007-12-28,5.1
2007-12-27,5.11
2007-12-26,5.15
2007-12-25,5.15
2007-12-24,5.15
2007-12-21,5.2
2007-12-20,5.17
2007-12-19,5.15
2007-12-18,5.16
2007-12-17,5.18
2007-12-14,5.33
2007-12-13,5.21
2007-12-12,5.35
2007-12-11,5.4
2007-12-10,5.49
2007-12-07,5.44
2007-12-06,5.49
2007-12-05,5.42
2007-12-04,5.27
2007-12-03,5.25
2007-11-30,5.18
2007-11-29,5.16
2007-11-28,5.18
2007-11-27,5.05
2007-11-26,5.11
2007-11-23,5.12
2007-11-22,5.12
2007-11-21,5.14
2007-11-20,5.22
2007-11-19,5.3
2007-11-16,5.45
2007-11-15,5.51
2007-11-14,5.63
2007-11-13,5.68
2007-11-12,5.65
2007-11-09,5.58
2007-11-08,5.63
2007-11-07,5.65
2007-11-06,5.57
2007-11-05,5.47
2007-11-02,5.46
2007-11-01,5.52
2007-10-31,5.7
2007-10-30,5.74
2007-10-29,5.78
2007-10-26,5.6
2007-10-25,5.58
2007-10-24,5.7
2007-10-23,5.88
2007-10-22,5.87
2007-10-19,6.04
2007-10-18,5.98
2007-10-17,6.08
2007-10-16,5.98
2007-10-15,6.04
2007-10-12,6.07
2007-10-11,6.18
2007-10-10,6.1
2007-10-09,5.8
2007-10-08,5.85
2007-10-05,5.72
2007-10-04,5.71
2007-10-03,5.6
2007-10-02,5.54
2007-10-01,5.52
2007-09-28,5.35
2007-09-27,5.34
2007-09-26,5.12
2007-09-25,5.24
2007-09-24,5.39
2007-09-21,5.5
2007-09-20,5.43
2007-09-19,5.56
2007-09-18,5.28
2007-09-17,5.12
2007-09-14,5.46
2007-09-13,5.66
2007-09-12,5.88
2007-09-11,5.8
2007-09-10,5.57
2007-09-07,5.87
2007-09-06,6.04
2007-09-05,6.02
2007-09-04,6.14
2007-09-03,6.13
2007-08-31,5.69
2007-08-30,5.42
2007-08-29,5.46
2007-08-28,5.55
2007-08-27,5.79
2007-08-24,5.79
2007-08-23,5.82
2007-08-22,5.7
2007-08-21,5.66
2007-08-20,5.9
2007-08-17,5.9
2007-08-16,5.6
2007-08-15,6.22
2007-08-14,6.35
2007-08-13,6.51
2007-08-10,6.25
2007-08-09,6.5
2007-08-08,6.6
2007-08-07,6.44
2007-08-06,6.39
2007-08-03,6.55
2007-08-02,6.55
2007-08-01,6.4
2007-07-31,6.5
2007-07-30,6.45
2007-07-27,6.5
2007-07-26,6.41
2007-07-25,6.72
2007-07-24,6.97
2007-07-23,7.04
2007-07-20,7.0
2007-07-19,7.05
2007-07-18,7.08
2007-07-17,6.95
2007-07-16,6.97
2007-07-13,7.0
2007-07-12,7.08
2007-07-11,7.15
2007-07-10,7.2
2007-07-09,7.15
2007-07-06,7.05
2007-07-05,7.1
2007-07-04,7.12
2007-07-03,7.13
2007-07-02,7.08
2007-06-29,7.1
2007-06-28,7.17
2007-06-27,7.5
2007-06-26,7.95
2007-06-25,8.1
2007-06-22,8.0
2007-06-21,7.58
2007-06-20,7.5
2007-06-19,7.5
2007-06-18,7.2
2007-06-15,7.1
2007-06-14,7.0
2007-06-13,6.95
2007-06-12,6.96
2007-06-11,7.06
2007-06-08,6.9
2007-06-07,6.9
2007-06-06,6.97
2007-06-05,7.25
2007-06-04,6.99
2007-06-01,7.07
2007-05-31,7.07
2007-05-30,6.99
2007-05-29,7.07
2007-05-28,7.1
2007-05-25,6.74
2007-05-24,6.41
2007-05-23,6.42
2007-05-22,6.44
2007-05-21,6.38
2007-05-18,6.17
2007-05-17,6.15
2007-05-16,6.07
2007-05-15,6.12
2007-05-14,6.08
2007-05-11,6.06
2007-05-10,6.12
2007-05-09,6.2
2007-05-08,6.22
2007-05-07,6.29
2007-05-04,6.25
2007-05-03,6.26
2007-05-02,6.29
2007-05-01,6.1
2007-04-30,6.1
2007-04-27,6.15
2007-04-26,6.12
2007-04-25,6.12
2007-04-24,6.1
2007-04-23,6.24
2007-04-20,6.25
2007-04-19,6.24
2007-04-18,6.3
2007-04-17,6.34
2007-04-16,6.37
2007-04-13,6.24
2007-04-12,6.17
2007-04-11,6.1
2007-04-10,6.2
2007-04-09,6.1
2007-04-06,6.1
2007-04-05,6.1
2007-04-04,6.1
2007-04-03,6.07
2007-04-02,6.04
2007-03-30,5.93
2007-03-29,5.92
2007-03-28,5.91
2007-03-27,5.9
2007-03-26,5.89
2007-03-23,5.9
2007-03-22,5.89
2007-03-21,5.9
2007-03-20,5.77
2007-03-19,5.72
2007-03-16,5.65
2007-03-15,5.7
2007-03-14,5.56
2007-03-13,5.62
2007-03-12,5.75
2007-03-09,5.85
2007-03-08,5.78
2007-03-07,5.72
2007-03-06,5.73
2007-03-05,5.5
2007-03-02,5.65
2007-03-01,5.71
2007-02-28,5.87
2007-02-27,5.85
2007-02-26,6.08
2007-02-23,6.08
2007-02-22,6.08
2007-02-21,6.1
2007-02-20,6.04
2007-02-19,6.08
2007-02-16,6.07
2007-02-15,6.02
2007-02-14,6.0
2007-02-13,6.04
2007-02-12,6.08
2007-02-09,6.09
2007-02-08,5.86
2007-02-07,5.86
2007-02-06,5.89
2007-02-05,5.85
2007-02-02,5.85
2007-02-01,5.84
2007-01-31,5.86
2007-01-30,5.84
2007-01-29,5.84
2007-01-26,5.82
2007-01-25,5.84
2007-01-24,5.84
2007-01-23,5.8
2007-01-22,5.84
2007-01-19,5.83
2007-01-18,5.85
2007-01-17,5.86
2007-01-16,5.85
2007-01-15,5.89
2007-01-12,5.83
2007-01-11,5.85
2007-01-10,5.66
2007-01-09,5.66
2007-01-08,5.39
2007-01-05,5.23
2007-01-04,5.2
2007-01-03,5.25
2007-01-02,5.17
2007-01-01,5.14
2006-12-29,5.14
2006-12-28,5.11
2006-12-27,5.09
2006-12-26,5.16
2006-12-25,5.16
2006-12-22,5.16
2006-12-21,5.18
2006-12-20,5.2
2006-12-19,5.19
2006-12-18,5.2
2006-12-15,5.21
2006-12-14,5.23
2006-12-13,5.23
2006-12-12,5.19
2006-12-11,5.17
2006-12-08,5.16
2006-12-07,5.15
2006-12-06,5.23
2006-12-05,5.25
2006-12-04,5.27
2006-12-01,5.25
2006-11-30,5.3
2006-11-29,5.2
2006-11-28,5.04
2006-11-27,5.18
2006-11-24,5.29
2006-11-23,5.25
2006-11-22,5.22
2006-11-21,5.22
2006-11-20,5.18
2006-11-17,5.2
2006-11-16,5.24
2006-11-15,5.1
2006-11-14,5.08
2006-11-13,4.94
2006-11-10,4.92
2006-11-09,4.87
2006-11-08,4.8
2006-11-07,4.79
2006-11-06,4.77
2006-11-03,4.79
2006-11-02,4.79
2006-11-01,4.83
2006-10-31,4.86
2006-10-30,4.9
2006-10-27,4.92
2006-10-26,4.92
2006-10-25,4.9
2006-10-24,4.9
2006-10-23,4.94
2006-10-20,4.9
2006-10-19,4.85
2006-10-18,4.84
2006-10-17,4.67
2006-10-16,4.75
2006-10-13,4.77
2006-10-12,4.75
2006-10-11,4.81
2006-10-10,4.62
2006-10-09,4.6
2006-10-06,4.51
2006-10-05,4.46
2006-10-04,4.38
2006-10-03,4.37
2006-10-02,4.36
2006-09-29,4.44
2006-09-28,4.44
2006-09-27,4.48
2006-09-26,4.39
2006-09-25,4.36
2006-09-22,4.35
2006-09-21,4.36
2006-09-20,4.35
2006-09-19,4.37
2006-09-18,4.39
2006-09-15,4.37
2006-09-14,4.35
2006-09-13,4.4
2006-09-12,4.39
2006-09-11,4.38
2006-09-08,4.39
2006-09-07,4.35
2006-09-06,4.43
2006-09-05,4.5
2006-09-04,4.5
2006-09-01,4.48
2006-08-31,4.47
2006-08-30,4.43
2006-08-29,4.48
2006-08-28,4.34
2006-08-25,4.3
2006-08-24,4.33
2006-08-23,4.36
2006-08-22,4.38
2006-08-21,4.36
2006-08-18,4.37
2006-08-17,4.37
2006-08-16,4.4
2006-08-15,4.36
2006-08-14,4.37
2006-08-11,4.38
2006-08-10,4.37
2006-08-09,4.41
2006-08-08,4.4
2006-08-07,4.4
2006-08-04,4.41
2006-08-03,4.35
2006-08-02,4.43
2006-08-01,4.45
2006-07-31,4.35
2006-07-28,4.23
2006-07-27,4.22
2006-07-26,4.2
2006-07-25,4.1
2006-07-24,4.06
2006-07-21,4.0
2006-07-20,4.0
2006-07-19,4.08
2006-07-18,4.02
2006-07-17,4.07
2006-07-14,4.08
2006-07-13,4.11
2006-07-12,4.15
2006-07-11,4.15
2006-07-10,4.15
2006-07-07,4.14
2006-07-06,4.13
2006-07-05,4.16
2006-07-04,4.23
2006-07-03,4.22
2006-06-30,4.13
2006-06-29,4.14
2006-06-28,4.13
2006-06-27,4.22
2006-06-26,4.11
2006-06-23,3.97
2006-06-22,3.97
2006-06-21,3.96
2006-06-20,3.99
2006-06-19,4.0
2006-06-16,4.0
2006-06-15,4.0
2006-06-14,4.0
2006-06-13,4.1
2006-06-12,4.17
2006-06-09,4.14
2006-06-08,4.01
2006-06-07,4.13
2006-06-06,4.13
2006-06-05,4.28
2006-06-02,4.27
2006-06-01,4.28
2006-05-31,4.27
2006-05-30,4.39
2006-05-29,4.47
2006-05-26,4.36
2006-05-25,4.13
2006-05-24,4.09
2006-05-23,4.2
2006-05-22,4.25
2006-05-19,4.31
2006-05-18,4.44
2006-05-17,4.6
2006-05-16,4.55
2006-05-15,4.66
2006-05-12,4.71
2006-05-11,4.79
2006-05-10,4.76
2006-05-09,4.82
2006-05-08,4.95
2006-05-05,4.73
2006-05-04,4.64
2006-05-03,4.49
2006-05-02,4.42
2006-05-01,2.41
2006-04-28,4.37
2006-04-27,4.43
2006-04-26,4.43
2006-04-25,4.47
2006-04-24,4.46
2006-04-21,4.44
2006-04-20,4.4
2006-04-19,4.45
2006-04-18,4.4
2006-04-17,4.36
2006-04-14,4.36
2006-04-13,4.36
2006-04-12,4.4
2006-04-11,4.47
2006-04-10,4.36
2006-04-07,4.35
2006-04-06,4.35
2006-04-05,4.31
2006-04-04,4.3
2006-04-03,4.25
2006-03-31,4.23
2006-03-30,4.25
2006-03-29,4.25
2006-03-28,4.25
2006-03-27,4.25
2006-03-24,4.24
2006-03-23,4.25
2006-03-22,4.16
2006-03-21,4.25
2006-03-20,4.26
2006-03-17,4.01
2006-03-16,4.03
2006-03-15,4.01
2006-03-14,3.98
2006-03-13,3.92
2006-03-10,3.96
2006-03-09,3.95
2006-03-08,3.96
2006-03-07,3.98
2006-03-06,3.98
2006-03-03,4.02
2006-03-02,4.04
2006-03-01,4.05
2006-02-28,4.01
2006-02-27,4.05
2006-02-24,4.1
2006-02-23,4.02
2006-02-22,3.85
2006-02-21,3.74
2006-02-20,3.73
2006-02-17,3.77
2006-02-16,3.74
2006-02-15,3.75
2006-02-14,3.73
2006-02-13,3.76
2006-02-10,3.75
2006-02-09,3.76
2006-02-08,3.65
2006-02-07,3.64
2006-02-06,3.68
2006-02-03,3.75
2006-02-02,3.71
2006-02-01,3.67
2006-01-31,3.63
2006-01-30,3.65
2006-01-27,3.62
2006-01-26,3.56
2006-01-25,3.47
2006-01-24,3.4
2006-01-23,3.35
2006-01-20,3.4
2006-01-19,3.39
2006-01-18,3.4
2006-01-17,3.41
2006-01-16,3.45
2006-01-13,3.45
2006-01-12,3.46
2006-01-11,3.43
2006-01-10,3.33
2006-01-09,3.27
2006-01-06,3.27
2006-01-05,3.3
2006-01-04,3.29
2006-01-03,3.26
2006-01-02,3.25
2005-12-30,3.25
2005-12-29,3.3
2005-12-28,3.25
2005-12-27,3.25
2005-12-26,3.26
2005-12-23,3.26
2005-12-22,3.27
2005-12-21,3.25
2005-12-20,3.24
2005-12-19,3.31
2005-12-16,3.25
2005-12-15,3.25
2005-12-14,3.24
2005-12-13,3.31
2005-12-12,3.3
2005-12-09,3.28
2005-12-08,3.26
2005-12-07,3.25
2005-12-06,3.22
2005-12-05,3.18
2005-12-02,3.2
2005-12-01,3.2
2005-11-30,3.2
2005-11-29,3.19
2005-11-28,3.15
2005-11-25,3.15
2005-11-24,3.15
2005-11-23,3.14
2005-11-22,3.12
2005-11-21,3.15
2005-11-18,3.16
2005-11-17,3.14
2005-11-16,3.13
2005-11-15,3.09
2005-11-14,3.13
2005-11-11,3.15
2005-11-10,3.19
2005-11-09,3.19
2005-11-08,3.14
2005-11-07,3.12
2005-11-04,3.12
2005-11-03,3.13
2005-11-02,3.07
2005-11-01,3.07
2005-10-31,3.02
2005-10-28,3.02
2005-10-27,3.06
2005-10-26,3.15
2005-10-25,3.15
2005-10-24,3.15
2005-10-21,3.19
2005-10-20,3.25
2005-10-19,3.23
2005-10-18,3.32
2005-10-17,3.36
2005-10-14,3.32
2005-10-13,3.34
2005-10-12,3.37
2005-10-11,3.36
2005-10-10,3.37
2005-10-07,3.36
2005-10-06,3.38
2005-10-05,3.36
2005-10-04,3.39
2005-10-03,3.39
2005-09-30,3.36
2005-09-29,3.35
2005-09-28,3.35
2005-09-27,3.35
2005-09-26,3.3
2005-09-23,3.32
2005-09-22,3.33
2005-09-21,3.36
2005-09-20,3.35
2005-09-19,3.33
2005-09-16,3.37
2005-09-15,3.38
2005-09-14,3.45
2005-09-13,3.4
2005-09-12,3.29
2005-09-09,3.27
2005-09-08,3.27
2005-09-07,3.16
2005-09-06,3.06
2005-09-05,3.06
2005-09-02,3.07
2005-09-01,3.07
2005-08-31,3.1
2005-08-30,3.1
2005-08-29,3.09
2005-08-26,3.08
2005-08-25,3.1
2005-08-24,3.1
2005-08-23,3.12
2005-08-22,3.13
2005-08-19,3.12
2005-08-18,3.11
2005-08-17,3.15
2005-08-16,3.12
2005-08-15,3.05
2005-08-12,3.0
2005-08-11,2.97
2005-08-10,2.99
2005-08-09,2.98
2005-08-08,2.95
2005-08-05,2.95
2005-08-04,2.96
2005-08-03,2.94
2005-08-02,2.94
2005-08-01,2.95
2005-07-29,2.95
2005-07-28,2.96
2005-07-27,2.93
2005-07-26,2.91
2005-07-25,2.93
2005-07-22,2.94
2005-07-21,2.92
2005-07-20,2.86
2005-07-19,2.8
2005-07-18,2.74
2005-07-15,2.78
2005-07-14,2.79
2005-07-13,2.83
2005-07-12,2.8
2005-07-11,2.87
2005-07-08,2.85
2005-07-07,2.8
2005-07-06,2.75
2005-07-05,2.67
2005-07-04,2.64
2005-07-01,2.64
2005-06-30,2.61
2005-06-29,2.62
2005-06-28,2.6
2005-06-27,2.57
2005-06-24,2.58
2005-06-23,2.61
2005-06-22,2.6
2005-06-21,2.55
2005-06-20,2.49
2005-06-17,2.48
2005-06-16,2.47
2005-06-15,2.49
2005-06-14,2.47
2005-06-13,2.5
2005-06-10,2.47
2005-06-09,2.45
2005-06-08,2.45
2005-06-07,2.51
2005-06-06,2.5
2005-06-03,2.52
2005-06-02,2.52
2005-06-01,2.52
2005-05-31,2.4
2005-05-30,2.34
2005-05-27,2.38
2005-05-26,2.38
2005-05-25,2.42
2005-05-24,2.44
2005-05-23,2.45
2005-05-20,2.46
2005-05-19,2.45
2005-05-18,2.46
2005-05-17,2.46
2005-05-16,2.49
2005-05-13,2.5
2005-05-12,2.45
2005-05-11,2.43
2005-05-10,2.48
2005-05-09,2.47
2005-05-06,2.45
2005-05-05,2.47
2005-05-04,2.48
2005-05-03,2.5
2005-05-02,2.5
2005-04-29,2.5
2005-04-28,2.5
2005-04-27,2.51
2005-04-26,2.53
2005-04-25,2.55
2005-04-22,2.56
2005-04-21,2.53
2005-04-20,2.6
2005-04-19,2.56
2005-04-18,2.51
2005-04-15,2.52
2005-04-14,2.53
2005-04-13,2.45
2005-04-12,2.45
2005-04-11,2.42
2005-04-08,2.4
2005-04-07,2.39
2005-04-06,2.43
2005-04-05,2.46
2005-04-04,2.46
2005-04-01,2.46
2005-03-31,2.45
2005-03-30,2.5
2005-03-29,2.51
2005-03-28,2.52
2005-03-25,2.52
2005-03-24,2.52
2005-03-23,2.53
2005-03-22,2.52
2005-03-21,2.52
2005-03-18,2.47
2005-03-17,2.45
2005-03-16,2.45
2005-03-15,2.44
2005-03-14,2.42
2005-03-11,2.41
2005-03-10,2.42
2005-03-09,2.42
2005-03-08,2.4
2005-03-07,2.44
2005-03-04,2.41
2005-03-03,2.39
2005-03-02,2.35
2005-03-01,2.31
2005-02-28,2.3
2005-02-25,2.3
2005-02-24,2.32
2005-02-23,2.31
2005-02-22,2.35
2005-02-21,2.38
2005-02-18,2.4
2005-02-17,2.42
2005-02-16,2.46
2005-02-15,2.43
2005-02-14,2.38
2005-02-11,2.36
2005-02-10,2.37
2005-02-09,2.36
2005-02-08,2.37
2005-02-07,2.38
2005-02-04,2.42
2005-02-03,2.43
2005-02-02,2.45
2005-02-01,2.43
2005-01-31,2.43
2005-01-28,2.5
2005-01-27,2.45
2005-01-26,2.47
2005-01-25,2.5
2005-01-24,2.33
2005-01-21,2.28
2005-01-20,2.27
2005-01-19,2.25
2005-01-18,2.25
2005-01-17,2.21
2005-01-14,2.23
2005-01-13,2.25
2005-01-12,2.25
2005-01-11,2.2
2005-01-10,2.21
2005-01-07,2.21
2005-01-06,2.14
2005-01-05,2.13
2005-01-04,2.07
2005-01-03,2.01
2004-12-31,1.98
2004-12-30,2.05
2004-12-29,1.99
2004-12-28,1.99
2004-12-27,1.99
2004-12-24,1.97
2004-12-23,1.95
2004-12-22,1.93
2004-12-21,1.93
2004-12-20,1.92
2004-12-17,1.9
2004-12-16,1.85
2004-12-15,1.84
2004-12-14,1.83
2004-12-13,1.83
2004-12-10,1.8
2004-12-09,1.8
2004-12-08,1.79
2004-12-07,1.82
2004-12-06,1.8
2004-12-03,1.8
2004-12-02,1.78
2004-12-01,1.8
2004-11-30,1.83
2004-11-29,1.8
2004-11-26,1.8
2004-11-25,1.79
2004-11-24,1.8
2004-11-23,1.8
2004-11-22,1.78
2004-11-19,1.78
2004-11-18,1.75
2004-11-17,1.75
2004-11-16,1.77
2004-11-15,1.77
2004-11-12,1.77
2004-11-11,1.77
2004-11-10,1.77
2004-11-09,1.77
2004-11-08,1.77
2004-11-05,1.79
2004-11-04,1.79
2004-11-03,1.8
2004-11-02,1.8
2004-11-01,1.8
2004-10-29,1.74
2004-10-28,1.74
2004-10-27,1.76
2004-10-26,1.78
2004-10-25,1.78
2004-10-22,1.78
2004-10-21,1.78
2004-10-20,1.78
2004-10-19,1.79
2004-10-18,1.79
2004-10-15,1.78
2004-10-14,1.75
2004-10-13,1.79
2004-10-12,1.69
2004-10-11,1.69
2004-10-08,1.69
2004-10-07,1.65
2004-10-06,1.6
2004-10-05,1.59
2004-10-04,1.62
2004-10-01,1.6
2004-09-30,1.59
2004-09-29,1.6
2004-09-28,1.61
2004-09-27,1.61
2004-09-24,1.59
2004-09-23,1.6
2004-09-22,1.6
2004-09-21,1.6
2004-09-20,1.6
2004-09-17,1.6
2004-09-16,1.6
2004-09-15,1.6
2004-09-14,1.6
2004-09-13,1.6
2004-09-10,1.59
2004-09-09,1.6
2004-09-08,1.6
2004-09-07,1.6
2004-09-06,1.6
2004-09-03,1.6
2004-09-02,1.59
2004-09-01,1.59
2004-08-31,1.6
2004-08-30,1.59
2004-08-27,1.6
2004-08-26,1.59
2004-08-25,1.6
2004-08-24,1.6
2004-08-23,1.58
2004-08-20,1.57
2004-08-19,1.56
2004-08-18,1.59
2004-08-17,1.6
2004-08-16,1.6
2004-08-13,1.6
2004-08-12,1.59
2004-08-11,1.6
2004-08-10,1.6
2004-08-09,1.6
2004-08-06,1.62
2004-08-05,1.6
2004-08-04,1.62
2004-08-03,1.61
2004-08-02,1.62
2004-07-30,1.63
2004-07-29,1.63
2004-07-28,1.63
2004-07-27,1.63
2004-07-26,1.63
2004-07-23,1.63
2004-07-22,1.62
2004-07-21,1.63
2004-07-20,1.63
2004-07-19,1.63
2004-07-16,1.63
2004-07-15,1.61
2004-07-14,1.63
2004-07-13,1.63
2004-07-12,1.63
2004-07-09,1.62
2004-07-08,1.62
2004-07-07,1.62
2004-07-06,1.62
2004-07-05,1.64
2004-07-02,1.62
2004-07-01,1.57
2004-06-30,1.64
2004-06-29,1.63
2004-06-28,1.6
2004-06-25,1.64
2004-06-24,1.63
2004-06-23,1.64
2004-06-22,1.63
2004-06-21,1.63
2004-06-18,1.62
2004-06-17,1.62
2004-06-16,1.62
2004-06-15,1.62
2004-06-14,1.63
2004-06-11,1.67
2004-06-10,1.63
2004-06-09,1.65
2004-06-08,1.65
2004-06-07,1.65
2004-06-04,1.65
2004-06-03,1.68
2004-06-02,1.7
2004-06-01,1.7
2004-05-31,1.72
2004-05-28,1.73
2004-05-27,1.74
2004-05-26,1.69
2004-05-25,1.68
2004-05-24,1.69
2004-05-21,1.69
2004-05-20,1.69
2004-05-19,1.7
2004-05-18,1.71
2004-05-17,1.68
2004-05-14,1.68
2004-05-13,1.69
2004-05-12,1.68
2004-05-11,1.68
2004-05-10,1.7
2004-05-07,1.71
2004-05-06,1.69
2004-05-05,1.69
2004-05-04,1.71
2004-05-03,1.7
2004-04-30,1.7
2004-04-29,1.72
2004-04-28,1.77
2004-04-27,1.76
2004-04-26,1.74
2004-04-23,1.74
2004-04-22,1.74
2004-04-21,1.76
2004-04-20,1.8
2004-04-19,1.77
2004-04-16,1.77
2004-04-15,1.74
2004-04-14,1.75
2004-04-13,1.75
2004-04-12,1.77
2004-04-09,1.77
2004-04-08,1.77
2004-04-07,1.79
2004-04-06,1.8
2004-04-05,1.79
2004-04-02,1.8
2004-04-01,1.72
2004-03-31,1.73
2004-03-30,1.71
2004-03-29,1.71
2004-03-26,1.7
2004-03-25,1.65
2004-03-24,1.65
2004-03-23,1.65
2004-03-22,1.65
2004-03-19,1.66
2004-03-18,1.64
2004-03-17,1.65
2004-03-16,1.65
2004-03-15,1.65
2004-03-12,1.65
2004-03-11,1.68
2004-03-10,1.73
2004-03-09,1.71
2004-03-08,1.79
2004-03-05,1.76
2004-03-04,1.72
2004-03-03,1.74
2004-03-02,1.74
2004-03-01,1.7
2004-02-27,1.74
2004-02-26,1.64
2004-02-25,1.64
2004-02-24,1.66
2004-02-23,1.62
2004-02-20,1.63
2004-02-19,1.62
2004-02-18,1.61
2004-02-17,1.57
2004-02-16,1.57
2004-02-13,1.54
2004-02-12,1.53
2004-02-11,1.56
2004-02-10,1.55
2004-02-09,1.55
2004-02-06,1.54
2004-02-05,1.55
2004-02-04,1.58
2004-02-03,1.58
2004-02-02,1.58
2004-01-30,1.62
2004-01-29,1.59
2004-01-28,1.66
2004-01-27,1.62
2004-01-26,1.63
2004-01-23,1.63
2004-01-22,1.6
2004-01-21,1.6
2004-01-20,1.6
2004-01-19,1.57
2004-01-16,1.56
2004-01-15,1.55
2004-01-14,1.57
2004-01-13,1.55
2004-01-12,1.53
2004-01-09,1.53
2004-01-08,1.56
2004-01-07,1.51
2004-01-06,1.52
2004-01-05,1.52
2004-01-02,1.56
2004-01-01,1.52
2003-12-31,1.52
2003-12-30,1.54
2003-12-29,1.5
2003-12-26,1.55
2003-12-25,1.55
2003-12-24,1.55
2003-12-23,1.52
2003-12-22,1.55
2003-12-19,1.53
2003-12-18,1.54
2003-12-17,1.53
2003-12-16,1.53
2003-12-15,1.51
2003-12-12,1.52
2003-12-11,1.5
2003-12-10,1.5
2003-12-09,1.5
2003-12-08,1.5
2003-12-05,1.51
2003-12-04,1.52
2003-12-03,1.52
2003-12-02,1.52
2003-12-01,1.49
2003-11-28,1.49
2003-11-27,1.5
2003-11-26,1.48
2003-11-25,1.48
2003-11-24,1.48
2003-11-21,1.46
2003-11-20,1.45
2003-11-19,1.45
2003-11-18,1.43
2003-11-17,1.43
2003-11-14,1.42
2003-11-13,1.43
2003-11-12,1.43
2003-11-11,1.43
2003-11-10,1.43
2003-11-07,1.43
2003-11-06,1.42
2003-11-05,1.41
2003-11-04,1.4
2003-11-03,1.43
2003-10-31,1.43
2003-10-30,1.43
2003-10-29,1.4
2003-10-28,1.4
2003-10-27,1.4
2003-10-24,1.4
2003-10-23,1.4
2003-10-22,1.43
2003-10-21,1.4
2003-10-20,1.41
2003-10-17,1.43
2003-10-16,1.4
2003-10-15,1.4
2003-10-14,1.43
2003-10-13,1.43
2003-10-10,1.43
2003-10-09,1.43
2003-10-08,1.42
2003-10-07,1.42
2003-10-06,1.41
2003-10-03,1.41
2003-10-02,1.41
2003-10-01,1.42
2003-09-30,1.42
2003-09-29,1.42
2003-09-26,1.42
2003-09-25,1.42
2003-09-24,1.42
2003-09-23,1.43
2003-09-22,1.4
2003-09-19,1.43
2003-09-18,1.43
2003-09-17,1.43
2003-09-16,1.43
2003-09-15,1.42
2003-09-12,1.43
2003-09-11,1.43
2003-09-10,1.43
2003-09-09,1.42
2003-09-08,1.42
2003-09-05,1.41
2003-09-04,1.41
2003-09-03,1.39
2003-09-02,1.41
2003-09-01,1.41
2003-08-29,1.42
2003-08-28,1.4
2003-08-27,1.38
2003-08-26,1.36
2003-08-25,1.36
2003-08-22,1.36
2003-08-21,1.36
2003-08-20,1.35
2003-08-19,1.33
2003-08-18,1.34
2003-08-15,1.35
2003-08-14,1.32
2003-08-13,1.31
2003-08-12,1.31
2003-08-11,1.31
2003-08-08,1.31
2003-08-07,1.32
2003-08-06,1.32
2003-08-05,1.33
2003-08-04,1.36
2003-08-01,1.36
2003-07-31,1.36
2003-07-30,1.36
2003-07-29,1.34
2003-07-28,1.36
2003-07-25,1.36
2003-07-24,1.35
2003-07-23,1.33
2003-07-22,1.36
2003-07-21,1.37
2003-07-18,1.37
2003-07-17,1.35
2003-07-16,1.35
2003-07-15,1.35
2003-07-14,1.39
2003-07-11,1.39
2003-07-10,1.41
2003-07-09,1.43
2003-07-08,1.43
2003-07-07,1.43
2003-07-04,1.44
2003-07-03,1.42
2003-07-02,1.43
2003-07-01,1.44
2003-06-30,1.44
2003-06-27,1.42
2003-06-26,1.4
2003-06-25,1.4
2003-06-24,1.4
2003-06-23,1.4
2003-06-20,1.4
2003-06-19,1.4
2003-06-18,1.4
2003-06-17,1.4
2003-06-16,1.4
2003-06-13,1.39
2003-06-12,1.38
2003-06-11,1.39
2003-06-10,1.38
2003-06-09,1.38
2003-06-06,1.38
2003-06-05,1.34
2003-06-04,1.34
2003-06-03,1.35
2003-06-02,1.34
2003-05-30,1.33
2003-05-29,1.34
2003-05-28,1.34
2003-05-27,1.34
2003-05-26,1.34
2003-05-23,1.35
2003-05-22,1.35
2003-05-21,1.33
2003-05-20,1.34
2003-05-19,1.34
2003-05-16,1.35
2003-05-15,1.34
2003-05-14,1.35
2003-05-13,1.35
2003-05-12,1.36
2003-05-09,1.35
2003-05-08,1.35
2003-05-07,1.36
2003-05-06,1.34
2003-05-05,1.35
2003-05-02,1.35
2003-05-01,1.35
2003-04-30,1.35
2003-04-29,1.35
2003-04-28,1.35
2003-04-25,1.39
2003-04-24,1.4
2003-04-23,1.37
2003-04-22,1.38
2003-04-21,1.35
2003-04-18,1.35
2003-04-17,1.35
2003-04-16,1.35
2003-04-15,1.35
2003-04-14,1.33
2003-04-11,1.33
2003-04-10,1.33
2003-04-09,1.33
2003-04-08,1.34
2003-04-07,1.33
2003-04-04,1.34
2003-04-03,1.36
2003-04-02,1.35
2003-04-01,1.36
2003-03-31,1.35
2003-03-28,1.36
2003-03-27,1.37
2003-03-26,1.37
2003-03-25,1.37
2003-03-24,1.37
2003-03-21,1.39
2003-03-20,1.39
2003-03-19,1.37
2003-03-18,1.37
2003-03-17,1.37
2003-03-14,1.36
2003-03-13,1.37
2003-03-12,1.36
2003-03-11,1.37
2003-03-10,1.37
2003-03-07,1.38
2003-03-06,1.38
2003-03-05,1.37
2003-03-04,1.39
2003-03-03,1.38
2003-02-28,1.38
2003-02-27,1.38
2003-02-26,1.37
2003-02-25,1.38
2003-02-24,1.4
2003-02-21,1.39
2003-02-20,1.37
2003-02-19,1.38
2003-02-18,1.41
2003-02-17,1.4
2003-02-14,1.41
2003-02-13,1.4
2003-02-12,1.4
2003-02-11,1.4
2003-02-10,1.41
2003-02-07,1.39
2003-02-06,1.4
2003-02-05,1.39
2003-02-04,1.4
2003-02-03,1.4
2003-01-31,1.4
2003-01-30,1.4
2003-01-29,1.4
2003-01-28,1.39
2003-01-27,1.4
2003-01-24,1.4
2003-01-23,1.4
2003-01-22,1.39
2003-01-21,1.4
2003-01-20,1.4
2003-01-17,1.4
2003-01-16,1.4
2003-01-15,1.41
2003-01-14,1.42
2003-01-13,1.42
2003-01-10,1.41
2003-01-09,1.42
2003-01-08,1.43
2003-01-07,1.42
2003-01-06,1.43
2003-01-03,1.43
2003-01-02,1.43
2003-01-01,1.49
2002-12-31,1.49
2002-12-30,1.44
2002-12-27,1.4
2002-12-26,1.4
2002-12-25,1.4
2002-12-24,1.4
2002-12-23,1.4
2002-12-20,1.4
2002-12-19,1.37
2002-12-18,1.39
2002-12-17,1.39
2002-12-16,1.39
2002-12-13,1.39
2002-12-12,1.39
2002-12-11,1.39
2002-12-10,1.39
2002-12-09,1.4
2002-12-06,1.4
2002-12-05,1.4
2002-12-04,1.4
2002-12-03,1.4
2002-12-02,1.4
2002-11-29,1.4
2002-11-28,1.4
2002-11-27,1.41
2002-11-26,1.38
2002-11-25,1.35
2002-11-22,1.3
2002-11-21,1.29
2002-11-20,1.29
2002-11-19,1.27
2002-11-18,1.27
2002-11-15,1.27
2002-11-14,1.28
2002-11-13,1.28
2002-11-12,1.29
2002-11-11,1.29
2002-11-08,1.29
2002-11-07,1.29
2002-11-06,1.29
2002-11-05,1.29
2002-11-04,1.3
2002-11-01,1.3
2002-10-31,1.3
2002-10-30,1.28
2002-10-29,1.28
2002-10-28,1.28
2002-10-25,1.26
2002-10-24,1.26
2002-10-23,1.26
2002-10-22,1.26
2002-10-21,1.26
2002-10-18,1.26
2002-10-17,1.26
2002-10-16,1.26
2002-10-15,1.25
2002-10-14,1.26
2002-10-11,1.26
2002-10-10,1.26
2002-10-09,1.26
2002-10-08,1.26
2002-10-07,1.26
2002-10-04,1.25
2002-10-03,1.26
2002-10-02,1.26
2002-10-01,1.27
2002-09-30,1.28
2002-09-27,1.3
2002-09-26,1.3
2002-09-25,1.3
2002-09-24,1.31
2002-09-23,1.34
2002-09-20,1.36
2002-09-19,1.36
2002-09-18,1.39
2002-09-17,1.39
2002-09-16,1.39
2002-09-13,1.4
2002-09-12,1.4
2002-09-11,1.39
2002-09-10,1.4
2002-09-09,1.41
2002-09-06,1.4
2002-09-05,1.4
2002-09-04,1.4
2002-09-03,1.39
2002-09-02,1.39
2002-08-30,1.4
2002-08-29,1.4
2002-08-28,1.41
2002-08-27,1.4
2002-08-26,1.4
2002-08-23,1.41
2002-08-22,1.41
2002-08-21,1.41
2002-08-20,1.41
2002-08-19,1.41
2002-08-16,1.41
2002-08-15,1.41
2002-08-14,1.41
2002-08-13,1.4
2002-08-12,1.41
2002-08-09,1.4
2002-08-08,1.38
2002-08-07,1.4
2002-08-06,1.41
2002-08-05,1.41
2002-08-02,1.43
2002-08-01,1.41
2002-07-31,1.41
2002-07-30,1.39
2002-07-29,1.4
2002-07-26,1.4
2002-07-25,1.4
2002-07-24,1.4
2002-07-23,1.4
2002-07-22,1.4
2002-07-19,1.4
2002-07-18,1.4
2002-07-17,1.4
2002-07-16,1.39
2002-07-15,1.4
2002-07-12,1.4
2002-07-11,1.4
2002-07-10,1.4
2002-07-09,1.4
2002-07-08,1.4
2002-07-05,1.4
2002-07-04,1.4
2002-07-03,1.4
2002-07-02,1.4
2002-07-01,1.4
2002-06-28,1.44
2002-06-27,1.4
2002-06-26,1.4
2002-06-25,1.41
2002-06-24,1.41
2002-06-21,1.41
2002-06-20,1.42
2002-06-19,1.42
2002-06-18,1.41
2002-06-17,1.42
2002-06-14,1.4
2002-06-13,1.42
2002-06-12,1.42
2002-06-11,1.43
2002-06-10,1.43
2002-06-07,1.43
2002-06-06,1.43
2002-06-05,1.43
2002-06-04,1.44
2002-06-03,1.44
2002-05-31,1.45
2002-05-30,1.44
2002-05-29,1.44
2002-05-28,1.44
2002-05-27,1.44
2002-05-24,1.44
2002-05-23,1.44
2002-05-22,1.44
2002-05-21,1.45
2002-05-20,1.45
2002-05-17,1.44
2002-05-16,1.46
2002-05-15,1.45
2002-05-14,1.44
2002-05-13,1.46
2002-05-10,1.43
2002-05-09,1.43
2002-05-08,1.45
2002-05-07,1.45
2002-05-06,1.45
2002-05-03,1.45
2002-05-02,1.45
2002-05-01,1.49
2002-04-30,1.49
2002-04-29,1.45
2002-04-26,1.46
2002-04-25,1.44
2002-04-24,1.44
2002-04-23,1.43
2002-04-22,1.43
2002-04-19,1.45
2002-04-18,1.4
2002-04-17,1.38
2002-04-16,1.45
2002-04-15,1.47
2002-04-12,1.46
2002-04-11,1.46
2002-04-10,1.43
2002-04-09,1.45
2002-04-08,1.45
2002-04-05,1.39
2002-04-04,1.38
2002-04-03,1.38
2002-04-02,1.39
2002-04-01,1.35
2002-03-29,1.35
2002-03-28,1.35
2002-03-27,1.35
2002-03-26,1.39
2002-03-25,1.39
2002-03-22,1.36
2002-03-21,1.35
2002-03-20,1.36
2002-03-19,1.36
2002-03-18,1.36
2002-03-15,1.36
2002-03-14,1.36
2002-03-13,1.36
2002-03-12,1.36
2002-03-11,1.36
2002-03-08,1.36
2002-03-07,1.36
2002-03-06,1.35
2002-03-05,1.36
2002-03-04,1.37
2002-03-01,1.36
2002-02-28,1.36
2002-02-27,1.38
2002-02-26,1.37
2002-02-25,1.38
2002-02-22,1.38
2002-02-21,1.39
2002-02-20,1.38
2002-02-19,1.37
2002-02-18,1.38
2002-02-15,1.38
2002-02-14,1.39
2002-02-13,1.39
2002-02-12,1.39
2002-02-11,1.39
2002-02-08,1.39
2002-02-07,1.37
2002-02-06,1.35
2002-02-05,1.35
2002-02-04,1.36
2002-02-01,1.38
2002-01-31,1.36
2002-01-30,1.3
2002-01-29,1.36
2002-01-28,1.36
2002-01-25,1.36
2002-01-24,1.36
2002-01-23,1.37
2002-01-22,1.37
2002-01-21,1.37
2002-01-18,1.37
2002-01-17,1.38
2002-01-16,1.37
2002-01-15,1.38
2002-01-14,1.39
2002-01-11,1.4
2002-01-10,1.39
2002-01-09,1.39
2002-01-08,1.4
2002-01-07,1.4
2002-01-04,1.4
2002-01-03,1.41
2002-01-02,1.41
2002-01-01,1.4
2001-12-31,1.4
2001-12-28,1.4
2001-12-27,1.39
2001-12-26,1.39
2001-12-25,1.39
2001-12-24,1.39
2001-12-21,1.39
2001-12-20,1.37
2001-12-19,1.35
2001-12-18,1.36
2001-12-17,1.36
2001-12-14,1.35
2001-12-13,1.35
2001-12-12,1.39
2001-12-11,1.34
2001-12-10,1.33
2001-12-07,1.3
2001-12-06,1.28
2001-12-05,1.28
2001-12-04,1.29
2001-12-03,1.29
2001-11-30,1.29
2001-11-29,1.3
2001-11-28,1.34
2001-11-27,1.32
2001-11-26,1.29
2001-11-23,1.25
2001-11-22,1.21
2001-11-21,1.21
2001-11-20,1.21
2001-11-19,1.19
2001-11-16,1.17
2001-11-15,1.13
2001-11-14,1.15
2001-11-13,1.15
2001-11-12,1.16
2001-11-09,1.15
2001-11-08,1.16
2001-11-07,1.15
2001-11-06,1.14
2001-11-05,1.14
2001-11-02,1.13
2001-11-01,1.13
2001-10-31,1.13
2001-10-30,1.14
2001-10-29,1.14
2001-10-26,1.16
2001-10-25,1.16
2001-10-24,1.21
2001-10-23,1.19
2001-10-22,1.19
2001-10-19,1.18
2001-10-18,1.13
2001-10-17,1.16
2001-10-16,1.15
2001-10-15,1.15
2001-10-12,1.15
2001-10-11,1.16
2001-10-10,1.15
2001-10-09,1.15
2001-10-08,1.16
2001-10-05,1.16
2001-10-04,1.16
2001-10-03,1.16
2001-10-02,1.16
2001-10-01,1.16
2001-09-28,1.16
2001-09-27,1.16
2001-09-26,1.16
2001-09-25,1.13
2001-09-24,1.12
2001-09-21,1.11
2001-09-20,1.12
2001-09-19,1.13
2001-09-18,1.1
2001-09-17,1.1
2001-09-14,1.13
2001-09-13,1.13
2001-09-12,1.13
2001-09-11,1.15
2001-09-10,1.17
2001-09-07,1.17
2001-09-06,1.17
2001-09-05,1.17
2001-09-04,1.17
2001-09-03,1.17
2001-08-31,1.17
2001-08-30,1.17
2001-08-29,1.19
2001-08-28,1.18
2001-08-27,1.18
2001-08-24,1.18
2001-08-23,1.19
2001-08-22,1.18
2001-08-21,1.19
2001-08-20,1.2
2001-08-17,1.2
2001-08-16,1.2
2001-08-15,1.2
2001-08-14,1.2
2001-08-13,1.18
2001-08-10,1.21
2001-08-09,1.19
2001-08-08,1.2
2001-08-07,1.2
2001-08-06,1.18
2001-08-03,1.18
2001-08-02,1.19
2001-08-01,1.19
2001-07-31,1.19
2001-07-30,1.19
2001-07-27,1.2
2001-07-26,1.07
2001-07-25,1.05
2001-07-24,1.03
2001-07-23,1.01
2001-07-20,1.01
2001-07-19,1.02
2001-07-18,1.02
2001-07-17,1.0
2001-07-16,0.97
2001-07-13,0.97
2001-07-12,0.97
2001-07-11,0.94
2001-07-10,0.95
2001-07-09,0.95
2001-07-06,0.96
2001-07-05,0.96
2001-07-04,0.96
2001-07-03,0.97
2001-07-02,0.97
2001-06-29,0.96
2001-06-28,0.95
2001-06-27,0.97
2001-06-26,0.97
2001-06-25,0.97
2001-06-22,1.0
2001-06-21,0.99
2001-06-20,0.99
2001-06-19,1.01
2001-06-18,1.01
2001-06-15,1.0
2001-06-14,1.0
2001-06-13,1.0
2001-06-12,0.98
2001-06-11,1.0
2001-06-08,1.03
2001-06-07,1.04
2001-06-06,1.04
2001-06-05,1.03
2001-06-04,1.01
2001-06-01,1.07
2001-05-31,1.03
2001-05-30,1.07
2001-05-29,1.06
2001-05-28,1.13
2001-05-25,1.15
2001-05-24,1.17
2001-05-23,1.17
2001-05-22,1.19
2001-05-21,1.2
2001-05-18,1.16
2001-05-17,1.2
2001-05-16,1.2
2001-05-15,1.2
2001-05-14,1.2
2001-05-11,1.2
2001-05-10,1.2
2001-05-09,1.23
2001-05-08,1.23
2001-05-07,1.23
2001-05-04,1.23
2001-05-03,1.23
2001-05-02,1.23
2001-05-01,1.2
2001-04-30,1.2
2001-04-27,1.22
2001-04-26,1.25
2001-04-25,1.27
2001-04-24,1.27
2001-04-23,1.27
2001-04-20,1.27
2001-04-19,1.27
2001-04-18,1.25
2001-04-17,1.28
2001-04-16,1.28
2001-04-13,1.28
2001-04-12,1.28
2001-04-11,1.28
2001-04-10,1.28
2001-04-09,1.27
2001-04-06,1.28
2001-04-05,1.28
2001-04-04,1.28
2001-04-03,1.28
2001-04-02,1.3
2001-03-30,1.29
2001-03-29,1.3
2001-03-28,1.3
2001-03-27,1.3
2001-03-26,1.34
2001-03-23,1.29
2001-03-22,1.28
2001-03-21,1.3
2001-03-20,1.35
2001-03-19,1.38
2001-03-16,1.37
2001-03-15,1.4
2001-03-14,62.9
2001-03-13,1.45
2001-03-12,1.44
2001-03-09,1.42
2001-03-08,1.45
2001-03-07,1.45
2001-03-06,1.45
2001-03-05,1.45
2001-03-02,1.45
2001-03-01,1.45
2001-02-28,1.45
2001-02-27,1.44
2001-02-26,1.44
2001-02-23,1.45
2001-02-22,1.45
2001-02-21,1.44
2001-02-20,1.44
2001-02-19,1.45
2001-02-16,1.45
2001-02-15,1.45
2001-02-14,1.48
2001-02-13,1.49
2001-02-12,1.49
2001-02-09,1.48
2001-02-08,1.5
2001-02-07,1.5
2001-02-06,1.51
2001-02-05,1.55
2001-02-02,1.55
2001-02-01,1.58
2001-01-31,1.6
2001-01-30,1.58
2001-01-29,1.6
2001-01-26,62.52
2001-01-25,1.65
2001-01-24,62.6
2001-01-23,11.5
2001-01-22,11.65
2001-01-19,11.8
2001-01-18,11.48
2001-01-17,11.48
2001-01-16,11.3
2001-01-15,11.5
2001-01-12,11.59
2001-01-11,11.25
2001-01-10,11.22
2001-01-09,11.2
2001-01-08,11.2
2001-01-05,11.38
2001-01-04,11.25
2001-01-03,11.0
2001-01-02,11.1
2001-01-01,11.0
2000-12-29,11.0
2000-12-28,11.2
2000-12-27,11.56
2000-12-26,62.44
2000-12-22,11.75
2000-12-21,12.1
2000-12-20,12.26
2000-12-19,12.95
2000-12-18,12.8
2000-12-15,13.3
2000-12-14,13.41
2000-12-13,13.1
2000-12-12,13.0
2000-12-11,12.97
2000-12-08,12.68
2000-12-07,12.68
2000-12-06,12.65
2000-12-05,12.9
2000-12-04,12.9
2000-12-01,12.75
2000-11-30,12.75
2000-11-29,12.7
2000-11-28,11.96
2000-11-27,11.65
2000-11-24,11.45
2000-11-23,11.18
2000-11-22,11.01
2000-11-21,11.39
2000-11-20,11.65
2000-11-17,11.97
2000-11-16,11.73
2000-11-15,12.1
2000-11-14,11.95
2000-11-13,11.07
2000-11-10,11.99
2000-11-09,12.5
2000-11-08,12.5
2000-11-07,12.61
2000-11-06,12.5
2000-11-03,13.15
2000-11-02,11.9
2000-11-01,10.61
2000-10-31,10.61
2000-10-30,10.61
2000-10-27,9.98
2000-10-26,9.83
2000-10-25,10.0
2000-10-24,10.05
2000-10-23,10.0
2000-10-20,10.1
2000-10-19,10.09
2000-10-18,10.0
2000-10-17,10.76
2000-10-16,11.3
2000-10-13,11.34
2000-10-12,11.8
2000-10-11,11.81
2000-10-10,12.0
2000-10-09,11.8
2000-10-06,11.92
2000-10-05,11.75
2000-10-04,11.75
2000-10-03,12.0
2000-10-02,12.28
2000-09-29,12.5
2000-09-28,12.11
2000-09-27,12.13
2000-09-26,12.15
2000-09-25,12.54
2000-09-22,12.5
2000-09-21,12.28
2000-09-20,12.26
2000-09-19,12.66
2000-09-18,12.65
2000-09-15,12.81
2000-09-14,13.0
2000-09-13,13.09
2000-09-12,13.2
2000-09-11,12.99
2000-09-08,12.7
2000-09-07,12.5
2000-09-06,13.4
2000-09-05,16.0
2000-09-04,15.87
2000-09-01,16.11
2000-08-31,16.06
2000-08-30,16.0
2000-08-29,15.96
2000-08-28,15.95
2000-08-25,16.15
2000-08-24,15.99
2000-08-23,15.87
2000-08-22,16.0
2000-08-21,16.15
2000-08-18,16.05
2000-08-17,15.95
2000-08-16,16.02
2000-08-15,16.15
2000-08-14,16.15
2000-08-11,16.16
2000-08-10,16.35
2000-08-09,16.35
2000-08-08,16.15
2000-08-07,16.45
2000-08-04,16.2
2000-08-03,15.9
2000-08-02,16.14
2000-08-01,16.3
2000-07-31,16.5
2000-07-28,16.56
2000-07-27,16.94
2000-07-26,16.94
2000-07-25,17.0
2000-07-24,17.55
2000-07-21,17.55
2000-07-20,17.38
2000-07-19,17.34
2000-07-18,17.23
2000-07-17,17.27
2000-07-14,17.4
2000-07-13,17.43
2000-07-12,17.59
2000-07-11,17.17
2000-07-10,17.23
2000-07-07,17.37
2000-07-06,17.37
2000-07-05,17.4
2000-07-04,17.4
2000-07-03,17.44
2000-06-30,17.26
2000-06-29,17.05
2000-06-28,17.69
2000-06-27,17.93
2000-06-26,17.85
2000-06-23,17.99
2000-06-22,18.0
2000-06-21,18.0
2000-06-20,18.31
2000-06-19,18.51
2000-06-16,18.51
2000-06-15,19.05
2000-06-14,18.7
2000-06-13,18.15
2000-06-12,17.53
2000-06-09,17.79
2000-06-08,17.4
2000-06-07,17.1
2000-06-06,17.13
2000-06-05,17.12
2000-06-02,17.6
2000-06-01,17.25
