,galp:pl
2018-11-23,14.405
2018-11-22,14.7
2018-11-21,14.88
2018-11-20,14.45
2018-11-19,14.555
2018-11-16,14.86
2018-11-15,14.72
2018-11-14,14.475
2018-11-13,14.14
2018-11-12,14.775
2018-11-09,14.775
2018-11-08,14.955
2018-11-07,15.0
2018-11-06,15.0
2018-11-05,15.015
2018-11-02,14.83
2018-11-01,14.985
2018-10-31,15.395
2018-10-30,14.98
2018-10-29,14.97
2018-10-26,15.0
2018-10-25,15.195
2018-10-24,15.16
2018-10-23,15.07
2018-10-22,15.675
2018-10-19,15.64
2018-10-18,15.695
2018-10-17,15.63
2018-10-16,15.565
2018-10-15,15.57
2018-10-12,15.65
2018-10-11,15.85
2018-10-10,16.505
2018-10-09,16.51
2018-10-08,16.325
2018-10-05,16.695
2018-10-04,16.95
2018-10-03,16.955
2018-10-02,16.945
2018-10-01,16.81
2018-09-28,17.09
2018-09-27,16.94
2018-09-26,16.95
2018-09-25,17.17
2018-09-24,16.78
2018-09-21,16.425
2018-09-20,16.35
2018-09-19,16.255
2018-09-18,16.33
2018-09-17,16.45
2018-09-14,16.53
2018-09-13,16.65
2018-09-12,16.78
2018-09-11,16.4
2018-09-10,16.44
2018-09-07,16.325
2018-09-06,16.405
2018-09-05,16.835
2018-09-04,17.445
2018-09-03,17.69
2018-08-31,17.47
2018-08-30,17.81
2018-08-29,17.82
2018-08-28,17.84
2018-08-27,17.87
2018-08-24,17.64
2018-08-23,17.545
2018-08-22,17.695
2018-08-21,17.455
2018-08-20,17.35
2018-08-17,17.375
2018-08-16,17.345
2018-08-15,17.25
2018-08-14,17.685
2018-08-13,17.66
2018-08-10,17.73
2018-08-09,17.73
2018-08-08,17.895
2018-08-07,17.915
2018-08-06,17.62
2018-08-03,17.42
2018-08-02,17.735
2018-08-01,17.735
2018-07-31,17.59
2018-07-30,17.395
2018-07-27,17.505
2018-07-26,17.43
2018-07-25,17.14
2018-07-24,17.05
2018-07-23,16.965
2018-07-20,16.96
2018-07-19,16.935
2018-07-18,16.825
2018-07-17,16.86
2018-07-16,16.88
2018-07-13,16.88
2018-07-12,16.855
2018-07-11,17.01
2018-07-10,17.265
2018-07-09,17.19
2018-07-06,16.915
2018-07-05,16.795
2018-07-04,16.65
2018-07-03,16.455
2018-07-02,16.21
2018-06-29,16.335
2018-06-28,16.205
2018-06-27,16.25
2018-06-26,16.03
2018-06-25,15.95
2018-06-23,16.09
2018-06-22,16.09
2018-06-21,15.61
2018-06-20,15.595
2018-06-19,15.765
2018-06-18,16.045
2018-06-15,15.785
2018-06-14,16.18
2018-06-13,16.17
2018-06-12,16.255
2018-06-11,16.25
2018-06-08,16.085
2018-06-07,16.405
2018-06-06,16.175
2018-06-05,15.94
2018-06-04,16.05
2018-06-01,15.955
2018-05-31,15.895
2018-05-30,15.78
2018-05-29,15.49
2018-05-28,15.6
2018-05-25,16.155
2018-05-24,16.635
2018-05-23,16.685
2018-05-22,17.15
2018-05-21,17.065
2018-05-18,16.98
2018-05-17,16.93
2018-05-16,16.95
2018-05-15,17.08
2018-05-14,17.18
2018-05-11,17.015
2018-05-10,16.735
2018-05-09,16.385
2018-05-08,16.25
2018-05-07,16.465
2018-05-04,16.13
2018-05-03,15.915
2018-05-02,15.79
2018-04-30,15.915
2018-04-27,15.995
2018-04-26,15.885
2018-04-25,15.78
2018-04-24,16.115
2018-04-23,16.245
2018-04-20,15.95
2018-04-19,16.11
2018-04-18,15.94
2018-04-17,15.735
2018-04-16,15.71
2018-04-13,15.835
2018-04-12,16.175
2018-04-11,16.145
2018-04-10,16.025
2018-04-09,15.865
2018-04-06,15.8
2018-04-05,15.98
2018-04-04,15.37
2018-04-03,15.275
2018-03-29,15.305
2018-03-28,15.15
2018-03-27,15.27
2018-03-26,15.055
2018-03-23,15.15
2018-03-22,15.325
2018-03-21,15.59
2018-03-20,15.465
2018-03-19,15.3
2018-03-16,15.485
2018-03-15,15.095
2018-03-14,15.11
2018-03-13,15.08
2018-03-12,15.07
2018-03-09,15.09
2018-03-08,14.715
2018-03-07,14.63
2018-03-06,14.83
2018-03-05,14.805
2018-03-02,14.665
2018-03-01,14.565
2018-02-28,14.87
2018-02-27,14.86
2018-02-26,14.985
2018-02-23,14.85
2018-02-22,14.78
2018-02-21,14.84
2018-02-20,14.675
2018-02-19,14.695
2018-02-16,14.78
2018-02-15,14.485
2018-02-14,14.53
2018-02-13,14.43
2018-02-12,14.595
2018-02-09,14.505
2018-02-08,14.695
2018-02-07,15.01
2018-02-06,14.61
2018-02-05,14.925
2018-02-02,15.265
2018-02-01,15.55
2018-01-31,15.37
2018-01-30,15.62
2018-01-29,15.87
2018-01-26,16.155
2018-01-25,16.355
2018-01-24,16.43
2018-01-23,16.395
2018-01-22,16.38
2018-01-19,16.16
2018-01-18,16.145
2018-01-17,16.12
2018-01-16,16.1
2018-01-15,16.205
2018-01-12,16.25
2018-01-11,16.28
2018-01-10,16.095
2018-01-09,15.845
2018-01-08,15.9
2018-01-05,15.955
2018-01-04,15.9
2018-01-03,15.72
2018-01-02,15.55
2017-12-29,15.325
2017-12-28,15.555
2017-12-27,15.665
2017-12-22,15.66
2017-12-21,15.55
2017-12-20,15.52
2017-12-19,15.61
2017-12-18,15.625
2017-12-15,15.5
2017-12-14,15.66
2017-12-13,15.73
2017-12-12,15.87
2017-12-11,15.675
2017-12-08,15.56
2017-12-07,15.5
2017-12-06,15.745
2017-12-05,15.96
2017-12-04,15.985
2017-12-01,16.01
2017-11-30,15.855
2017-11-29,16.005
2017-11-28,15.905
2017-11-27,15.83
2017-11-24,15.925
2017-11-23,15.92
2017-11-22,15.895
2017-11-21,15.895
2017-11-20,15.77
2017-11-17,15.69
2017-11-16,15.775
2017-11-15,15.885
2017-11-14,16.13
2017-11-13,16.28
2017-11-10,16.22
2017-11-09,16.345
2017-11-08,16.005
2017-11-07,16.375
2017-11-06,16.16
2017-11-03,15.9
2017-11-02,16.06
2017-11-01,15.845
2017-10-31,15.96
2017-10-30,15.585
2017-10-27,15.595
2017-10-26,15.495
2017-10-25,15.35
2017-10-24,15.555
2017-10-23,15.56
2017-10-20,15.74
2017-10-19,15.725
2017-10-18,15.605
2017-10-17,15.505
2017-10-16,15.49
2017-10-13,15.425
2017-10-12,15.195
2017-10-11,15.105
2017-10-10,15.025
2017-10-09,15.085
2017-10-06,15.0
2017-10-05,15.195
2017-10-04,14.965
2017-10-03,14.955
2017-10-02,14.87
2017-09-29,14.995
2017-09-28,15.085
2017-09-27,14.925
2017-09-26,15.07
2017-09-25,14.955
2017-09-22,14.9
2017-09-21,14.535
2017-09-20,14.45
2017-09-19,14.31
2017-09-18,14.38
2017-09-15,14.255
2017-09-14,14.385
2017-09-13,14.1
2017-09-12,14.26
2017-09-11,14.185
2017-09-08,13.985
2017-09-07,14.135
2017-09-06,14.105
2017-09-05,14.195
2017-09-04,14.05
2017-09-01,14.04
2017-08-31,13.91
2017-08-30,13.935
2017-08-29,13.82
2017-08-28,13.74
2017-08-25,13.755
2017-08-24,13.845
2017-08-23,13.895
2017-08-22,13.875
2017-08-21,13.87
2017-08-18,13.86
2017-08-17,13.935
2017-08-16,13.95
2017-08-15,13.885
2017-08-14,13.995
2017-08-11,13.915
2017-08-10,14.21
2017-08-09,14.185
2017-08-08,14.21
2017-08-07,14.16
2017-08-04,14.075
2017-08-03,13.835
2017-08-02,13.88
2017-08-01,13.83
2017-07-31,13.54
2017-07-28,13.39
2017-07-27,13.35
2017-07-26,13.46
2017-07-25,13.45
2017-07-24,13.315
2017-07-21,13.515
2017-07-20,13.685
2017-07-19,13.72
2017-07-18,13.56
2017-07-17,13.555
2017-07-14,13.555
2017-07-13,13.44
2017-07-12,13.415
2017-07-11,13.14
2017-07-10,13.09
2017-07-07,13.075
2017-07-06,13.11
2017-07-05,13.24
2017-07-04,13.455
2017-07-03,13.495
2017-06-30,13.255
2017-06-29,13.205
2017-06-28,13.205
2017-06-27,13.215
2017-06-26,13.08
2017-06-23,13.115
2017-06-22,13.105
2017-06-21,13.185
2017-06-20,13.31
2017-06-19,13.66
2017-06-16,13.585
2017-06-15,13.305
2017-06-14,13.31
2017-06-13,13.52
2017-06-12,13.5
2017-06-09,13.535
2017-06-08,13.38
2017-06-07,13.615
2017-06-06,13.635
2017-06-05,13.63
2017-06-02,13.72
2017-06-01,13.785
2017-05-31,13.73
2017-05-30,13.905
2017-05-29,13.78
2017-05-26,13.855
2017-05-25,14.145
2017-05-24,14.115
2017-05-23,14.165
2017-05-22,14.245
2017-05-19,14.27
2017-05-18,13.87
2017-05-17,14.35
2017-05-16,14.57
2017-05-15,14.5
2017-05-12,14.325
2017-05-11,14.285
2017-05-10,14.145
2017-05-09,13.975
2017-05-08,13.955
2017-05-05,13.93
2017-05-04,13.99
2017-05-03,13.955
2017-05-02,14.055
2017-04-28,14.27
2017-04-27,14.175
2017-04-26,14.45
2017-04-25,14.48
2017-04-24,14.36
2017-04-21,14.175
2017-04-20,14.275
2017-04-19,14.365
2017-04-18,14.535
2017-04-13,14.575
2017-04-12,14.65
2017-04-11,14.535
2017-04-10,14.57
2017-04-07,14.52
2017-04-06,14.435
2017-04-05,14.33
2017-04-04,14.275
2017-04-03,14.15
2017-03-31,14.225
2017-03-30,14.15
2017-03-29,13.825
2017-03-28,13.76
2017-03-27,13.4
2017-03-24,13.38
2017-03-23,13.52
2017-03-22,13.425
2017-03-21,13.37
2017-03-20,13.49
2017-03-17,13.585
2017-03-16,13.765
2017-03-15,13.54
2017-03-14,13.515
2017-03-13,13.71
2017-03-10,13.65
2017-03-09,13.65
2017-03-08,13.9
2017-03-07,14.03
2017-03-06,13.93
2017-03-03,14.015
2017-03-02,14.045
2017-03-01,14.005
2017-02-28,13.89
2017-02-27,13.785
2017-02-24,13.845
2017-02-23,13.785
2017-02-22,13.585
2017-02-21,13.55
2017-02-20,13.685
2017-02-17,13.7
2017-02-16,13.71
2017-02-15,13.695
2017-02-14,13.81
2017-02-13,13.91
2017-02-10,13.845
2017-02-09,13.8
2017-02-08,13.72
2017-02-07,13.67
2017-02-06,13.835
2017-02-03,13.84
2017-02-02,13.6
2017-02-01,13.5
2017-01-31,13.62
2017-01-30,13.62
2017-01-27,13.93
2017-01-26,13.99
2017-01-25,14.0
2017-01-24,13.875
2017-01-23,13.855
2017-01-20,14.025
2017-01-19,14.07
2017-01-18,14.22
2017-01-17,14.15
2017-01-16,14.22
2017-01-15,14.22
2017-01-13,14.45
2017-01-12,14.24
2017-01-11,14.15
2017-01-10,14.07
2017-01-09,14.175
2017-01-06,14.405
2017-01-05,14.325
2017-01-04,14.205
2017-01-03,14.275
2017-01-02,14.32
2016-12-31,12.142
2016-12-30,14.19
2016-12-29,14.205
2016-12-28,14.19
2016-12-27,14.16
2016-12-23,14.195
2016-12-22,14.02
2016-12-21,14.105
2016-12-20,14.155
2016-12-19,13.9
2016-12-16,14.12
2016-12-15,14.1
2016-12-14,14.13
2016-12-13,14.22
2016-12-12,14.045
2016-12-09,13.865
2016-12-08,13.895
2016-12-07,13.845
2016-12-06,13.475
2016-12-05,13.2
2016-12-02,13.06
2016-12-01,13.095
2016-11-30,12.765
2016-11-29,12.215
2016-11-28,12.45
2016-11-25,12.64
2016-11-24,12.75
2016-11-23,12.63
2016-11-22,12.595
2016-11-21,12.665
2016-11-18,12.33
2016-11-17,12.48
2016-11-16,12.0
2016-11-15,12.03
2016-11-14,11.5
2016-11-11,11.545
2016-11-10,11.885
2016-11-09,11.95
2016-11-08,12.0
2016-11-07,11.97
2016-11-04,11.815
2016-11-03,12.02
2016-11-02,11.99
2016-11-01,12.185
2016-10-31,12.35
2016-10-28,12.49
2016-10-27,12.515
2016-10-26,12.54
2016-10-25,12.75
2016-10-24,12.695
2016-10-21,12.825
2016-10-20,12.835
2016-10-19,12.785
2016-10-18,12.51
2016-10-17,12.285
2016-10-14,12.475
2016-10-13,12.46
2016-10-12,12.47
2016-10-11,12.515
2016-10-10,12.37
2016-10-07,12.26
2016-10-06,12.33
2016-10-05,12.38
2016-10-04,12.425
2016-10-03,12.185
2016-09-30,12.165
2016-09-29,12.19
2016-09-28,11.67
2016-09-27,11.45
2016-09-26,11.725
2016-09-23,11.84
2016-09-22,11.85
2016-09-21,11.855
2016-09-20,11.875
2016-09-19,11.98
2016-09-16,11.75
2016-09-15,12.305
2016-09-14,12.3
2016-09-13,12.42
2016-09-12,12.855
2016-09-09,12.97
2016-09-08,13.18
2016-09-07,13.11
2016-09-06,13.165
2016-09-05,13.15
2016-09-02,13.09
2016-09-01,12.86
2016-08-31,13.03
2016-08-30,13.205
2016-08-29,13.1
2016-08-26,13.14
2016-08-25,13.09
2016-08-24,13.15
2016-08-23,13.165
2016-08-22,13.165
2016-08-19,13.375
2016-08-18,13.42
2016-08-17,13.36
2016-08-16,13.33
2016-08-15,13.35
2016-08-12,13.33
2016-08-11,13.1
2016-08-10,12.99
2016-08-09,12.95
2016-08-08,12.76
2016-08-05,12.685
2016-08-04,12.52
2016-08-03,12.41
2016-08-02,12.27
2016-08-01,12.48
2016-07-29,12.16
2016-07-28,12.1
2016-07-27,12.36
2016-07-26,12.26
2016-07-25,12.21
2016-07-22,12.49
2016-07-21,12.59
2016-07-20,12.52
2016-07-19,12.59
2016-07-18,12.6
2016-07-15,12.66
2016-07-14,12.63
2016-07-13,12.86
2016-07-12,12.59
2016-07-11,12.53
2016-07-08,12.21
2016-07-07,12.1
2016-07-06,11.94
2016-07-05,12.18
2016-07-04,12.49
2016-07-01,12.53
2016-06-30,12.28
2016-06-29,12.04
2016-06-28,11.71
2016-06-27,11.62
2016-06-24,11.94
2016-06-23,12.3
2016-06-22,12.26
2016-06-21,12.06
2016-06-20,12.09
2016-06-17,11.74
2016-06-16,11.5
2016-06-15,11.61
2016-06-14,11.64
2016-06-13,11.9
2016-06-10,12.13
2016-06-09,12.3
2016-06-08,12.03
2016-06-07,11.89
2016-06-06,11.89
2016-06-03,11.68
2016-06-02,11.66
2016-06-01,11.66
2016-05-31,11.79
2016-05-30,11.9
2016-05-27,11.8
2016-05-26,11.9
2016-05-25,11.9
2016-05-24,11.82
2016-05-23,11.72
2016-05-20,11.7
2016-05-19,11.64
2016-05-18,11.98
2016-05-17,11.84
2016-05-16,11.93
2016-05-13,11.7
2016-05-12,11.97
2016-05-11,11.64
2016-05-10,11.77
2016-05-09,11.8
2016-05-06,12.13
2016-05-05,11.97
2016-05-04,11.85
2016-05-03,12.01
2016-05-02,12.06
2016-04-29,11.89
2016-04-28,12.11
2016-04-27,12.07
2016-04-26,11.9
2016-04-25,11.895
2016-04-22,12.05
2016-04-21,12.1
2016-04-20,11.82
2016-04-19,11.76
2016-04-18,11.53
2016-04-15,11.44
2016-04-14,11.49
2016-04-13,11.48
2016-04-12,11.32
2016-04-11,11.14
2016-04-08,10.9
2016-04-07,10.38
2016-04-06,10.47
2016-04-05,10.67
2016-04-04,10.91
2016-04-01,10.78
2016-03-31,11.24
2016-03-30,11.43
2016-03-29,10.95
2016-03-24,10.98
2016-03-23,10.99
2016-03-22,11.16
2016-03-21,11.2
2016-03-18,11.35
2016-03-17,11.5
2016-03-16,11.11
2016-03-15,10.68
2016-03-14,10.75
2016-03-11,10.65
2016-03-10,10.62
2016-03-09,10.92
2016-03-08,10.79
2016-03-07,11.14
2016-03-04,11.0
2016-03-03,10.78
2016-03-02,10.38
2016-03-01,10.3
2016-02-29,10.27
2016-02-26,10.18
2016-02-25,9.9
2016-02-24,9.86
2016-02-23,10.01
2016-02-22,10.4
2016-02-19,10.28
2016-02-18,10.48
2016-02-17,10.9
2016-02-16,10.44
2016-02-15,10.45
2016-02-12,10.14
2016-02-11,9.76
2016-02-10,10.33
2016-02-09,10.6
2016-02-08,10.81
2016-02-05,11.02
2016-02-04,10.71
2016-02-03,10.5
2016-02-02,10.42
2016-02-01,10.77
2016-01-29,10.77
2016-01-28,10.57
2016-01-27,10.07
2016-01-26,10.05
2016-01-25,9.88
2016-01-22,9.96
2016-01-21,9.32
2016-01-20,9.24
2016-01-19,9.69
2016-01-18,9.5
2016-01-15,9.628
2016-01-14,9.95
2016-01-13,9.478
2016-01-12,9.379
2016-01-11,9.351
2016-01-08,9.665
2016-01-07,9.811
2016-01-06,9.83
2016-01-05,10.055
2016-01-04,10.38
2016-01-01,10.72
2015-12-31,10.72
2015-12-30,10.79
2015-12-29,10.765
2015-12-28,10.86
2015-12-25,11.075
2015-12-24,11.075
2015-12-23,10.975
2015-12-22,10.29
2015-12-21,10.075
2015-12-18,10.41
2015-12-17,10.045
2015-12-16,10.005
2015-12-15,9.904
2015-12-14,9.55
2015-12-11,9.739
2015-12-10,10.055
2015-12-09,9.994
2015-12-08,9.5
2015-12-07,9.577
2015-12-04,9.877
2015-12-03,10.005
2015-12-02,10.055
2015-12-01,9.988
2015-11-30,10.07
2015-11-27,9.89
2015-11-26,9.97
2015-11-25,9.86
2015-11-24,9.739
2015-11-23,9.639
2015-11-20,9.553
2015-11-19,10.065
2015-11-18,9.955
2015-11-17,9.617
2015-11-16,9.326
2015-11-13,9.252
2015-11-12,9.397
2015-11-11,9.826
2015-11-10,9.923
2015-11-09,9.927
2015-11-06,9.972
2015-11-05,10.07
2015-11-04,10.235
2015-11-03,10.215
2015-11-02,9.741
2015-10-30,9.837
2015-10-29,9.772
2015-10-28,9.764
2015-10-27,9.386
2015-10-26,9.622
2015-10-23,9.861
2015-10-22,9.77
2015-10-21,9.63
2015-10-20,9.597
2015-10-19,9.721
2015-10-16,9.801
2015-10-15,9.579
2015-10-14,9.607
2015-10-13,9.746
2015-10-12,9.888
2015-10-09,10.04
2015-10-08,10.15
2015-10-07,10.28
2015-10-06,9.97
2015-10-05,9.603
2015-10-02,9.299
2015-10-01,9.001
2015-09-30,8.799
2015-09-29,8.499
2015-09-28,8.503
2015-09-25,8.729
2015-09-24,8.708
2015-09-23,8.92
2015-09-22,8.861
2015-09-21,9.135
2015-09-18,9.142
2015-09-17,9.208
2015-09-16,9.231
2015-09-15,8.877
2015-09-14,8.761
2015-09-11,8.65
2015-09-10,8.746
2015-09-09,9.1
2015-09-08,9.048
2015-09-07,9.004
2015-09-04,8.98
2015-09-03,9.39
2015-09-02,9.018
2015-09-01,9.163
2015-08-31,9.397
2015-08-28,9.507
2015-08-27,9.331
2015-08-26,8.703
2015-08-25,8.944
2015-08-24,8.611
2015-08-21,9.356
2015-08-20,9.73
2015-08-19,9.91
2015-08-18,10.145
2015-08-17,10.27
2015-08-14,10.21
2015-08-13,10.41
2015-08-12,10.35
2015-08-11,10.115
2015-08-10,10.195
2015-08-07,10.23
2015-08-06,10.125
2015-08-05,10.385
2015-08-04,10.295
2015-08-03,10.34
2015-07-31,10.55
2015-07-30,10.63
2015-07-29,10.57
2015-07-28,10.305
2015-07-27,10.1
2015-07-24,10.46
2015-07-23,10.67
2015-07-22,10.625
2015-07-21,10.97
2015-07-20,10.91
2015-07-17,10.91
2015-07-16,10.835
2015-07-15,10.77
2015-07-14,10.71
2015-07-13,10.77
2015-07-10,10.62
2015-07-09,10.4
2015-07-08,10.08
2015-07-07,9.792
2015-07-06,10.095
2015-07-03,10.47
2015-07-02,10.615
2015-07-01,10.625
2015-06-30,10.52
2015-06-29,10.595
2015-06-26,10.97
2015-06-25,10.985
2015-06-24,11.165
2015-06-23,11.11
2015-06-22,10.765
2015-06-19,10.94
2015-06-18,10.72
2015-06-17,10.78
2015-06-16,10.705
2015-06-15,10.89
2015-06-12,11.0
2015-06-11,11.25
2015-06-10,10.95
2015-06-09,10.45
2015-06-08,10.395
2015-06-05,10.715
2015-06-04,10.655
2015-06-03,10.825
2015-06-02,10.86
2015-06-01,10.695
2015-05-29,10.72
2015-05-28,10.81
2015-05-27,10.97
2015-05-26,10.84
2015-05-25,11.225
2015-05-22,11.385
2015-05-21,11.44
2015-05-20,11.285
2015-05-19,11.4
2015-05-18,11.51
2015-05-15,11.635
2015-05-14,11.895
2015-05-13,12.09
2015-05-12,11.91
2015-05-11,11.905
2015-05-08,11.625
2015-05-07,11.585
2015-05-06,12.07
2015-05-05,12.13
2015-05-04,12.085
2015-05-01,12.19
2015-04-30,12.19
2015-04-29,12.07
2015-04-28,12.16
2015-04-27,12.03
2015-04-24,11.875
2015-04-23,11.99
2015-04-22,11.77
2015-04-21,11.88
2015-04-20,12.09
2015-04-17,12.0
2015-04-16,12.28
2015-04-15,12.365
2015-04-14,12.19
2015-04-13,12.25
2015-04-10,11.9
2015-04-09,11.93
2015-04-08,11.595
2015-04-07,10.915
2015-04-06,10.095
2015-04-03,10.095
2015-04-02,10.095
2015-04-01,10.2
2015-03-31,10.065
2015-03-30,10.305
2015-03-27,10.38
2015-03-26,10.385
2015-03-25,10.395
2015-03-24,10.21
2015-03-23,10.34
2015-03-20,10.35
2015-03-19,9.909
2015-03-18,9.66
2015-03-17,9.6
2015-03-16,9.462
2015-03-13,9.394
2015-03-12,9.74
2015-03-11,9.624
2015-03-10,9.44
2015-03-09,10.245
2015-03-06,10.265
2015-03-05,9.923
2015-03-04,9.8
2015-03-03,10.065
2015-03-02,10.27
2015-02-27,10.505
2015-02-26,10.43
2015-02-25,10.57
2015-02-24,10.595
2015-02-23,10.475
2015-02-20,10.51
2015-02-19,10.385
2015-02-18,10.49
2015-02-17,10.37
2015-02-16,10.425
2015-02-13,10.32
2015-02-12,9.985
2015-02-11,9.778
2015-02-10,10.0
2015-02-09,10.415
2015-02-06,10.1
2015-02-05,10.245
2015-02-04,10.04
2015-02-03,10.15
2015-02-02,9.787
2015-01-30,9.364
2015-01-29,9.417
2015-01-28,9.438
2015-01-27,9.599
2015-01-26,9.626
2015-01-23,9.206
2015-01-22,9.25
2015-01-21,9.267
2015-01-20,8.79
2015-01-19,8.781
2015-01-16,8.945
2015-01-15,8.43
2015-01-14,7.918
2015-01-13,8.054
2015-01-12,7.999
2015-01-09,8.211
2015-01-08,8.356
2015-01-07,8.1
2015-01-06,7.974
2015-01-05,8.063
2015-01-02,8.5
2015-01-01,8.431
2014-12-31,8.431
2014-12-30,8.439
2014-12-29,8.704
2014-12-26,8.801
2014-12-25,8.801
2014-12-24,8.801
2014-12-23,8.89
2014-12-22,8.701
2014-12-19,8.89
2014-12-18,8.836
2014-12-17,8.652
2014-12-16,8.31
2014-12-15,8.0
2014-12-12,8.32
2014-12-11,8.522
2014-12-10,8.716
2014-12-09,9.016
2014-12-08,9.161
2014-12-05,9.53
2014-12-04,9.656
2014-12-03,9.762
2014-12-02,9.807
2014-12-01,9.47
2014-11-28,9.8
2014-11-27,10.4
2014-11-26,10.93
2014-11-25,11.05
2014-11-24,11.245
2014-11-21,11.345
2014-11-20,10.985
2014-11-19,10.795
2014-11-18,11.13
2014-11-17,11.095
2014-11-14,11.205
2014-11-13,11.03
2014-11-12,11.105
2014-11-11,11.34
2014-11-10,11.52
2014-11-07,11.33
2014-11-06,11.22
2014-11-05,11.085
2014-11-04,10.96
2014-11-03,11.455
2014-10-31,11.565
2014-10-30,11.35
2014-10-29,11.49
2014-10-28,11.535
2014-10-27,11.45
2014-10-24,11.35
2014-10-23,11.45
2014-10-22,11.35
2014-10-21,11.37
2014-10-20,11.0
2014-10-17,11.29
2014-10-16,10.76
2014-10-15,11.11
2014-10-14,11.66
2014-10-13,11.68
2014-10-10,11.6
2014-10-09,11.78
2014-10-08,11.96
2014-10-07,12.21
2014-10-06,12.28
2014-10-03,12.235
2014-10-02,12.09
2014-10-01,12.645
2014-09-30,12.87
2014-09-29,12.92
2014-09-26,13.04
2014-09-25,13.04
2014-09-24,13.16
2014-09-23,13.27
2014-09-22,13.5
2014-09-19,13.5
2014-09-18,13.405
2014-09-17,13.25
2014-09-16,13.16
2014-09-15,13.075
2014-09-12,13.49
2014-09-11,13.485
2014-09-10,13.5
2014-09-09,13.485
2014-09-08,13.565
2014-09-05,13.7
2014-09-04,13.655
2014-09-03,13.64
2014-09-02,13.62
2014-09-01,13.525
2014-08-29,13.5
2014-08-28,13.39
2014-08-27,13.455
2014-08-26,13.295
2014-08-25,13.005
2014-08-22,12.895
2014-08-21,12.855
2014-08-20,12.89
2014-08-19,12.88
2014-08-18,12.535
2014-08-15,12.38
2014-08-14,12.325
2014-08-13,12.265
2014-08-12,12.2
2014-08-11,12.38
2014-08-08,12.4
2014-08-07,12.475
2014-08-06,12.67
2014-08-05,12.835
2014-08-04,12.935
2014-08-01,13.045
2014-07-31,13.26
2014-07-30,13.185
2014-07-29,13.36
2014-07-28,13.44
2014-07-25,13.1
2014-07-24,13.05
2014-07-23,13.025
2014-07-22,12.95
2014-07-21,12.915
2014-07-18,12.9
2014-07-17,13.09
2014-07-16,13.05
2014-07-15,12.74
2014-07-14,12.8
2014-07-11,12.715
2014-07-10,12.735
2014-07-09,12.935
2014-07-08,12.805
2014-07-07,13.29
2014-07-04,13.55
2014-07-03,13.61
2014-07-02,13.41
2014-07-01,13.195
2014-06-30,13.38
2014-06-27,13.365
2014-06-26,13.4
2014-06-25,13.51
2014-06-24,13.62
2014-06-23,13.64
2014-06-20,13.715
2014-06-19,13.705
2014-06-18,13.53
2014-06-17,13.41
2014-06-16,13.45
2014-06-13,13.455
2014-06-12,13.255
2014-06-11,13.07
2014-06-10,12.985
2014-06-09,13.0
2014-06-06,12.94
2014-06-05,12.9
2014-06-04,12.915
2014-06-03,13.02
2014-06-02,13.045
2014-05-30,13.0
2014-05-29,12.895
2014-05-28,12.835
2014-05-27,12.905
2014-05-26,12.89
2014-05-23,12.855
2014-05-22,12.885
2014-05-21,12.835
2014-05-20,12.77
2014-05-19,12.76
2014-05-16,12.85
2014-05-15,12.77
2014-05-14,12.85
2014-05-13,12.92
2014-05-12,12.965
2014-05-09,12.8
2014-05-08,12.75
2014-05-07,12.685
2014-05-06,12.66
2014-05-05,12.54
2014-05-02,12.485
2014-05-01,12.485
2014-04-30,12.485
2014-04-29,12.44
2014-04-28,12.57
2014-04-25,12.675
2014-04-24,12.67
2014-04-23,12.57
2014-04-22,12.63
2014-04-21,12.58
2014-04-18,12.58
2014-04-17,12.58
2014-04-16,12.56
2014-04-15,12.46
2014-04-14,12.4
2014-04-11,12.4
2014-04-10,12.4
2014-04-09,12.5
2014-04-08,12.34
2014-04-07,12.715
2014-04-04,12.67
2014-04-03,12.595
2014-04-02,12.59
2014-04-01,12.5
2014-03-31,12.535
2014-03-28,12.4
2014-03-27,12.475
2014-03-26,12.355
2014-03-25,12.15
2014-03-24,11.92
2014-03-21,11.88
2014-03-20,11.86
2014-03-19,12.045
2014-03-18,12.04
2014-03-17,11.775
2014-03-14,11.725
2014-03-13,11.91
2014-03-12,12.075
2014-03-11,12.25
2014-03-10,12.23
2014-03-07,12.2
2014-03-06,12.13
2014-03-05,12.055
2014-03-04,11.93
2014-03-03,11.855
2014-02-28,12.18
2014-02-27,12.055
2014-02-26,12.18
2014-02-25,12.01
2014-02-24,12.025
2014-02-21,11.91
2014-02-20,11.785
2014-02-19,11.77
2014-02-18,11.77
2014-02-17,11.81
2014-02-14,11.625
2014-02-13,11.315
2014-02-12,11.2
2014-02-11,11.365
2014-02-10,11.28
2014-02-07,11.38
2014-02-06,11.38
2014-02-05,11.15
2014-02-04,11.2
2014-02-03,11.345
2014-01-31,11.48
2014-01-30,11.535
2014-01-29,11.765
2014-01-28,11.69
2014-01-27,11.655
2014-01-24,11.815
2014-01-23,11.91
2014-01-22,11.905
2014-01-21,12.02
2014-01-20,12.07
2014-01-17,12.0
2014-01-16,11.82
2014-01-15,11.72
2014-01-14,11.89
2014-01-13,11.955
2014-01-10,11.95
2014-01-09,11.955
2014-01-08,12.06
2014-01-07,12.085
2014-01-06,11.92
2014-01-03,11.865
2014-01-02,11.76
2014-01-01,11.915
2013-12-31,11.915
2013-12-30,11.89
2013-12-27,11.91
2013-12-26,11.75
2013-12-25,11.75
2013-12-24,11.75
2013-12-23,11.97
2013-12-20,11.835
2013-12-19,11.785
2013-12-18,11.775
2013-12-17,11.455
2013-12-16,11.56
2013-12-13,11.53
2013-12-12,11.495
2013-12-11,11.68
2013-12-10,11.61
2013-12-09,11.61
2013-12-06,11.63
2013-12-05,11.62
2013-12-04,11.74
2013-12-03,11.98
2013-12-02,12.06
2013-11-29,12.195
2013-11-28,12.15
2013-11-27,12.17
2013-11-26,12.04
2013-11-25,12.05
2013-11-22,12.02
2013-11-21,12.1
2013-11-20,12.1
2013-11-19,12.055
2013-11-18,12.065
2013-11-15,12.03
2013-11-14,12.025
2013-11-13,12.31
2013-11-12,12.325
2013-11-11,12.38
2013-11-08,12.31
2013-11-07,12.485
2013-11-06,12.605
2013-11-05,12.54
2013-11-04,12.505
2013-11-01,12.475
2013-10-31,12.48
2013-10-30,12.64
2013-10-29,12.49
2013-10-28,12.46
2013-10-25,12.5
2013-10-24,12.47
2013-10-23,12.5
2013-10-22,12.76
2013-10-21,12.825
2013-10-18,12.67
2013-10-17,12.625
2013-10-16,12.57
2013-10-15,12.67
2013-10-14,12.55
2013-10-11,12.46
2013-10-10,12.325
2013-10-09,12.29
2013-10-08,12.225
2013-10-07,12.4
2013-10-04,12.43
2013-10-03,12.275
2013-10-02,12.5
2013-10-01,12.51
2013-09-30,12.295
2013-09-27,12.37
2013-09-26,12.42
2013-09-25,12.455
2013-09-24,12.31
2013-09-23,12.44
2013-09-20,12.545
2013-09-19,12.48
2013-09-18,12.48
2013-09-17,12.365
2013-09-16,12.68
2013-09-13,12.895
2013-09-12,13.05
2013-09-11,13.215
2013-09-10,13.125
2013-09-09,13.215
2013-09-06,13.35
2013-09-05,13.265
2013-09-04,13.055
2013-09-03,12.995
2013-09-02,12.95
2013-08-30,12.735
2013-08-29,13.0
2013-08-28,13.055
2013-08-27,12.62
2013-08-26,12.82
2013-08-23,12.8
2013-08-22,12.73
2013-08-21,12.395
2013-08-20,12.425
2013-08-19,12.56
2013-08-16,12.535
2013-08-15,12.63
2013-08-14,12.72
2013-08-13,12.705
2013-08-12,12.6
2013-08-09,12.62
2013-08-08,12.52
2013-08-07,12.43
2013-08-06,12.5
2013-08-05,12.52
2013-08-02,12.44
2013-08-01,12.3
2013-07-31,12.0
2013-07-30,12.09
2013-07-29,12.005
2013-07-26,12.02
2013-07-25,12.075
2013-07-24,12.115
2013-07-23,11.905
2013-07-22,11.91
2013-07-19,11.78
2013-07-18,11.875
2013-07-17,11.61
2013-07-16,11.755
2013-07-15,11.565
2013-07-12,11.46
2013-07-11,11.5
2013-07-10,11.67
2013-07-09,11.65
2013-07-08,11.56
2013-07-05,11.54
2013-07-04,11.55
2013-07-03,11.25
2013-07-02,11.5
2013-07-01,11.615
2013-06-28,11.375
2013-06-27,11.57
2013-06-26,11.84
2013-06-25,11.65
2013-06-24,11.435
2013-06-21,11.795
2013-06-20,12.3
2013-06-19,12.53
2013-06-18,12.445
2013-06-17,12.37
2013-06-14,12.325
2013-06-13,12.285
2013-06-12,12.355
2013-06-11,12.445
2013-06-10,12.52
2013-06-07,12.495
2013-06-06,12.32
2013-06-05,12.525
2013-06-04,12.745
2013-06-03,12.65
2013-05-31,12.65
2013-05-30,12.45
2013-05-29,12.47
2013-05-28,12.49
2013-05-27,12.44
2013-05-24,12.31
2013-05-23,12.23
2013-05-22,12.33
2013-05-21,12.41
2013-05-20,12.535
2013-05-17,12.465
2013-05-16,12.445
2013-05-15,12.495
2013-05-14,12.31
2013-05-13,12.55
2013-05-10,12.64
2013-05-09,12.54
2013-05-08,12.56
2013-05-07,12.49
2013-05-06,12.39
2013-05-03,12.295
2013-05-02,12.095
2013-05-01,12.17
2013-04-30,12.17
2013-04-29,12.24
2013-04-26,12.03
2013-04-25,12.1
2013-04-24,11.89
2013-04-23,11.81
2013-04-22,11.68
2013-04-19,11.745
2013-04-18,11.44
2013-04-17,11.565
2013-04-16,11.725
2013-04-15,11.8
2013-04-12,12.03
2013-04-11,12.065
2013-04-10,12.0
2013-04-09,11.805
2013-04-08,11.71
2013-04-05,11.78
2013-04-04,11.995
2013-04-03,12.06
2013-04-02,12.295
2013-04-01,12.22
2013-03-29,12.22
2013-03-28,12.22
2013-03-27,12.14
2013-03-26,12.16
2013-03-25,12.13
2013-03-22,12.175
2013-03-21,12.105
2013-03-20,12.13
2013-03-19,12.08
2013-03-18,12.1
2013-03-15,12.135
2013-03-14,12.14
2013-03-13,11.995
2013-03-12,12.05
2013-03-11,11.9
2013-03-08,12.14
2013-03-07,12.13
2013-03-06,11.94
2013-03-05,11.815
2013-03-04,11.65
2013-03-01,11.7
2013-02-28,11.82
2013-02-27,11.86
2013-02-26,11.73
2013-02-25,11.875
2013-02-22,11.69
2013-02-21,11.745
2013-02-20,11.905
2013-02-19,11.805
2013-02-18,11.745
2013-02-15,11.755
2013-02-14,11.9
2013-02-13,11.94
2013-02-12,12.115
2013-02-11,11.83
2013-02-08,11.7
2013-02-07,11.78
2013-02-06,11.85
2013-02-05,12.0
2013-02-04,12.0
2013-02-01,12.08
2013-01-31,11.965
2013-01-30,12.06
2013-01-29,12.17
2013-01-28,12.28
2013-01-25,12.22
2013-01-24,12.49
2013-01-23,12.5
2013-01-22,12.34
2013-01-21,12.12
2013-01-18,12.08
2013-01-17,12.09
2013-01-16,12.1
2013-01-15,12.15
2013-01-14,12.3
2013-01-11,12.38
2013-01-10,12.145
2013-01-09,12.07
2013-01-08,12.05
2013-01-07,12.52
2013-01-04,12.415
2013-01-03,12.38
2013-01-02,12.215
2013-01-01,11.76
2012-12-31,11.76
2012-12-28,11.635
2012-12-27,11.85
2012-12-26,11.85
2012-12-25,11.85
2012-12-24,11.85
2012-12-21,11.845
2012-12-20,11.875
2012-12-19,11.855
2012-12-18,11.75
2012-12-17,11.73
2012-12-14,11.76
2012-12-13,11.75
2012-12-12,11.74
2012-12-11,11.74
2012-12-10,11.705
2012-12-07,11.745
2012-12-06,11.86
2012-12-05,11.84
2012-12-04,11.74
2012-12-03,11.745
2012-11-30,11.79
2012-11-29,11.75
2012-11-28,11.525
2012-11-27,11.5
2012-11-26,12.215
2012-11-23,12.4
2012-11-22,12.42
2012-11-21,12.375
2012-11-20,12.445
2012-11-19,12.25
2012-11-16,11.755
2012-11-15,11.985
2012-11-14,12.01
2012-11-13,12.025
2012-11-12,12.02
2012-11-09,12.1
2012-11-08,12.0
2012-11-07,12.0
2012-11-06,12.285
2012-11-05,12.21
2012-11-02,12.24
2012-11-01,12.35
2012-10-31,12.35
2012-10-30,12.75
2012-10-29,12.655
2012-10-26,12.66
2012-10-25,12.56
2012-10-24,12.7
2012-10-23,12.73
2012-10-22,13.0
2012-10-19,13.1
2012-10-18,13.22
2012-10-17,13.175
2012-10-16,13.2
2012-10-15,12.98
2012-10-12,12.895
2012-10-11,13.05
2012-10-10,12.855
2012-10-09,12.74
2012-10-08,12.77
2012-10-05,12.705
2012-10-04,12.52
2012-10-03,12.745
2012-10-02,12.9
2012-10-01,12.84
2012-09-28,12.62
2012-09-27,12.43
2012-09-26,12.46
2012-09-25,12.685
2012-09-24,12.85
2012-09-21,13.01
2012-09-20,12.93
2012-09-19,13.03
2012-09-18,12.915
2012-09-17,13.2
2012-09-14,13.12
2012-09-13,12.8
2012-09-12,12.68
2012-09-11,12.75
2012-09-10,12.605
2012-09-07,12.655
2012-09-06,12.6
2012-09-05,12.135
2012-09-04,12.27
2012-09-03,12.35
2012-08-31,11.945
2012-08-30,11.82
2012-08-29,11.85
2012-08-28,11.96
2012-08-27,11.65
2012-08-24,11.64
2012-08-23,11.71
2012-08-22,12.045
2012-08-21,12.02
2012-08-20,11.79
2012-08-17,11.74
2012-08-16,11.69
2012-08-15,11.67
2012-08-14,11.715
2012-08-13,11.56
2012-08-10,11.6
2012-08-09,11.6
2012-08-08,11.34
2012-08-07,11.5
2012-08-06,11.21
2012-08-03,10.97
2012-08-02,10.845
2012-08-01,11.075
2012-07-31,11.0
2012-07-30,11.13
2012-07-27,10.59
2012-07-26,10.505
2012-07-25,10.1
2012-07-24,10.04
2012-07-23,10.28
2012-07-20,10.78
2012-07-19,10.955
2012-07-18,10.88
2012-07-17,10.87
2012-07-16,10.88
2012-07-13,10.89
2012-07-12,10.63
2012-07-11,10.64
2012-07-10,10.6
2012-07-09,10.47
2012-07-06,10.355
2012-07-05,10.65
2012-07-04,11.09
2012-07-03,10.785
2012-07-02,10.42
2012-06-29,10.0
2012-06-28,9.528
2012-06-27,9.5
2012-06-26,9.348
2012-06-25,9.512
2012-06-22,9.542
2012-06-21,9.62
2012-06-20,9.758
2012-06-19,9.273
2012-06-18,9.075
2012-06-15,8.93
2012-06-14,8.5
2012-06-13,8.636
2012-06-12,8.931
2012-06-11,9.077
2012-06-08,9.152
2012-06-07,9.36
2012-06-06,9.444
2012-06-05,9.26
2012-06-04,9.204
2012-06-01,9.101
2012-05-31,9.626
2012-05-30,9.858
2012-05-29,10.2
2012-05-28,10.055
2012-05-25,9.936
2012-05-24,9.85
2012-05-23,9.62
2012-05-22,10.03
2012-05-21,9.659
2012-05-18,9.84
2012-05-17,10.06
2012-05-16,10.38
2012-05-15,10.28
2012-05-14,10.49
2012-05-11,10.96
2012-05-10,10.96
2012-05-09,10.685
2012-05-08,11.01
2012-05-07,11.185
2012-05-04,11.13
2012-05-03,11.415
2012-05-02,11.585
2012-05-01,11.89
2012-04-30,11.89
2012-04-27,11.575
2012-04-26,11.2
2012-04-25,11.3
2012-04-24,10.855
2012-04-23,10.59
2012-04-20,11.005
2012-04-19,10.925
2012-04-18,11.05
2012-04-17,11.42
2012-04-16,11.16
2012-04-13,11.365
2012-04-12,11.675
2012-04-11,11.765
2012-04-10,11.42
2012-04-09,11.725
2012-04-06,11.725
2012-04-05,11.725
2012-04-04,11.815
2012-04-03,12.245
2012-04-02,12.48
2012-03-30,12.34
2012-03-29,12.75
2012-03-28,12.9
2012-03-27,13.09
2012-03-26,13.14
2012-03-23,13.01
2012-03-22,13.11
2012-03-21,13.405
2012-03-20,13.42
2012-03-19,13.5
2012-03-16,13.305
2012-03-15,13.4
2012-03-14,13.44
2012-03-13,13.725
2012-03-12,13.5
2012-03-09,13.77
2012-03-08,13.695
2012-03-07,13.055
2012-03-06,12.665
2012-03-05,13.13
2012-03-02,13.425
2012-03-01,13.27
2012-02-29,13.09
2012-02-28,13.02
2012-02-27,13.0
2012-02-24,13.255
2012-02-23,12.825
2012-02-22,12.88
2012-02-21,12.605
2012-02-20,12.87
2012-02-17,12.76
2012-02-16,12.85
2012-02-15,12.77
2012-02-14,13.06
2012-02-13,13.1
2012-02-10,12.72
2012-02-09,12.99
2012-02-08,12.98
2012-02-07,12.98
2012-02-06,13.0
2012-02-03,13.15
2012-02-02,12.94
2012-02-01,12.7
2012-01-31,12.335
2012-01-30,12.49
2012-01-27,12.76
2012-01-26,13.1
2012-01-25,12.88
2012-01-24,12.78
2012-01-23,12.58
2012-01-20,12.42
2012-01-19,12.415
2012-01-18,12.18
2012-01-17,12.2
2012-01-16,11.96
2012-01-13,12.26
2012-01-12,12.4
2012-01-11,12.47
2012-01-10,12.79
2012-01-09,12.63
2012-01-06,12.71
2012-01-05,12.255
2012-01-04,12.3
2012-01-03,12.365
2012-01-02,11.74
2011-12-30,11.38
2011-12-29,11.4
2011-12-28,11.38
2011-12-27,11.7
2011-12-26,11.76
2011-12-23,11.76
2011-12-22,11.73
2011-12-21,11.575
2011-12-20,11.5
2011-12-19,11.4
2011-12-16,11.4
2011-12-15,11.56
2011-12-14,11.32
2011-12-13,11.68
2011-12-12,11.255
2011-12-09,11.76
2011-12-08,11.44
2011-12-07,12.04
2011-12-06,12.125
2011-12-05,12.18
2011-12-02,12.32
2011-12-01,12.35
2011-11-30,12.43
2011-11-29,11.42
2011-11-28,11.66
2011-11-25,11.585
2011-11-24,11.34
2011-11-23,11.3
2011-11-22,11.575
2011-11-21,11.77
2011-11-18,12.1
2011-11-17,12.405
2011-11-16,12.81
2011-11-15,12.9
2011-11-14,13.38
2011-11-11,13.25
2011-11-10,14.85
2011-11-09,14.95
2011-11-08,14.99
2011-11-07,14.65
2011-11-04,14.95
2011-11-03,15.07
2011-11-02,14.985
2011-11-01,14.85
2011-10-31,14.98
2011-10-28,14.91
2011-10-27,15.0
2011-10-26,14.6
2011-10-25,14.7
2011-10-24,15.02
2011-10-21,15.1
2011-10-20,14.85
2011-10-19,14.45
2011-10-18,14.68
2011-10-17,14.45
2011-10-14,14.91
2011-10-13,14.43
2011-10-12,14.83
2011-10-11,14.53
2011-10-10,14.595
2011-10-07,14.2
2011-10-06,14.095
2011-10-05,13.74
2011-10-04,13.08
2011-10-03,13.48
2011-09-30,13.74
2011-09-29,13.79
2011-09-28,13.795
2011-09-27,14.05
2011-09-26,13.62
2011-09-23,13.385
2011-09-22,13.35
2011-09-21,14.58
2011-09-20,14.37
2011-09-19,14.38
2011-09-16,14.56
2011-09-15,14.48
2011-09-14,13.77
2011-09-13,13.636
2011-09-12,13.33
2011-09-09,13.725
2011-09-08,14.03
2011-09-07,13.67
2011-09-06,13.0
2011-09-05,13.25
2011-09-02,13.78
2011-09-01,13.68
2011-08-31,13.905
2011-08-30,13.425
2011-08-29,13.455
2011-08-26,13.065
2011-08-25,13.1
2011-08-24,13.235
2011-08-23,12.97
2011-08-22,13.22
2011-08-19,13.01
2011-08-18,13.18
2011-08-17,14.06
2011-08-16,13.88
2011-08-15,13.85
2011-08-12,13.6
2011-08-11,12.8
2011-08-10,12.585
2011-08-09,12.67
2011-08-08,12.98
2011-08-05,13.825
2011-08-04,14.15
2011-08-03,15.26
2011-08-02,15.57
2011-08-01,15.76
2011-07-29,15.745
2011-07-28,15.68
2011-07-27,15.685
2011-07-26,15.885
2011-07-25,15.78
2011-07-22,15.795
2011-07-21,15.71
2011-07-20,15.74
2011-07-19,15.595
2011-07-18,15.38
2011-07-15,15.62
2011-07-14,15.175
2011-07-13,15.55
2011-07-12,15.66
2011-07-11,15.49
2011-07-08,15.99
2011-07-07,16.315
2011-07-06,15.98
2011-07-05,16.2
2011-07-04,16.255
2011-07-01,16.25
2011-06-30,16.45
2011-06-29,15.45
2011-06-28,14.915
2011-06-27,14.74
2011-06-24,14.815
2011-06-23,14.97
2011-06-22,15.265
2011-06-21,15.24
2011-06-20,14.78
2011-06-17,14.935
2011-06-16,14.68
2011-06-15,14.75
2011-06-14,14.96
2011-06-13,14.625
2011-06-10,14.55
2011-06-09,14.62
2011-06-08,14.475
2011-06-07,14.57
2011-06-06,14.685
2011-06-03,14.73
2011-06-02,14.58
2011-06-01,14.675
2011-05-31,14.71
2011-05-30,14.505
2011-05-27,14.62
2011-05-26,14.47
2011-05-25,14.435
2011-05-24,14.105
2011-05-23,13.945
2011-05-20,14.25
2011-05-19,14.24
2011-05-18,14.275
2011-05-17,14.29
2011-05-16,14.31
2011-05-13,14.47
2011-05-12,14.41
2011-05-11,14.51
2011-05-10,14.37
2011-05-09,14.37
2011-05-06,14.56
2011-05-05,14.535
2011-05-04,14.52
2011-05-03,14.87
2011-05-02,15.085
2011-04-29,15.105
2011-04-28,14.575
2011-04-27,14.595
2011-04-26,14.595
2011-04-25,1.636
2011-04-22,1.636
2011-04-21,14.665
2011-04-20,14.815
2011-04-19,14.56
2011-04-18,14.55
2011-04-15,15.05
2011-04-14,15.09
2011-04-13,15.335
2011-04-12,15.25
2011-04-11,15.65
2011-04-08,15.65
2011-04-07,15.65
2011-04-06,15.36
2011-04-05,15.58
2011-04-04,15.68
2011-04-01,15.31
2011-03-31,15.105
2011-03-30,15.245
2011-03-29,15.185
2011-03-28,15.15
2011-03-25,15.2
2011-03-24,15.16
2011-03-23,15.13
2011-03-22,15.32
2011-03-21,15.16
2011-03-18,14.98
2011-03-17,14.805
2011-03-16,14.97
2011-03-15,15.14
2011-03-14,15.35
2011-03-11,15.26
2011-03-10,15.25
2011-03-09,15.0
2011-03-08,15.2
2011-03-07,15.21
2011-03-04,15.22
2011-03-03,15.22
2011-03-02,15.28
2011-03-01,15.245
2011-02-28,15.075
2011-02-25,15.24
2011-02-24,15.265
2011-02-23,15.055
2011-02-22,15.18
2011-02-21,14.93
2011-02-18,15.15
2011-02-17,15.25
2011-02-16,15.54
2011-02-15,15.505
2011-02-14,15.7
2011-02-11,15.385
2011-02-10,14.78
2011-02-09,15.19
2011-02-08,15.205
2011-02-07,15.11
2011-02-04,15.15
2011-02-03,15.12
2011-02-02,14.96
2011-02-01,14.995
2011-01-31,14.91
2011-01-28,14.78
2011-01-27,14.5
2011-01-26,14.57
2011-01-25,14.53
2011-01-24,14.645
2011-01-21,14.4
2011-01-20,14.355
2011-01-19,14.48
2011-01-18,14.465
2011-01-17,14.325
2011-01-14,14.485
2011-01-13,14.56
2011-01-12,14.44
2011-01-11,14.3
2011-01-10,14.14
2011-01-07,14.25
2011-01-06,14.545
2011-01-05,14.61
2011-01-04,14.81
2011-01-03,14.94
2010-12-31,14.34
2010-12-30,14.51
2010-12-29,14.79
2010-12-28,14.5
2010-12-27,14.4
2010-12-24,14.52
2010-12-23,14.48
2010-12-22,14.6
2010-12-21,14.5
2010-12-20,14.36
2010-12-17,14.14
2010-12-16,14.31
2010-12-15,14.25
2010-12-14,14.265
2010-12-13,14.485
2010-12-10,14.3
2010-12-09,14.2
2010-12-08,13.855
2010-12-07,13.8
2010-12-06,13.685
2010-12-03,13.7
2010-12-02,13.82
2010-12-01,13.39
2010-11-30,12.9
2010-11-29,12.88
2010-11-26,13.09
2010-11-25,13.115
2010-11-24,13.37
2010-11-23,13.13
2010-11-22,13.455
2010-11-19,13.685
2010-11-18,13.8
2010-11-17,13.75
2010-11-16,14.005
2010-11-15,14.3
2010-11-12,14.035
2010-11-11,14.29
2010-11-10,14.345
2010-11-09,14.42
2010-11-08,14.405
2010-11-05,14.625
2010-11-04,14.51
2010-11-03,14.38
2010-11-02,14.26
2010-11-01,13.9
2010-10-29,13.86
2010-10-28,13.6
2010-10-27,13.28
2010-10-26,13.27
2010-10-25,13.295
2010-10-22,13.25
2010-10-21,13.155
2010-10-20,13.13
2010-10-19,13.15
2010-10-18,13.31
2010-10-15,13.37
2010-10-14,13.39
2010-10-13,13.5
2010-10-12,13.31
2010-10-11,13.52
2010-10-08,13.64
2010-10-07,13.745
2010-10-06,13.615
2010-10-05,13.5
2010-10-04,13.295
2010-10-01,13.64
2010-09-30,12.66
2010-09-29,12.48
2010-09-28,12.515
2010-09-27,12.5
2010-09-24,12.41
2010-09-23,12.34
2010-09-22,12.29
2010-09-21,12.24
2010-09-20,12.08
2010-09-17,12.08
2010-09-16,12.08
2010-09-15,12.145
2010-09-14,12.355
2010-09-13,12.3
2010-09-10,12.335
2010-09-09,12.545
2010-09-08,12.27
2010-09-07,12.445
2010-09-06,12.6
2010-09-03,12.6
2010-09-02,12.77
2010-09-01,12.985
2010-08-31,12.82
2010-08-30,12.69
2010-08-27,12.65
2010-08-26,12.54
2010-08-25,12.435
2010-08-24,12.62
2010-08-23,12.705
2010-08-20,12.92
2010-08-19,12.71
2010-08-18,12.55
2010-08-17,12.52
2010-08-16,12.125
2010-08-13,12.08
2010-08-12,12.15
2010-08-11,12.04
2010-08-10,12.18
2010-08-09,12.487
2010-08-06,12.385
2010-08-05,12.7
2010-08-04,12.735
2010-08-03,12.71
2010-08-02,12.685
2010-07-30,12.55
2010-07-29,12.7
2010-07-28,12.61
2010-07-27,12.555
2010-07-26,12.595
2010-07-23,12.56
2010-07-22,12.545
2010-07-21,12.4
2010-07-20,12.345
2010-07-19,12.36
2010-07-16,12.37
2010-07-15,12.595
2010-07-14,12.7
2010-07-13,12.775
2010-07-12,12.765
2010-07-09,12.685
2010-07-08,12.695
2010-07-07,12.66
2010-07-06,12.68
2010-07-05,12.34
2010-07-02,12.425
2010-07-01,12.195
2010-06-30,12.3
2010-06-29,12.13
2010-06-28,12.56
2010-06-25,12.355
2010-06-24,12.35
2010-06-23,12.63
2010-06-22,12.91
2010-06-21,13.01
2010-06-18,12.85
2010-06-17,12.59
2010-06-16,12.535
2010-06-15,12.375
2010-06-14,12.35
2010-06-11,12.24
2010-06-10,12.14
2010-06-09,11.9
2010-06-08,11.645
2010-06-07,11.94
2010-06-04,12.0
2010-06-03,12.075
2010-06-02,11.87
2010-06-01,12.005
2010-05-31,12.13
2010-05-28,12.215
2010-05-27,12.19
2010-05-26,11.66
2010-05-25,11.05
2010-05-24,11.33
2010-05-21,11.295
2010-05-20,11.06
2010-05-19,11.35
2010-05-18,11.7
2010-05-17,11.71
2010-05-14,11.5
2010-05-13,12.15
2010-05-12,12.18
2010-05-11,11.65
2010-05-10,11.74
2010-05-07,10.69
2010-05-06,11.15
2010-05-05,11.55
2010-05-04,11.485
2010-05-03,12.16
2010-04-30,12.03
2010-04-29,12.2
2010-04-28,11.685
2010-04-27,11.95
2010-04-26,12.325
2010-04-23,12.7
2010-04-22,12.6
2010-04-21,13.255
2010-04-20,13.33
2010-04-19,12.885
2010-04-16,13.025
2010-04-15,13.555
2010-04-14,13.66
2010-04-13,13.55
2010-04-12,13.545
2010-04-09,13.52
2010-04-08,13.04
2010-04-07,13.1
2010-04-06,13.26
2010-04-05,5.049
2010-04-02,5.049
2010-04-01,13.13
2010-03-31,12.86
2010-03-30,12.87
2010-03-29,12.89
2010-03-26,12.89
2010-03-25,12.82
2010-03-24,12.75
2010-03-23,12.865
2010-03-22,12.695
2010-03-19,12.705
2010-03-18,12.7
2010-03-17,12.65
2010-03-16,12.46
2010-03-15,12.315
2010-03-12,12.45
2010-03-11,12.405
2010-03-10,12.45
2010-03-09,12.35
2010-03-08,12.53
2010-03-05,12.595
2010-03-04,12.41
2010-03-03,12.335
2010-03-02,12.22
2010-03-01,12.385
2010-02-26,11.925
2010-02-25,11.485
2010-02-24,11.82
2010-02-23,11.93
2010-02-22,11.96
2010-02-19,11.85
2010-02-18,11.76
2010-02-17,11.65
2010-02-16,11.57
2010-02-15,11.205
2010-02-12,10.915
2010-02-11,11.05
2010-02-10,10.935
2010-02-09,11.02
2010-02-08,10.91
2010-02-05,10.85
2010-02-04,11.12
2010-02-03,11.7
2010-02-02,11.795
2010-02-01,11.64
2010-01-29,11.555
2010-01-28,11.67
2010-01-27,11.8
2010-01-26,11.785
2010-01-25,11.825
2010-01-22,11.995
2010-01-21,12.345
2010-01-20,12.41
2010-01-19,12.65
2010-01-18,12.81
2010-01-15,12.82
2010-01-14,12.9
2010-01-13,12.625
2010-01-12,12.65
2010-01-11,12.75
2010-01-08,12.68
2010-01-07,12.61
2010-01-06,12.575
2010-01-05,12.74
2010-01-04,12.29
2009-12-31,12.08
2009-12-30,12.18
2009-12-29,12.16
2009-12-28,12.28
2009-12-24,12.24
2009-12-23,12.01
2009-12-22,12.0
2009-12-21,12.0
2009-12-18,11.86
2009-12-17,11.93
2009-12-16,11.95
2009-12-15,11.84
2009-12-14,11.83
2009-12-11,11.65
2009-12-10,11.6
2009-12-09,11.62
2009-12-08,11.76
2009-12-07,11.97
2009-12-04,11.97
2009-12-03,11.965
2009-12-02,12.0
2009-12-01,12.11
2009-11-30,12.015
2009-11-27,12.3
2009-11-26,12.325
2009-11-25,12.485
2009-11-24,12.47
2009-11-23,12.485
2009-11-20,12.33
2009-11-19,12.365
2009-11-18,12.405
2009-11-17,12.44
2009-11-16,12.52
2009-11-13,12.455
2009-11-12,12.27
2009-11-11,12.32
2009-11-10,12.21
2009-11-09,12.195
2009-11-06,11.94
2009-11-05,11.75
2009-11-04,11.835
2009-11-03,11.73
2009-11-02,11.785
2009-10-30,11.44
2009-10-29,11.85
2009-10-28,11.45
2009-10-27,12.0
2009-10-26,12.005
2009-10-23,12.19
2009-10-22,12.35
2009-10-21,12.51
2009-10-20,12.53
2009-10-19,12.555
2009-10-16,12.32
2009-10-15,12.145
2009-10-14,12.18
2009-10-13,12.08
2009-10-12,12.09
2009-10-09,12.075
2009-10-08,11.96
2009-10-07,11.8
2009-10-06,11.8
2009-10-05,11.36
2009-10-02,11.6
2009-10-01,11.885
2009-09-30,11.82
2009-09-29,11.495
2009-09-28,11.49
2009-09-25,11.5
2009-09-24,11.5
2009-09-23,11.64
2009-09-22,11.63
2009-09-21,11.35
2009-09-18,11.435
2009-09-17,11.31
2009-09-16,11.18
2009-09-15,11.09
2009-09-14,10.94
2009-09-11,11.155
2009-09-10,10.88
2009-09-09,10.79
2009-09-08,10.57
2009-09-07,10.5
2009-09-04,10.31
2009-09-03,10.225
2009-09-02,10.07
2009-09-01,9.959
2009-08-31,10.1
2009-08-28,10.355
2009-08-27,10.43
2009-08-26,10.5
2009-08-25,10.6
2009-08-24,10.39
2009-08-21,10.11
2009-08-20,9.858
2009-08-19,9.775
2009-08-18,9.65
2009-08-17,9.503
2009-08-14,9.821
2009-08-13,9.654
2009-08-12,9.569
2009-08-11,9.4
2009-08-10,9.42
2009-08-07,9.43
2009-08-06,9.35
2009-08-05,9.5
2009-08-04,9.584
2009-08-03,9.478
2009-07-31,9.18
2009-07-30,9.25
2009-07-29,9.314
2009-07-28,9.451
2009-07-27,9.552
2009-07-24,9.48
2009-07-23,9.59
2009-07-22,9.57
2009-07-21,9.73
2009-07-20,9.59
2009-07-17,9.468
2009-07-16,9.35
2009-07-15,9.389
2009-07-14,9.204
2009-07-13,9.05
2009-07-10,9.03
2009-07-09,9.182
2009-07-08,9.152
2009-07-07,9.4
2009-07-06,9.65
2009-07-03,10.0
2009-07-02,9.99
2009-07-01,10.225
2009-06-30,10.0
2009-06-29,9.93
2009-06-26,9.88
2009-06-25,9.86
2009-06-24,9.9
2009-06-23,9.586
2009-06-22,9.75
2009-06-19,10.04
2009-06-18,9.8
2009-06-17,9.898
2009-06-16,10.18
2009-06-15,10.22
2009-06-12,10.55
2009-06-11,10.7
2009-06-10,10.655
2009-06-09,10.81
2009-06-08,10.65
2009-06-05,11.18
2009-06-04,11.13
2009-06-03,11.035
2009-06-02,11.24
2009-06-01,11.28
2009-05-29,11.12
2009-05-28,10.885
2009-05-27,10.69
2009-05-26,10.565
2009-05-25,10.545
2009-05-22,10.57
2009-05-21,10.535
2009-05-20,10.73
2009-05-19,10.74
2009-05-18,10.155
2009-05-15,10.21
2009-05-14,10.4
2009-05-13,10.535
2009-05-12,10.61
2009-05-11,10.735
2009-05-08,10.84
2009-05-07,10.71
2009-05-06,10.6
2009-05-05,10.775
2009-05-04,11.02
2009-05-01,10.1
2009-04-30,10.1
2009-04-29,10.015
2009-04-28,9.791
2009-04-27,9.878
2009-04-24,9.8
2009-04-23,9.66
2009-04-22,9.844
2009-04-21,9.81
2009-04-20,9.772
2009-04-17,9.96
2009-04-16,9.64
2009-04-15,9.485
2009-04-14,9.545
2009-04-13,9.471
2009-04-10,9.471
2009-04-09,9.471
2009-04-08,9.47
2009-04-07,9.418
2009-04-06,9.44
2009-04-03,9.448
2009-04-02,9.469
2009-04-01,9.163
2009-03-31,8.98
2009-03-30,8.93
2009-03-27,9.013
2009-03-26,9.166
2009-03-25,9.379
2009-03-24,9.384
2009-03-23,9.615
2009-03-20,9.199
2009-03-19,8.975
2009-03-18,8.8
2009-03-17,8.709
2009-03-16,8.728
2009-03-13,8.72
2009-03-12,8.56
2009-03-11,8.66
2009-03-10,8.787
2009-03-09,8.784
2009-03-06,8.5
2009-03-05,8.4
2009-03-04,8.4
2009-03-03,8.46
2009-03-02,8.644
2009-02-27,8.75
2009-02-26,8.654
2009-02-25,8.309
2009-02-24,8.131
2009-02-23,8.2
2009-02-20,8.2
2009-02-19,8.471
2009-02-18,8.306
2009-02-17,8.45
2009-02-16,8.94
2009-02-13,9.15
2009-02-12,9.103
2009-02-11,9.17
2009-02-10,8.9
2009-02-09,9.091
2009-02-06,8.88
2009-02-05,8.584
2009-02-04,8.3
2009-02-03,8.25
2009-02-02,8.158
2009-01-30,8.34
2009-01-29,8.15
2009-01-28,8.147
2009-01-27,7.99
2009-01-26,8.201
2009-01-23,8.19
2009-01-22,7.85
2009-01-21,7.714
2009-01-20,7.731
2009-01-19,7.679
2009-01-16,7.77
2009-01-15,7.72
2009-01-14,7.76
2009-01-13,7.84
2009-01-12,7.66
2009-01-09,7.94
2009-01-08,7.615
2009-01-07,7.74
2009-01-06,8.039
2009-01-05,7.75
2009-01-02,7.51
2009-01-01,7.18
2008-12-31,7.18
2008-12-30,7.288
2008-12-29,7.231
2008-12-26,7.16
2008-12-25,7.16
2008-12-24,7.16
2008-12-23,7.221
2008-12-22,7.1
2008-12-19,7.103
2008-12-18,7.4
2008-12-17,7.72
2008-12-16,7.64
2008-12-15,7.356
2008-12-12,7.515
2008-12-11,7.8
2008-12-10,7.73
2008-12-09,7.88
2008-12-08,7.95
2008-12-05,7.44
2008-12-04,8.0
2008-12-03,7.95
2008-12-02,7.95
2008-12-01,8.1
2008-11-28,8.585
2008-11-27,8.5
2008-11-26,8.43
2008-11-25,8.59
2008-11-24,8.16
2008-11-21,7.14
2008-11-20,7.42
2008-11-19,7.97
2008-11-18,8.75
2008-11-17,8.66
2008-11-14,8.5
2008-11-13,8.5
2008-11-12,8.08
2008-11-11,8.08
2008-11-10,8.04
2008-11-07,7.835
2008-11-06,7.68
2008-11-05,8.12
2008-11-04,8.5
2008-11-03,7.53
2008-10-31,7.185
2008-10-30,6.865
2008-10-29,6.745
2008-10-28,6.125
2008-10-27,6.055
2008-10-24,6.48
2008-10-23,6.995
2008-10-22,7.105
2008-10-21,7.475
2008-10-20,7.35
2008-10-17,7.165
2008-10-16,7.515
2008-10-15,8.21
2008-10-14,9.12
2008-10-13,8.715
2008-10-10,8.02
2008-10-09,9.085
2008-10-08,8.685
2008-10-07,9.285
2008-10-06,9.445
2008-10-03,10.865
2008-10-02,11.055
2008-10-01,11.53
2008-09-30,11.64
2008-09-29,11.36
2008-09-26,12.025
2008-09-25,12.72
2008-09-24,12.8
2008-09-23,12.68
2008-09-22,12.61
2008-09-19,11.91
2008-09-18,11.09
2008-09-17,11.07
2008-09-16,11.24
2008-09-15,11.89
2008-09-12,12.495
2008-09-11,12.1
2008-09-10,11.355
2008-09-09,11.8
2008-09-08,12.45
2008-09-05,11.72
2008-09-04,12.34
2008-09-03,12.635
2008-09-02,12.885
2008-09-01,13.475
2008-08-29,13.73
2008-08-28,13.7
2008-08-27,13.56
2008-08-26,13.54
2008-08-25,13.69
2008-08-22,13.71
2008-08-21,13.6
2008-08-20,13.2
2008-08-19,12.55
2008-08-18,12.9
2008-08-15,13.18
2008-08-14,13.27
2008-08-13,12.79
2008-08-12,12.68
2008-08-11,12.87
2008-08-08,12.93
2008-08-07,12.9
2008-08-06,11.0
2008-08-05,11.0
2008-08-04,11.31
2008-08-01,11.72
2008-07-31,11.91
2008-07-30,11.21
2008-07-29,10.93
2008-07-28,11.23
2008-07-25,11.08
2008-07-24,11.13
2008-07-23,11.62
2008-07-22,11.77
2008-07-21,11.66
2008-07-18,11.3
2008-07-17,11.4
2008-07-16,11.26
2008-07-15,12.05
2008-07-14,12.55
2008-07-11,12.8
2008-07-10,13.26
2008-07-09,14.02
2008-07-08,14.17
2008-07-07,14.87
2008-07-04,14.61
2008-07-03,14.7
2008-07-02,14.96
2008-07-01,14.15
2008-06-30,14.16
2008-06-27,14.04
2008-06-26,14.25
2008-06-25,14.47
2008-06-24,14.13
2008-06-23,14.66
2008-06-20,14.83
2008-06-19,15.07
2008-06-18,15.66
2008-06-17,16.05
2008-06-16,16.2
2008-06-13,16.01
2008-06-12,16.2
2008-06-11,16.06
2008-06-10,16.19
2008-06-09,16.3
2008-06-06,16.1
2008-06-05,15.85
2008-06-04,16.12
2008-06-03,16.43
2008-06-02,16.25
2008-05-30,16.21
2008-05-29,16.47
2008-05-28,16.08
2008-05-27,16.2
2008-05-26,16.76
2008-05-23,17.21
2008-05-22,17.34
2008-05-21,17.44
2008-05-20,16.61
2008-05-19,16.68
2008-05-16,16.71
2008-05-15,16.62
2008-05-14,16.67
2008-05-13,16.49
2008-05-12,16.62
2008-05-09,16.49
2008-05-08,16.51
2008-05-07,16.29
2008-05-06,16.38
2008-05-05,15.88
2008-05-02,15.69
2008-05-01,4.78
2008-04-30,15.56
2008-04-29,15.99
2008-04-28,16.23
2008-04-25,16.37
2008-04-24,16.58
2008-04-23,16.74
2008-04-22,16.65
2008-04-21,16.51
2008-04-18,16.33
2008-04-17,16.15
2008-04-16,16.44
2008-04-15,16.59
2008-04-14,15.37
2008-04-11,15.56
2008-04-10,16.0
2008-04-09,15.68
2008-04-08,15.34
2008-04-07,15.47
2008-04-04,15.24
2008-04-03,15.46
2008-04-02,15.48
2008-04-01,15.27
2008-03-31,15.11
2008-03-28,14.78
2008-03-27,14.87
2008-03-26,14.98
2008-03-25,14.86
2008-03-24,4.265
2008-03-21,4.265
2008-03-20,14.38
2008-03-19,14.7
2008-03-18,14.61
2008-03-17,13.88
2008-03-14,15.15
2008-03-13,15.25
2008-03-12,15.6
2008-03-11,15.56
2008-03-10,15.7
2008-03-07,15.99
2008-03-06,16.15
2008-03-05,15.3
2008-03-04,15.4
2008-03-03,16.36
2008-02-29,16.86
2008-02-28,16.67
2008-02-27,16.95
2008-02-26,16.95
2008-02-25,16.78
2008-02-22,16.64
2008-02-21,17.0
2008-02-20,16.96
2008-02-19,17.0
2008-02-18,16.78
2008-02-15,16.75
2008-02-14,16.51
2008-02-13,16.78
2008-02-12,17.21
2008-02-11,17.08
2008-02-08,17.15
2008-02-07,16.31
2008-02-06,16.21
2008-02-05,15.85
2008-02-04,16.72
2008-02-01,16.0
2008-01-31,15.16
2008-01-30,15.15
2008-01-29,15.78
2008-01-28,15.3
2008-01-25,15.29
2008-01-24,15.0
2008-01-23,14.62
2008-01-22,15.0
2008-01-21,13.65
2008-01-18,14.3
2008-01-17,14.28
2008-01-16,14.04
2008-01-15,15.09
2008-01-14,15.76
2008-01-11,15.48
2008-01-10,16.01
2008-01-09,15.35
2008-01-08,15.97
2008-01-07,16.4
2008-01-04,16.94
2008-01-03,17.85
2008-01-02,18.2
2008-01-01,5.33
2007-12-31,18.39
2007-12-28,18.69
2007-12-27,19.03
2007-12-26,5.53
2007-12-25,5.53
2007-12-24,18.18
2007-12-21,17.6
2007-12-20,16.87
2007-12-19,16.62
2007-12-18,16.67
2007-12-17,16.86
2007-12-14,16.3
2007-12-13,15.43
2007-12-12,15.36
2007-12-11,14.75
2007-12-10,14.67
2007-12-07,14.85
2007-12-06,14.77
2007-12-05,14.99
2007-12-04,15.04
2007-12-03,15.12
2007-11-30,14.81
2007-11-29,14.77
2007-11-28,14.79
2007-11-27,14.05
2007-11-26,13.57
2007-11-23,13.45
2007-11-22,13.56
2007-11-21,13.65
2007-11-20,14.05
2007-11-19,14.01
2007-11-16,14.02
2007-11-15,14.02
2007-11-14,14.35
2007-11-13,13.97
2007-11-12,14.14
2007-11-09,15.4
2007-11-08,12.35
2007-11-07,10.86
2007-11-06,10.99
2007-11-05,10.98
2007-11-02,11.05
2007-11-01,11.06
2007-10-31,11.13
2007-10-30,11.11
2007-10-29,11.2
2007-10-26,11.28
2007-10-25,11.3
2007-10-24,11.22
2007-10-23,11.4
2007-10-22,11.38
2007-10-19,11.46
2007-10-18,11.36
2007-10-17,11.52
2007-10-16,11.42
2007-10-15,11.34
2007-10-12,11.47
2007-10-11,11.47
2007-10-10,11.43
2007-10-09,11.4
2007-10-08,11.5
2007-10-05,11.55
2007-10-04,11.5
2007-10-03,11.79
2007-10-02,11.1
2007-10-01,10.94
2007-09-28,10.83
2007-09-27,10.85
2007-09-26,10.93
2007-09-25,10.93
2007-09-24,10.98
2007-09-21,10.92
2007-09-20,10.9
2007-09-19,10.72
2007-09-18,10.53
2007-09-17,10.5
2007-09-14,10.49
2007-09-13,10.41
2007-09-12,10.67
2007-09-11,10.77
2007-09-10,10.2
2007-09-07,10.4
2007-09-06,10.89
2007-09-05,11.0
2007-09-04,11.04
2007-09-03,11.06
2007-08-31,10.99
2007-08-30,10.74
2007-08-29,10.49
2007-08-28,10.44
2007-08-27,10.5
2007-08-24,10.46
2007-08-23,10.35
2007-08-22,10.45
2007-08-21,10.3
2007-08-20,10.17
2007-08-17,9.65
2007-08-16,9.39
2007-08-15,10.45
2007-08-14,10.63
2007-08-13,10.75
2007-08-10,10.62
2007-08-09,10.87
2007-08-08,10.69
2007-08-07,10.4
2007-08-06,10.3
2007-08-03,10.73
2007-08-02,10.87
2007-08-01,10.71
2007-07-31,10.98
2007-07-30,11.09
2007-07-27,10.95
2007-07-26,11.01
2007-07-25,10.99
2007-07-24,10.99
2007-07-23,11.0
2007-07-20,10.95
2007-07-19,11.06
2007-07-18,11.01
2007-07-17,10.99
2007-07-16,10.97
2007-07-13,10.99
2007-07-12,11.02
2007-07-11,11.02
2007-07-10,10.92
2007-07-09,10.93
2007-07-06,10.4
2007-07-05,9.98
2007-07-04,9.91
2007-07-03,9.92
2007-07-02,9.99
2007-06-29,9.95
2007-06-28,9.76
2007-06-27,9.67
2007-06-26,9.81
2007-06-25,9.8
2007-06-22,9.82
2007-06-21,9.75
2007-06-20,9.8
2007-06-19,9.92
2007-06-18,9.99
2007-06-15,9.96
2007-06-14,9.68
2007-06-13,9.85
2007-06-12,9.83
2007-06-11,9.83
2007-06-08,9.45
2007-06-07,9.36
2007-06-06,9.32
2007-06-05,9.34
2007-06-04,9.27
2007-06-01,6.75
2007-05-31,9.16
2007-05-30,8.9
2007-05-29,8.93
2007-05-28,8.93
2007-05-25,8.96
2007-05-24,8.87
2007-05-23,8.9
2007-05-22,8.55
2007-05-21,8.5
2007-05-18,8.38
2007-05-17,8.25
2007-05-16,8.27
2007-05-15,8.38
2007-05-14,8.07
2007-05-11,7.97
2007-05-10,7.93
2007-05-09,8.05
2007-05-08,8.02
2007-05-07,8.0
2007-05-04,7.96
2007-05-03,7.96
2007-05-02,8.0
2007-05-01,6.1495
2007-04-30,7.95
2007-04-27,7.86
2007-04-26,7.82
2007-04-25,7.86
2007-04-24,7.86
2007-04-23,7.88
2007-04-20,7.85
2007-04-19,7.8
2007-04-18,7.79
2007-04-17,7.8
2007-04-16,7.75
2007-04-13,7.55
2007-04-12,7.5
2007-04-11,7.54
2007-04-10,7.52
2007-04-09,5.82
2007-04-06,5.82
2007-04-05,7.48
2007-04-04,7.5
2007-04-03,7.47
2007-04-02,7.47
2007-03-30,7.5
2007-03-29,7.46
2007-03-28,7.51
2007-03-27,7.5
2007-03-26,7.49
2007-03-23,7.46
2007-03-22,7.44
2007-03-21,7.38
2007-03-20,7.25
2007-03-19,7.08
2007-03-16,7.1
2007-03-15,7.14
2007-03-14,7.06
2007-03-13,7.2
2007-03-12,7.35
2007-03-09,7.31
2007-03-08,7.31
2007-03-07,7.35
2007-03-06,7.21
2007-03-05,7.12
2007-03-02,7.28
2007-03-01,7.2
2007-02-28,7.01
2007-02-27,7.02
2007-02-26,7.13
2007-02-23,6.92
2007-02-22,6.7
2007-02-21,6.64
2007-02-20,6.68
2007-02-19,6.67
2007-02-16,6.69
2007-02-15,6.75
2007-02-14,6.72
2007-02-13,6.69
2007-02-12,6.79
2007-02-09,6.68
2007-02-08,6.59
2007-02-07,6.46
2007-02-06,6.39
2007-02-05,6.38
2007-02-02,6.4
2007-02-01,6.41
2007-01-31,6.4
2007-01-30,6.43
2007-01-29,6.44
2007-01-26,6.45
2007-01-25,6.46
2007-01-24,6.48
2007-01-23,6.41
2007-01-22,6.35
2007-01-19,6.44
2007-01-18,6.49
2007-01-17,6.47
2007-01-16,6.46
2007-01-15,6.52
2007-01-12,6.44
2007-01-11,6.52
2007-01-10,6.38
2007-01-09,6.47
2007-01-08,6.62
2007-01-05,6.62
2007-01-04,6.61
2007-01-03,6.8
2007-01-02,6.91
2007-01-01,4.06
2006-12-29,6.94
2006-12-28,6.93
2006-12-27,6.92
2006-12-26,3.77
2006-12-25,3.77
2006-12-22,6.92
2006-12-21,6.9
2006-12-20,6.87
2006-12-19,6.87
2006-12-18,6.86
2006-12-15,6.89
2006-12-14,6.78
2006-12-13,6.82
2006-12-12,6.76
2006-12-11,6.73
2006-12-08,6.66
2006-12-07,6.7
2006-12-06,6.73
2006-12-05,6.79
2006-12-04,6.59
2006-12-01,6.5
2006-11-30,6.53
2006-11-29,6.43
2006-11-28,6.37
2006-11-27,6.38
2006-11-24,6.37
2006-11-23,6.35
2006-11-22,6.36
2006-11-21,6.3
2006-11-20,6.19
2006-11-17,6.19
2006-11-16,6.1
2006-11-15,6.08
2006-11-14,6.12
2006-11-13,6.03
2006-11-10,5.97
2006-11-09,5.96
2006-11-08,5.96
2006-11-07,5.94
2006-11-06,5.93
2006-11-03,5.91
2006-11-02,5.87
2006-11-01,5.94
2006-10-31,5.99
2006-10-30,5.98
2006-10-27,6.05
2006-10-26,6.18
2006-10-25,6.15
2006-10-24,6.03
2006-10-23,3.85
2006-10-20,3.81
2006-10-19,3.77
2006-10-18,3.85
2006-10-17,3.69
2006-10-16,3.48
2006-10-13,3.35
2006-10-12,3.35
2006-10-11,3.36
2006-10-10,3.35
2006-10-09,3.35
2006-10-06,3.33
2006-10-05,3.33
2006-10-04,3.33
2006-10-03,3.34
2006-10-02,3.33
2006-09-29,3.34
2006-09-28,3.33
2006-09-27,3.34
2006-09-26,3.37
2006-09-25,3.38
2006-09-22,3.38
2006-09-21,3.38
2006-09-20,3.38
2006-09-19,3.4
2006-09-18,3.36
2006-09-15,3.39
2006-09-14,3.32
2006-09-13,3.33
2006-09-12,3.3
2006-09-11,3.32
2006-09-08,3.36
2006-09-07,3.33
2006-09-06,3.16
2006-09-05,3.11
2006-09-04,3.1
2006-09-01,3.11
2006-08-31,3.09
2006-08-30,3.1
2006-08-29,3.11
2006-08-28,3.12
2006-08-25,3.09
2006-08-24,3.05
2006-08-23,3.05
2006-08-22,3.06
2006-08-21,3.05
2006-08-18,3.08
2006-08-17,3.04
2006-08-16,2.84
2006-08-15,2.85
2006-08-14,2.84
2006-08-11,2.85
2006-08-10,2.85
2006-08-09,2.85
2006-08-08,2.82
2006-08-07,2.81
2006-08-04,2.85
2006-08-03,2.84
2006-08-02,2.81
2006-08-01,2.7
2006-07-31,2.62
2006-07-28,2.66
2006-07-27,2.75
2006-07-26,2.58
2006-07-25,2.38
2006-07-24,2.29
2006-07-21,2.25
2006-07-20,2.28
2006-07-19,2.24
2006-07-18,2.22
2006-07-17,2.24
2006-07-14,2.25
2006-07-13,2.26
2006-07-12,2.29
2006-07-11,2.29
2006-07-10,2.31
2006-07-07,2.26
2006-07-06,2.29
2006-07-05,2.28
2006-07-04,2.27
2006-07-03,2.28
2006-06-30,2.27
2006-06-29,2.24
2006-06-28,2.24
2006-06-27,2.22
2006-06-26,2.24
2006-06-23,2.26
2006-06-22,2.26
2006-06-21,2.25
2006-06-20,2.28
2006-06-19,2.3
2006-06-16,2.27
2006-06-15,2.27
2006-06-14,2.27
2006-06-13,2.28
2006-06-12,2.4
2006-06-09,2.42
2006-06-08,2.22
2006-06-07,2.26
2006-06-06,2.19
2006-06-05,2.28
2006-06-02,2.11
2006-06-01,2.12
2006-05-31,2.09
2006-05-30,2.11
2006-05-29,2.12
2006-05-26,2.13
2006-05-25,2.12
2006-05-24,2.09
2006-05-23,2.14
2006-05-22,1.99
2006-05-19,2.14
2006-05-18,2.16
2006-05-17,2.21
2006-05-16,2.25
2006-05-15,2.18
2006-05-12,2.25
2006-05-11,2.3
2006-05-10,2.3
2006-05-09,2.29
2006-05-08,2.31
2006-05-05,2.33
2006-05-04,2.24
2006-05-03,2.18
2006-05-02,2.28
2006-05-01,17.76
2006-04-28,2.215
2006-04-27,1.95
2006-04-26,1.965
2006-04-25,1.96
2006-04-24,1.95
2006-04-21,1.95
2006-04-20,1.935
2006-04-19,1.99
2006-04-18,1.965
2006-04-17,1.89
2006-04-14,1.89
2006-04-13,1.89
2006-04-12,1.89
2006-04-11,1.92
2006-04-10,1.935
2006-04-07,1.985
2006-04-06,1.95
2006-04-05,1.805
2006-04-04,1.7
2006-04-03,1.61
2006-03-31,1.61
2006-03-30,1.61
2006-03-29,1.6
2006-03-28,1.59
2006-03-27,1.595
2006-03-24,1.575
2006-03-23,1.56
2006-03-22,1.565
2006-03-21,1.54
2006-03-20,1.545
2006-03-17,1.55
2006-03-16,1.525
2006-03-15,1.525
2006-03-14,1.53
2006-03-13,1.515
2006-03-10,1.515
2006-03-09,1.545
2006-03-08,1.575
2006-03-07,1.6
2006-03-06,1.59
2006-03-03,1.525
2006-03-02,1.53
2006-03-01,1.475
2006-02-28,1.465
2006-02-27,1.475
2006-02-24,1.47
2006-02-23,1.47
2006-02-22,1.475
2006-02-21,1.495
2006-02-20,1.42
2006-02-17,1.43
2006-02-16,1.435
2006-02-15,1.435
2006-02-14,1.445
2006-02-13,1.44
2006-02-10,1.45
2006-02-09,1.445
2006-02-08,1.425
2006-02-07,1.425
2006-02-06,1.44
2006-02-03,1.45
2006-02-02,1.455
2006-02-01,1.46
2006-01-31,1.45
2006-01-30,1.455
2006-01-27,1.46
2006-01-26,1.445
2006-01-25,1.44
2006-01-24,1.44
2006-01-23,1.46
2006-01-20,1.47
2006-01-19,1.425
2006-01-18,1.34
2006-01-17,1.4
2006-01-16,1.445
2006-01-13,1.475
2006-01-12,1.48
2006-01-11,1.505
2006-01-10,1.51
2006-01-09,1.53
2006-01-06,1.525
2006-01-05,1.52
2006-01-04,1.53
2006-01-03,1.53
2006-01-02,1.53
2005-12-30,1.52
2005-12-29,1.53
2005-12-28,1.52
2005-12-27,1.525
2005-12-26,1.54
2005-12-23,1.54
2005-12-22,1.56
2005-12-21,1.55
2005-12-20,1.47
2005-12-19,1.48
2005-12-16,1.485
2005-12-15,1.48
2005-12-14,1.485
2005-12-13,1.495
2005-12-12,1.495
2005-12-09,1.495
2005-12-08,1.505
2005-12-07,1.515
2005-12-06,1.52
2005-12-05,1.525
2005-12-02,1.525
2005-12-01,1.52
2005-11-30,1.545
2005-11-29,1.545
2005-11-28,1.475
2005-11-25,1.34
2005-11-24,1.335
2005-11-23,1.345
2005-11-22,1.35
2005-11-21,1.355
2005-11-18,1.36
2005-11-17,1.36
2005-11-16,1.365
2005-11-15,1.365
2005-11-14,1.37
2005-11-11,1.36
2005-11-10,1.37
2005-11-09,1.37
2005-11-08,1.37
2005-11-07,1.37
2005-11-04,1.375
2005-11-03,1.38
2005-11-02,1.355
2005-11-01,1.355
2005-10-31,1.355
2005-10-28,1.34
2005-10-27,1.28
2005-10-26,1.31
2005-10-25,1.34
2005-10-24,1.34
2005-10-21,1.255
2005-10-20,1.145
2005-10-19,1.105
2005-10-18,1.12
2005-10-17,1.08
2005-10-14,1.05
2005-10-13,1.0
2005-10-12,1.025
2005-10-11,1.045
2005-10-10,1.025
2005-10-07,1.04
2005-10-06,1.055
2005-10-05,1.06
2005-10-04,1.05
2005-10-03,1.025
2005-09-30,0.985
2005-09-29,0.965
2005-09-28,0.985
2005-09-27,0.935
2005-09-26,0.885
2005-09-23,0.875
2005-09-22,0.87
2005-09-21,0.86
2005-09-20,0.86
2005-09-19,0.86
2005-09-16,0.865
2005-09-15,0.865
2005-09-14,0.87
2005-09-13,0.87
2005-09-12,0.87
2005-09-09,0.865
2005-09-08,0.865
2005-09-07,0.86
2005-09-06,0.87
2005-09-05,0.845
2005-09-02,0.785
2005-09-01,0.815
2005-08-31,0.88
2005-08-30,0.81
2005-08-29,0.735
2005-08-26,0.7
2005-08-25,0.665
2005-08-24,0.645
2005-08-23,0.645
2005-08-22,0.64
2005-08-19,0.64
2005-08-18,0.64
2005-08-17,0.64
2005-08-16,0.64
2005-08-15,0.635
2005-08-12,0.635
2005-08-11,0.635
2005-08-10,0.64
2005-08-09,0.635
2005-08-08,0.64
2005-08-05,0.64
2005-08-04,0.635
2005-08-03,0.62
2005-08-02,0.61
2005-08-01,0.61
2005-07-29,0.605
2005-07-28,0.615
2005-07-27,0.595
2005-07-26,0.595
2005-07-25,0.585
2005-07-22,0.585
2005-07-21,0.595
2005-07-20,0.59
2005-07-19,0.59
2005-07-18,0.595
2005-07-15,0.59
2005-07-14,0.59
2005-07-13,0.59
2005-07-12,0.58
2005-07-11,0.58
2005-07-08,0.585
2005-07-07,0.58
2005-07-06,0.59
2005-07-05,0.58
2005-07-04,0.605
2005-07-01,0.615
2005-06-30,0.625
2005-06-29,0.625
2005-06-28,0.625
2005-06-27,0.625
2005-06-24,0.64
2005-06-23,0.64
2005-06-22,0.655
2005-06-21,0.65
2005-06-20,0.61
2005-06-17,0.61
2005-06-16,0.61
2005-06-15,0.61
2005-06-14,0.61
2005-06-13,0.615
2005-06-10,0.6
2005-06-09,0.605
2005-06-08,0.59
2005-06-07,0.62
2005-06-06,0.62
2005-06-03,3.0552
2005-06-02,0.59
2005-06-01,0.605
2005-05-31,0.61
2005-05-30,0.615
2005-05-27,0.62
2005-05-26,0.635
2005-05-25,0.61
2005-05-24,0.565
2005-05-23,0.55
2005-05-20,0.555
2005-05-19,0.55
2005-05-18,0.555
2005-05-17,0.55
2005-05-16,0.56
2005-05-13,0.56
2005-05-12,0.565
2005-05-11,0.565
2005-05-10,0.56
2005-05-09,0.57
2005-05-06,0.565
2005-05-05,0.565
2005-05-04,0.56
2005-05-03,0.56
2005-05-02,0.56
2005-04-29,0.565
2005-04-28,0.56
2005-04-27,0.565
2005-04-26,0.57
2005-04-25,0.57
2005-04-22,0.565
2005-04-21,0.57
2005-04-20,0.575
2005-04-19,0.575
2005-04-18,0.575
2005-04-15,0.58
2005-04-14,0.59
2005-04-13,0.585
2005-04-12,0.58
2005-04-11,0.59
2005-04-08,0.585
2005-04-07,0.585
2005-04-06,0.58
2005-04-05,0.585
2005-04-04,0.575
2005-04-01,0.585
2005-03-31,0.585
2005-03-30,0.585
2005-03-29,0.59
2005-03-28,3.0552
2005-03-25,3.0552
2005-03-24,0.59
2005-03-23,0.59
2005-03-22,0.59
2005-03-21,0.59
2005-03-18,0.595
2005-03-17,0.6
2005-03-16,0.61
2005-03-15,0.605
2005-03-14,0.59
2005-03-11,0.6
2005-03-10,0.615
2005-03-09,0.625
2005-03-08,0.595
2005-03-07,0.62
2005-03-04,0.63
2005-03-03,0.69
2005-03-02,0.65
2005-03-01,0.555
2005-02-28,3.0552
2005-02-25,3.026
2005-02-24,3.0162
2005-02-23,2.9869
2005-02-22,2.9967
2005-02-21,3.026
2005-02-18,3.026
2005-02-17,3.0455
2005-02-16,3.065
2005-02-15,3.065
2005-02-14,3.0845
2005-02-11,3.0552
2005-02-10,3.0748
2005-02-09,3.0943
2005-02-08,3.065
2005-02-07,3.0845
2005-02-04,3.104
2005-02-03,3.0943
2005-02-02,3.0748
2005-02-01,3.065
2005-01-31,3.0748
2005-01-28,3.0845
2005-01-27,3.0748
2005-01-26,3.0748
2005-01-25,3.0455
2005-01-24,3.0357
2005-01-21,3.0455
2005-01-20,3.0357
2005-01-19,3.0357
2005-01-18,2.9674
2005-01-17,2.9674
2005-01-14,2.9576
2005-01-13,2.9576
2005-01-12,2.9283
2005-01-11,2.9283
2005-01-10,2.9576
2005-01-07,2.9576
2005-01-06,2.9479
2005-01-05,2.9479
2005-01-04,2.9479
2005-01-03,2.9283
2004-12-31,2.9088
2004-12-30,2.9186
2004-12-29,2.9186
2004-12-28,2.9186
2004-12-27,2.9381
2004-12-24,2.9576
2004-12-23,2.9674
2004-12-22,2.9479
2004-12-21,2.9576
2004-12-20,2.9674
2004-12-17,2.9576
2004-12-16,2.9576
2004-12-15,2.9479
2004-12-14,2.9674
2004-12-13,2.9576
2004-12-10,2.9381
2004-12-09,2.9186
2004-12-08,2.9283
2004-12-07,2.9283
2004-12-06,2.9381
2004-12-03,2.9479
2004-12-02,2.9479
2004-12-01,2.9674
2004-11-30,2.9869
2004-11-29,3.0064
2004-11-26,3.0064
2004-11-25,3.0162
2004-11-24,2.9967
2004-11-23,3.0455
2004-11-22,3.0552
2004-11-19,3.065
2004-11-18,3.0552
2004-11-17,3.0748
2004-11-16,3.0455
2004-11-15,3.1138
2004-11-12,3.104
2004-11-11,3.0845
2004-11-10,3.0748
2004-11-09,3.065
2004-11-08,3.0357
2004-11-05,3.0162
2004-11-04,3.026
2004-11-03,3.026
2004-11-02,3.0162
2004-11-01,3.0064
2004-10-29,2.9772
2004-10-28,2.9869
2004-10-27,2.9772
2004-10-26,2.9186
2004-10-25,2.9479
2004-10-22,2.9674
2004-10-21,2.9576
2004-10-20,2.9576
2004-10-19,2.9381
2004-10-18,2.9674
2004-10-15,2.9869
2004-10-14,2.9674
2004-10-13,2.9576
2004-10-12,2.9576
2004-10-11,2.9576
2004-10-08,2.9479
2004-10-07,2.9576
2004-10-06,2.9576
2004-10-05,2.9674
2004-10-04,2.9674
2004-10-01,2.9772
2004-09-30,2.9479
2004-09-29,2.9869
2004-09-28,2.9576
2004-09-27,2.9576
2004-09-24,2.9479
2004-09-23,2.9186
2004-09-22,2.9283
2004-09-21,2.9576
2004-09-20,2.9186
2004-09-17,2.8893
2004-09-16,2.9088
2004-09-15,2.9186
2004-09-14,2.9186
2004-09-13,2.9479
2004-09-10,2.9381
2004-09-09,2.8698
2004-09-08,2.8991
2004-09-07,2.8795
2004-09-06,2.8991
2004-09-03,2.8991
2004-09-02,2.8893
2004-09-01,2.8503
2004-08-31,2.821
2004-08-30,2.8112
2004-08-27,2.7917
2004-08-26,2.8015
2004-08-25,2.821
2004-08-24,2.821
2004-08-23,2.821
2004-08-20,2.7624
2004-08-19,2.7331
2004-08-18,2.7624
2004-08-17,2.7526
2004-08-16,2.7526
2004-08-13,2.7234
2004-08-12,2.7234
2004-08-11,2.6941
2004-08-10,2.6941
2004-08-09,2.6941
2004-08-06,2.7429
2004-08-05,2.7917
2004-08-04,2.8015
2004-08-03,2.8503
2004-08-02,2.9381
2004-07-30,2.9869
2004-07-29,3.0064
2004-07-28,2.9967
2004-07-27,3.0064
2004-07-26,2.9479
2004-07-23,2.9381
2004-07-22,2.9283
2004-07-21,2.9772
2004-07-20,2.9381
2004-07-19,2.9479
2004-07-16,2.9674
2004-07-15,2.9381
2004-07-14,2.9479
2004-07-13,2.9283
2004-07-12,2.9186
2004-07-09,2.8991
2004-07-08,2.8991
2004-07-07,2.9283
2004-07-06,2.9479
2004-07-05,2.9186
2004-07-02,2.9186
2004-07-01,2.9088
2004-06-30,2.9283
2004-06-29,2.9283
2004-06-28,2.9283
2004-06-25,2.9479
2004-06-24,2.9186
2004-06-23,2.9283
2004-06-22,2.9479
2004-06-21,2.9186
2004-06-18,2.9186
2004-06-17,2.9381
2004-06-16,2.9479
2004-06-15,2.9576
2004-06-14,2.9381
2004-06-11,2.9186
2004-06-10,2.9381
2004-06-09,2.9283
2004-06-08,2.9674
2004-06-07,2.9576
2004-06-04,2.9283
2004-06-03,2.9186
2004-06-02,2.9186
2004-06-01,2.9186
2004-05-31,2.9283
2004-05-28,2.9186
2004-05-27,2.9283
2004-05-26,2.8991
2004-05-25,2.9283
2004-05-24,2.9479
2004-05-21,2.9674
2004-05-20,3.0064
2004-05-19,2.9967
2004-05-18,2.9576
2004-05-17,2.86
2004-05-14,2.9088
2004-05-13,2.9479
2004-05-12,2.8795
2004-05-11,2.8795
2004-05-10,2.8893
2004-05-07,2.9576
2004-05-06,3.0162
2004-05-05,3.0552
2004-05-04,3.1529
2004-05-03,3.1529
2004-04-30,3.104
2004-04-29,3.1138
2004-04-28,3.1236
2004-04-27,3.1236
2004-04-26,3.104
2004-04-23,3.1431
2004-04-22,3.1724
2004-04-21,3.1236
2004-04-20,3.1821
2004-04-19,3.1724
2004-04-16,3.1724
2004-04-15,3.1724
2004-04-14,3.1919
2004-04-13,3.2114
2004-04-12,3.2114
2004-04-09,3.2114
2004-04-08,3.2114
2004-04-07,3.2017
2004-04-06,3.2114
2004-04-05,3.1236
2004-04-02,3.1333
2004-04-01,3.1333
2004-03-31,3.1138
2004-03-30,3.1138
2004-03-29,3.1138
2004-03-26,3.1236
2004-03-25,3.1236
2004-03-24,3.1333
2004-03-23,3.1138
2004-03-22,3.0943
2004-03-19,3.0748
2004-03-18,3.0455
2004-03-17,3.1138
2004-03-16,3.0748
2004-03-15,3.0455
2004-03-12,3.0748
2004-03-11,3.104
2004-03-10,3.1626
2004-03-09,3.1138
2004-03-08,3.1333
2004-03-05,3.1138
2004-03-04,3.1138
2004-03-03,3.1236
2004-03-02,3.1333
2004-03-01,3.1333
2004-02-27,3.1431
2004-02-26,3.1626
2004-02-25,3.1431
2004-02-24,3.1724
2004-02-23,3.1236
2004-02-20,3.1236
2004-02-19,3.1236
2004-02-18,3.1236
2004-02-17,3.0845
2004-02-16,2.9772
2004-02-13,2.9674
2004-02-12,2.9576
2004-02-11,2.9381
2004-02-10,2.9283
2004-02-09,2.9381
2004-02-06,2.9479
2004-02-05,2.8991
2004-02-04,2.9283
2004-02-03,2.9186
2004-02-02,2.9283
2004-01-30,2.9479
2004-01-29,2.9772
2004-01-28,3.0162
2004-01-27,3.0162
2004-01-26,2.9967
2004-01-23,2.9967
2004-01-22,2.9772
2004-01-21,2.9869
2004-01-20,2.9869
2004-01-19,3.0748
2004-01-16,3.0943
2004-01-15,3.0064
2004-01-14,2.9479
2004-01-13,2.9381
2004-01-12,2.9283
2004-01-09,2.8795
2004-01-08,2.8893
2004-01-07,2.8503
2004-01-06,2.86
2004-01-05,2.8503
2004-01-02,2.8503
2004-01-01,2.8503
2003-12-31,2.8503
2003-12-30,2.86
2003-12-29,2.86
2003-12-26,2.8307
2003-12-25,2.8307
2003-12-24,2.8307
2003-12-23,2.8015
2003-12-22,2.8112
2003-12-19,2.821
2003-12-18,2.7429
2003-12-17,2.7136
2003-12-16,2.655
2003-12-15,2.6453
2003-12-12,2.6453
2003-12-11,2.6355
2003-12-10,2.6355
2003-12-09,2.6453
2003-12-08,2.6355
2003-12-05,2.6453
2003-12-04,2.5867
2003-12-03,2.5867
2003-12-02,2.5867
2003-12-01,2.5672
2003-11-28,2.5769
2003-11-27,2.5672
2003-11-26,2.5769
2003-11-25,2.5867
2003-11-24,2.5867
2003-11-21,2.5769
2003-11-20,2.5965
2003-11-19,2.6062
2003-11-18,2.616
2003-11-17,2.616
2003-11-14,2.6648
2003-11-13,2.6355
2003-11-12,2.6453
2003-11-11,2.6258
2003-11-10,2.6355
2003-11-07,2.6355
2003-11-06,2.616
2003-11-05,2.6258
2003-11-04,2.6453
2003-11-03,2.6355
2003-10-31,2.5867
2003-10-30,2.616
2003-10-29,2.5965
2003-10-28,2.6355
2003-10-27,2.616
2003-10-24,2.6453
2003-10-23,2.5965
2003-10-22,2.655
2003-10-21,2.7038
2003-10-20,2.6355
2003-10-17,2.6648
2003-10-16,2.655
2003-10-15,2.5477
2003-10-14,2.5086
2003-10-13,2.4598
2003-10-10,2.4989
2003-10-09,2.4891
2003-10-08,2.4696
2003-10-07,2.4208
2003-10-06,2.4012
2003-10-03,2.3915
2003-10-02,2.372
2003-10-01,2.372
2003-09-30,2.411
2003-09-29,2.4208
2003-09-26,2.372
2003-09-25,2.3817
2003-09-24,2.3622
2003-09-23,2.372
2003-09-22,2.3427
2003-09-19,2.372
2003-09-18,2.3329
2003-09-17,2.3134
2003-09-16,2.2744
2003-09-15,2.3036
2003-09-12,2.2939
2003-09-11,2.3232
2003-09-10,2.3036
2003-09-09,2.3232
2003-09-08,2.3427
2003-09-05,2.372
2003-09-04,2.3915
2003-09-03,2.411
2003-09-02,2.372
2003-09-01,2.3524
2003-08-29,2.3329
2003-08-28,2.372
2003-08-27,2.4012
2003-08-26,2.4012
2003-08-25,2.4012
2003-08-22,2.3915
2003-08-21,2.3915
2003-08-20,2.372
2003-08-19,2.372
2003-08-18,2.372
2003-08-15,2.3817
2003-08-14,2.3622
2003-08-13,2.3524
2003-08-12,2.372
2003-08-11,2.3622
2003-08-08,2.3036
2003-08-07,2.3232
2003-08-06,2.2939
2003-08-05,2.3134
2003-08-04,2.3427
2003-08-01,2.3915
2003-07-31,2.3915
2003-07-30,2.3524
2003-07-29,2.3622
2003-07-28,2.3427
2003-07-25,2.3232
2003-07-24,2.2939
2003-07-23,2.206
2003-07-22,2.2255
2003-07-21,2.2255
2003-07-18,2.2548
2003-07-17,2.2646
2003-07-16,2.2451
2003-07-15,2.2451
2003-07-14,2.2744
2003-07-11,2.2353
2003-07-10,2.2353
2003-07-09,2.2841
2003-07-08,2.3427
2003-07-07,2.3622
2003-07-04,2.3622
2003-07-03,2.372
2003-07-02,2.3622
2003-07-01,2.3524
2003-06-30,2.4012
2003-06-27,2.4403
2003-06-26,2.3915
2003-06-25,2.4208
2003-06-24,2.3915
2003-06-23,2.4208
2003-06-20,2.4989
2003-06-19,2.5379
2003-06-18,2.5672
2003-06-17,2.5379
2003-06-16,2.5574
2003-06-13,2.5672
2003-06-12,2.5769
2003-06-11,2.6062
2003-06-10,2.6258
2003-06-09,2.5672
2003-06-06,2.5672
2003-06-05,2.5281
2003-06-04,2.5769
2003-06-03,2.4501
2003-06-02,2.4012
2003-05-30,2.3524
2003-05-29,2.3329
2003-05-28,2.372
2003-05-27,2.3134
2003-05-26,2.3329
2003-05-23,2.3329
2003-05-22,2.2939
2003-05-21,2.3036
2003-05-20,2.3329
2003-05-19,2.3232
2003-05-16,2.3524
2003-05-15,2.3622
2003-05-14,2.3817
2003-05-13,2.4012
2003-05-12,2.372
2003-05-09,2.2939
2003-05-08,2.372
2003-05-07,2.3817
2003-05-06,2.3427
2003-05-05,2.3036
2003-05-02,2.3232
2003-05-01,2.3329
2003-04-30,2.3329
2003-04-29,2.3427
2003-04-28,2.2548
2003-04-25,2.1963
2003-04-24,2.1865
2003-04-23,2.2158
2003-04-22,2.2353
2003-04-21,2.2158
2003-04-18,2.2158
2003-04-17,2.2158
2003-04-16,2.2255
2003-04-15,2.2353
2003-04-14,2.1865
2003-04-11,2.1767
2003-04-10,2.2255
2003-04-09,2.2255
2003-04-08,2.167
2003-04-07,2.2451
2003-04-04,2.2255
2003-04-03,2.1865
2003-04-02,2.206
2003-04-01,2.167
2003-03-31,2.167
2003-03-28,2.1475
2003-03-27,2.1865
2003-03-26,2.1865
2003-03-25,2.1865
2003-03-24,2.167
2003-03-21,2.1865
2003-03-20,2.2548
2003-03-19,2.2353
2003-03-18,2.2548
2003-03-17,2.3036
2003-03-14,2.2841
2003-03-13,2.2353
2003-03-12,2.1767
2003-03-11,2.2451
2003-03-10,2.167
2003-03-07,2.1767
2003-03-06,2.1475
2003-03-05,2.0987
2003-03-04,2.1279
2003-03-03,2.0791
2003-02-28,2.0987
2003-02-27,2.0791
2003-02-26,2.0498
2003-02-25,2.0401
2003-02-24,2.0791
2003-02-21,2.1084
2003-02-20,2.1182
2003-02-19,2.1084
2003-02-18,2.0987
2003-02-17,2.0791
2003-02-14,2.0791
2003-02-13,2.0498
2003-02-12,2.0303
2003-02-11,2.0206
2003-02-10,2.001
2003-02-07,2.001
2003-02-06,2.001
2003-02-05,1.9815
2003-02-04,2.0206
2003-02-03,2.0206
2003-01-31,2.0401
2003-01-30,1.9718
2003-01-29,1.9425
2003-01-28,1.9913
2003-01-27,1.9913
2003-01-24,2.001
2003-01-23,2.0206
2003-01-22,1.9815
2003-01-21,1.9913
2003-01-20,1.962
2003-01-17,2.0206
2003-01-16,2.0791
2003-01-15,2.0791
2003-01-14,2.0791
2003-01-13,2.0791
2003-01-10,2.1084
2003-01-09,2.1084
2003-01-08,2.1084
2003-01-07,2.1377
2003-01-06,2.1279
2003-01-03,2.1377
2003-01-02,2.1377
2003-01-01,2.1279
2002-12-31,2.1279
2002-12-30,2.1377
2002-12-27,2.1475
2002-12-26,2.1572
2002-12-25,2.1572
2002-12-24,2.1572
2002-12-23,2.1572
2002-12-20,2.1475
2002-12-19,2.1377
2002-12-18,2.1475
2002-12-17,2.1377
2002-12-16,2.1475
2002-12-13,2.1377
2002-12-12,2.1475
2002-12-11,2.1377
2002-12-10,2.1182
2002-12-09,2.0987
2002-12-06,2.0987
2002-12-05,2.1182
2002-12-04,2.0791
2002-12-03,2.0694
2002-12-02,2.1084
2002-11-29,2.1182
2002-11-28,2.1279
2002-11-27,2.0889
2002-11-26,2.0498
2002-11-25,2.0303
2002-11-22,1.9718
2002-11-21,1.9718
2002-11-20,1.962
2002-11-19,1.9522
2002-11-18,1.9815
2002-11-15,1.9815
2002-11-14,1.962
2002-11-13,1.9718
2002-11-12,1.9913
2002-11-11,1.9913
2002-11-08,2.001
2002-11-07,2.0206
2002-11-06,2.0498
2002-11-05,2.0206
2002-11-04,2.0206
2002-11-01,1.9815
2002-10-31,1.9815
2002-10-30,1.9522
2002-10-29,1.9718
2002-10-28,1.9913
2002-10-25,1.962
2002-10-24,1.8546
2002-10-23,1.8058
2002-10-22,1.7668
2002-10-21,1.7961
2002-10-18,1.7961
2002-10-17,1.8058
2002-10-16,1.7765
2002-10-15,1.8058
2002-10-14,1.7472
2002-10-11,1.8058
2002-10-10,1.8058
2002-10-09,1.8253
2002-10-08,1.8741
2002-10-07,1.8644
2002-10-04,1.9425
2002-10-03,1.9327
2002-10-02,1.9327
2002-10-01,1.9327
2002-09-30,1.9522
2002-09-27,2.0206
2002-09-26,2.0596
2002-09-25,2.0498
2002-09-24,2.001
2002-09-23,2.0694
2002-09-20,2.0889
2002-09-19,2.1182
2002-09-18,2.1475
2002-09-17,2.1865
2002-09-16,2.1865
2002-09-13,2.1963
2002-09-12,2.1963
2002-09-11,2.1963
2002-09-10,2.1963
2002-09-09,2.1963
2002-09-06,2.2158
2002-09-05,2.1865
2002-09-04,2.1865
2002-09-03,2.1475
2002-09-02,2.1767
2002-08-30,2.167
2002-08-29,2.1865
2002-08-28,2.1963
2002-08-27,2.2158
2002-08-26,2.2158
2002-08-23,2.1767
2002-08-22,2.1572
2002-08-21,2.1084
2002-08-20,2.1475
2002-08-19,2.1182
2002-08-16,2.1475
2002-08-15,2.1475
2002-08-14,2.1475
2002-08-13,2.1865
2002-08-12,2.2158
2002-08-09,2.1963
2002-08-08,2.1377
2002-08-07,2.1182
2002-08-06,2.1475
2002-08-05,2.1279
2002-08-02,2.2255
2002-08-01,2.2939
2002-07-31,2.2939
2002-07-30,2.2646
2002-07-29,2.2841
2002-07-26,2.2548
2002-07-25,2.2841
2002-07-24,2.2744
2002-07-23,2.2841
2002-07-22,2.372
2002-07-19,2.4305
2002-07-18,2.4501
2002-07-17,2.4403
2002-07-16,2.4501
2002-07-15,2.3817
2002-07-12,2.411
2002-07-11,2.411
2002-07-10,2.4305
2002-07-09,2.4208
2002-07-08,2.411
2002-07-05,2.3817
2002-07-04,2.3524
2002-07-03,2.3524
2002-07-02,2.4012
2002-07-01,2.4208
2002-06-28,2.4012
2002-06-27,2.3915
2002-06-26,2.372
2002-06-25,2.3622
2002-06-24,2.3232
2002-06-21,2.372
2002-06-20,2.3817
2002-06-19,2.4012
2002-06-18,2.4012
2002-06-17,2.4208
2002-06-14,2.4305
2002-06-13,2.4501
2002-06-12,2.4501
2002-06-11,2.4501
2002-06-10,2.4305
2002-06-07,2.4305
2002-06-06,2.4305
2002-06-05,2.4501
2002-06-04,2.411
2002-06-03,2.4208
2002-05-31,14.95
2002-05-30,14.89
2002-05-29,14.9
2002-05-28,14.78
2002-05-24,14.82
2002-05-23,15.3
2002-05-22,15.53
2002-05-21,15.76
2002-05-20,15.75
2002-05-17,15.87
2002-05-16,16.01
2002-05-15,14.75
2002-05-14,15.03
2002-05-13,15.06
2002-05-10,15.0
2002-05-09,14.91
2002-05-08,15.57
2002-05-07,16.12
2002-05-06,15.7
2002-05-03,15.24
2002-05-02,14.97
2002-05-01,15.23
2002-04-30,15.91
2002-04-29,16.56
2002-04-26,16.41
2002-04-25,17.11
2002-04-24,17.38
2002-04-23,17.7
2002-04-22,17.51
2002-04-19,17.95
2002-04-18,17.82
2002-04-17,18.0
2002-04-16,18.0
2002-04-15,18.0
2002-04-12,17.45
2002-04-11,17.03
2002-04-10,17.0
2002-04-09,17.0
2002-04-08,17.33
2002-04-05,18.0
2002-04-04,17.97
2002-04-03,18.0
2002-04-02,18.07
2002-04-01,18.22
2002-03-28,18.41
2002-03-27,18.22
2002-03-26,18.15
2002-03-25,18.3
2002-03-22,18.27
2002-03-21,18.23
2002-03-20,18.5
2002-03-19,18.4
2002-03-18,18.4
2002-03-15,18.41
2002-03-14,18.25
2002-03-13,18.2
2002-03-12,18.05
2002-03-11,18.0
2002-03-08,17.98
2002-03-07,18.05
2002-03-06,18.14
2002-03-05,18.0
2002-03-04,17.96
2002-03-01,17.88
2002-02-28,17.96
2002-02-27,19.15
2002-02-26,18.82
2002-02-25,17.92
2002-02-22,17.72
2002-02-21,17.7
2002-02-20,17.79
2002-02-19,18.0
2002-02-15,17.55
2002-02-14,17.75
2002-02-13,17.71
2002-02-12,17.7
2002-02-11,17.63
2002-02-08,17.55
2002-02-07,17.5
2002-02-06,17.65
2002-02-05,17.56
2002-02-04,17.7
2002-02-01,18.0
2002-01-31,17.73
2002-01-30,17.85
2002-01-29,17.9
2002-01-28,17.66
2002-01-25,17.81
2002-01-24,17.23
2002-01-23,16.55
2002-01-22,16.6
2002-01-18,16.6
2002-01-17,16.91
2002-01-16,18.75
2002-01-15,19.25
2002-01-14,18.67
2002-01-11,19.0
2002-01-10,19.62
2002-01-09,19.21
2002-01-08,21.27
2002-01-07,21.9
2002-01-04,21.91
2002-01-03,22.0
2002-01-02,22.42
2001-12-31,21.8
2001-12-28,21.15
2001-12-27,18.0
2001-12-26,17.25
2001-12-24,17.15
2001-12-21,17.15
2001-12-20,17.06
2001-12-19,17.75
2001-12-18,18.5
2001-12-17,18.2
2001-12-14,17.52
2001-12-13,17.7
2001-12-12,19.05
2001-12-11,18.15
2001-12-10,16.5
2001-12-07,15.85
2001-12-06,15.58
2001-12-05,15.6
2001-12-04,15.26
2001-12-03,15.35
2001-11-30,15.44
2001-11-29,15.2
2001-11-28,15.55
2001-11-27,15.37
2001-11-26,15.16
2001-11-23,15.57
2001-11-21,15.55
2001-11-20,15.6
2001-11-19,15.5
2001-11-16,15.65
2001-11-15,15.63
2001-11-14,15.45
2001-11-13,15.75
2001-11-12,15.55
2001-11-09,15.76
2001-11-08,15.2
2001-11-07,16.13
2001-11-06,15.94
2001-11-05,16.04
2001-11-02,15.96
2001-11-01,16.2
2001-10-31,16.25
2001-10-30,15.4
2001-10-29,15.15
2001-10-26,15.7
2001-10-25,16.04
2001-10-24,16.07
2001-10-23,16.0
2001-10-22,16.0
2001-10-19,15.75
2001-10-18,15.6
2001-10-17,16.03
2001-10-16,15.61
2001-10-15,16.0
2001-10-12,15.46
2001-10-11,15.55
2001-10-10,15.99
2001-10-09,16.12
2001-10-08,15.26
2001-10-05,15.43
2001-10-04,15.13
2001-10-03,15.81
2001-10-02,16.0
2001-10-01,16.0
2001-09-28,15.74
2001-09-27,14.5
2001-09-26,14.99
2001-09-25,14.75
2001-09-24,15.0
2001-09-21,14.9
2001-09-20,15.49
2001-09-19,15.38
2001-09-18,15.6
2001-09-17,15.01
2001-09-10,16.91
2001-09-07,17.8
2001-09-06,17.8
2001-09-05,19.0
2001-09-04,19.0
2001-08-31,18.8
2001-08-30,17.06
2001-08-29,16.49
2001-08-28,16.4
2001-08-27,17.4
2001-08-24,17.39
2001-08-23,16.75
2001-08-22,17.2
2001-08-21,17.99
2001-08-20,18.75
2001-08-17,18.01
2001-08-16,18.85
2001-08-15,19.4
2001-08-14,19.85
2001-08-13,17.8
2001-08-10,16.96
2001-08-09,16.15
2001-08-08,15.72
2001-08-07,16.0
2001-08-06,16.95
2001-08-03,15.94
2001-08-02,15.6
2001-08-01,15.45
2001-07-31,14.25
2001-07-30,14.51
2001-07-27,14.62
2001-07-26,15.1
2001-07-25,15.02
2001-07-24,15.05
2001-07-23,14.88
2001-07-20,14.8
2001-07-19,13.8
2001-07-18,14.4
2001-07-17,13.77
2001-07-16,14.55
2001-07-13,14.01
2001-07-12,14.8
2001-07-11,15.09
2001-07-10,14.97
2001-07-09,14.65
2001-07-06,14.1
2001-07-05,14.85
2001-07-03,15.25
2001-07-02,14.75
2001-06-29,14.2
2001-06-28,14.83
2001-06-27,13.93
2001-06-26,13.81
2001-06-25,12.45
2001-06-22,12.49
2001-06-21,12.0
2001-06-20,13.35
2001-06-19,13.41
2001-06-18,13.5
2001-06-15,14.17
2001-06-14,14.4
2001-06-13,14.55
2001-06-12,14.85
2001-06-11,15.75
2001-06-08,14.11
2001-06-07,12.42
2001-06-06,11.5
2001-06-05,10.99
2001-06-04,11.15
2001-06-01,3.0943
2001-05-31,3.0748
2001-05-30,3.1138
2001-05-29,3.1529
2001-05-28,3.1236
2001-05-25,3.1138
2001-05-24,3.104
2001-05-23,3.104
2001-05-22,3.104
2001-05-21,3.1333
2001-05-18,3.1333
2001-05-17,3.1626
2001-05-16,3.1431
2001-05-15,3.1236
2001-05-14,3.1529
2001-05-11,3.1529
2001-05-10,3.1626
2001-05-09,3.1529
2001-05-08,3.1529
2001-05-07,3.1529
2001-05-04,3.1529
2001-05-03,3.1724
2001-05-02,3.1724
2001-05-01,3.1626
2001-04-30,3.1626
2001-04-27,3.0357
2001-04-26,3.0064
2001-04-25,2.9869
2001-04-24,2.9869
2001-04-23,2.9869
2001-04-20,3.026
2001-04-19,3.1138
2001-04-18,3.1236
2001-04-17,3.0943
2001-04-16,3.1236
2001-04-13,3.1236
2001-04-12,3.1236
2001-04-11,3.1138
2001-04-10,3.1138
2001-04-09,3.065
2001-04-06,3.0748
2001-04-05,3.104
2001-04-04,3.026
2001-04-03,3.0748
2001-04-02,3.1431
2001-03-30,3.2309
2001-03-29,3.2602
2001-03-28,3.1626
2001-03-27,3.2212
2001-03-26,3.2212
2001-03-23,3.1821
2001-03-22,3.0455
2001-03-21,3.1821
2001-03-20,3.2505
2001-03-19,3.2505
2001-03-16,3.3286
2001-03-15,3.4652
2001-03-14,11.5
2001-03-13,3.4652
2001-03-12,3.475
2001-03-09,3.4652
2001-03-08,3.475
2001-03-07,3.514
2001-03-06,3.5433
2001-03-05,3.4847
2001-03-02,3.5043
2001-03-01,3.5043
2001-02-28,3.4555
2001-02-27,3.4847
2001-02-26,3.4847
2001-02-23,3.4945
2001-02-22,3.4847
2001-02-21,3.4945
2001-02-20,3.5628
2001-02-19,3.514
2001-02-16,3.5433
2001-02-15,3.6116
2001-02-14,3.6116
2001-02-13,3.5921
2001-02-12,3.6116
2001-02-09,3.5726
2001-02-08,3.5921
2001-02-07,3.6116
2001-02-06,3.6214
2001-02-05,3.6507
2001-02-02,3.6995
2001-02-01,3.6897
2001-01-31,3.8069
2001-01-30,3.7483
2001-01-29,3.719
2001-01-26,14.25
2001-01-25,3.7971
2001-01-24,15.0625
2001-01-23,3.6604
2001-01-22,3.6897
2001-01-19,3.6409
2001-01-18,3.6116
2001-01-17,3.6312
2001-01-16,3.5823
2001-01-15,3.5628
2001-01-12,3.514
2001-01-11,3.4847
2001-01-10,3.475
2001-01-09,3.4652
2001-01-08,3.475
2001-01-05,3.514
2001-01-04,3.4945
2001-01-03,3.309
2001-01-02,3.3578
2001-01-01,3.2602
2000-12-29,3.2602
2000-12-28,3.2602
2000-12-27,3.3188
2000-12-26,15.5
2000-12-22,3.3383
2000-12-21,3.3578
2000-12-20,3.3676
2000-12-19,3.4652
2000-12-18,3.4555
2000-12-15,3.4164
2000-12-14,3.4262
2000-12-13,3.4262
2000-12-12,3.4066
2000-12-11,3.4164
2000-12-08,3.3969
2000-12-07,3.3969
2000-12-06,3.4262
2000-12-05,3.514
2000-12-04,3.4555
2000-12-01,3.5335
2000-11-30,3.5335
2000-11-29,3.5823
2000-11-28,3.5726
2000-11-27,3.5921
2000-11-24,3.6312
2000-11-23,3.6116
2000-11-22,3.6507
2000-11-21,3.7092
2000-11-20,3.6604
2000-11-17,3.6995
2000-11-16,3.6995
2000-11-15,3.7092
2000-11-14,3.6995
2000-11-13,3.6604
2000-11-10,3.6604
2000-11-09,3.7092
2000-11-08,3.6995
2000-11-07,3.7288
2000-11-06,3.6897
2000-11-03,3.7483
2000-11-02,3.7776
2000-11-01,3.7288
2000-10-31,3.7288
2000-10-30,3.7288
2000-10-27,3.8947
2000-10-26,3.8264
2000-10-25,3.924
2000-10-24,3.9045
2000-10-23,3.758
2000-10-20,3.7971
2000-10-19,3.8752
2000-10-18,3.7776
2000-10-17,3.8069
2000-10-16,3.8069
2000-10-13,3.7873
2000-10-12,3.8069
2000-10-11,3.8166
2000-10-10,3.8947
2000-10-09,3.9045
2000-10-06,3.9533
2000-10-05,3.9728
2000-10-04,3.9728
2000-10-03,3.9533
2000-10-02,3.9728
2000-09-29,3.924
2000-09-28,3.9337
2000-09-27,3.9045
2000-09-26,3.8361
2000-09-25,3.8752
2000-09-22,3.9045
2000-09-21,3.8557
2000-09-20,3.8361
2000-09-19,3.8557
2000-09-18,3.9045
2000-09-15,3.9142
2000-09-14,3.924
2000-09-13,3.9435
2000-09-12,3.9337
2000-09-11,3.9337
2000-09-08,3.924
2000-09-07,3.9045
2000-09-06,3.924
2000-09-05,3.9337
2000-09-04,3.9533
2000-09-01,3.9142
2000-08-31,3.9045
2000-08-30,3.9142
2000-08-29,3.9142
2000-08-28,3.9045
2000-08-25,3.9045
2000-08-24,3.9337
2000-08-23,3.8849
2000-08-22,3.8654
2000-08-21,3.8361
2000-08-18,3.8166
2000-08-17,3.8166
2000-08-16,3.8069
2000-08-15,3.8361
2000-08-14,3.8361
2000-08-11,3.7776
2000-08-10,3.758
2000-08-09,3.7678
2000-08-08,3.7776
2000-08-07,3.7873
2000-08-04,3.758
2000-08-03,3.7678
2000-08-02,3.758
2000-08-01,3.758
2000-07-31,3.7288
2000-07-28,3.7092
2000-07-27,3.7483
2000-07-26,3.7483
2000-07-25,3.7385
2000-07-24,3.6995
2000-07-21,3.6995
2000-07-20,3.7385
2000-07-19,3.7385
2000-07-18,3.6409
2000-07-17,3.5433
2000-07-14,3.514
2000-07-13,3.514
2000-07-12,3.5628
2000-07-11,3.514
2000-07-10,3.514
2000-07-07,3.5921
2000-07-06,3.5921
2000-07-05,3.6019
2000-07-04,3.6214
2000-07-03,3.6019
2000-06-30,3.6116
2000-06-29,3.5238
2000-06-28,3.5921
2000-06-27,3.5726
2000-06-26,3.6312
2000-06-23,3.6604
2000-06-22,3.6604
2000-06-21,3.6604
2000-06-20,3.6312
2000-06-19,3.6507
2000-06-16,3.6507
2000-06-15,3.6312
2000-06-14,3.6995
2000-06-13,3.6312
2000-06-12,3.6409
2000-06-09,3.6116
2000-06-08,3.5433
2000-06-07,3.4847
2000-06-06,3.514
2000-06-05,3.5043
2000-06-02,3.5726
2000-06-01,3.6312
