,glint:pl
2018-11-23,0.18
2018-11-22,0.184
2018-11-21,0.17
2018-11-20,0.176
2018-11-19,0.18
2018-11-15,0.18
2018-11-14,0.18
2018-11-13,0.198
2018-11-09,0.197
2018-11-08,0.178
2018-11-07,0.194
2018-11-06,0.195
2018-11-02,0.195
2018-11-01,0.196
2018-10-29,0.195
2018-10-26,0.178
2018-10-25,0.183
2018-10-24,0.191
2018-10-23,0.187
2018-10-22,0.182
2018-10-19,0.198
2018-10-18,0.187
2018-10-17,0.194
2018-10-16,0.198
2018-10-15,0.199
2018-10-12,0.186
2018-10-11,0.196
2018-10-10,0.198
2018-10-09,0.198
2018-10-08,0.198
2018-10-03,0.2
2018-10-02,0.2
2018-10-01,0.202
2018-09-28,0.202
2018-09-27,0.214
2018-09-26,0.204
2018-09-25,0.204
2018-09-24,0.204
2018-09-21,0.206
2018-09-20,0.204
2018-09-19,0.204
2018-09-18,0.214
2018-09-17,0.198
2018-09-14,0.212
2018-09-13,0.212
2018-09-12,0.197
2018-09-10,0.204
2018-09-07,0.214
2018-09-06,0.206
2018-09-05,0.206
2018-09-04,0.214
2018-09-03,0.214
2018-08-30,0.208
2018-08-29,0.206
2018-08-28,0.216
2018-08-24,0.218
2018-08-23,0.21
2018-08-22,0.208
2018-08-21,0.21
2018-08-20,0.208
2018-08-17,0.206
2018-08-16,0.202
2018-08-15,0.2
2018-08-14,0.202
2018-08-13,0.196
2018-08-09,0.195
2018-08-08,0.195
2018-08-06,0.204
2018-08-03,0.2
2018-08-02,0.202
2018-08-01,0.208
2018-07-31,0.198
2018-07-30,0.2
2018-07-27,0.202
2018-07-26,0.212
2018-07-25,0.212
2018-07-24,0.212
2018-07-23,0.21
2018-07-20,0.212
2018-07-19,0.206
2018-07-18,0.206
2018-07-17,0.206
2018-07-16,0.21
2018-07-13,0.216
2018-07-12,0.218
2018-07-11,0.218
2018-07-10,0.206
2018-07-09,0.216
2018-07-06,0.204
2018-07-04,0.199
2018-07-02,0.206
2018-06-29,0.23
2018-06-28,0.23
2018-06-27,0.23
2018-06-26,0.22
2018-06-25,0.222
2018-06-23,0.212
2018-06-22,0.212
2018-06-21,0.222
2018-06-20,0.222
2018-06-19,0.224
2018-06-18,0.222
2018-06-15,0.222
2018-06-14,0.222
2018-06-12,0.228
2018-06-11,0.226
2018-06-08,0.224
2018-06-06,0.224
2018-06-05,0.224
2018-06-04,0.23
2018-06-01,0.22
2018-05-30,0.22
2018-05-29,0.23
2018-05-28,0.226
2018-05-24,0.226
2018-05-23,0.224
2018-05-22,0.224
2018-05-18,0.232
2018-05-17,0.228
2018-05-16,0.238
2018-05-15,0.238
2018-05-14,0.236
2018-05-07,0.222
2018-05-04,0.23
2018-05-02,0.234
2018-04-30,0.23
2018-04-27,0.222
2018-04-26,0.22
2018-04-25,0.23
2018-04-24,0.222
2018-04-23,0.222
2018-04-20,0.22
2018-04-19,0.222
2018-04-18,0.222
2018-04-17,0.23
2018-04-16,0.224
2018-04-13,0.236
2018-04-12,0.238
2018-04-11,0.224
2018-04-10,0.234
2018-04-09,0.222
2018-04-06,0.22
2018-04-05,0.24
2018-04-04,0.232
2018-04-03,0.23
2018-03-29,0.242
2018-03-28,0.242
2018-03-27,0.232
2018-03-26,0.23
2018-03-23,0.232
2018-03-22,0.238
2018-03-21,0.242
2018-03-20,0.244
2018-03-19,0.238
2018-03-16,0.248
2018-03-15,0.24
2018-03-14,0.24
2018-03-13,0.238
2018-03-12,0.24
2018-03-09,0.248
2018-03-07,0.248
2018-03-06,0.252
2018-03-05,0.256
2018-03-02,0.254
2018-03-01,0.252
2018-02-27,0.254
2018-02-26,0.254
2018-02-23,0.24
2018-02-22,0.24
2018-02-21,0.23
2018-02-20,0.24
2018-02-19,0.24
2018-02-15,0.244
2018-02-14,0.246
2018-02-12,0.246
2018-02-09,0.244
2018-02-08,0.244
2018-02-07,0.24
2018-02-06,0.246
2018-02-05,0.25
2018-02-02,0.23
2018-02-01,0.24
2018-01-31,0.24
2018-01-30,0.238
2018-01-29,0.238
2018-01-26,0.242
2018-01-25,0.24
2018-01-24,0.242
2018-01-23,0.25
2018-01-19,0.254
2018-01-18,0.256
2018-01-17,0.256
2018-01-16,0.256
2018-01-15,0.256
2018-01-12,0.25
2018-01-11,0.248
2018-01-10,0.254
2018-01-09,0.254
2018-01-08,0.246
2018-01-05,0.256
2018-01-04,0.256
2018-01-03,0.248
2018-01-02,0.246
2017-12-29,0.242
2017-12-28,0.243
2017-12-27,0.237
2017-12-22,0.24
2017-12-21,0.24
2017-12-20,0.244
2017-12-19,0.244
2017-12-18,0.244
2017-12-15,0.245
2017-12-13,0.245
2017-12-12,0.245
2017-12-11,0.239
2017-12-07,0.262
2017-12-06,0.263
2017-12-05,0.262
2017-12-04,0.265
2017-11-30,0.264
2017-11-29,0.26
2017-11-28,0.256
2017-11-27,0.262
2017-11-24,0.259
2017-11-23,0.259
2017-11-22,0.264
2017-11-21,0.263
2017-11-20,0.255
2017-11-17,0.257
2017-11-16,0.257
2017-11-15,0.257
2017-11-14,0.255
2017-11-13,0.263
2017-11-10,0.263
2017-11-09,0.26
2017-11-08,0.263
2017-11-07,0.264
2017-11-06,0.265
2017-11-03,0.262
2017-11-02,0.268
2017-11-01,0.272
2017-10-31,0.262
2017-10-30,0.262
2017-10-27,0.256
2017-10-26,0.267
2017-10-25,0.265
2017-10-24,0.266
2017-10-23,0.267
2017-10-20,0.269
2017-10-18,0.276
2017-10-17,0.282
2017-10-16,0.269
2017-10-13,0.272
2017-10-12,0.28
2017-10-11,0.273
2017-10-10,0.273
2017-10-09,0.275
2017-10-06,0.275
2017-10-05,0.278
2017-10-04,0.289
2017-10-03,0.296
2017-10-02,0.261
2017-09-29,0.265
2017-09-27,0.265
2017-09-26,0.255
2017-09-22,0.255
2017-09-21,0.26
2017-09-20,0.26
2017-09-19,0.256
2017-09-18,0.255
2017-09-14,0.265
2017-09-13,0.276
2017-09-12,0.276
2017-09-11,0.27
2017-09-08,0.27
2017-09-06,0.275
2017-09-05,0.275
2017-09-04,0.275
2017-09-01,0.275
2017-08-31,0.262
2017-08-30,0.262
2017-08-29,0.275
2017-08-28,0.274
2017-08-25,0.274
2017-08-24,0.274
2017-08-23,0.275
2017-08-22,0.274
2017-08-21,0.274
2017-08-18,0.27
2017-08-17,0.261
2017-08-16,0.273
2017-08-14,0.267
2017-08-11,0.254
2017-08-10,0.278
2017-08-09,0.266
2017-08-08,0.279
2017-08-04,0.279
2017-08-03,0.268
2017-08-02,0.268
2017-08-01,0.279
2017-07-31,0.279
2017-07-27,0.28
2017-07-26,0.278
2017-07-25,0.279
2017-07-24,0.277
2017-07-21,0.269
2017-07-20,0.279
2017-07-19,0.28
2017-07-17,0.279
2017-07-14,0.264
2017-07-13,0.281
2017-07-12,0.273
2017-07-11,0.255
2017-07-10,0.254
2017-07-07,0.259
2017-07-06,0.273
2017-07-05,0.274
2017-07-04,0.253
2017-07-03,0.257
2017-06-30,0.279
2017-06-29,0.262
2017-06-28,0.27
2017-06-27,0.261
2017-06-26,0.277
2017-06-23,0.281
2017-06-22,0.281
2017-06-21,0.29
2017-06-20,0.29
2017-06-19,0.285
2017-06-16,0.298
2017-06-15,0.3
2017-06-14,0.298
2017-06-13,0.297
2017-06-12,0.297
2017-06-09,0.311
2017-06-08,0.339
2017-06-07,0.281
2017-06-06,0.244
2017-06-05,0.239
2017-06-02,0.235
2017-06-01,0.229
2017-05-31,0.221
2017-05-30,0.218
2017-05-29,0.218
2017-05-26,0.219
2017-05-25,0.218
2017-05-24,0.217
2017-05-23,0.218
2017-05-22,0.218
2017-05-19,0.22
2017-05-18,0.218
2017-05-17,0.22
2017-05-16,0.216
2017-05-12,0.22
2017-05-11,0.223
2017-05-10,0.223
2017-05-09,0.237
2017-05-08,0.22
2017-05-05,0.21
2017-05-04,0.23
2017-05-03,0.226
2017-05-02,0.226
2017-04-28,0.226
2017-04-27,0.226
2017-04-24,0.222
2017-04-20,0.23
2017-04-19,0.222
2017-04-18,0.221
2017-04-12,0.23
2017-04-11,0.223
2017-04-10,0.225
2017-04-07,0.23
2017-04-06,0.225
2017-04-05,0.224
2017-04-04,0.222
2017-04-03,0.224
2017-03-31,0.223
2017-03-30,0.225
2017-03-29,0.227
2017-03-28,0.22
2017-03-27,0.218
2017-03-24,0.23
2017-03-23,0.23
2017-03-22,0.245
2017-03-21,0.223
2017-03-17,0.216
2017-03-15,0.218
2017-03-14,0.217
2017-03-13,0.217
2017-03-09,0.217
2017-03-08,0.224
2017-03-07,0.216
2017-03-06,0.216
2017-03-03,0.214
2017-02-28,0.238
2017-02-24,0.238
2017-02-23,0.238
2017-02-22,0.238
2017-02-21,0.24
2017-02-20,0.24
2017-02-17,0.238
2017-02-16,0.24
2017-02-14,0.238
2017-02-13,0.239
2017-02-10,0.238
2017-02-09,0.238
2017-02-08,0.238
2017-02-07,0.238
2017-02-06,0.238
2017-02-03,0.238
2017-02-02,0.238
2017-02-01,0.238
2017-01-31,0.238
2017-01-30,0.238
2017-01-27,0.238
2017-01-26,0.238
2017-01-25,0.238
2017-01-24,0.239
2017-01-23,0.238
2017-01-20,0.202
2017-01-18,0.213
2017-01-17,0.21
2017-01-13,0.225
2017-01-12,0.226
2017-01-11,0.228
2017-01-06,0.228
2017-01-05,0.227
2017-01-04,0.226
2017-01-03,0.23
2017-01-02,0.23
2016-12-31,0.22
2016-12-30,0.241
2016-12-29,0.24
2016-12-28,0.24
2016-12-27,0.24
2016-12-23,0.24
2016-12-22,0.24
2016-12-21,0.24
2016-12-20,0.241
2016-12-19,0.24
2016-12-16,0.24
2016-12-15,0.24
2016-12-14,0.24
2016-12-13,0.198
2016-12-12,0.196
2016-12-09,0.23
2016-12-08,0.23
2016-12-07,0.217
2016-12-06,0.175
2016-12-05,0.163
2016-12-02,0.18
2016-12-01,0.185
2016-11-30,0.18
2016-11-29,0.17
2016-11-28,0.169
2016-11-23,0.19
2016-11-22,0.185
2016-11-21,0.182
2016-11-18,0.209
2016-11-16,0.21
2016-11-15,0.21
2016-11-14,0.22
2016-11-09,0.22
2016-11-08,0.22
2016-11-07,0.221
2016-11-04,0.221
2016-11-03,0.221
2016-11-02,0.221
2016-10-31,0.221
2016-10-27,0.222
2016-10-26,0.222
2016-10-24,0.222
2016-10-19,0.222
2016-10-18,0.222
2016-10-17,0.225
2016-10-14,0.225
2016-10-13,0.223
2016-10-12,0.223
2016-10-11,0.223
2016-10-10,0.223
2016-10-07,0.222
2016-10-06,0.223
2016-10-03,0.223
2016-09-30,0.222
2016-09-29,0.223
2016-09-28,0.223
2016-09-26,0.23
2016-09-23,0.223
2016-09-21,0.222
2016-09-20,0.222
2016-09-19,0.222
2016-09-16,0.222
2016-09-15,0.222
2016-09-13,0.222
2016-09-12,0.25
2016-09-08,0.226
2016-09-06,0.224
2016-09-02,0.224
2016-09-01,0.224
2016-08-29,0.225
2016-08-26,0.226
2016-08-25,0.226
2016-08-24,0.226
2016-08-23,0.225
2016-08-22,0.226
2016-08-19,0.226
2016-08-18,0.226
2016-08-17,0.23
2016-08-16,0.225
2016-08-12,0.228
2016-08-09,0.227
2016-08-08,0.227
2016-08-05,0.227
2016-08-03,0.23
2016-08-02,0.23
2016-08-01,0.23
2016-07-29,0.228
2016-07-28,0.227
2016-07-27,0.227
2016-07-26,0.227
2016-07-25,0.228
2016-07-22,0.227
2016-07-21,0.227
2016-07-20,0.227
2016-07-19,0.231
2016-07-18,0.227
2016-07-15,0.23
2016-07-14,0.23
2016-07-13,0.23
2016-07-12,0.23
2016-07-11,0.227
2016-07-08,0.231
2016-07-07,0.203
2016-07-06,0.25
2016-07-05,0.25
2016-07-04,0.25
2016-07-01,0.25
2016-06-28,0.25
2016-06-27,0.25
2016-06-24,0.25
2016-06-23,0.25
2016-06-22,0.25
2016-06-21,0.25
2016-06-20,0.25
2016-06-17,0.25
2016-06-16,0.25
2016-06-15,0.25
2016-06-14,0.25
2016-06-13,0.25
2016-06-10,0.25
2016-06-09,0.25
2016-06-08,0.25
2016-06-07,0.25
2016-06-03,0.239
2016-06-02,0.223
2016-06-01,0.21
2016-05-31,0.25
2016-05-30,0.25
2016-05-27,0.25
2016-05-25,0.25
2016-05-24,0.25
2016-05-20,0.25
2016-05-19,0.25
2016-05-18,0.25
2016-05-17,0.25
2016-05-16,0.254
2016-05-13,0.25
2016-05-12,0.25
2016-05-11,0.25
2016-05-10,0.25
2016-05-09,0.25
2016-05-06,0.25
2016-05-05,0.25
2016-05-04,0.221
2016-05-03,0.211
2016-05-02,0.196
2016-04-29,0.25
2016-04-28,0.25
2016-04-27,0.25
2016-04-26,0.25
2016-04-25,0.25
2016-04-21,0.25
2016-04-20,0.25
2016-04-19,0.25
2016-04-18,0.25
2016-04-15,0.25
2016-04-14,0.25
2016-04-13,0.25
2016-04-11,0.25
2016-04-08,0.25
2016-04-07,0.25
2016-04-06,0.25
2016-04-05,0.24
2016-04-04,0.24
2016-03-31,0.25
2016-03-30,0.25
2016-03-29,0.25
2016-03-24,0.25
2016-03-23,0.25
2016-03-22,0.25
2016-03-21,0.25
2016-03-17,0.25
2016-03-16,0.25
2016-03-15,0.25
2016-03-14,0.25
2016-03-10,0.25
2016-03-09,0.245
2016-03-08,0.25
2016-03-07,0.238
2016-03-04,0.238
2016-03-03,0.238
2016-03-02,0.252
2016-02-29,0.25
2016-02-26,0.25
2016-02-25,0.25
2016-02-24,0.245
2016-02-23,0.245
2016-02-22,0.245
2016-02-19,0.245
2016-02-18,0.245
2016-02-17,0.245
2016-02-16,0.25
2016-02-15,0.25
2016-02-12,0.25
2016-02-11,0.25
2016-02-10,0.251
2016-02-09,0.25
2016-02-08,0.25
2016-02-05,0.25
2016-02-04,0.25
2016-02-03,0.25
2016-02-02,0.25
2016-02-01,0.25
2016-01-29,0.243
2016-01-28,0.243
2016-01-27,0.25
2016-01-26,0.25
2016-01-25,0.24
2016-01-22,0.247
2016-01-21,0.24
2016-01-20,0.24
2016-01-19,0.244
2016-01-18,0.243
2016-01-15,0.24
2016-01-14,0.24
2016-01-13,0.24
2016-01-12,0.24
2016-01-11,0.24
2016-01-08,0.24
2016-01-07,0.24
2016-01-06,0.24
2016-01-05,0.22
2016-01-04,0.24
2016-01-01,0.241
2015-12-31,0.241
2015-12-30,0.241
2015-12-29,0.241
2015-12-28,0.24
2015-12-25,0.241
2015-12-24,0.241
2015-12-23,0.24
2015-12-22,0.24
2015-12-21,0.243
2015-12-18,0.24
2015-12-17,0.24
2015-12-16,0.24
2015-12-15,0.24
2015-12-14,0.229
2015-12-11,0.225
2015-12-10,0.225
2015-12-09,0.225
2015-12-08,0.213
2015-12-07,0.213
2015-12-04,0.213
2015-12-03,0.213
2015-12-02,0.215
2015-12-01,0.212
2015-11-30,0.211
2015-11-27,0.212
2015-11-26,0.211
2015-11-25,0.214
2015-11-24,0.22
2015-11-23,0.22
2015-11-20,0.241
2015-11-19,0.241
2015-11-18,0.24
2015-11-17,0.24
2015-11-16,0.24
2015-11-13,0.24
2015-11-12,0.239
2015-11-11,0.239
2015-11-10,0.238
2015-11-09,0.237
2015-11-06,0.236
2015-11-05,0.237
2015-11-04,0.237
2015-11-03,0.236
2015-11-02,0.225
2015-10-30,0.225
2015-10-29,0.226
2015-10-28,0.228
2015-10-27,0.23
2015-10-26,0.228
2015-10-23,0.229
2015-10-22,0.229
2015-10-21,0.229
2015-10-20,0.231
2015-10-19,0.23
2015-10-16,0.229
2015-10-15,0.229
2015-10-14,0.23
2015-10-13,0.227
2015-10-12,0.228
2015-10-09,0.226
2015-10-08,0.226
2015-10-07,0.228
2015-10-06,0.226
2015-10-05,0.228
2015-10-02,0.228
2015-10-01,0.226
2015-09-30,0.228
2015-09-29,0.229
2015-09-28,0.229
2015-09-25,0.23
2015-09-24,0.23
2015-09-23,0.23
2015-09-22,0.23
2015-09-21,0.23
2015-09-18,0.23
2015-09-17,0.226
2015-09-16,0.23
2015-09-15,0.181
2015-09-14,0.182
2015-09-11,0.185
2015-09-10,0.183
2015-09-09,0.185
2015-09-08,0.186
2015-09-07,0.18
2015-09-04,0.182
2015-09-03,0.189
2015-09-02,0.184
2015-09-01,0.182
2015-08-31,0.185
2015-08-28,0.186
2015-08-27,0.181
2015-08-26,0.183
2015-08-25,0.186
2015-08-24,0.186
2015-08-21,0.195
2015-08-20,0.195
2015-08-19,0.196
2015-08-18,0.195
2015-08-17,0.203
2015-08-14,0.205
2015-08-13,0.215
2015-08-12,0.206
2015-08-11,0.212
2015-08-10,0.223
2015-08-07,0.205
2015-08-06,0.196
2015-08-05,0.202
2015-08-04,0.197
2015-08-03,0.198
2015-07-31,0.199
2015-07-30,0.202
2015-07-29,0.202
2015-07-28,0.2
2015-07-27,0.203
2015-07-24,0.203
2015-07-23,0.209
2015-07-22,0.209
2015-07-21,0.205
2015-07-20,0.204
2015-07-17,0.202
2015-07-16,0.204
2015-07-15,0.2
2015-07-14,0.2
2015-07-13,0.203
2015-07-10,0.196
2015-07-09,0.193
2015-07-08,0.191
2015-07-07,0.19
2015-07-06,0.191
2015-07-03,0.19
2015-07-02,0.197
2015-07-01,0.19
2015-06-30,0.188
2015-06-29,0.188
2015-06-26,0.204
2015-06-25,0.203
2015-06-24,0.199
2015-06-23,0.204
2015-06-22,0.186
2015-06-19,0.185
2015-06-18,0.177
2015-06-17,0.175
2015-06-16,0.18
2015-06-15,0.18
2015-06-12,0.19
2015-06-11,0.195
2015-06-10,0.193
2015-06-09,0.193
2015-06-08,0.19
2015-06-05,0.195
2015-06-04,0.195
2015-06-03,0.199
2015-06-02,0.192
2015-06-01,0.196
2015-05-29,0.195
2015-05-28,0.196
2015-05-27,0.204
2015-05-26,0.194
2015-05-25,0.194
2015-05-22,0.196
2015-05-21,0.194
2015-05-20,0.197
2015-05-19,0.198
2015-05-18,0.205
2015-05-15,0.201
2015-05-14,0.203
2015-05-13,0.205
2015-05-12,0.202
2015-05-11,0.2
2015-05-08,0.202
2015-05-07,0.191
2015-05-06,0.196
2015-05-05,0.2
2015-05-04,0.205
2015-05-01,0.2
2015-04-30,0.2
2015-04-29,0.198
2015-04-28,0.2
2015-04-27,0.208
2015-04-24,0.194
2015-04-23,0.195
2015-04-22,0.204
2015-04-21,0.212
2015-04-20,0.206
2015-04-17,0.207
2015-04-16,0.217
2015-04-15,0.219
2015-04-14,0.223
2015-04-13,0.228
2015-04-10,0.23
2015-04-09,0.234
2015-04-08,0.235
2015-04-07,0.244
2015-04-06,0.244
2015-04-03,0.244
2015-04-02,0.244
2015-04-01,0.233
2015-03-31,0.238
2015-03-30,0.241
2015-03-27,0.244
2015-03-26,0.242
2015-03-25,0.247
2015-03-24,0.25
2015-03-23,0.241
2015-03-20,0.248
2015-03-19,0.249
2015-03-18,0.252
2015-03-17,0.258
2015-03-16,0.27
2015-03-13,0.275
2015-03-12,0.27
2015-03-11,0.255
2015-03-10,0.25
2015-03-09,0.26
2015-03-06,0.248
2015-03-05,0.253
2015-03-04,0.252
2015-03-03,0.258
2015-03-02,0.265
2015-02-27,0.264
2015-02-26,0.262
2015-02-25,0.245
2015-02-24,0.244
2015-02-23,0.233
2015-02-20,0.232
2015-02-19,0.234
2015-02-18,0.242
2015-02-17,0.237
2015-02-16,0.215
2015-02-13,0.212
2015-02-12,0.206
2015-02-11,0.196
2015-02-10,0.203
2015-02-09,0.203
2015-02-06,0.2
2015-02-05,0.2
2015-02-04,0.2
2015-02-03,0.201
2015-02-02,0.19
2015-01-30,0.196
2015-01-29,0.187
2015-01-28,0.192
2015-01-27,0.2
2015-01-26,0.198
2015-01-23,0.206
2015-01-22,0.203
2015-01-21,0.208
2015-01-20,0.206
2015-01-19,0.205
2015-01-16,0.204
2015-01-15,0.204
2015-01-14,0.203
2015-01-13,0.192
2015-01-12,0.189
2015-01-09,0.189
2015-01-08,0.192
2015-01-07,0.182
2015-01-06,0.185
2015-01-05,0.196
2015-01-02,0.186
2015-01-01,0.184
2014-12-31,0.184
2014-12-30,0.184
2014-12-29,0.191
2014-12-26,0.191
2014-12-25,0.191
2014-12-24,0.191
2014-12-23,0.191
2014-12-22,0.192
2014-12-19,0.197
2014-12-18,0.195
2014-12-17,0.192
2014-12-16,0.19
2014-12-15,0.2
2014-12-12,0.197
2014-12-11,0.21
2014-12-10,0.21
2014-12-09,0.21
2014-12-08,0.218
2014-12-05,0.215
2014-12-04,0.207
2014-12-03,0.208
2014-12-02,0.208
2014-12-01,0.215
2014-11-28,0.22
2014-11-27,0.22
2014-11-26,0.22
2014-11-25,0.216
2014-11-24,0.222
2014-11-21,0.23
2014-11-20,0.214
2014-11-19,0.23
2014-11-18,0.235
2014-11-17,0.213
2014-11-14,0.2
2014-11-13,0.207
2014-11-12,0.205
2014-11-11,0.215
2014-11-10,0.219
2014-11-07,0.217
2014-11-06,0.227
2014-11-05,0.233
2014-11-04,0.234
2014-11-03,0.235
2014-10-31,0.233
2014-10-30,0.239
2014-10-29,0.23
2014-10-28,0.242
2014-10-27,0.238
2014-10-24,0.245
2014-10-23,0.249
2014-10-22,0.245
2014-10-21,0.237
2014-10-20,0.22
2014-10-17,0.23
2014-10-16,0.224
2014-10-15,0.24
2014-10-14,0.242
2014-10-13,0.246
2014-10-10,0.251
2014-10-09,0.251
2014-10-08,0.253
2014-10-07,0.26
2014-10-06,0.262
2014-10-03,0.257
2014-10-02,0.258
2014-10-01,0.26
2014-09-30,0.27
2014-09-29,0.269
2014-09-26,0.291
2014-09-25,0.299
2014-09-24,0.299
2014-09-23,0.309
2014-09-22,0.309
2014-09-19,0.309
2014-09-18,0.306
2014-09-17,0.303
2014-09-16,0.308
2014-09-15,0.292
2014-09-12,0.308
2014-09-11,0.308
2014-09-10,0.295
2014-09-09,0.29
2014-09-08,0.306
2014-09-05,0.308
2014-09-04,0.31
2014-09-03,0.295
2014-09-02,0.287
2014-09-01,0.28
2014-08-29,0.264
2014-08-28,0.252
2014-08-27,0.24
2014-08-26,0.21
2014-08-25,0.198
2014-08-22,0.189
2014-08-21,0.203
2014-08-20,0.206
2014-08-19,0.21
2014-08-18,0.215
2014-08-15,0.21
2014-08-14,0.21
2014-08-13,0.205
2014-08-12,0.184
2014-08-11,0.185
2014-08-08,0.179
2014-08-07,0.176
2014-08-06,0.185
2014-08-05,0.2
2014-08-04,0.194
2014-08-01,0.191
2014-07-31,0.205
2014-07-30,0.21
2014-07-29,0.22
2014-07-28,0.219
2014-07-25,0.219
2014-07-24,0.225
2014-07-23,0.218
2014-07-22,0.206
2014-07-21,0.2
2014-07-18,0.181
2014-07-17,0.191
2014-07-16,0.197
2014-07-15,0.204
2014-07-14,0.209
2014-07-11,0.22
2014-07-10,0.22
2014-07-09,0.232
2014-07-08,0.25
2014-07-07,0.242
2014-07-04,0.243
2014-07-03,0.25
2014-07-02,0.235
2014-07-01,0.235
2014-06-30,0.242
2014-06-27,0.241
2014-06-26,0.25
2014-06-25,0.26
2014-06-24,0.261
2014-06-23,0.274
2014-06-20,0.28
2014-06-19,0.286
2014-06-18,0.28
2014-06-17,0.289
2014-06-16,0.283
2014-06-13,0.289
2014-06-12,0.288
2014-06-11,0.295
2014-06-10,0.295
2014-06-09,0.295
2014-06-06,0.298
2014-06-05,0.298
2014-06-04,0.302
2014-06-03,0.311
2014-06-02,0.304
2014-05-30,0.313
2014-05-29,0.32
2014-05-28,0.314
2014-05-27,0.316
2014-05-26,0.304
2014-05-23,0.275
2014-05-22,0.268
2014-05-21,0.268
2014-05-20,0.276
2014-05-19,0.289
2014-05-16,0.285
2014-05-15,0.275
2014-05-14,0.303
2014-05-13,0.33
2014-05-12,0.31
2014-05-09,0.309
2014-05-08,0.311
2014-05-07,0.311
2014-05-06,0.317
2014-05-05,0.31
2014-05-02,0.32
2014-05-01,0.32
2014-04-30,0.32
2014-04-29,0.32
2014-04-28,0.319
2014-04-25,0.335
2014-04-24,0.336
2014-04-23,0.352
2014-04-22,0.364
2014-04-21,0.373
2014-04-18,0.373
2014-04-17,0.373
2014-04-16,0.352
2014-04-15,0.348
2014-04-14,0.371
2014-04-11,0.384
2014-04-10,0.405
2014-04-09,0.411
2014-04-08,0.394
2014-04-07,0.407
2014-04-04,0.41
2014-04-03,0.42
2014-04-02,0.43
2014-04-01,0.44
2014-03-31,0.44
2014-03-28,0.43
2014-03-27,0.45
2014-03-26,0.45
2014-03-25,0.46
2014-03-24,0.44
2014-03-21,0.46
2014-03-20,0.46
2014-03-19,0.47
2014-03-18,0.47
2014-03-17,0.48
2014-03-14,0.46
2014-03-13,0.47
2014-03-12,0.48
2014-03-11,0.46
2014-03-10,0.43
2014-03-07,0.4
2014-03-06,0.4
2014-03-05,0.4
2014-03-04,0.4
2014-03-03,0.38
2014-02-28,0.4
2014-02-27,0.4
2014-02-26,0.4
2014-02-25,0.39
2014-02-24,0.37
2014-02-21,0.37
2014-02-20,0.36
2014-02-19,0.36
2014-02-18,0.37
2014-02-17,0.37
2014-02-14,0.34
2014-02-13,0.32
2014-02-12,0.33
2014-02-11,0.31
2014-02-10,0.31
2014-02-07,0.31
2014-02-06,0.31
2014-02-05,0.31
2014-02-04,0.31
2014-02-03,0.31
2014-01-31,0.31
2014-01-30,0.31
2014-01-29,0.31
2014-01-28,0.31
2014-01-27,0.3
2014-01-24,0.29
2014-01-23,0.3
2014-01-22,0.3
2014-01-21,0.31
2014-01-20,0.31
2014-01-17,0.3
2014-01-16,0.31
2014-01-15,0.32
2014-01-14,0.27
2014-01-13,0.28
2014-01-10,0.26
2014-01-09,0.25
2014-01-08,0.24
2014-01-07,0.25
2014-01-06,0.24
2014-01-03,0.23
2014-01-02,0.23
2014-01-01,0.23
2013-12-31,0.23
2013-12-30,0.24
2013-12-27,0.24
2013-12-26,0.23
2013-12-25,0.23
2013-12-24,0.23
2013-12-23,0.23
2013-12-20,0.25
2013-12-19,0.25
2013-12-18,0.24
2013-12-17,0.23
2013-12-16,0.24
2013-12-13,0.24
2013-12-12,0.24
2013-12-11,0.24
2013-12-10,0.24
2013-12-09,0.25
2013-12-06,0.23
2013-12-05,0.23
2013-12-04,0.24
2013-12-03,0.25
2013-12-02,0.26
2013-11-29,0.25
2013-11-28,0.26
2013-11-27,0.26
2013-11-26,0.25
2013-11-25,0.26
2013-11-22,0.24
2013-11-21,0.25
2013-11-20,0.24
2013-11-19,0.25
2013-11-18,0.24
2013-11-15,0.26
2013-11-14,0.25
2013-11-13,0.26
2013-11-12,0.26
2013-11-11,0.26
2013-11-08,0.25
2013-11-07,0.25
2013-11-06,0.24
2013-11-05,0.24
2013-11-04,0.23
2013-11-01,0.22
2013-10-31,0.22
2013-10-30,0.22
2013-10-29,0.21
2013-10-28,0.21
2013-10-25,0.21
2013-10-24,0.21
2013-10-23,0.21
2013-10-22,0.21
2013-10-21,0.22
2013-10-18,0.21
2013-10-17,0.21
2013-10-16,0.21
2013-10-15,0.22
2013-10-14,0.21
2013-10-11,0.21
2013-10-10,0.22
2013-10-09,0.19
2013-10-08,0.18
2013-10-07,0.18
2013-10-04,0.19
2013-10-03,0.18
2013-10-02,0.18
2013-10-01,0.18
2013-09-30,0.17
2013-09-27,0.18
2013-09-26,0.18
2013-09-25,0.19
2013-09-24,0.18
2013-09-23,0.17
2013-09-20,0.18
2013-09-19,0.17
2013-09-18,0.17
2013-09-17,0.16
2013-09-16,0.16
2013-09-13,0.16
2013-09-12,0.16
2013-09-11,0.16
2013-09-10,0.16
2013-09-09,0.16
2013-09-06,0.16
2013-09-05,0.16
2013-09-04,0.16
2013-09-03,0.16
2013-09-02,0.16
2013-08-30,0.16
2013-08-29,0.17
2013-08-28,0.18
2013-08-27,0.16
2013-08-26,0.16
2013-08-23,0.17
2013-08-22,0.17
2013-08-21,0.18
2013-08-20,0.17
2013-08-19,0.16
2013-08-16,0.16
2013-08-15,0.15
2013-08-14,0.16
2013-08-13,0.15
2013-08-12,0.14
2013-08-09,0.14
2013-08-08,0.14
2013-08-07,0.14
2013-08-06,0.14
2013-08-05,0.14
2013-08-02,0.14
2013-08-01,0.13
2013-07-31,0.13
2013-07-30,0.14
2013-07-29,0.14
2013-07-26,0.14
2013-07-25,0.14
2013-07-24,0.13
2013-07-23,0.14
2013-07-22,0.14
2013-07-19,0.14
2013-07-18,0.14
2013-07-17,0.14
2013-07-16,0.15
2013-07-15,0.14
2013-07-12,0.14
2013-07-11,0.14
2013-07-10,0.14
2013-07-09,0.14
2013-07-08,0.14
2013-07-05,0.14
2013-07-04,0.14
2013-07-03,0.13
2013-07-02,0.15
2013-07-01,0.15
2013-06-28,0.15
2013-06-27,0.15
2013-06-26,0.16
2013-06-25,0.16
2013-06-24,0.15
2013-06-21,0.16
2013-06-20,0.16
2013-06-19,0.16
2013-06-18,0.16
2013-06-17,0.16
2013-06-14,0.16
2013-06-13,0.16
2013-06-12,0.17
2013-06-11,0.16
2013-06-10,0.16
2013-06-07,0.16
2013-06-06,0.16
2013-06-05,0.17
2013-06-04,0.17
2013-06-03,0.16
2013-05-31,0.16
2013-05-30,0.17
2013-05-29,0.17
2013-05-28,0.16
2013-05-27,0.16
2013-05-24,0.16
2013-05-23,0.17
2013-05-22,0.16
2013-05-21,0.16
2013-05-20,0.17
2013-05-17,0.17
2013-05-16,0.17
2013-05-15,0.17
2013-05-14,0.17
2013-05-13,0.17
2013-05-10,0.17
2013-05-09,0.17
2013-05-08,0.17
2013-05-07,0.17
2013-05-06,0.17
2013-05-03,0.16
2013-05-02,0.16
2013-05-01,0.17
2013-04-30,0.17
2013-04-29,0.17
2013-04-26,0.17
2013-04-25,0.17
2013-04-24,0.17
2013-04-23,0.17
2013-04-22,0.16
2013-04-19,0.17
2013-04-18,0.17
2013-04-17,0.17
2013-04-16,0.16
2013-04-15,0.17
2013-04-12,0.17
2013-04-11,0.17
2013-04-10,0.18
2013-04-09,0.17
2013-04-08,0.17
2013-04-05,0.17
2013-04-04,0.17
2013-04-03,0.16
2013-04-02,0.18
2013-04-01,0.18
2013-03-29,0.18
2013-03-28,0.18
2013-03-27,0.18
2013-03-26,0.2
2013-03-25,0.2
2013-03-22,0.2
2013-03-21,0.2
2013-03-20,0.2
2013-03-19,0.2
2013-03-18,0.2
2013-03-15,0.19
2013-03-14,0.21
2013-03-13,0.2
2013-03-12,0.19
2013-03-11,0.2
2013-03-08,0.19
2013-03-07,0.19
2013-03-06,0.19
2013-03-05,0.2
2013-03-04,0.19
2013-03-01,0.19
2013-02-28,0.19
2013-02-27,0.19
2013-02-26,0.18
2013-02-25,0.19
2013-02-22,0.19
2013-02-21,0.2
2013-02-20,0.19
2013-02-19,0.2
2013-02-18,0.21
2013-02-15,0.18
2013-02-14,0.18
2013-02-13,0.18
2013-02-12,0.16
2013-02-11,0.17
2013-02-08,0.16
2013-02-07,0.16
2013-02-06,0.17
2013-02-05,0.17
2013-02-04,0.16
2013-02-01,0.17
2013-01-31,0.16
2013-01-30,0.16
2013-01-29,0.17
2013-01-28,0.18
2013-01-25,0.17
2013-01-24,0.17
2013-01-23,0.19
2013-01-22,0.14
2013-01-21,0.14
2013-01-18,0.13
2013-01-17,0.14
2013-01-16,0.14
2013-01-15,0.14
2013-01-14,0.14
2013-01-11,0.14
2013-01-10,0.14
2013-01-09,0.13
2013-01-08,0.13
2013-01-07,0.11
2013-01-04,0.12
2013-01-03,0.11
2013-01-02,0.11
2013-01-01,0.11
2012-12-31,0.11
2012-12-28,0.11
2012-12-27,0.11
2012-12-26,0.11
2012-12-25,0.11
2012-12-24,0.11
2012-12-21,0.11
2012-12-20,0.11
2012-12-19,0.12
2012-12-18,0.12
2012-12-17,0.11
2012-12-14,0.11
2012-12-13,0.11
2012-12-12,0.1
2012-12-11,0.11
2012-12-10,0.11
2012-12-07,0.1
2012-12-06,0.11
2012-12-05,0.11
2012-12-04,0.11
2012-12-03,0.1
2012-11-30,0.11
2012-11-29,0.1
2012-11-28,0.1
2012-11-27,0.1
2012-11-26,0.1
2012-11-23,0.11
2012-11-22,0.11
2012-11-21,0.11
2012-11-20,0.11
2012-11-19,0.11
2012-11-16,0.1
2012-11-15,0.11
2012-11-14,0.11
2012-11-13,0.11
2012-11-12,0.1
2012-11-09,0.1
2012-11-08,0.1
2012-11-07,0.1
2012-11-06,0.1
2012-11-05,0.11
2012-11-02,0.11
2012-11-01,0.11
2012-10-31,0.12
2012-10-30,0.11
2012-10-29,0.11
2012-10-26,0.11
2012-10-25,0.11
2012-10-24,0.12
2012-10-23,0.11
2012-10-22,0.11
2012-10-19,0.11
2012-10-18,0.11
2012-10-17,0.11
2012-10-16,0.11
2012-10-15,0.11
2012-10-12,0.11
2012-10-11,0.11
2012-10-10,0.11
2012-10-09,0.12
2012-10-08,0.11
2012-10-05,0.11
2012-10-04,0.11
2012-10-03,0.1
2012-10-02,0.11
2012-10-01,0.12
2012-09-28,0.11
2012-09-27,0.11
2012-09-26,0.11
2012-09-25,0.11
2012-09-24,0.11
2012-09-21,0.11
2012-09-20,0.11
2012-09-19,0.11
2012-09-18,0.11
2012-09-17,0.12
2012-09-14,0.13
2012-09-13,0.12
2012-09-12,0.12
2012-09-11,0.12
2012-09-10,0.12
2012-09-07,0.11
2012-09-06,0.12
2012-09-05,0.11
2012-09-04,0.12
2012-09-03,0.12
2012-08-31,0.11
2012-08-30,0.11
2012-08-29,0.11
2012-08-28,0.1
2012-08-27,0.1
2012-08-24,0.11
2012-08-23,0.11
2012-08-22,0.11
2012-08-21,0.11
2012-08-20,0.12
2012-08-17,0.12
2012-08-16,0.11
2012-08-15,0.1
2012-08-14,0.1
2012-08-13,0.1
2012-08-10,0.11
2012-08-09,0.11
2012-08-08,0.12
2012-08-07,0.11
2012-08-06,0.11
2012-08-03,0.12
2012-08-02,0.12
2012-08-01,0.11
2012-07-31,0.1
2012-07-30,0.11
2012-07-27,0.09
2012-07-26,0.1
2012-07-25,0.1
2012-07-24,0.1
2012-07-23,0.1
2012-07-20,0.1
2012-07-19,0.1
2012-07-18,0.1
2012-07-17,0.11
2012-07-16,0.11
2012-07-13,0.11
2012-07-12,0.11
2012-07-11,0.11
2012-07-10,0.11
2012-07-09,0.1
2012-07-06,0.1
2012-07-05,0.1
2012-07-04,0.1
2012-07-03,0.1
2012-07-02,0.1
2012-06-29,0.1
2012-06-28,0.1
2012-06-27,0.1
2012-06-26,0.1
2012-06-25,0.11
2012-06-22,0.1
2012-06-21,0.1
2012-06-20,0.1
2012-06-19,0.1
2012-06-18,0.11
2012-06-15,0.11
2012-06-14,0.11
2012-06-13,0.11
2012-06-12,0.1
2012-06-11,0.1
2012-06-08,0.1
2012-06-07,0.1
2012-06-06,0.1
2012-06-05,0.1
2012-06-04,0.1
2012-06-01,0.11
2012-05-31,0.11
2012-05-30,0.1
2012-05-29,0.11
2012-05-28,0.09
2012-05-25,0.1
2012-05-24,0.11
2012-05-23,0.11
2012-05-22,0.11
2012-05-21,0.11
2012-05-18,0.1
2012-05-17,0.1
2012-05-16,0.1
2012-05-15,0.11
2012-05-14,0.11
2012-05-11,0.11
2012-05-10,0.11
2012-05-09,0.12
2012-05-08,0.12
2012-05-07,0.11
2012-05-04,0.11
2012-05-03,0.11
2012-05-02,0.11
2012-05-01,0.11
2012-04-30,0.11
2012-04-27,0.11
2012-04-26,0.11
2012-04-25,0.11
2012-04-24,0.1
2012-04-23,0.11
2012-04-20,0.12
2012-04-19,0.12
2012-04-18,0.13
2012-04-17,0.13
2012-04-16,0.13
2012-04-13,0.13
2012-04-12,0.13
2012-04-11,0.13
2012-04-10,0.13
2012-04-09,0.13
2012-04-06,0.13
2012-04-05,0.13
2012-04-04,0.13
2012-04-03,0.14
2012-04-02,0.14
2012-03-30,0.14
2012-03-29,0.14
2012-03-28,0.13
2012-03-27,0.13
2012-03-26,0.13
2012-03-23,0.14
2012-03-22,0.13
2012-03-21,0.13
2012-03-20,0.14
2012-03-19,0.14
2012-03-16,0.14
2012-03-15,0.14
2012-03-14,0.14
2012-03-13,0.15
2012-03-12,0.15
2012-03-09,0.14
2012-03-08,0.14
2012-03-07,0.15
2012-03-06,0.13
2012-03-05,0.14
2012-03-02,0.14
2012-03-01,0.14
2012-02-29,0.13
2012-02-28,0.14
2012-02-27,0.14
2012-02-24,0.13
2012-02-23,0.14
2012-02-22,0.13
2012-02-21,0.14
2012-02-20,0.14
2012-02-17,0.15
2012-02-16,0.14
2012-02-15,0.14
2012-02-14,0.13
2012-02-13,0.13
2012-02-10,0.13
2012-02-09,0.13
2012-02-08,0.13
2012-02-07,0.13
2012-02-06,0.12
2012-02-03,0.12
2012-02-02,0.11
2012-02-01,0.11
2012-01-31,0.12
2012-01-30,0.11
2012-01-27,0.11
2012-01-26,0.11
2012-01-25,0.11
2012-01-24,0.12
2012-01-23,0.12
2012-01-20,0.12
2012-01-19,0.11
2012-01-18,0.12
2012-01-17,0.11
2012-01-16,0.11
2012-01-13,0.12
2012-01-12,0.12
2012-01-11,0.12
2012-01-10,0.12
2012-01-09,0.11
2012-01-06,0.11
2012-01-05,0.11
2012-01-04,0.11
2012-01-03,0.13
2012-01-02,0.12
2011-12-30,0.12
2011-12-29,0.11
2011-12-28,0.12
2011-12-27,0.11
2011-12-26,0.11
2011-12-23,0.11
2011-12-22,0.11
2011-12-21,0.11
2011-12-20,0.11
2011-12-19,0.11
2011-12-16,0.11
2011-12-15,0.11
2011-12-14,0.11
2011-12-13,0.11
2011-12-12,0.11
2011-12-09,0.12
2011-12-08,0.12
2011-12-07,0.11
2011-12-06,0.11
2011-12-05,0.12
2011-12-02,0.12
2011-12-01,0.12
2011-11-30,0.11
2011-11-29,0.12
2011-11-28,0.12
2011-11-25,0.11
2011-11-24,0.11
2011-11-23,0.11
2011-11-22,0.12
2011-11-21,0.11
2011-11-18,0.11
2011-11-17,0.11
2011-11-16,0.11
2011-11-15,0.11
2011-11-14,0.11
2011-11-11,0.12
2011-11-10,0.11
2011-11-09,0.12
2011-11-08,0.13
2011-11-07,0.12
2011-11-04,0.13
2011-11-03,0.13
2011-11-02,0.13
2011-11-01,0.13
2011-10-31,0.15
2011-10-28,0.15
2011-10-27,0.15
2011-10-26,0.15
2011-10-25,0.15
2011-10-24,0.15
2011-10-21,0.14
2011-10-20,0.15
2011-10-19,0.15
2011-10-18,0.15
2011-10-17,0.15
2011-10-14,0.15
2011-10-13,0.15
2011-10-12,0.16
2011-10-11,0.16
2011-10-10,0.16
2011-10-07,0.15
2011-10-06,0.16
2011-10-05,0.14
2011-10-04,0.13
2011-10-03,0.13
2011-09-30,0.15
2011-09-29,0.15
2011-09-28,0.15
2011-09-27,0.15
2011-09-26,0.15
2011-09-23,0.15
2011-09-22,0.15
2011-09-21,0.15
2011-09-20,0.16
2011-09-19,0.16
2011-09-16,0.16
2011-09-15,0.16
2011-09-14,0.16
2011-09-13,0.16
2011-09-12,0.16
2011-09-09,0.17
2011-09-08,0.17
2011-09-07,0.18
2011-09-06,0.17
2011-09-05,0.18
2011-09-02,0.19
2011-09-01,0.19
2011-08-31,0.19
2011-08-30,0.19
2011-08-29,0.19
2011-08-26,0.19
2011-08-25,0.19
2011-08-24,0.19
2011-08-23,0.19
2011-08-22,0.19
2011-08-19,0.19
2011-08-18,0.19
2011-08-17,0.2
2011-08-16,0.19
2011-08-15,0.19
2011-08-12,0.19
2011-08-11,0.19
2011-08-10,0.19
2011-08-09,0.19
2011-08-08,0.19
2011-08-05,0.2
2011-08-04,0.2
2011-08-03,0.2
2011-08-02,0.2
2011-08-01,0.21
2011-07-29,0.2
2011-07-28,0.21
2011-07-27,0.21
2011-07-26,0.22
2011-07-25,0.22
2011-07-22,0.22
2011-07-21,0.21
2011-07-20,0.2
2011-07-19,0.19
2011-07-18,0.19
2011-07-15,0.2
2011-07-14,0.2
2011-07-13,0.2
2011-07-12,0.2
2011-07-11,0.19
2011-07-08,0.2
2011-07-07,0.2
2011-07-06,0.21
2011-07-05,0.21
2011-07-04,0.21
2011-07-01,0.21
2011-06-30,0.22
2011-06-29,0.21
2011-06-28,0.22
2011-06-27,0.21
2011-06-24,0.22
2011-06-23,0.22
2011-06-22,0.23
2011-06-21,0.22
2011-06-20,0.23
2011-06-17,0.23
2011-06-16,0.22
2011-06-15,0.24
2011-06-14,0.24
2011-06-13,0.24
2011-06-10,0.24
2011-06-09,0.24
2011-06-08,0.25
2011-06-07,0.25
2011-06-06,0.26
2011-06-03,0.25
2011-06-02,0.25
2011-06-01,0.24
2011-05-31,0.24
2011-05-30,0.24
2011-05-27,0.24
2011-05-26,0.26
2011-05-25,0.26
2011-05-24,0.26
2011-05-23,0.26
2011-05-20,0.26
2011-05-19,0.27
2011-05-18,0.27
2011-05-17,0.26
2011-05-16,0.25
2011-05-13,0.26
2011-05-12,0.27
2011-05-11,0.27
2011-05-10,0.28
2011-05-09,0.28
2011-05-06,0.29
2011-05-05,0.28
2011-05-04,0.28
2011-05-03,0.27
2011-05-02,0.27
2011-04-29,0.27
2011-04-28,0.27
2011-04-27,0.27
2011-04-26,0.28
2011-04-25,21.68
2011-04-21,0.29
2011-04-20,0.31
2011-04-19,0.29
2011-04-18,0.3
2011-04-15,0.3
2011-04-14,0.31
2011-04-13,0.3
2011-04-12,0.3
2011-04-11,0.31
2011-04-08,0.31
2011-04-07,0.31
2011-04-06,0.31
2011-04-05,0.3
2011-04-04,0.32
2011-04-01,0.32
2011-03-31,0.32
2011-03-30,0.33
2011-03-29,0.33
2011-03-28,0.33
2011-03-25,0.33
2011-03-24,0.33
2011-03-23,0.33
2011-03-22,0.34
2011-03-21,0.35
2011-03-18,0.34
2011-03-17,0.34
2011-03-16,0.34
2011-03-15,0.35
2011-03-14,0.35
2011-03-11,0.35
2011-03-10,0.34
2011-03-09,0.35
2011-03-08,0.35
2011-03-07,0.36
2011-03-04,0.35
2011-03-03,0.36
2011-03-02,0.36
2011-03-01,0.36
2011-02-28,0.36
2011-02-25,0.36
2011-02-24,0.37
2011-02-23,0.37
2011-02-22,0.36
2011-02-21,0.36
2011-02-18,0.37
2011-02-17,0.36
2011-02-16,0.36
2011-02-15,0.36
2011-02-14,0.37
2011-02-11,0.37
2011-02-10,0.37
2011-02-09,0.37
2011-02-08,0.36
2011-02-07,0.37
2011-02-04,0.37
2011-02-03,0.36
2011-02-02,0.37
2011-02-01,0.36
2011-01-31,0.35
2011-01-28,0.36
2011-01-27,0.35
2011-01-26,0.35
2011-01-25,0.36
2011-01-24,0.35
2011-01-21,0.35
2011-01-20,0.35
2011-01-19,0.34
2011-01-18,0.35
2011-01-17,0.35
2011-01-14,0.35
2011-01-13,0.34
2011-01-12,0.35
2011-01-11,0.34
2011-01-10,0.34
2011-01-07,0.34
2011-01-06,0.35
2011-01-05,0.35
2011-01-04,0.36
2011-01-03,0.36
2010-12-31,0.36
2010-12-30,0.35
2010-12-29,0.35
2010-12-28,0.36
2010-12-27,0.36
2010-12-24,0.37
2010-12-23,0.36
2010-12-22,0.34
2010-12-21,0.35
2010-12-20,0.35
2010-12-17,0.36
2010-12-16,0.37
2010-12-15,0.37
2010-12-14,0.4
2010-12-13,0.37
2010-12-10,0.36
2010-12-09,0.36
2010-12-08,0.36
2010-12-07,0.36
2010-12-06,0.35
2010-12-03,0.36
2010-12-02,0.36
2010-12-01,0.36
2010-11-30,0.35
2010-11-29,0.38
2010-11-26,0.4
2010-11-25,0.4
2010-11-24,0.41
2010-11-23,0.4
2010-11-22,0.41
2010-11-19,0.42
2010-11-18,0.42
2010-11-17,0.44
2010-11-16,0.43
2010-11-15,0.44
2010-11-12,0.43
2010-11-11,0.43
2010-11-10,0.44
2010-11-09,0.45
2010-11-08,0.45
2010-11-05,0.46
2010-11-04,0.46
2010-11-03,0.47
2010-11-02,0.47
2010-11-01,0.48
2010-10-29,0.49
2010-10-28,0.5
2010-10-27,0.49
2010-10-26,0.49
2010-10-25,0.48
2010-10-22,0.49
2010-10-21,0.49
2010-10-20,0.51
2010-10-19,0.49
2010-10-18,0.5
2010-10-15,0.49
2010-10-14,0.5
2010-10-13,0.49
2010-10-12,0.45
2010-10-11,0.46
2010-10-08,0.47
2010-10-07,0.47
2010-10-06,0.49
2010-10-05,0.49
2010-10-04,0.5
2010-10-01,0.51
2010-09-30,0.52
2010-09-29,0.52
2010-09-28,0.52
2010-09-27,0.53
2010-09-24,0.54
2010-09-23,0.54
2010-09-22,0.56
2010-09-21,0.56
2010-09-20,0.56
2010-09-17,0.57
2010-09-16,14.26
2010-09-15,14.08
2010-09-14,14.13
2010-09-13,14.28
2010-09-10,14.29
2010-09-09,14.24
2010-09-08,14.15
2010-09-07,14.15
2010-09-03,14.51
2010-09-02,14.27
2010-09-01,13.88
2010-08-31,13.84
2010-08-30,14.02
2010-08-27,14.23
2010-08-26,13.82
2010-08-25,13.74
2010-08-24,13.71
2010-08-23,14.08
2010-08-20,14.05
2010-08-19,14.09
2010-08-18,14.26
2010-08-17,14.13
2010-08-16,14.14
2010-08-13,14.09
2010-08-12,14.11
2010-08-11,14.01
2010-08-10,14.27
2010-08-09,14.41
2010-08-06,14.25
2010-08-05,14.49
2010-08-04,14.4
2010-08-03,14.69
2010-08-02,14.54
2010-07-30,14.27
2010-07-29,14.24
2010-07-28,14.29
2010-07-27,14.91
2010-07-26,15.75
2010-07-23,16.07
2010-07-22,16.01
2010-07-21,15.25
2010-07-20,15.48
2010-07-19,15.49
2010-07-16,15.39
2010-07-15,15.73
2010-07-14,15.85
2010-07-13,15.75
2010-07-12,15.52
2010-07-09,15.46
2010-07-08,15.35
2010-07-07,15.16
2010-07-06,14.96
2010-07-02,14.88
2010-07-01,14.63
2010-06-30,14.93
2010-06-29,14.98
2010-06-28,15.6
2010-06-25,15.56
2010-06-24,15.18
2010-06-23,15.46
2010-06-22,15.58
2010-06-21,15.91
2010-06-18,15.99
2010-06-17,16.04
2010-06-16,16.25
2010-06-15,16.23
2010-06-14,15.86
2010-06-11,15.85
2010-06-10,15.91
2010-06-09,15.51
2010-06-08,15.6
2010-06-07,15.28
2010-06-04,15.18
2010-06-03,15.73
2010-06-02,15.48
2010-06-01,15.64
2010-05-28,15.64
2010-05-27,15.73
2010-05-26,15.02
2010-05-25,15.13
2010-05-24,15.36
2010-05-21,15.37
2010-05-20,15.06
2010-05-19,15.48
2010-05-18,15.63
2010-05-17,15.62
2010-05-14,15.92
2010-05-13,16.16
2010-05-12,16.1
2010-05-11,15.4
2010-05-10,15.38
2010-05-07,14.3
2010-05-06,14.44
2010-05-05,14.73
2010-05-04,14.69
2010-05-03,14.76
2010-04-30,14.77
2010-04-29,14.99
2010-04-28,14.71
2010-04-27,14.7
2010-04-26,15.2
2010-04-23,15.24
2010-04-22,15.52
2010-04-21,15.37
2010-04-20,15.3
2010-04-19,14.98
2010-04-16,14.91
2010-04-15,14.9
2010-04-14,14.91
2010-04-13,14.86
2010-04-12,14.99
2010-04-09,14.95
2010-04-08,14.88
2010-04-07,15.36
2010-04-06,15.5
2010-04-05,15.48
2010-04-01,15.39
2010-03-31,14.91
2010-03-30,14.91
2010-03-29,14.88
2010-03-26,14.89
2010-03-25,15.29
2010-03-24,0.72
2010-03-23,0.73
2010-03-22,0.73
2010-03-19,0.73
2010-03-18,0.73
2010-03-17,0.74
2010-03-16,0.72
2010-03-15,0.72
2010-03-12,0.73
2010-03-11,0.75
2010-03-10,0.75
2010-03-09,0.72
2010-03-08,0.72
2010-03-05,0.72
2010-03-04,0.7
2010-03-03,0.68
2010-03-02,0.69
2010-03-01,0.69
2010-02-26,0.69
2010-02-25,0.69
2010-02-24,0.69
2010-02-23,0.71
2010-02-22,0.71
2010-02-19,0.7
2010-02-18,0.7
2010-02-17,0.69
2010-02-16,0.69
2010-02-15,0.69
2010-02-12,0.7
2010-02-11,0.7
2010-02-10,0.71
2010-02-09,0.7
2010-02-08,0.68
2010-02-05,0.66
2010-02-04,0.7
2010-02-03,0.77
2010-02-02,0.78
2010-02-01,0.77
2010-01-29,0.78
2010-01-28,0.79
2010-01-27,0.79
2010-01-26,0.8
2010-01-25,0.8
2010-01-22,0.8
2010-01-21,0.82
2010-01-20,0.83
2010-01-19,0.85
2010-01-18,0.84
2010-01-15,0.84
2010-01-14,0.86
2010-01-13,0.86
2010-01-12,0.87
2010-01-11,0.88
2010-01-08,0.88
2010-01-07,0.87
2010-01-06,0.86
2010-01-05,0.87
2010-01-04,0.87
2009-12-31,0.89
2009-12-30,0.82
2009-12-29,0.82
2009-12-28,0.85
2009-12-24,0.8
2009-12-23,0.8
2009-12-22,0.8
2009-12-21,0.8
2009-12-18,0.81
2009-12-17,0.82
2009-12-16,0.83
2009-12-15,0.84
2009-12-14,0.85
2009-12-11,0.86
2009-12-10,0.87
2009-12-09,0.86
2009-12-08,0.87
2009-12-07,0.89
2009-12-04,0.88
2009-12-03,0.87
2009-12-02,0.86
2009-12-01,0.86
2009-11-30,0.84
2009-11-27,0.87
2009-11-26,0.86
2009-11-25,0.87
2009-11-24,0.87
2009-11-23,0.87
2009-11-20,0.86
2009-11-19,0.86
2009-11-18,0.88
2009-11-17,0.88
2009-11-16,0.88
2009-11-13,0.86
2009-11-12,0.86
2009-11-11,0.87
2009-11-10,0.85
2009-11-09,0.87
2009-11-06,0.87
2009-11-05,0.88
2009-11-04,0.88
2009-11-03,0.87
2009-11-02,0.89
2009-10-30,0.89
2009-10-29,0.9
2009-10-28,0.88
2009-10-27,0.9
2009-10-26,0.92
2009-10-23,0.95
2009-10-22,0.95
2009-10-21,0.96
2009-10-20,0.99
2009-10-19,0.98
2009-10-16,0.96
2009-10-15,0.98
2009-10-14,0.99
2009-10-13,0.98
2009-10-12,0.97
2009-10-09,0.95
2009-10-08,0.94
2009-10-07,0.94
2009-10-06,0.94
2009-10-05,0.93
2009-10-02,0.94
2009-10-01,0.94
2009-09-30,0.95
2009-09-29,0.95
2009-09-28,0.96
2009-09-25,0.96
2009-09-24,0.96
2009-09-23,0.96
2009-09-22,0.96
2009-09-21,0.96
2009-09-18,0.97
2009-09-17,0.97
2009-09-16,0.97
2009-09-15,0.96
2009-09-14,0.96
2009-09-11,0.97
2009-09-10,0.97
2009-09-09,0.97
2009-09-08,0.97
2009-09-07,0.98
2009-09-04,0.96
2009-09-03,0.95
2009-09-02,0.93
2009-09-01,0.96
2009-08-31,0.99
2009-08-28,0.99
2009-08-27,0.99
2009-08-26,1.0
2009-08-25,1.01
2009-08-24,1.0
2009-08-21,1.01
2009-08-20,0.99
2009-08-19,0.96
2009-08-18,0.97
2009-08-17,0.94
2009-08-14,0.96
2009-08-13,0.99
2009-08-12,0.95
2009-08-11,0.96
2009-08-10,0.98
2009-08-07,0.95
2009-08-06,0.91
2009-08-05,0.86
2009-08-04,0.86
2009-08-03,0.83
2009-07-31,0.81
2009-07-30,0.82
2009-07-29,0.81
2009-07-28,0.81
2009-07-27,0.81
2009-07-24,0.81
2009-07-23,0.82
2009-07-22,0.81
2009-07-21,0.81
2009-07-20,0.82
2009-07-17,0.82
2009-07-16,0.82
2009-07-15,0.81
2009-07-14,0.82
2009-07-13,0.82
2009-07-10,0.81
2009-07-09,0.81
2009-07-08,0.8
2009-07-07,0.82
2009-07-06,0.81
2009-07-03,0.83
2009-07-02,0.84
2009-07-01,0.85
2009-06-30,0.82
2009-06-29,0.84
2009-06-26,0.8
2009-06-25,0.8
2009-06-24,0.82
2009-06-23,0.8
2009-06-22,0.88
2009-06-19,0.89
2009-06-18,0.88
2009-06-17,0.87
2009-06-16,0.93
2009-06-15,0.92
2009-06-12,0.96
2009-06-11,0.97
2009-06-10,0.97
2009-06-09,0.96
2009-06-08,0.98
2009-06-05,0.97
2009-06-04,0.92
2009-06-03,0.92
2009-06-02,0.91
2009-06-01,0.92
2009-05-29,0.87
2009-05-28,0.9
2009-05-27,0.91
2009-05-26,0.92
2009-05-25,0.92
2009-05-22,0.84
2009-05-21,0.86
2009-05-20,0.84
2009-05-19,0.76
2009-05-18,0.75
2009-05-15,0.75
2009-05-14,0.73
2009-05-13,0.72
2009-05-12,0.72
2009-05-11,0.76
2009-05-08,0.77
2009-05-07,0.76
2009-05-06,0.74
2009-05-05,0.74
2009-05-04,0.75
2009-05-01,0.73
2009-04-30,0.73
2009-04-29,0.74
2009-04-28,0.72
2009-04-27,0.73
2009-04-24,0.72
2009-04-23,0.71
2009-04-22,0.7
2009-04-21,0.69
2009-04-20,0.69
2009-04-17,0.72
2009-04-16,0.68
2009-04-15,0.67
2009-04-14,0.67
2009-04-13,0.66
2009-04-10,0.66
2009-04-09,0.66
2009-04-08,0.65
2009-04-07,0.64
2009-04-06,0.66
2009-04-03,0.65
2009-04-02,0.66
2009-04-01,0.64
2009-03-31,0.63
2009-03-30,0.63
2009-03-27,0.63
2009-03-26,0.64
2009-03-25,0.67
2009-03-24,0.67
2009-03-23,0.69
2009-03-20,0.64
2009-03-19,0.64
2009-03-18,0.64
2009-03-17,0.64
2009-03-16,0.64
2009-03-13,0.63
2009-03-12,0.63
2009-03-11,0.64
2009-03-10,0.65
2009-03-09,0.62
2009-03-06,0.62
2009-03-05,0.63
2009-03-04,0.63
2009-03-03,0.62
2009-03-02,0.63
2009-02-27,0.64
2009-02-26,0.67
2009-02-25,0.65
2009-02-24,0.64
2009-02-23,0.68
2009-02-20,0.72
2009-02-19,7.66
2009-02-18,0.81
2009-02-17,0.8
2009-02-16,0.81
2009-02-13,0.77
2009-02-12,0.78
2009-02-11,0.78
2009-02-10,0.77
2009-02-09,0.76
2009-02-06,0.75
2009-02-05,0.74
2009-02-04,0.75
2009-02-03,0.74
2009-02-02,0.73
2009-01-30,0.75
2009-01-29,0.75
2009-01-28,0.78
2009-01-27,0.74
2009-01-26,0.76
2009-01-23,0.75
2009-01-22,0.76
2009-01-21,0.76
2009-01-20,0.74
2009-01-19,0.77
2009-01-16,0.79
2009-01-15,0.78
2009-01-14,0.8
2009-01-13,0.85
2009-01-12,0.85
2009-01-09,0.76
2009-01-08,0.68
2009-01-07,0.67
2009-01-06,0.7
2009-01-05,0.64
2009-01-02,0.64
2009-01-01,0.64
2008-12-31,0.64
2008-12-30,0.64
2008-12-29,0.63
2008-12-26,0.63
2008-12-25,0.63
2008-12-24,0.63
2008-12-23,0.64
2008-12-22,0.66
2008-12-19,0.66
2008-12-18,0.66
2008-12-17,0.67
2008-12-16,0.66
2008-12-15,0.67
2008-12-12,0.67
2008-12-11,0.68
2008-12-10,0.68
2008-12-09,0.69
2008-12-08,0.69
2008-12-05,0.66
2008-12-04,0.7
2008-12-03,0.7
2008-12-02,0.65
2008-12-01,0.67
2008-11-28,0.68
2008-11-27,0.69
2008-11-26,0.66
2008-11-25,0.67
2008-11-24,0.69
2008-11-21,0.68
2008-11-20,0.68
2008-11-19,0.68
2008-11-18,0.72
2008-11-17,0.69
2008-11-14,0.72
2008-11-13,0.73
2008-11-12,0.75
2008-11-11,0.76
2008-11-10,0.78
2008-11-07,0.78
2008-11-06,0.77
2008-11-05,0.8
2008-11-04,0.81
2008-11-03,0.78
2008-10-31,0.8
2008-10-30,0.81
2008-10-29,0.8
2008-10-28,0.75
2008-10-27,0.75
2008-10-24,0.76
2008-10-23,0.8
2008-10-22,0.78
2008-10-21,0.84
2008-10-20,0.87
2008-10-17,0.84
2008-10-16,0.82
2008-10-15,0.88
2008-10-14,0.96
2008-10-13,0.92
2008-10-10,0.68
2008-10-09,0.71
2008-10-08,0.68
2008-10-07,0.76
2008-10-06,0.83
2008-10-03,0.92
2008-10-02,0.95
2008-10-01,0.98
2008-09-30,0.93
2008-09-29,0.97
2008-09-26,1.0
2008-09-25,1.05
2008-09-24,1.04
2008-09-23,1.05
2008-09-22,1.03
2008-09-19,1.03
2008-09-18,1.0
2008-09-17,1.06
2008-09-16,1.08
2008-09-15,1.11
2008-09-12,1.13
2008-09-11,1.15
2008-09-10,1.11
2008-09-09,1.12
2008-09-08,1.14
2008-09-05,1.11
2008-09-04,1.16
2008-09-03,1.18
2008-09-02,1.21
2008-09-01,1.21
2008-08-29,1.21
2008-08-28,1.22
2008-08-27,1.23
2008-08-26,1.19
2008-08-25,1.01
2008-08-22,1.05
2008-08-21,1.06
2008-08-20,1.11
2008-08-19,1.2
2008-08-18,1.24
2008-08-15,10.87
2008-08-14,10.78
2008-08-13,10.94
2008-08-12,10.71
2008-08-11,10.66
2008-08-08,10.78
2008-08-07,10.67
2008-08-06,10.67
2008-08-05,10.67
2008-08-04,10.6
2008-08-01,10.59
2008-07-31,10.7
2008-07-30,10.94
2008-07-29,10.83
2008-07-28,0.15
2008-07-25,0.16
2008-07-24,0.15
2008-07-23,0.16
2008-07-22,0.16
2008-07-21,0.16
2008-07-18,0.15
2008-07-17,0.15
2008-07-16,0.14
2008-07-15,0.14
2008-07-14,0.15
2008-07-11,0.15
2008-07-10,0.16
2008-07-09,0.15
2008-07-08,0.14
2008-07-07,0.13
2008-07-04,0.12
2008-07-03,0.13
2008-07-02,0.13
2008-07-01,0.12
2008-06-30,0.14
2008-06-27,0.14
2008-06-26,0.14
2008-06-25,0.15
2008-06-24,0.15
2008-06-23,0.15
2008-06-20,0.16
2008-06-19,0.16
2008-06-18,0.16
2008-06-17,0.17
2008-06-16,0.16
2008-06-13,0.17
2008-06-12,0.17
2008-06-11,0.17
2008-06-10,0.17
2008-06-09,0.18
2008-06-06,0.17
2008-06-05,0.16
2008-06-04,0.17
2008-06-03,0.17
2008-06-02,0.18
2008-05-30,0.18
2008-05-29,0.18
2008-05-28,0.17
2008-05-27,0.17
2008-05-26,0.18
2008-05-23,0.18
2008-05-22,0.18
2008-05-21,0.18
2008-05-20,0.18
2008-05-19,0.18
2008-05-16,0.18
2008-05-15,0.18
2008-05-14,0.18
2008-05-13,0.18
2008-05-12,0.18
2008-05-09,0.18
2008-05-08,0.18
2008-05-07,0.18
2008-05-06,0.18
2008-05-05,0.18
2008-05-02,0.19
2008-05-01,11.48
2008-04-30,0.19
2008-04-29,0.18
2008-04-28,0.18
2008-04-25,0.19
2008-04-24,0.18
2008-04-23,0.19
2008-04-22,0.2
2008-04-21,0.2
2008-04-18,0.19
2008-04-17,0.19
2008-04-16,0.2
2008-04-15,0.19
2008-04-14,0.18
2008-04-11,0.19
2008-04-10,0.19
2008-04-09,0.19
2008-04-08,0.19
2008-04-07,0.19
2008-04-04,0.19
2008-04-03,0.2
2008-04-02,0.19
2008-04-01,0.19
2008-03-31,0.17
2008-03-28,0.18
2008-03-27,0.17
2008-03-26,0.18
2008-03-25,0.18
2008-03-24,0.18
2008-03-21,0.18
2008-03-20,0.18
2008-03-19,0.17
2008-03-18,0.17
2008-03-17,0.17
2008-03-14,0.18
2008-03-13,0.17
2008-03-12,0.18
2008-03-11,0.18
2008-03-10,0.18
2008-03-07,0.18
2008-03-06,0.19
2008-03-05,0.17
2008-03-04,0.18
2008-03-03,0.18
2008-02-29,0.18
2008-02-28,0.18
2008-02-27,0.18
2008-02-26,0.18
2008-02-25,0.21
2008-02-22,0.22
2008-02-21,0.2
2008-02-20,0.17
2008-02-19,0.16
2008-02-18,0.16
2008-02-15,0.16
2008-02-14,0.15
2008-02-13,0.15
2008-02-12,0.16
2008-02-11,0.14
2008-02-08,0.15
2008-02-07,0.15
2008-02-06,0.14
2008-02-05,0.15
2008-02-04,0.15
2008-02-01,0.16
2008-01-31,0.15
2008-01-30,0.17
2008-01-29,0.15
2008-01-28,0.15
2008-01-25,0.13
2008-01-24,0.12
2008-01-23,0.11
2008-01-22,0.12
2008-01-21,0.12
2008-01-18,0.12
2008-01-17,0.12
2008-01-16,0.11
2008-01-15,0.13
2008-01-14,0.13
2008-01-11,0.12
2008-01-10,0.14
2008-01-09,0.13
2008-01-08,0.14
2008-01-07,0.14
2008-01-04,0.14
2008-01-03,0.15
2008-01-02,0.16
2008-01-01,0.15
2007-12-31,0.15
2007-12-28,0.16
2007-12-27,0.15
2007-12-26,0.16
2007-12-25,0.16
2007-12-24,0.16
2007-12-21,0.16
2007-12-20,0.17
2007-12-19,0.17
2007-12-18,0.17
2007-12-17,0.17
2007-12-14,0.18
2007-12-13,0.18
2007-12-12,0.17
2007-12-11,0.17
2007-12-10,0.17
2007-12-07,0.17
2007-12-06,0.17
2007-12-05,0.18
2007-12-04,0.17
2007-12-03,0.18
2007-11-30,0.18
2007-11-29,0.17
2007-11-28,0.18
2007-11-27,0.17
2007-11-26,0.18
2007-11-23,0.18
2007-11-22,0.17
2007-11-21,0.18
2007-11-20,0.18
2007-11-19,0.18
2007-11-16,0.19
2007-11-15,0.18
2007-11-14,0.18
2007-11-13,0.18
2007-11-12,0.19
2007-11-09,0.19
2007-11-08,0.19
2007-11-07,0.18
2007-11-06,0.19
2007-11-05,0.18
2007-11-02,0.19
2007-11-01,0.19
2007-10-31,0.19
2007-10-30,0.19
2007-10-29,0.19
2007-10-26,0.19
2007-10-25,0.19
2007-10-24,0.19
2007-10-23,0.2
2007-10-22,0.19
2007-10-19,0.2
2007-10-18,0.19
2007-10-17,0.19
2007-10-16,0.2
2007-10-15,0.19
2007-10-12,0.19
2007-10-11,0.19
2007-10-10,0.2
2007-10-09,0.19
2007-10-08,0.2
2007-10-05,0.19
2007-10-04,0.19
2007-10-03,0.18
2007-10-02,0.18
2007-10-01,0.18
2007-09-28,0.19
2007-09-27,0.19
2007-09-26,0.19
2007-09-25,0.19
2007-09-24,0.19
2007-09-21,0.2
2007-09-20,0.19
2007-09-19,0.19
2007-09-18,0.2
2007-09-17,0.2
2007-09-14,0.2
2007-09-13,0.2
2007-09-12,0.2
2007-09-11,0.2
2007-09-10,0.2
2007-09-07,0.2
2007-09-06,0.2
2007-09-05,0.19
2007-09-04,0.19
2007-09-03,0.2
2007-08-31,0.2
2007-08-30,0.19
2007-08-29,0.19
2007-08-28,0.2
2007-08-27,0.2
2007-08-24,0.2
2007-08-23,0.2
2007-08-22,0.2
2007-08-21,0.2
2007-08-20,0.2
2007-08-17,0.2
2007-08-16,0.19
2007-08-15,0.21
2007-08-14,0.21
2007-08-13,0.21
2007-08-10,0.21
2007-08-09,0.22
2007-08-08,0.22
2007-08-07,0.22
2007-08-06,0.21
2007-08-03,0.22
2007-08-02,0.21
2007-08-01,0.21
2007-07-31,0.22
2007-07-30,0.22
2007-07-27,0.22
2007-07-26,0.22
2007-07-25,0.22
2007-07-24,0.23
2007-07-23,0.23
2007-07-20,0.23
2007-07-19,0.23
2007-07-18,0.22
2007-07-17,0.23
2007-07-16,0.23
2007-07-13,0.23
2007-07-12,0.22
2007-07-11,0.22
2007-07-10,0.22
2007-07-09,0.22
2007-07-06,0.22
2007-07-05,0.22
2007-07-04,0.22
2007-07-03,0.22
2007-07-02,0.22
2007-06-29,0.22
2007-06-28,0.22
2007-06-27,0.22
2007-06-26,0.22
2007-06-25,0.22
2007-06-22,0.22
2007-06-21,0.22
2007-06-20,0.23
2007-06-19,0.22
2007-06-18,0.23
2007-06-15,0.23
2007-06-14,0.23
2007-06-13,0.23
2007-06-12,0.23
2007-06-11,0.23
2007-06-08,0.23
2007-06-07,0.23
2007-06-06,0.23
2007-06-05,0.23
2007-06-04,0.23
2007-06-01,0.24
2007-05-31,0.24
2007-05-30,0.24
2007-05-29,0.24
2007-05-28,0.24
2007-05-25,0.23
2007-05-24,0.24
2007-05-23,0.24
2007-05-22,0.24
2007-05-21,0.23
2007-05-18,0.24
2007-05-17,0.24
2007-05-16,0.24
2007-05-15,0.24
2007-05-14,0.24
2007-05-11,0.24
2007-05-10,0.24
2007-05-09,0.24
2007-05-08,0.24
2007-05-07,0.23
2007-05-04,0.23
2007-05-03,0.24
2007-05-02,0.24
2007-05-01,0.24
2007-04-30,0.24
2007-04-27,0.23
2007-04-26,0.24
2007-04-25,0.24
2007-04-24,0.23
2007-04-23,0.24
2007-04-20,0.24
2007-04-19,0.24
2007-04-18,0.24
2007-04-17,0.24
2007-04-16,0.25
2007-04-13,0.24
2007-04-12,0.24
2007-04-11,0.24
2007-04-10,0.23
2007-04-09,0.24
2007-04-06,0.24
2007-04-05,0.24
2007-04-04,0.24
2007-04-03,0.24
2007-04-02,0.23
2007-03-30,0.23
2007-03-29,0.24
2007-03-28,0.24
2007-03-27,0.23
2007-03-26,0.24
2007-03-23,0.24
2007-03-22,0.24
2007-03-21,0.24
2007-03-20,0.23
2007-03-19,0.24
2007-03-16,0.23
2007-03-15,0.24
2007-03-14,0.24
2007-03-13,0.24
2007-03-12,0.24
2007-03-09,0.24
2007-03-08,0.24
2007-03-07,0.24
2007-03-06,0.23
2007-03-05,0.24
2007-03-02,0.24
2007-03-01,0.23
2007-02-28,0.24
2007-02-27,0.24
2007-02-26,0.25
2007-02-23,0.25
2007-02-22,0.24
2007-02-21,0.24
2007-02-20,0.24
2007-02-19,0.25
2007-02-16,0.25
2007-02-15,0.26
2007-02-14,0.26
2007-02-13,0.26
2007-02-12,0.25
2007-02-09,0.25
2007-02-08,0.25
2007-02-07,0.26
2007-02-06,0.26
2007-02-05,0.24
2007-02-02,0.24
2007-02-01,0.25
2007-01-31,0.24
2007-01-30,0.24
2007-01-29,0.24
2007-01-26,0.23
2007-01-25,0.23
2007-01-24,0.23
2007-01-23,0.23
2007-01-22,0.23
2007-01-19,0.24
2007-01-18,0.24
2007-01-17,0.23
2007-01-16,0.23
2007-01-15,0.23
2007-01-12,0.23
2007-01-11,0.23
2007-01-10,0.24
2007-01-09,0.23
2007-01-08,0.24
2007-01-05,0.24
2007-01-04,0.23
2007-01-03,0.23
2007-01-02,0.24
2007-01-01,0.23
2006-12-29,0.23
2006-12-28,0.23
2006-12-27,0.23
2006-12-26,0.23
2006-12-25,0.23
2006-12-22,0.23
2006-12-21,0.22
2006-12-20,0.22
2006-12-19,0.23
2006-12-18,0.22
2006-12-15,0.22
2006-12-14,0.23
2006-12-13,0.23
2006-12-12,0.23
2006-12-11,0.23
2006-12-08,0.22
2006-12-07,0.23
2006-12-06,0.22
2006-12-05,0.23
2006-12-04,0.23
2006-12-01,0.24
2006-11-30,0.24
2006-11-29,0.23
2006-11-28,0.23
2006-11-27,0.23
2006-11-24,0.24
2006-11-23,0.24
2006-11-22,0.24
2006-11-21,0.24
2006-11-20,0.24
2006-11-17,0.24
2006-11-16,0.24
2006-11-15,0.24
2006-11-14,0.24
2006-11-13,0.24
2006-11-10,0.24
2006-11-09,0.24
2006-11-08,0.24
2006-11-07,0.24
2006-11-06,0.25
2006-11-03,0.25
2006-11-02,0.25
2006-11-01,0.25
2006-10-31,0.25
2006-10-30,0.25
2006-10-27,0.25
2006-10-26,0.24
2006-10-25,0.25
2006-10-24,0.25
2006-10-23,0.25
2006-10-20,0.25
2006-10-19,0.26
2006-10-18,0.25
2006-10-17,0.26
2006-10-16,0.25
2006-10-13,0.25
2006-10-12,0.25
2006-10-11,0.26
2006-10-10,0.26
2006-10-09,0.26
2006-10-06,0.25
2006-10-05,0.25
2006-10-04,0.26
2006-10-03,0.26
2006-10-02,0.26
2006-09-29,0.26
2006-09-28,0.26
2006-09-27,0.26
2006-09-26,0.26
2006-09-25,0.26
2006-09-22,0.26
2006-09-21,0.26
2006-09-20,0.25
2006-09-19,0.26
2006-09-18,0.26
2006-09-15,0.26
2006-09-14,0.26
2006-09-13,0.26
2006-09-12,0.25
2006-09-11,0.26
2006-09-08,0.25
2006-09-07,0.26
2006-09-06,0.25
2006-09-05,0.25
2006-09-04,0.26
2006-09-01,0.25
2006-08-31,0.25
2006-08-30,0.24
2006-08-29,0.25
2006-08-28,0.24
2006-08-25,0.25
2006-08-24,0.24
2006-08-23,0.25
2006-08-22,0.25
2006-08-21,0.25
2006-08-18,0.25
2006-08-17,0.23
2006-08-16,0.24
2006-08-15,0.23
2006-08-14,0.23
2006-08-11,0.23
2006-08-10,0.23
2006-08-09,0.23
2006-08-08,0.23
2006-08-07,0.23
2006-08-04,0.23
2006-08-03,0.23
2006-08-02,0.24
2006-08-01,0.23
2006-07-31,0.24
2006-07-28,0.23
2006-07-27,0.23
2006-07-26,0.23
2006-07-25,0.23
2006-07-24,0.23
2006-07-21,0.23
2006-07-20,0.23
2006-07-19,0.24
2006-07-18,0.23
2006-07-17,0.22
2006-07-14,0.22
2006-07-13,0.23
2006-07-12,0.25
2006-07-11,0.24
2006-07-10,0.23
2006-07-07,0.22
2006-07-06,0.23
2006-07-05,0.23
2006-07-04,0.24
2006-07-03,0.21
2006-06-30,0.21
2006-06-29,0.22
2006-06-28,0.21
2006-06-27,0.22
2006-06-26,0.22
2006-06-23,0.22
2006-06-22,0.23
2006-06-21,0.22
2006-06-20,0.23
2006-06-19,0.22
2006-06-16,0.23
2006-06-15,0.23
2006-06-14,0.23
2006-06-13,0.24
2006-06-12,0.24
2006-06-09,0.25
2006-06-08,0.25
2006-06-07,0.25
2006-06-06,0.24
2006-06-05,0.25
2006-06-02,0.24
2006-06-01,0.25
2006-05-31,0.25
2006-05-30,0.25
2006-05-29,0.26
2006-05-26,0.26
2006-05-25,0.24
2006-05-24,0.24
2006-05-23,0.24
2006-05-22,0.25
2006-05-19,0.25
2006-05-18,0.25
2006-05-17,0.25
2006-05-16,0.26
2006-05-15,0.25
2006-05-12,0.26
2006-05-11,0.28
2006-05-10,0.28
2006-05-09,0.28
2006-05-08,0.28
2006-05-05,0.27
2006-05-04,0.28
2006-05-03,0.27
2006-05-02,0.28
2006-05-01,7.16
2006-04-28,0.27
2006-04-27,0.27
2006-04-26,0.28
2006-04-25,0.28
2006-04-24,0.27
2006-04-21,0.27
2006-04-20,0.28
2006-04-19,0.27
2006-04-18,0.28
2006-04-17,0.28
2006-04-14,0.28
2006-04-13,0.28
2006-04-12,0.28
2006-04-11,0.28
2006-04-10,0.28
2006-04-07,0.29
2006-04-06,0.28
2006-04-05,0.29
2006-04-04,0.28
2006-04-03,0.28
2006-03-31,0.28
2006-03-30,0.28
2006-03-29,0.29
2006-03-28,0.28
2006-03-27,0.29
2006-03-24,0.28
2006-03-23,0.29
2006-03-22,0.29
2006-03-21,0.28
2006-03-20,0.29
2006-03-17,0.28
2006-03-16,0.28
2006-03-15,0.29
2006-03-14,0.29
2006-03-13,0.28
2006-03-10,0.28
2006-03-09,0.28
2006-03-08,0.28
2006-03-07,0.28
2006-03-06,0.28
2006-03-03,0.28
2006-03-02,0.29
2006-03-01,0.29
2006-02-28,0.28
2006-02-27,0.28
2006-02-24,0.28
2006-02-23,0.28
2006-02-22,0.28
2006-02-21,0.28
2006-02-20,0.29
2006-02-17,0.29
2006-02-16,0.3
2006-02-15,0.29
2006-02-14,0.29
2006-02-13,0.29
2006-02-10,0.29
2006-02-09,0.3
2006-02-08,0.29
2006-02-07,0.28
2006-02-06,0.29
2006-02-03,0.29
2006-02-02,0.29
2006-02-01,0.29
2006-01-31,0.29
2006-01-30,0.29
2006-01-27,0.29
2006-01-26,0.28
2006-01-25,0.29
2006-01-24,0.29
2006-01-23,0.29
2006-01-20,0.29
2006-01-19,0.28
2006-01-18,0.29
2006-01-17,0.29
2006-01-16,0.29
2006-01-13,0.3
2006-01-12,0.29
2006-01-11,0.3
2006-01-10,0.3
2006-01-09,0.31
2006-01-06,0.3
2006-01-05,0.29
2006-01-04,0.29
2006-01-03,0.28
2006-01-02,0.29
2005-12-30,0.29
2005-12-29,0.3
2005-12-28,0.29
2005-12-27,0.29
2005-12-26,0.29
2005-12-23,0.29
2005-12-22,0.29
2005-12-21,0.29
2005-12-20,0.29
2005-12-19,0.29
2005-12-16,0.29
2005-12-15,0.3
2005-12-14,0.3
2005-12-13,0.29
2005-12-12,0.29
2005-12-09,0.29
2005-12-08,0.3
2005-12-07,0.3
2005-12-06,0.29
2005-12-05,0.29
2005-12-02,0.29
2005-12-01,0.28
2005-11-30,0.28
2005-11-29,0.29
2005-11-28,0.29
2005-11-25,0.29
2005-11-24,0.29
2005-11-23,0.29
2005-11-22,0.28
2005-11-21,0.29
2005-11-18,0.3
2005-11-17,0.3
2005-11-16,0.3
2005-11-15,0.29
2005-11-14,0.3
2005-11-11,0.29
2005-11-10,0.28
2005-11-09,0.29
2005-11-08,0.29
2005-11-07,0.29
2005-11-04,0.29
2005-11-03,0.29
2005-11-02,0.29
2005-11-01,0.28
2005-10-31,0.29
2005-10-28,0.28
2005-10-27,0.28
2005-10-26,0.29
2005-10-25,0.29
2005-10-24,0.29
2005-10-21,0.29
2005-10-20,0.3
2005-10-19,0.29
2005-10-18,0.29
2005-10-17,0.3
2005-10-14,0.29
2005-10-13,0.29
2005-10-12,0.29
2005-10-11,0.3
2005-10-10,0.3
2005-10-07,0.3
2005-10-06,0.31
2005-10-05,0.29
2005-10-04,0.3
2005-10-03,0.3
2005-09-30,0.3
2005-09-29,0.31
2005-09-28,0.3
2005-09-27,0.3
2005-09-26,0.31
2005-09-23,0.34
2005-09-22,0.33
2005-09-21,0.33
2005-09-20,0.33
2005-09-19,0.33
2005-09-16,0.32
2005-09-15,0.32
2005-09-14,0.33
2005-09-13,0.32
2005-09-12,0.32
2005-09-09,0.32
2005-09-08,0.32
2005-09-07,0.32
2005-09-06,0.32
2005-09-05,0.32
2005-09-02,0.3
2005-09-01,0.32
2005-08-31,0.31
2005-08-30,0.27
2005-08-29,0.28
2005-08-26,0.27
2005-08-25,0.27
2005-08-24,0.27
2005-08-23,0.28
2005-08-22,0.28
2005-08-19,0.28
2005-08-18,0.28
2005-08-17,0.27
2005-08-16,0.28
2005-08-15,0.28
2005-08-12,0.29
2005-08-11,0.28
2005-08-10,0.29
2005-08-09,0.29
2005-08-08,0.29
2005-08-05,0.28
2005-08-04,0.28
2005-08-03,0.28
2005-08-02,0.29
2005-08-01,0.27
2005-07-29,0.26
2005-07-28,0.26
2005-07-27,0.26
2005-07-26,0.25
2005-07-25,0.26
2005-07-22,0.25
2005-07-21,0.26
2005-07-20,0.25
2005-07-19,0.25
2005-07-18,0.25
2005-07-15,0.25
2005-07-14,0.25
2005-07-13,0.25
2005-07-12,0.26
2005-07-11,0.26
2005-07-08,0.25
2005-07-07,0.26
2005-07-06,0.27
2005-07-05,0.27
2005-07-04,0.28
2005-07-01,0.29
2005-06-30,0.29
2005-06-29,0.29
2005-06-28,0.28
2005-06-27,0.28
2005-06-24,0.29
2005-06-23,0.29
2005-06-22,0.29
2005-06-21,0.29
2005-06-20,0.28
2005-06-17,0.3
2005-06-16,0.3
2005-06-15,0.3
2005-06-14,0.3
2005-06-13,0.3
2005-06-10,0.3
2005-06-09,0.3
2005-06-08,0.28
2005-06-07,0.3
2005-06-06,0.31
2005-06-03,0.32
2005-06-02,0.32
2005-06-01,0.33
2005-05-31,0.34
2005-05-30,0.33
2005-05-27,0.34
2005-05-26,0.33
2005-05-25,0.33
2005-05-24,0.34
2005-05-23,0.34
2005-05-20,0.34
2005-05-19,0.34
2005-05-18,0.34
2005-05-17,0.33
2005-05-16,0.34
2005-05-13,0.34
2005-05-12,0.35
2005-05-11,0.34
2005-05-10,0.35
2005-05-09,0.36
2005-05-06,0.36
2005-05-05,0.36
2005-05-04,0.35
2005-05-03,0.35
2005-05-02,0.36
2005-04-29,0.36
2005-04-28,0.36
2005-04-27,0.36
2005-04-26,0.37
2005-04-25,0.36
2005-04-22,0.36
2005-04-21,0.36
2005-04-20,0.37
2005-04-19,0.36
2005-04-18,0.37
2005-04-15,0.37
2005-04-14,0.37
2005-04-13,0.38
2005-04-12,0.36
2005-04-11,0.37
2005-04-08,0.37
2005-04-07,0.37
2005-04-06,0.36
2005-04-05,0.37
2005-04-04,0.38
2005-04-01,0.37
2005-03-31,0.37
2005-03-30,0.37
2005-03-29,0.37
2005-03-28,0.36
2005-03-25,0.36
2005-03-24,0.36
2005-03-23,0.36
2005-03-22,0.36
2005-03-21,0.36
2005-03-18,0.37
2005-03-17,0.37
2005-03-16,0.36
2005-03-15,0.37
2005-03-14,0.37
2005-03-11,0.38
2005-03-10,0.38
2005-03-09,0.39
2005-03-08,0.39
2005-03-07,0.39
2005-03-04,0.38
2005-03-03,0.39
2005-03-02,0.39
2005-03-01,0.4
2005-02-28,0.4
2005-02-25,0.39
2005-02-24,0.39
2005-02-23,0.39
2005-02-22,0.4
2005-02-21,0.4
2005-02-18,0.4
2005-02-17,0.4
2005-02-16,0.4
2005-02-15,0.4
2005-02-14,0.4
2005-02-11,0.39
2005-02-10,0.4
2005-02-09,0.41
2005-02-08,0.42
2005-02-07,0.41
2005-02-04,0.42
2005-02-03,0.38
2005-02-02,0.38
2005-02-01,0.37
2005-01-31,0.37
2005-01-28,0.38
2005-01-27,0.37
2005-01-26,0.37
2005-01-25,0.36
2005-01-24,0.37
2005-01-21,0.37
2005-01-20,0.37
2005-01-19,0.36
2005-01-18,0.37
2005-01-17,0.36
2005-01-14,0.37
2005-01-13,0.36
2005-01-12,0.37
2005-01-11,0.37
2005-01-10,0.37
2005-01-07,0.37
2005-01-06,0.37
2005-01-05,0.37
2005-01-04,0.37
2005-01-03,0.37
2004-12-31,0.37
2004-12-30,0.38
2004-12-29,0.37
2004-12-28,0.37
2004-12-27,0.37
2004-12-24,0.38
2004-12-23,0.38
2004-12-22,0.38
2004-12-21,0.38
2004-12-20,0.38
2004-12-17,0.38
2004-12-16,0.38
2004-12-15,0.38
2004-12-14,0.37
2004-12-13,0.37
2004-12-10,0.37
2004-12-09,0.37
2004-12-08,0.37
2004-12-07,0.36
2004-12-06,0.37
2004-12-03,0.37
2004-12-02,0.37
2004-12-01,0.37
2004-11-30,0.37
2004-11-29,0.37
2004-11-26,0.37
2004-11-25,0.37
2004-11-24,0.37
2004-11-23,0.37
2004-11-22,0.38
2004-11-19,0.37
2004-11-18,0.38
2004-11-17,0.37
2004-11-16,0.37
2004-11-15,0.38
2004-11-12,0.37
2004-11-11,0.38
2004-11-10,0.37
2004-11-09,0.38
2004-11-08,0.38
2004-11-05,0.38
2004-11-04,0.39
2004-11-03,0.38
2004-11-02,0.37
2004-11-01,0.38
2004-10-29,0.38
2004-10-28,0.38
2004-10-27,0.38
2004-10-26,0.36
2004-10-25,0.36
2004-10-22,0.37
2004-10-21,0.38
2004-10-20,0.38
2004-10-19,0.37
2004-10-18,0.37
2004-10-15,0.37
2004-10-14,0.37
2004-10-13,0.37
2004-10-12,0.37
2004-10-11,0.38
2004-10-08,0.38
2004-10-07,0.38
2004-10-06,0.38
2004-10-05,0.39
2004-10-04,0.38
2004-10-01,0.37
2004-09-30,0.37
2004-09-29,0.38
2004-09-28,0.37
2004-09-27,0.37
2004-09-24,0.37
2004-09-23,0.37
2004-09-22,0.38
2004-09-21,0.39
2004-09-20,0.4
2004-09-17,0.39
2004-09-16,0.39
2004-09-15,0.38
2004-09-14,0.37
2004-09-13,0.37
2004-09-10,0.36
2004-09-09,0.36
2004-09-08,0.36
2004-09-07,0.36
2004-09-06,0.36
2004-09-03,0.35
2004-09-02,0.35
2004-09-01,0.34
2004-08-31,0.34
2004-08-30,0.34
2004-08-27,0.35
2004-08-26,0.35
2004-08-25,0.34
2004-08-24,0.35
2004-08-23,0.34
2004-08-20,0.31
2004-08-19,0.31
2004-08-18,0.32
2004-08-17,0.31
2004-08-16,0.31
2004-08-13,0.31
2004-08-12,0.32
2004-08-11,0.32
2004-08-10,0.32
2004-08-09,0.32
2004-08-06,0.33
2004-08-05,0.33
2004-08-04,0.33
2004-08-03,0.34
2004-08-02,0.35
2004-07-30,0.35
2004-07-29,0.35
2004-07-28,0.35
2004-07-27,0.35
2004-07-26,0.34
2004-07-23,0.35
2004-07-22,0.35
2004-07-21,0.35
2004-07-20,0.36
2004-07-19,0.35
2004-07-16,0.36
2004-07-15,0.36
2004-07-14,0.37
2004-07-13,0.36
2004-07-12,0.36
2004-07-09,0.36
2004-07-08,0.35
2004-07-07,0.36
2004-07-06,0.36
2004-07-05,0.36
2004-07-02,0.37
2004-07-01,0.37
2004-06-30,0.38
2004-06-29,0.39
2004-06-28,0.38
2004-06-25,0.38
2004-06-24,0.37
2004-06-23,0.38
2004-06-22,0.38
2004-06-21,0.38
2004-06-18,0.37
2004-06-17,0.37
2004-06-16,0.36
2004-06-15,0.37
2004-06-14,0.36
2004-06-11,0.36
2004-06-10,0.38
2004-06-09,0.37
2004-06-08,0.37
2004-06-07,0.37
2004-06-04,0.37
2004-06-03,0.38
2004-06-02,0.38
2004-06-01,0.36
2004-05-31,0.36
2004-05-28,0.36
2004-05-27,0.36
2004-05-26,0.36
2004-05-25,0.37
2004-05-24,0.37
2004-05-21,0.38
2004-05-20,0.39
2004-05-19,0.39
2004-05-18,0.38
2004-05-17,0.38
2004-05-14,0.4
2004-05-13,0.4
2004-05-12,0.41
2004-05-11,0.4
2004-05-10,0.39
2004-05-07,0.4
2004-05-06,0.41
2004-05-05,0.43
2004-05-04,0.44
2004-05-03,0.39
2004-04-30,0.36
2004-04-29,0.36
2004-04-28,0.36
2004-04-27,0.37
2004-04-26,0.36
2004-04-23,0.39
2004-04-22,0.38
2004-04-21,0.4
2004-04-20,0.41
2004-04-19,0.41
2004-04-16,0.41
2004-04-15,0.41
2004-04-14,0.41
2004-04-13,0.42
2004-04-12,0.42
2004-04-09,0.42
2004-04-08,0.42
2004-04-07,0.42
2004-04-06,0.42
2004-04-05,0.42
2004-04-02,0.42
2004-04-01,0.43
2004-03-31,0.43
2004-03-30,0.42
2004-03-29,0.43
2004-03-26,0.45
2004-03-25,0.45
2004-03-24,0.43
2004-03-23,0.42
2004-03-22,0.38
2004-03-19,0.48
2004-03-18,0.53
2004-03-17,0.54
2004-03-16,0.54
2004-03-15,0.54
2004-03-12,0.53
2004-03-11,0.48
2004-03-10,0.53
2004-03-09,0.57
2004-03-08,0.52
2004-03-05,0.45
2004-03-04,0.42
2004-03-03,0.4
2004-03-02,0.39
2004-03-01,0.39
2004-02-27,0.38
2004-02-26,0.39
2004-02-25,0.38
2004-02-24,0.36
2004-02-23,0.36
2004-02-20,0.36
2004-02-19,0.36
2004-02-18,0.38
2004-02-17,0.36
2004-02-16,0.33
2004-02-13,0.32
2004-02-12,0.32
2004-02-11,0.32
2004-02-10,0.3
2004-02-09,0.29
2004-02-06,0.3
2004-02-05,0.3
2004-02-04,0.29
2004-02-03,0.3
2004-02-02,0.3
2004-01-30,0.3
2004-01-29,0.3
2004-01-28,0.3
2004-01-27,0.29
2004-01-26,0.3
2004-01-23,0.3
2004-01-22,0.3
2004-01-21,0.31
2004-01-20,0.3
2004-01-19,0.31
2004-01-16,0.3
2004-01-15,0.31
2004-01-14,0.3
2004-01-13,0.28
2004-01-12,0.28
2004-01-09,0.27
2004-01-08,0.27
2004-01-07,0.28
2004-01-06,0.27
2004-01-05,0.27
2004-01-02,0.28
2004-01-01,0.26
2003-12-31,0.26
2003-12-30,0.26
2003-12-29,0.27
2003-12-26,0.28
2003-12-25,0.28
2003-12-24,0.28
2003-12-23,0.27
2003-12-22,0.28
2003-12-19,0.28
2003-12-18,0.28
2003-12-17,0.27
2003-12-16,0.27
2003-12-15,0.27
2003-12-12,0.28
2003-12-11,0.28
2003-12-10,0.28
2003-12-09,0.28
2003-12-08,0.27
2003-12-05,0.28
2003-12-04,0.28
2003-12-03,0.28
2003-12-02,0.27
2003-12-01,0.28
2003-11-28,0.29
2003-11-27,0.29
2003-11-26,0.26
2003-11-25,0.27
2003-11-24,0.28
2003-11-21,0.28
2003-11-20,0.28
2003-11-19,0.29
2003-11-18,0.3
2003-11-17,0.28
2003-11-14,0.27
2003-11-13,0.25
2003-11-12,0.24
2003-11-11,0.23
2003-11-10,0.23
2003-11-07,0.23
2003-11-06,0.24
2003-11-05,0.23
2003-11-04,0.23
2003-11-03,0.23
2003-10-31,0.23
2003-10-30,0.23
2003-10-29,0.22
2003-10-28,0.22
2003-10-27,0.22
2003-10-24,0.22
2003-10-23,0.23
2003-10-22,0.23
2003-10-21,0.23
2003-10-20,0.23
2003-10-17,0.23
2003-10-16,0.23
2003-10-15,0.23
2003-10-14,0.23
2003-10-13,0.22
2003-10-10,0.22
2003-10-09,0.22
2003-10-08,0.21
2003-10-07,0.22
2003-10-06,0.23
2003-10-03,0.23
2003-10-02,0.21
2003-10-01,0.21
2003-09-30,0.19
2003-09-29,0.19
2003-09-26,0.2
2003-09-25,0.19
2003-09-24,0.2
2003-09-23,0.2
2003-09-22,0.2
2003-09-19,0.2
2003-09-18,0.2
2003-09-17,0.2
2003-09-16,0.2
2003-09-15,0.2
2003-09-12,0.2
2003-09-11,0.19
2003-09-10,0.2
2003-09-09,0.19
2003-09-08,0.19
2003-09-05,0.2
2003-09-04,0.19
2003-09-03,0.2
2003-09-02,0.2
2003-09-01,0.2
2003-08-29,0.2
2003-08-28,0.2
2003-08-27,0.2
2003-08-26,0.2
2003-08-25,0.19
2003-08-22,0.2
2003-08-21,0.19
2003-08-20,0.19
2003-08-19,0.19
2003-08-18,0.2
2003-08-15,0.2
2003-08-14,0.19
2003-08-13,0.2
2003-08-12,0.2
2003-08-11,0.19
2003-08-08,0.19
2003-08-07,0.19
2003-08-06,0.19
2003-08-05,0.19
2003-08-04,0.19
2003-08-01,0.2
2003-07-31,0.19
2003-07-30,0.2
2003-07-29,0.19
2003-07-28,0.2
2003-07-25,0.19
2003-07-24,0.19
2003-07-23,0.2
2003-07-22,0.19
2003-07-21,0.19
2003-07-18,0.19
2003-07-17,0.2
2003-07-16,0.2
2003-07-15,0.2
2003-07-14,0.2
2003-07-11,0.2
2003-07-10,0.2
2003-07-09,0.21
2003-07-08,0.21
2003-07-07,0.2
2003-07-04,0.2
2003-07-03,0.2
2003-07-02,0.19
2003-07-01,0.2
2003-06-30,0.19
2003-06-27,0.2
2003-06-26,0.19
2003-06-25,0.2
2003-06-24,0.19
2003-06-23,0.2
2003-06-20,0.2
2003-06-19,0.19
2003-06-18,0.2
2003-06-17,0.2
2003-06-16,0.2
2003-06-13,0.2
2003-06-12,0.2
2003-06-11,0.21
2003-06-10,0.2
2003-06-09,0.2
2003-06-06,0.21
2003-06-05,0.21
2003-06-04,0.22
2003-06-03,0.22
2003-06-02,0.17
2003-05-30,0.18
2003-05-29,0.17
2003-05-28,0.18
2003-05-27,0.17
2003-05-26,0.17
2003-05-23,0.17
2003-05-22,0.18
2003-05-21,0.18
2003-05-20,0.17
2003-05-19,0.17
2003-05-16,0.17
2003-05-15,0.17
2003-05-14,0.18
2003-05-13,0.18
2003-05-12,0.17
2003-05-09,0.18
2003-05-08,0.17
2003-05-07,0.18
2003-05-06,0.18
2003-05-05,0.18
2003-05-02,0.18
2003-05-01,0.17
2003-04-30,0.17
2003-04-29,0.18
2003-04-28,0.18
2003-04-25,0.18
2003-04-24,0.17
2003-04-23,0.18
2003-04-22,0.18
2003-04-21,0.18
2003-04-18,0.18
2003-04-17,0.18
2003-04-16,0.19
2003-04-15,0.18
2003-04-14,0.18
2003-04-11,0.18
2003-04-10,0.18
2003-04-09,0.18
2003-04-08,0.18
2003-04-07,0.18
2003-04-04,0.18
2003-04-03,0.18
2003-04-02,0.17
2003-04-01,0.17
2003-03-31,0.17
2003-03-28,0.18
2003-03-27,0.17
2003-03-26,0.18
2003-03-25,0.17
2003-03-24,0.18
2003-03-21,0.18
2003-03-20,0.17
2003-03-19,0.17
2003-03-18,0.17
2003-03-17,0.17
2003-03-14,0.18
2003-03-13,0.18
2003-03-12,0.17
2003-03-11,0.17
2003-03-10,0.17
2003-03-07,0.18
2003-03-06,0.18
2003-03-05,0.18
2003-03-04,0.18
2003-03-03,0.18
2003-02-28,0.18
2003-02-27,0.18
2003-02-26,0.18
2003-02-25,0.18
2003-02-24,0.19
2003-02-21,0.19
2003-02-20,0.19
2003-02-19,0.19
2003-02-18,0.19
2003-02-17,0.19
2003-02-14,0.18
2003-02-13,0.19
2003-02-12,0.19
2003-02-11,0.19
2003-02-10,0.19
2003-02-07,0.19
2003-02-06,0.19
2003-02-05,0.19
2003-02-04,0.19
2003-02-03,0.19
2003-01-31,0.19
2003-01-30,0.19
2003-01-29,0.2
2003-01-28,0.19
2003-01-27,0.19
2003-01-24,0.2
2003-01-23,0.19
2003-01-22,0.2
2003-01-21,0.21
2003-01-20,0.2
2003-01-17,0.2
2003-01-16,0.2
2003-01-15,0.2
2003-01-14,0.21
2003-01-13,0.2
2003-01-10,0.21
2003-01-09,0.2
2003-01-08,0.21
2003-01-07,0.2
2003-01-06,0.2
2003-01-03,0.2
2003-01-02,0.2
2003-01-01,0.2
2002-12-31,0.2
2002-12-30,0.21
2002-12-27,0.2
2002-12-26,0.2
2002-12-25,0.2
2002-12-24,0.2
2002-12-23,0.2
2002-12-20,0.2
2002-12-19,0.2
2002-12-18,0.2
2002-12-17,0.2
2002-12-16,0.2
2002-12-13,0.2
2002-12-12,0.2
2002-12-11,0.21
2002-12-10,0.21
2002-12-09,0.2
2002-12-06,0.21
2002-12-05,0.21
2002-12-04,0.21
2002-12-03,0.22
2002-12-02,0.21
2002-11-29,0.21
2002-11-28,0.2
2002-11-27,0.2
2002-11-26,0.2
2002-11-25,0.21
2002-11-22,0.2
2002-11-21,0.21
2002-11-20,0.21
2002-11-19,0.2
2002-11-18,0.21
2002-11-15,0.2
2002-11-14,0.19
2002-11-13,0.2
2002-11-12,0.19
2002-11-11,0.19
2002-11-08,0.21
2002-11-07,0.2
2002-11-06,0.21
2002-11-05,0.2
2002-11-04,0.21
2002-11-01,0.2
2002-10-31,0.2
2002-10-30,0.19
2002-10-29,0.2
2002-10-28,0.2
2002-10-25,0.2
2002-10-24,0.2
2002-10-23,0.2
2002-10-22,0.2
2002-10-21,0.2
2002-10-18,0.2
2002-10-17,0.2
2002-10-16,0.19
2002-10-15,0.18
2002-10-14,0.17
2002-10-11,0.17
2002-10-10,0.17
2002-10-09,0.16
2002-10-08,0.16
2002-10-07,0.17
2002-10-04,0.17
2002-10-03,0.17
2002-10-02,0.16
2002-10-01,0.16
2002-09-30,0.16
2002-09-27,0.17
2002-09-26,0.18
2002-09-25,0.15
2002-09-24,0.16
2002-09-23,0.17
2002-09-20,0.17
2002-09-19,0.18
2002-09-18,0.18
2002-09-17,0.18
2002-09-16,0.19
2002-09-13,0.19
2002-09-12,0.19
2002-09-11,0.19
2002-09-10,0.19
2002-09-09,0.19
2002-09-06,0.19
2002-09-05,0.2
2002-09-04,0.2
2002-09-03,0.19
2002-09-02,0.19
2002-08-30,0.2
2002-08-29,0.2
2002-08-28,0.2
2002-08-27,0.2
2002-08-26,0.2
2002-08-23,0.2
2002-08-22,0.2
2002-08-21,0.2
2002-08-20,0.2
2002-08-19,0.2
2002-08-16,0.19
2002-08-15,0.2
2002-08-14,0.2
2002-08-13,0.19
2002-08-12,0.19
2002-08-09,0.19
2002-08-08,0.2
2002-08-07,0.2
2002-08-06,0.19
2002-08-05,0.2
2002-08-02,0.2
2002-08-01,0.19
2002-07-31,0.2
2002-07-30,0.2
2002-07-29,0.23
2002-07-26,0.22
2002-07-25,0.22
2002-07-24,0.21
2002-07-23,0.2
2002-07-22,0.21
2002-07-19,0.22
2002-07-18,0.22
2002-07-17,0.24
2002-07-16,0.23
2002-07-15,0.23
2002-07-12,0.24
2002-07-11,0.24
2002-07-10,0.24
2002-07-09,0.24
2002-07-08,0.25
2002-07-05,0.24
2002-07-04,0.24
2002-07-03,0.24
2002-07-02,0.24
2002-07-01,0.25
2002-06-28,0.25
2002-06-27,0.25
2002-06-26,0.24
2002-06-25,0.25
2002-06-24,0.26
2002-06-21,0.27
2002-06-20,0.29
2002-06-19,0.3
2002-06-18,0.31
2002-06-17,0.31
2002-06-14,0.32
2002-06-13,0.33
2002-06-12,0.33
2002-06-11,0.34
2002-06-10,0.35
2002-06-07,0.35
2002-06-06,0.34
2002-06-05,0.35
2002-06-04,0.34
2002-06-03,0.35
2002-05-31,0.35
2002-05-30,0.36
2002-05-29,0.36
2002-05-28,0.35
2002-05-27,0.32
2002-05-24,0.35
2002-05-23,0.36
2002-05-22,0.38
2002-05-21,0.41
2002-05-20,0.31
2002-05-17,0.31
2002-05-16,0.31
2002-05-15,0.32
2002-05-14,0.34
2002-05-13,0.34
2002-05-10,0.35
2002-05-09,0.36
2002-05-08,0.37
2002-05-07,0.37
2002-05-06,0.36
2002-05-03,0.36
2002-05-02,0.36
2002-05-01,0.36
2002-04-30,0.36
2002-04-29,0.39
2002-04-26,0.41
2002-04-25,0.41
2002-04-24,0.41
2002-04-23,0.43
2002-04-22,0.44
2002-04-19,0.46
2002-04-18,0.48
2002-04-17,0.5
2002-04-16,0.51
2002-04-15,0.49
2002-04-12,0.5
2002-04-11,0.5
2002-04-10,0.51
2002-04-09,0.5
2002-04-08,0.5
2002-04-05,0.5
2002-04-04,0.51
2002-04-03,0.51
2002-04-02,0.51
2002-04-01,0.51
2002-03-29,0.51
2002-03-28,0.51
2002-03-27,0.51
2002-03-26,0.51
2002-03-25,0.52
2002-03-22,0.52
2002-03-21,0.52
2002-03-20,0.52
2002-03-19,0.53
2002-03-18,0.53
2002-03-15,0.53
2002-03-14,0.53
2002-03-13,0.52
2002-03-12,0.53
2002-03-11,0.53
2002-03-08,0.53
2002-03-07,0.53
2002-03-06,0.52
2002-03-05,0.51
2002-03-04,0.53
2002-03-01,0.51
2002-02-28,0.5
2002-02-27,0.51
2002-02-26,0.49
2002-02-25,0.47
2002-02-22,0.5
2002-02-21,0.51
2002-02-20,0.51
2002-02-19,0.51
2002-02-18,0.51
2002-02-15,0.51
2002-02-14,0.52
2002-02-13,0.53
2002-02-12,0.55
2002-02-11,0.55
2002-02-08,0.53
2002-02-07,0.55
2002-02-06,0.59
2002-02-05,0.59
2002-02-04,0.6
2002-02-01,0.63
2002-01-31,0.65
2002-01-30,0.67
2002-01-29,0.67
2002-01-28,0.69
2002-01-25,0.68
2002-01-24,0.67
2002-01-23,0.68
2002-01-22,0.68
2002-01-21,0.69
2002-01-18,0.69
2002-01-17,0.7
2002-01-16,0.68
2002-01-15,0.68
2002-01-14,0.68
2002-01-11,0.69
2002-01-10,0.7
2002-01-09,0.7
2002-01-08,0.71
2002-01-07,0.72
2002-01-04,0.72
2002-01-03,0.72
2002-01-02,0.69
2002-01-01,0.68
2001-12-31,0.68
2001-12-28,0.68
2001-12-27,0.72
2001-12-26,0.66
2001-12-25,0.66
2001-12-24,0.66
2001-12-21,0.66
2001-12-20,0.67
2001-12-19,0.68
2001-12-18,0.7
2001-12-17,0.73
2001-12-14,0.74
2001-12-13,0.74
2001-12-12,0.75
2001-12-11,0.75
2001-12-10,0.75
2001-12-07,0.75
2001-12-06,0.76
2001-12-05,0.77
2001-12-04,0.74
2001-12-03,0.76
2001-11-30,0.76
2001-11-29,0.76
2001-11-28,0.76
2001-11-27,0.79
2001-11-26,0.79
2001-11-23,0.8
2001-11-22,0.8
2001-11-21,0.77
2001-11-20,0.8
2001-11-19,0.83
2001-11-16,0.82
2001-11-15,0.83
2001-11-14,0.84
2001-11-13,0.84
2001-11-12,0.83
2001-11-09,0.81
2001-11-08,0.83
2001-11-07,0.9
2001-11-06,0.78
2001-11-05,0.77
2001-11-02,0.77
2001-11-01,0.77
2001-10-31,0.77
2001-10-30,0.75
2001-10-29,0.77
2001-10-26,0.77
2001-10-25,0.77
2001-10-24,0.79
2001-10-23,0.81
2001-10-22,0.77
2001-10-19,0.7
2001-10-18,0.85
2001-10-17,0.92
2001-10-16,0.61
2001-10-15,0.61
2001-10-12,0.61
2001-10-11,0.63
2001-10-10,0.57
2001-10-09,0.54
2001-10-08,0.54
2001-10-05,0.56
2001-10-04,0.56
2001-10-03,0.52
2001-10-02,0.53
2001-10-01,0.53
2001-09-28,0.56
2001-09-27,0.56
2001-09-26,0.54
2001-09-25,0.68
2001-09-24,0.52
2001-09-21,0.39
2001-09-20,0.4
2001-09-19,0.4
2001-09-18,0.39
2001-09-17,0.39
2001-09-14,0.41
2001-09-13,0.44
2001-09-12,0.44
2001-09-11,0.46
2001-09-10,0.51
2001-09-07,0.51
2001-09-06,0.51
2001-09-05,0.51
2001-09-04,0.52
2001-09-03,0.51
2001-08-31,0.52
2001-08-30,0.5
2001-08-29,0.5
2001-08-28,0.56
2001-08-27,0.6
2001-08-24,0.6
2001-08-23,0.61
2001-08-22,0.61
2001-08-21,0.62
2001-08-20,0.62
2001-08-17,0.63
2001-08-16,0.63
2001-08-15,0.66
2001-08-14,0.66
2001-08-13,0.64
2001-08-10,0.66
2001-08-09,0.67
2001-08-08,0.69
2001-08-07,0.69
2001-08-06,0.69
2001-08-03,0.69
2001-08-02,0.7
2001-08-01,0.7
2001-07-31,0.71
2001-07-30,0.7
2001-07-27,0.7
2001-07-26,0.74
2001-07-25,0.75
2001-07-24,0.76
2001-07-23,0.78
2001-07-20,0.84
2001-07-19,0.99
2001-07-18,0.99
2001-07-17,0.79
2001-07-16,0.73
2001-07-13,0.71
2001-07-12,0.71
2001-07-11,0.72
2001-07-10,0.72
2001-07-09,0.7
2001-07-06,0.69
2001-07-05,0.76
2001-07-04,0.77
2001-07-03,0.8
2001-07-02,0.8
2001-06-29,0.81
2001-06-28,0.83
2001-06-27,0.82
2001-06-26,0.81
2001-06-25,0.83
2001-06-22,0.84
2001-06-21,0.8
2001-06-20,0.8
2001-06-19,0.86
2001-06-18,0.9
2001-06-15,0.89
2001-06-14,0.87
2001-06-13,0.87
2001-06-12,0.87
2001-06-11,0.92
2001-06-08,0.94
2001-06-07,0.94
2001-06-06,0.95
2001-06-05,0.94
2001-06-04,0.96
2001-06-01,0.96
2001-05-31,0.97
2001-05-30,0.95
2001-05-29,0.98
2001-05-28,1.0
2001-05-25,0.97
2001-05-24,0.95
2001-05-23,0.93
2001-05-22,1.0
2001-05-21,1.0
2001-05-18,1.06
2001-05-17,1.12
2001-05-16,1.13
2001-05-15,1.18
2001-05-14,1.18
2001-05-11,1.22
2001-05-10,1.24
2001-05-09,1.22
2001-05-08,1.26
2001-05-07,1.27
2001-05-04,1.27
2001-05-03,1.24
2001-05-02,1.29
2001-05-01,1.36
2001-04-30,1.36
2001-04-27,1.35
2001-04-26,1.38
2001-04-25,1.4
2001-04-24,1.4
2001-04-23,1.43
2001-04-20,1.48
2001-04-19,1.51
2001-04-18,1.49
2001-04-17,1.46
2001-04-16,1.49
2001-04-13,1.49
2001-04-12,1.49
2001-04-11,1.48
2001-04-10,1.5
2001-04-09,1.45
2001-04-06,1.46
2001-04-05,1.5
2001-04-04,1.45
2001-04-03,1.37
2001-04-02,1.68
2001-03-30,1.71
2001-03-29,1.67
2001-03-28,1.82
2001-03-27,2.07
2001-03-26,2.17
2001-03-23,2.15
2001-03-22,2.07
2001-03-21,2.13
2001-03-20,2.2
2001-03-19,2.16
2001-03-16,2.15
2001-03-15,2.21
2001-03-14,3.93
2001-03-13,2.25
2001-03-12,2.17
2001-03-09,2.25
2001-03-08,2.32
2001-03-07,2.35
2001-03-06,2.36
2001-03-05,2.23
2001-03-02,2.18
2001-03-01,2.18
2001-02-28,2.27
2001-02-27,2.3
2001-02-26,2.3
2001-02-23,2.26
2001-02-22,2.26
2001-02-21,2.28
2001-02-20,2.34
2001-02-19,2.43
2001-02-16,2.51
2001-02-15,2.63
2001-02-14,2.63
2001-02-13,2.64
2001-02-12,2.68
2001-02-09,2.64
2001-02-08,2.68
2001-02-07,2.66
2001-02-06,2.73
2001-02-05,2.62
2001-02-02,2.66
2001-02-01,2.72
2001-01-31,2.77
2001-01-30,2.74
2001-01-29,2.71
2001-01-26,5.9375
2001-01-25,2.67
2001-01-24,5.875
2001-01-23,2.76
2001-01-22,2.63
2001-01-19,2.7
2001-01-18,2.71
2001-01-17,2.74
2001-01-16,2.51
2001-01-15,2.69
2001-01-12,2.4
2001-01-11,2.16
2001-01-10,2.08
2001-01-09,2.08
2001-01-08,2.06
2001-01-05,2.1
2001-01-04,2.08
2001-01-03,2.03
2001-01-02,2.1
2001-01-01,2.1
2000-12-29,2.1
2000-12-28,2.1
2000-12-27,2.26
2000-12-26,3.5
2000-12-22,2.33
2000-12-21,2.32
2000-12-20,2.45
2000-12-19,2.6
2000-12-18,2.51
2000-12-15,2.68
2000-12-14,2.73
2000-12-13,2.82
2000-12-12,2.85
2000-12-11,2.85
2000-12-08,2.88
2000-12-07,2.88
2000-12-06,2.88
2000-12-05,2.86
2000-12-04,2.83
2000-12-01,2.95
2000-11-30,2.95
2000-11-29,3.05
2000-11-28,3.05
2000-11-27,3.19
2000-11-24,3.25
2000-11-23,3.27
2000-11-22,3.36
2000-11-21,3.5
2000-11-20,3.55
2000-11-17,3.69
2000-11-16,3.76
2000-11-15,3.89
2000-11-14,3.77
2000-11-13,3.48
2000-11-10,3.84
2000-11-09,3.99
2000-11-08,4.09
2000-11-07,4.14
2000-11-06,4.2
2000-11-03,4.26
2000-11-02,4.25
2000-11-01,4.2
2000-10-31,4.2
2000-10-30,4.2
2000-10-27,4.3
2000-10-26,4.38
2000-10-25,4.4
2000-10-24,4.57
2000-10-23,4.5
2000-10-20,4.6
2000-10-19,4.74
2000-10-18,4.6
2000-10-17,4.77
2000-10-16,4.84
2000-10-13,4.85
2000-10-12,4.8
2000-10-11,4.59
2000-10-10,4.85
2000-10-09,4.7
2000-10-06,4.81
2000-10-05,4.95
2000-10-04,4.95
2000-10-03,5.01
2000-10-02,5.03
2000-09-29,5.14
2000-09-28,5.02
2000-09-27,5.04
2000-09-26,5.15
2000-09-25,5.19
2000-09-22,5.07
2000-09-21,5.0
2000-09-20,5.03
2000-09-19,5.08
2000-09-18,5.1
2000-09-15,5.12
2000-09-14,5.2
2000-09-13,5.19
2000-09-12,5.28
2000-09-11,5.37
2000-09-08,5.41
2000-09-07,5.45
2000-09-06,5.5
2000-09-05,5.59
2000-09-04,5.63
2000-09-01,5.55
2000-08-31,5.4
2000-08-30,5.27
2000-08-29,5.3
2000-08-28,5.33
2000-08-25,5.45
2000-08-24,5.52
2000-08-23,5.6
2000-08-22,5.85
2000-08-21,5.94
2000-08-18,6.0
2000-08-17,6.07
2000-08-16,6.15
2000-08-15,6.16
2000-08-14,6.16
2000-08-11,6.18
2000-08-10,6.14
2000-08-09,6.07
2000-08-08,6.11
2000-08-07,6.12
2000-08-04,6.0
2000-08-03,5.96
2000-08-02,6.08
2000-08-01,6.14
2000-07-31,6.2
2000-07-28,6.28
2000-07-27,6.32
2000-07-26,6.32
2000-07-25,6.6
2000-07-24,6.39
2000-07-21,6.39
2000-07-20,6.41
2000-07-19,6.35
2000-07-18,6.4
2000-07-17,6.52
2000-07-14,6.49
2000-07-13,6.39
2000-07-12,6.49
2000-07-11,6.47
2000-07-10,6.7
2000-07-07,6.95
2000-07-06,6.95
2000-07-05,6.97
2000-07-04,6.95
2000-07-03,6.83
2000-06-30,6.78
2000-06-29,6.63
2000-06-28,6.64
2000-06-27,6.46
2000-06-26,6.39
2000-06-23,6.41
2000-06-22,6.5
2000-06-21,6.5
2000-06-20,6.32
2000-06-19,6.66
2000-06-16,6.66
2000-06-15,6.78
2000-06-14,6.85
2000-06-13,6.9
2000-06-12,7.01
2000-06-09,7.1
2000-06-08,6.8
2000-06-07,33.51
2000-06-06,33.99
2000-06-05,33.85
2000-06-02,33.35
2000-06-01,33.75
2000-05-31,33.5
2000-05-30,33.75
2000-05-29,33.4
2000-05-26,28.1
2000-05-25,27.65
2000-05-24,26.15
2000-05-23,25.0
2000-05-22,23.35
2000-05-19,26.42
2000-05-18,27.77
2000-05-17,27.4
2000-05-16,28.5
2000-05-15,27.42
2000-05-12,28.0
2000-05-11,27.8
2000-05-10,28.6
2000-05-09,30.3
2000-05-08,30.3
2000-05-05,31.9
2000-05-04,31.94
2000-05-03,33.0
2000-05-02,33.15
2000-05-01,32.0
2000-04-28,32.0
2000-04-27,32.0
2000-04-26,31.5
2000-04-25,30.68
2000-04-24,30.68
2000-04-21,30.68
2000-04-20,30.68
2000-04-19,31.75
2000-04-18,31.74
2000-04-17,31.25
2000-04-14,32.49
2000-04-13,33.8
2000-04-12,33.8
2000-04-11,32.66
2000-04-10,36.0
2000-04-07,38.0
2000-04-06,37.5
2000-04-05,35.97
2000-04-04,37.0
2000-04-03,39.05
2000-03-31,39.49
2000-03-30,38.5
2000-03-29,39.48
2000-03-28,39.5
2000-03-27,40.0
2000-03-24,39.49
2000-03-23,38.0
2000-03-22,39.0
2000-03-21,40.5
2000-03-20,41.9
2000-03-17,39.5
2000-03-16,38.0
2000-03-15,38.0
2000-03-14,38.97
2000-03-13,40.22
2000-03-10,40.22
2000-03-09,40.37
2000-03-08,40.5
2000-03-07,41.2
2000-03-06,41.2
2000-03-03,40.67
2000-03-02,42.25
2000-03-01,42.1
2000-02-29,41.45
2000-02-28,41.0
2000-02-25,43.89
2000-02-24,42.72
2000-02-23,46.01
2000-02-22,45.0
2000-02-21,43.85
2000-02-18,43.0
2000-02-17,40.0
2000-02-16,37.8
2000-02-15,37.1
2000-02-14,34.5
2000-02-11,34.5
2000-02-10,34.5
2000-02-09,25.5
2000-02-08,24.24
2000-02-07,24.02
2000-02-04,23.0
2000-02-03,21.0
2000-02-02,17.46
2000-02-01,16.63
2000-01-31,16.02
2000-01-28,15.85
2000-01-27,15.9
2000-01-26,15.71
2000-01-25,17.0
2000-01-24,12.8
2000-01-21,14.44
2000-01-20,17.0
2000-01-19,14.24
2000-01-18,12.0
2000-01-17,10.75
2000-01-14,10.53
2000-01-13,10.0
2000-01-12,9.74
2000-01-11,9.8
2000-01-10,10.15
2000-01-07,10.23
2000-01-06,10.25
2000-01-05,10.3
2000-01-04,10.33
2000-01-03,10.3
