,ibs:pl
2018-11-23,8.1
2018-11-22,8.16
2018-11-21,8.22
2018-11-20,8.12
2018-11-19,8.2
2018-11-16,8.32
2018-11-15,8.36
2018-11-14,8.34
2018-11-13,8.22
2018-11-12,8.38
2018-11-09,8.44
2018-11-08,8.42
2018-11-07,8.46
2018-11-06,8.44
2018-11-05,8.46
2018-11-02,8.48
2018-11-01,8.48
2018-10-31,8.5
2018-10-30,8.48
2018-10-29,8.52
2018-10-26,8.56
2018-10-25,8.58
2018-10-24,8.56
2018-10-23,8.54
2018-10-22,8.66
2018-10-19,8.78
2018-10-18,8.74
2018-10-17,8.8
2018-10-16,8.8
2018-10-15,8.92
2018-10-12,9.0
2018-10-11,9.02
2018-10-10,9.04
2018-10-09,9.1
2018-10-08,9.06
2018-10-05,9.08
2018-10-04,9.1
2018-10-03,9.1
2018-10-02,9.1
2018-10-01,9.36
2018-09-28,9.4
2018-09-27,9.5
2018-09-26,9.5
2018-09-25,9.38
2018-09-24,9.32
2018-09-21,9.22
2018-09-20,9.6
2018-09-19,9.56
2018-09-18,9.56
2018-09-17,9.58
2018-09-14,9.4
2018-09-13,9.38
2018-09-12,9.38
2018-09-11,9.3
2018-09-10,9.34
2018-09-07,9.32
2018-09-06,9.32
2018-09-05,9.16
2018-09-04,9.22
2018-09-03,9.5
2018-08-31,9.6
2018-08-30,9.68
2018-08-29,9.68
2018-08-28,9.68
2018-08-27,9.68
2018-08-24,9.8
2018-08-23,9.84
2018-08-22,9.88
2018-08-21,9.98
2018-08-20,9.84
2018-08-17,9.8
2018-08-16,9.7
2018-08-15,9.6
2018-08-14,9.58
2018-08-13,9.64
2018-08-10,9.72
2018-08-09,9.64
2018-08-08,9.62
2018-08-07,9.52
2018-08-06,9.54
2018-08-03,9.78
2018-08-02,9.8
2018-08-01,9.84
2018-07-31,10.0
2018-07-30,10.2
2018-07-27,10.05
2018-07-26,10.15
2018-07-25,10.15
2018-07-24,10.35
2018-07-23,10.5
2018-07-20,10.5
2018-07-19,10.25
2018-07-18,10.35
2018-07-17,10.2083
2018-07-16,10.0833
2018-07-13,10.1667
2018-07-12,12.15
2018-07-11,12.05
2018-07-10,12.3
2018-07-09,12.3
2018-07-06,12.25
2018-07-05,11.65
2018-07-04,11.8
2018-07-03,12.0
2018-07-02,11.95
2018-06-29,12.0
2018-06-28,12.15
2018-06-27,11.85
2018-06-26,11.9
2018-06-25,11.8
2018-06-23,12.0
2018-06-22,12.0
2018-06-21,12.05
2018-06-20,12.2
2018-06-19,11.65
2018-06-18,11.4
2018-06-15,11.2
2018-06-14,11.15
2018-06-13,11.05
2018-06-12,10.85
2018-06-11,10.95
2018-06-08,11.0
2018-06-07,10.9
2018-06-06,10.75
2018-06-05,11.15
2018-06-04,11.0
2018-06-01,10.95
2018-05-31,11.05
2018-05-30,11.05
2018-05-29,11.1
2018-05-28,11.3
2018-05-25,11.15
2018-05-24,11.1
2018-05-23,11.3
2018-05-22,11.35
2018-05-21,11.35
2018-05-18,11.35
2018-05-17,11.35
2018-05-16,11.3
2018-05-15,11.35
2018-05-14,11.4
2018-05-08,11.3
2018-05-07,11.2
2018-05-04,11.1
2018-05-03,11.2
2018-05-02,11.3
2018-04-30,11.35
2018-04-27,11.25
2018-04-26,11.35
2018-04-25,11.25
2018-04-24,11.5
2018-04-23,11.3
2018-04-20,11.4
2018-04-19,11.35
2018-04-18,11.5
2018-04-17,11.25
2018-04-16,11.4
2018-04-13,11.35
2018-04-12,11.5
2018-04-11,11.55
2018-04-10,11.35
2018-04-09,11.35
2018-04-06,11.3
2018-04-05,11.2
2018-04-04,11.2
2018-04-03,11.15
2018-03-29,11.25
2018-03-28,11.25
2018-03-27,11.4
2018-03-26,11.7
2018-03-23,11.65
2018-03-22,11.45
2018-03-21,11.4
2018-03-20,11.2
2018-03-19,11.2
2018-03-16,11.35
2018-03-15,11.45
2018-03-14,11.7
2018-03-13,11.4
2018-03-12,11.45
2018-03-09,11.3
2018-03-08,11.25
2018-03-07,11.3
2018-03-06,11.4
2018-03-05,11.2
2018-03-02,11.2
2018-03-01,11.3
2018-02-28,11.6
2018-02-27,11.75
2018-02-26,11.75
2018-02-23,11.8
2018-02-22,11.75
2018-02-21,11.65
2018-02-20,11.6
2018-02-19,11.85
2018-02-16,11.85
2018-02-15,11.8
2018-02-14,11.75
2018-02-13,11.8
2018-02-12,11.85
2018-02-09,11.9
2018-02-08,11.9
2018-02-07,11.8
2018-02-06,11.4
2018-02-05,11.7
2018-02-02,12.0
2018-02-01,11.95
2018-01-31,11.95
2018-01-30,12.05
2018-01-29,12.05
2018-01-26,12.05
2018-01-25,12.05
2018-01-24,12.0
2018-01-23,11.95
2018-01-22,11.95
2018-01-19,11.95
2018-01-18,12.0
2018-01-17,12.2
2018-01-16,12.3
2018-01-15,12.2
2018-01-12,12.05
2018-01-11,11.9
2018-01-10,12.15
2018-01-09,12.05
2018-01-08,12.0
2018-01-05,11.85
2018-01-04,11.9
2018-01-03,12.0
2018-01-02,12.15
2017-12-29,12.15
2017-12-28,11.76
2017-12-27,11.8
2017-12-22,11.985
2017-12-21,11.905
2017-12-20,12.2
2017-12-19,12.155
2017-12-18,12.1
2017-12-15,11.87
2017-12-14,11.78
2017-12-13,11.6
2017-12-12,11.71
2017-12-11,11.9
2017-12-08,11.76
2017-12-07,11.88
2017-12-06,11.7
2017-12-05,11.77
2017-12-04,12.185
2017-12-01,12.22
2017-11-30,11.905
2017-11-28,12.07
2017-11-27,12.11
2017-11-24,12.12
2017-11-23,12.1
2017-11-22,12.0
2017-11-21,11.8
2017-11-20,11.7
2017-11-17,11.45
2017-11-16,11.65
2017-11-15,11.515
2017-11-14,11.4
2017-11-13,11.05
2017-11-10,11.17
2017-11-09,11.37
2017-11-08,11.845
2017-11-07,11.805
2017-11-06,11.86
2017-11-03,12.01
2017-11-02,12.3
2017-11-01,12.235
2017-10-31,12.45
2017-10-30,12.395
2017-10-27,12.54
2017-10-26,12.35
2017-10-25,12.5
2017-10-24,12.2
2017-10-23,12.08
2017-10-20,11.995
2017-10-19,12.07
2017-10-18,12.17
2017-10-17,12.385
2017-10-16,12.65
2017-10-13,12.85
2017-10-12,12.85
2017-10-11,13.02
2017-10-10,12.905
2017-10-09,12.98
2017-10-06,13.0
2017-10-05,13.095
2017-10-04,12.93
2017-10-03,12.925
2017-10-02,12.93
2017-09-29,13.045
2017-09-28,12.95
2017-09-27,13.1
2017-09-26,13.11
2017-09-25,13.12
2017-09-22,12.985
2017-09-21,12.8
2017-09-20,12.53
2017-09-19,12.425
2017-09-18,12.29
2017-09-15,12.15
2017-09-14,12.1
2017-09-13,11.93
2017-09-12,11.815
2017-09-11,11.95
2017-09-08,12.0
2017-09-07,12.0
2017-09-06,11.95
2017-09-05,12.0
2017-09-04,12.01
2017-09-01,11.548
2017-08-31,11.496
2017-08-30,11.484
2017-08-29,11.484
2017-08-28,11.524
2017-08-25,11.504
2017-08-24,11.564
2017-08-23,11.364
2017-08-22,11.4
2017-08-21,10.944
2017-08-18,11.132
2017-08-17,11.4
2017-08-16,11.224
2017-08-15,11.396
2017-08-14,11.432
2017-08-11,11.2
2017-08-10,11.28
2017-08-09,11.28
2017-08-08,11.304
2017-08-07,11.308
2017-08-04,14.2
2017-08-03,14.11
2017-08-02,14.1
2017-08-01,14.3
2017-07-31,14.31
2017-07-28,14.405
2017-07-26,14.3
2017-07-25,14.3
2017-07-24,14.32
2017-07-21,14.55
2017-07-20,14.7
2017-07-19,14.8
2017-07-18,14.795
2017-07-17,14.8
2017-07-14,14.75
2017-07-13,14.485
2017-07-12,14.4
2017-07-11,14.5
2017-07-10,14.49
2017-07-07,14.155
2017-07-06,14.3
2017-07-05,14.535
2017-07-04,14.0
2017-07-03,14.2
2017-06-30,14.2
2017-06-29,14.2
2017-06-28,14.24
2017-06-27,14.5
2017-06-26,14.37
2017-06-23,14.6
2017-06-22,14.7
2017-06-21,14.765
2017-06-20,14.75
2017-06-19,14.7125
2017-06-16,14.5
2017-06-15,14.35
2017-06-14,14.555
2017-06-13,14.395
2017-06-12,14.58
2017-06-09,14.845
2017-06-08,14.665
2017-06-07,14.85
2017-06-06,14.9
2017-06-05,14.7
2017-06-02,14.945
2017-06-01,14.9
2017-05-31,14.66
2017-05-30,14.6575
2017-05-29,14.75
2017-05-26,14.535
2017-05-25,14.405
2017-05-24,14.415
2017-05-23,14.4
2017-05-22,14.535
2017-05-19,14.5
2017-05-18,14.3
2017-05-17,14.4
2017-05-16,14.3
2017-05-15,14.54
2017-05-12,14.4
2017-05-11,14.31
2017-05-10,14.6
2017-05-09,14.6
2017-05-08,14.3
2017-05-05,14.17
2017-05-04,14.2
2017-05-03,14.2
2017-05-02,14.61
2017-04-28,14.48
2017-04-27,14.04
2017-04-26,14.0
2017-04-25,14.6
2017-04-24,14.4
2017-04-21,14.36
2017-04-20,14.885
2017-04-19,14.855
2017-04-18,14.95
2017-04-13,15.22
2017-04-12,15.1
2017-04-11,15.0
2017-04-10,15.01
2017-04-07,14.93
2017-04-06,15.0
2017-04-05,15.1
2017-04-04,14.95
2017-04-03,15.1
2017-03-31,15.1
2017-03-30,15.1
2017-03-29,14.905
2017-03-28,14.58
2017-03-27,14.26
2017-03-24,14.38
2017-03-23,14.6
2017-03-22,14.9
2017-03-21,15.1
2017-03-20,15.11
2017-03-17,14.5
2017-03-16,13.155
2017-03-15,13.0
2017-03-14,13.19
2017-03-13,13.39
2017-03-10,13.8
2017-03-08,14.095
2017-03-07,14.1
2017-03-06,14.35
2017-03-03,14.2
2017-03-02,13.65
2017-03-01,13.4
2017-02-28,13.79
2017-02-27,14.1
2017-02-24,14.5
2017-02-23,14.4
2017-02-22,14.4
2017-02-21,14.2
2017-02-20,14.16
2017-02-17,14.445
2017-02-16,14.25
2017-02-15,14.26
2017-02-14,14.5
2017-02-13,14.2
2017-02-10,13.8
2017-02-09,13.6
2017-02-08,13.0
2017-02-07,12.945
2017-02-06,12.82
2017-02-03,12.7
2017-02-02,12.695
2017-02-01,12.5
2017-01-31,12.5
2017-01-30,12.3
2017-01-27,12.25
2017-01-26,12.4
2017-01-25,12.42
2017-01-24,12.305
2017-01-23,12.63
2017-01-20,12.63
2017-01-19,12.63
2017-01-18,12.39
2017-01-17,12.295
2017-01-16,12.15
2017-01-13,12.1
2017-01-12,11.9
2017-01-11,11.95
2017-01-10,12.0
2017-01-09,12.0
2017-01-06,12.3
2017-01-05,12.55
2017-01-04,12.6
2017-01-03,12.5
2017-01-02,11.9
2016-12-31,11.487
2016-12-30,12.49
2016-12-29,12.4
2016-12-28,12.4
2016-12-27,12.4
2016-12-23,12.5
2016-12-22,12.4
2016-12-21,12.45
2016-12-20,12.6
2016-12-19,12.55
2016-12-16,12.69
2016-12-15,12.69
2016-12-14,12.35
2016-12-13,12.3
2016-12-12,12.35
2016-12-09,12.29
2016-12-08,12.25
2016-12-07,12.19
2016-12-06,12.1
2016-12-05,11.8
2016-12-02,11.985
2016-12-01,11.99
2016-11-30,11.57
2016-11-29,11.7
2016-11-28,11.45
2016-11-25,11.35
2016-11-24,11.5
2016-11-23,11.55
2016-11-22,11.7
2016-11-21,11.35
2016-11-18,11.2
2016-11-17,11.02
2016-11-16,10.9
2016-11-15,10.9
2016-11-14,10.7
2016-11-11,10.655
2016-11-10,10.79
2016-11-09,10.81
2016-11-08,10.6
2016-11-07,10.615
2016-11-04,10.75
2016-11-03,11.05
2016-11-02,11.2
2016-11-01,11.6
2016-10-31,11.405
2016-10-26,10.9583
2016-10-25,11.0833
2016-10-24,11.1666
2016-10-21,11.1666
2016-10-20,11.125
2016-10-19,13.0
2016-10-18,12.6
2016-10-14,12.6
2016-10-13,12.4
2016-10-12,12.65
2016-10-11,12.45
2016-10-10,12.3
2016-10-07,11.95
2016-10-06,12.05
2016-10-03,12.0
2016-09-29,11.865
2016-09-28,11.9
2016-09-27,11.8
2016-09-26,11.85
2016-09-22,12.2
2016-09-21,12.22
2016-09-20,12.05
2016-09-16,12.3
2016-09-15,12.5
2016-09-13,12.35
2016-09-12,12.35
2016-09-08,12.4
2016-09-07,12.22
2016-09-06,12.4
2016-09-05,12.0
2016-09-02,12.25
2016-09-01,12.25
2016-08-31,12.25
2016-08-30,12.0
2016-08-29,12.0
2016-08-26,12.0
2016-08-25,12.0
2016-08-23,12.1
2016-08-22,12.0
2016-08-19,12.0
2016-08-18,12.2
2016-08-17,12.15
2016-08-16,11.9
2016-08-15,11.8
2016-08-12,11.59
2016-08-11,11.57
2016-08-10,12.0
2016-08-09,12.315
2016-08-08,12.5
2016-08-05,12.705
2016-08-04,12.35
2016-08-02,11.9
2016-08-01,12.05
2016-07-29,11.5
2016-07-28,11.645
2016-07-27,11.4
2016-07-26,11.5
2016-07-25,10.82
2016-07-22,10.82
2016-07-21,10.82
2016-07-20,10.8
2016-07-19,11.0
2016-07-18,10.7
2016-07-15,10.7
2016-07-14,10.7
2016-07-13,10.7
2016-07-12,10.5
2016-07-11,10.5
2016-07-08,10.285
2016-07-07,10.315
2016-07-06,10.25
2016-07-05,10.25
2016-07-04,10.3
2016-07-01,10.25
2016-06-29,10.25
2016-06-28,10.0
2016-06-27,10.0
2016-06-24,10.1
2016-06-22,10.2
2016-06-21,10.105
2016-06-20,10.255
2016-06-17,10.355
2016-06-16,10.41
2016-06-15,10.305
2016-06-14,10.405
2016-06-13,10.55
2016-06-10,10.6
2016-06-09,10.405
2016-06-07,10.55
2016-06-03,10.6
2016-06-02,10.8
2016-06-01,11.0
2016-05-31,11.0
2016-05-30,10.75
2016-05-27,10.8
2016-05-26,10.8
2016-05-25,10.8
2016-05-24,10.655
2016-05-20,10.1
2016-05-19,9.848
2016-05-18,9.66
2016-05-17,9.9
2016-05-16,9.8
2016-05-13,9.969
2016-05-11,9.9
2016-05-10,9.85
2016-05-09,9.802
2016-05-06,9.802
2016-05-05,9.863
2016-05-04,10.21
2016-05-03,10.3
2016-05-02,10.1
2016-04-29,10.25
2016-04-28,10.25
2016-04-27,10.2
2016-04-25,10.3
2016-04-22,10.29
2016-04-21,10.2
2016-04-20,10.15
2016-04-19,10.15
2016-04-18,10.15
2016-04-15,9.851
2016-04-14,9.99
2016-04-13,9.95
2016-04-12,9.951
2016-04-11,9.5
2016-04-08,9.45
2016-04-07,9.35
2016-04-06,9.3
2016-04-04,9.2
2016-04-01,9.3
2016-03-31,9.21
2016-03-30,9.2
2016-03-29,9.2
2016-03-23,8.8
2016-03-22,8.5
2016-03-21,8.495
2016-03-18,8.42
2016-03-16,8.4
2016-03-15,8.15
2016-03-14,8.1
2016-03-09,8.05
2016-03-08,7.95
2016-03-04,8.15
2016-03-01,8.15
2016-02-29,8.05
2016-02-26,7.801
2016-02-25,7.8
2016-02-24,7.8
2016-02-18,7.8
2016-02-17,7.848
2016-02-16,7.646
2016-02-15,7.646
2016-02-12,7.647
2016-02-11,7.7
2016-02-10,8.05
2016-02-09,8.2
2016-02-08,8.3
2016-02-05,8.249
2016-02-04,8.249
2016-02-03,8.249
2016-02-02,8.249
2016-02-01,8.25
2016-01-29,8.05
2016-01-28,7.6
2016-01-27,7.6
2016-01-26,7.65
2016-01-25,7.7
2016-01-22,8.05
2016-01-21,7.9
2016-01-20,7.7
2016-01-19,7.8
2016-01-18,8.2
2016-01-15,8.4
2016-01-14,8.501
2016-01-13,8.7
2016-01-12,8.9
2016-01-11,8.801
2016-01-08,9.0
2016-01-07,9.0
2016-01-06,9.0
2016-01-05,9.0
2016-01-04,9.1
2016-01-01,8.911
2015-12-31,8.911
2015-12-30,9.0
2015-12-29,9.0
2015-12-28,8.91
2015-12-25,9.0
2015-12-24,9.0
2015-12-23,9.0
2015-12-22,9.0
2015-12-21,9.037
2015-12-18,9.05
2015-12-17,9.05
2015-12-16,9.05
2015-12-15,8.911
2015-12-14,8.911
2015-12-11,8.91
2015-12-10,8.91
2015-12-09,9.0
2015-12-08,9.0
2015-12-07,9.0
2015-12-04,9.1
2015-12-03,9.05
2015-12-02,9.05
2015-12-01,9.11
2015-11-30,9.299
2015-11-27,9.299
2015-11-26,9.299
2015-11-25,9.449
2015-11-24,9.2
2015-11-23,9.1
2015-11-20,8.851
2015-11-19,8.851
2015-11-18,9.0
2015-11-17,9.0
2015-11-16,9.0
2015-11-13,9.0
2015-11-12,8.9
2015-11-11,9.0
2015-11-10,8.801
2015-11-09,8.802
2015-11-06,9.2
2015-11-05,9.45
2015-11-04,9.69
2015-11-03,9.69
2015-11-02,9.699
2015-10-30,9.699
2015-10-29,9.65
2015-10-28,9.65
2015-10-27,9.65
2015-10-26,9.65
2015-10-23,9.625
2015-10-22,9.6
2015-10-21,9.551
2015-10-20,9.45
2015-10-19,9.2
2015-10-16,9.2
2015-10-15,9.2
2015-10-14,9.0
2015-10-13,9.0
2015-10-12,8.7
2015-10-09,8.7
2015-10-08,8.7
2015-10-07,8.65
2015-10-06,8.7
2015-10-05,8.9
2015-10-02,8.9
2015-10-01,8.9
2015-09-30,8.9
2015-09-29,8.9
2015-09-28,8.9
2015-09-25,9.2
2015-09-24,9.2
2015-09-23,9.2
2015-09-22,9.2
2015-09-21,9.1
2015-09-18,9.1
2015-09-17,9.0
2015-09-16,9.0
2015-09-15,9.0
2015-09-14,9.0
2015-09-11,9.0
2015-09-10,9.0
2015-09-09,9.001
2015-09-08,9.0
2015-09-07,8.999
2015-09-04,9.2
2015-09-03,9.2
2015-09-02,9.2
2015-09-01,9.19
2015-08-31,9.199
2015-08-28,9.198
2015-08-27,9.598
2015-08-26,9.299
2015-08-25,9.299
2015-08-24,9.3
2015-08-21,9.3
2015-08-20,9.1
2015-08-19,8.8
2015-08-18,8.7
2015-08-17,8.6
2015-08-14,8.6
2015-08-13,8.6
2015-08-12,8.6
2015-08-11,8.6
2015-08-10,8.649
2015-08-07,8.649
2015-08-06,8.649
2015-08-05,8.649
2015-08-04,8.649
2015-08-03,8.649
2015-07-31,8.649
2015-07-30,8.5
2015-07-29,8.55
2015-07-28,8.55
2015-07-27,8.55
2015-07-24,8.506
2015-07-23,8.5
2015-07-22,8.5
2015-07-21,8.5
2015-07-20,8.5
2015-07-17,8.5
2015-07-16,8.5
2015-07-15,8.45
2015-07-14,8.42
2015-07-13,8.42
2015-07-10,8.42
2015-07-09,8.45
2015-07-08,8.45
2015-07-07,8.4
2015-07-06,8.4
2015-07-03,8.45
2015-07-02,8.45
2015-07-01,8.45
2015-06-30,8.4
2015-06-29,8.3
2015-06-26,8.45
2015-06-25,8.45
2015-06-24,8.45
2015-06-23,8.45
2015-06-22,8.45
2015-06-19,8.35
2015-06-18,8.35
2015-06-17,8.35
2015-06-16,8.35
2015-06-15,8.3
2015-06-12,8.4
2015-06-11,8.4
2015-06-10,8.4
2015-06-09,8.4
2015-06-08,8.4
2015-06-05,8.4
2015-06-04,8.4
2015-06-03,8.4
2015-06-02,8.3
2015-06-01,8.501
2015-05-29,8.501
2015-05-28,8.8
2015-05-27,8.8
2015-05-26,8.8
2015-05-25,8.8
2015-05-22,8.85
2015-05-21,8.8
2015-05-20,8.75
2015-05-19,8.65
2015-05-18,9.1
2015-05-15,8.75
2015-05-14,8.552
2015-05-13,8.351
2015-05-12,8.351
2015-05-11,8.351
2015-05-08,8.55
2015-05-07,8.55
2015-05-06,8.55
2015-05-05,8.5
2015-05-04,8.45
2015-05-01,8.45
2015-04-30,8.45
2015-04-29,8.6
2015-04-28,8.6
2015-04-27,8.601
2015-04-24,8.5
2015-04-23,8.5
2015-04-22,8.5
2015-04-21,8.5
2015-04-20,8.3
2015-04-17,8.3
2015-04-16,8.3
2015-04-15,8.65
2015-04-14,8.701
2015-04-13,8.701
2015-04-10,9.1
2015-04-09,8.951
2015-04-08,8.35
2015-04-07,8.07
2015-04-06,8.07
2015-04-03,8.07
2015-04-02,8.07
2015-04-01,8.07
2015-03-31,8.15
2015-03-30,7.95
2015-03-27,7.95
2015-03-26,7.95
2015-03-25,7.9
2015-03-24,7.9
2015-03-23,7.9
2015-03-20,7.9
2015-03-19,7.9
2015-03-18,7.9
2015-03-17,7.95
2015-03-16,8.0
2015-03-13,8.1
2015-03-12,8.151
2015-03-11,8.151
2015-03-10,8.15
2015-03-09,8.1
2015-03-06,8.25
2015-03-05,8.001
2015-03-04,8.1
2015-03-03,8.0
2015-03-02,8.001
2015-02-27,8.1
2015-02-26,7.9
2015-02-25,7.951
2015-02-24,7.9
2015-02-23,7.85
2015-02-20,7.6
2015-02-19,7.6
2015-02-18,7.6
2015-02-17,7.6
2015-02-16,7.6
2015-02-13,7.4
2015-02-12,7.4
2015-02-11,7.4
2015-02-10,7.4
2015-02-09,7.55
2015-02-06,7.55
2015-02-05,7.6
2015-02-04,7.65
2015-02-03,7.6
2015-02-02,7.65
2015-01-30,7.65
2015-01-29,7.65
2015-01-28,7.5
2015-01-27,7.5
2015-01-26,7.5
2015-01-23,7.5
2015-01-22,7.5
2015-01-21,7.1
2015-01-20,7.1
2015-01-19,7.1
2015-01-16,6.93
2015-01-15,6.9
2015-01-14,6.9
2015-01-13,6.9
2015-01-12,6.93
2015-01-09,6.93
2015-01-08,6.93
2015-01-07,6.93
2015-01-06,6.9
2015-01-05,7.05
2015-01-02,7.05
2015-01-01,6.8
2014-12-31,6.8
2014-12-30,7.0
2014-12-29,7.44
2014-12-26,7.439
2014-12-25,7.439
2014-12-24,7.439
2014-12-23,7.439
2014-12-22,7.6
2014-12-19,7.6
2014-12-18,7.55
2014-12-17,7.55
2014-12-16,7.5
2014-12-15,7.3
2014-12-12,7.3
2014-12-11,7.3
2014-12-10,7.3
2014-12-09,7.3
2014-12-08,7.3
2014-12-05,7.3
2014-12-04,7.15
2014-12-03,7.2
2014-12-02,7.15
2014-12-01,7.2
2014-11-28,7.1
2014-11-27,7.19
2014-11-26,7.2
2014-11-25,7.21
2014-11-24,7.21
2014-11-21,7.15
2014-11-20,7.1
2014-11-19,7.1
2014-11-18,7.1
2014-11-17,7.1
2014-11-14,7.1
2014-11-13,7.1
2014-11-12,7.1
2014-11-11,7.1
2014-11-10,7.1
2014-11-07,7.1
2014-11-06,7.15
2014-11-05,7.25
2014-11-04,7.25
2014-11-03,7.25
2014-10-31,7.25
2014-10-30,7.25
2014-10-29,7.3
2014-10-28,7.35
2014-10-27,7.35
2014-10-24,7.35
2014-10-23,7.3
2014-10-22,7.3
2014-10-21,7.3
2014-10-20,7.3
2014-10-17,7.3
2014-10-16,7.45
2014-10-15,7.499
2014-10-14,7.154
2014-10-13,7.3
2014-10-10,7.3
2014-10-09,7.3
2014-10-08,7.3
2014-10-07,7.3
2014-10-06,7.3
2014-10-03,7.3
2014-10-02,7.4
2014-10-01,7.4
2014-09-30,7.4
2014-09-29,7.3
2014-09-26,7.0
2014-09-25,6.9
2014-09-24,7.3
2014-09-23,7.5
2014-09-22,7.7
2014-09-19,7.75
2014-09-18,7.85
2014-09-17,7.9
2014-09-16,8.0
2014-09-15,8.1
2014-09-12,8.1
2014-09-11,8.1
2014-09-10,8.3
2014-09-09,8.3
2014-09-08,8.3
2014-09-05,8.2
2014-09-04,8.2
2014-09-03,8.2
2014-09-02,8.2
2014-09-01,8.3
2014-08-29,8.0
2014-08-28,8.0
2014-08-27,8.0
2014-08-26,8.1
2014-08-25,8.1
2014-08-22,8.2
2014-08-21,8.2
2014-08-20,8.0
2014-08-19,7.9
2014-08-18,8.0
2014-08-15,8.0
2014-08-14,8.0
2014-08-13,8.0
2014-08-12,8.0
2014-08-11,8.3
2014-08-08,8.1
2014-08-07,8.5
2014-08-06,8.45
2014-08-05,8.3
2014-08-04,8.7
2014-08-01,8.4
2014-07-31,8.7
2014-07-30,8.7
2014-07-29,8.6
2014-07-28,8.101
2014-07-25,8.6
2014-07-24,8.7
2014-07-23,8.7
2014-07-22,8.7
2014-07-21,9.0
2014-07-18,9.0
2014-07-17,9.1
2014-07-16,9.3
2014-07-15,9.0
2014-07-14,8.7
2014-07-11,8.7
2014-07-10,8.9
2014-07-09,9.0
2014-07-08,9.45
2014-07-07,9.5
2014-07-04,9.65
2014-07-03,9.65
2014-07-02,9.7
2014-07-01,9.69
2014-06-30,9.9
2014-06-27,9.618
2014-06-26,9.618
2014-06-25,9.2
2014-06-24,9.0
2014-06-23,9.151
2014-06-20,9.1
2014-06-19,9.0
2014-06-18,8.98
2014-06-17,8.8
2014-06-16,8.8
2014-06-13,8.8
2014-06-12,8.8
2014-06-11,8.8
2014-06-10,8.7
2014-06-09,8.801
2014-06-06,8.8
2014-06-05,8.95
2014-06-04,8.95
2014-06-03,8.95
2014-06-02,8.92
2014-05-30,8.92
2014-05-29,8.8
2014-05-28,8.8
2014-05-27,8.8
2014-05-26,8.85
2014-05-23,8.85
2014-05-22,8.85
2014-05-21,8.85
2014-05-20,8.65
2014-05-19,8.6
2014-05-16,8.6
2014-05-15,8.5
2014-05-14,8.7
2014-05-13,8.7
2014-05-12,8.7
2014-05-09,8.7
2014-05-08,8.8
2014-05-07,8.8
2014-05-06,8.8
2014-05-05,8.8
2014-05-02,8.8
2014-05-01,8.8
2014-04-30,8.8
2014-04-29,8.8
2014-04-28,8.6
2014-04-25,8.7
2014-04-24,8.75
2014-04-23,8.65
2014-04-22,8.65
2014-04-21,8.6
2014-04-18,8.6
2014-04-17,8.6
2014-04-16,8.6
2014-04-15,8.6
2014-04-14,8.6
2014-04-11,8.6
2014-04-10,8.7
2014-04-09,8.7
2014-04-08,8.55
2014-04-07,8.71
2014-04-04,8.75
2014-04-03,8.3
2014-04-02,8.0
2014-04-01,7.5
2014-03-31,7.4
2014-03-28,7.0
2014-03-27,6.9
2014-03-26,7.0
2014-03-25,7.0
2014-03-24,7.0
2014-03-21,7.0
2014-03-20,7.0
2014-03-19,7.0
2014-03-18,7.0
2014-03-17,6.9
2014-03-14,6.9
2014-03-13,6.9
2014-03-12,6.9
2014-03-11,6.7
2014-03-10,6.7
2014-03-07,6.7
2014-03-06,6.7
2014-03-05,6.53
2014-03-04,6.53
2014-03-03,6.53
2014-02-28,6.9
2014-02-27,6.9
2014-02-26,6.9
2014-02-25,6.9
2014-02-24,6.9
2014-02-21,7.0
2014-02-20,6.9
2014-02-19,7.0
2014-02-18,7.0
2014-02-17,7.0
2014-02-14,7.0
2014-02-13,7.0
2014-02-12,7.0
2014-02-11,7.0
2014-02-10,7.0
2014-02-07,7.0
2014-02-06,7.2
2014-02-05,6.8
2014-02-04,6.9
2014-02-03,7.0
2014-01-31,6.8
2014-01-30,6.8
2014-01-29,6.8
2014-01-28,6.8
2014-01-27,7.0
2014-01-24,7.0
2014-01-23,7.0
2014-01-22,7.0
2014-01-21,7.0
2014-01-20,7.0
2014-01-17,7.0
2014-01-16,7.05
2014-01-15,7.0
2014-01-14,7.0
2014-01-13,7.0
2014-01-10,7.1
2014-01-09,7.2
2014-01-08,6.8
2014-01-07,6.8
2014-01-06,6.7
2014-01-03,6.7
2014-01-02,6.2
2014-01-01,6.2
2013-12-31,6.2
2013-12-30,6.5
2013-12-27,6.71
2013-12-26,6.85
2013-12-25,6.85
2013-12-24,6.85
2013-12-23,6.85
2013-12-20,7.0
2013-12-19,6.9
2013-12-18,7.0
2013-12-17,6.8
2013-12-16,6.9
2013-12-13,6.9
2013-12-12,6.9
2013-12-11,6.7
2013-12-10,6.65
2013-12-09,6.65
2013-12-06,6.65
2013-12-05,6.68
2013-12-04,6.68
2013-12-03,6.68
2013-12-02,6.68
2013-11-29,6.52
2013-11-28,6.52
2013-11-27,6.5
2013-11-26,6.5
2013-11-25,6.65
2013-11-22,6.65
2013-11-21,6.65
2013-11-20,6.65
2013-11-19,6.8
2013-11-18,7.0
2013-11-15,6.81
2013-11-14,6.81
2013-11-13,6.8
2013-11-12,7.0
2013-11-11,6.95
2013-11-08,7.0
2013-11-07,7.0
2013-11-06,7.0
2013-11-05,6.8
2013-11-04,7.0
2013-11-01,6.9
2013-10-31,6.9
2013-10-30,6.9
2013-10-29,6.9
2013-10-28,7.0
2013-10-25,7.0
2013-10-24,7.0
2013-10-23,6.9
2013-10-22,6.9
2013-10-21,6.85
2013-10-18,6.7
2013-10-17,6.66
2013-10-16,6.65
2013-10-15,6.65
2013-10-14,6.56
2013-10-11,6.57
2013-10-10,6.55
2013-10-09,6.38
2013-10-08,6.38
2013-10-07,6.3
2013-10-04,6.3
2013-10-03,6.25
2013-10-02,6.25
2013-10-01,6.25
2013-09-30,6.35
2013-09-27,6.35
2013-09-26,6.35
2013-09-25,6.35
2013-09-24,6.35
2013-09-23,6.35
2013-09-20,6.35
2013-09-19,6.35
2013-09-18,6.35
2013-09-17,6.35
2013-09-16,6.35
2013-09-13,6.5
2013-09-12,6.5
2013-09-11,6.45
2013-09-10,6.35
2013-09-09,6.25
2013-09-06,6.25
2013-09-05,6.0
2013-09-04,5.75
2013-09-03,5.75
2013-09-02,5.75
2013-08-30,5.9
2013-08-29,5.85
2013-08-28,5.6
2013-08-27,5.6
2013-08-26,5.6
2013-08-23,5.8
2013-08-22,5.8
2013-08-21,5.8
2013-08-20,5.5
2013-08-19,5.45
2013-08-16,5.25
2013-08-15,5.25
2013-08-14,5.19
2013-08-13,5.19
2013-08-12,5.19
2013-08-09,5.19
2013-08-08,5.19
2013-08-07,4.85
2013-08-06,4.85
2013-08-05,4.8
2013-08-02,4.8
2013-08-01,4.85
2013-07-31,4.85
2013-07-30,4.8
2013-07-29,4.8
2013-07-26,4.7
2013-07-25,4.7
2013-07-24,4.7
2013-07-23,4.6
2013-07-22,4.6
2013-07-19,4.5
2013-07-18,4.5
2013-07-17,4.5
2013-07-16,4.5
2013-07-15,4.5
2013-07-12,4.5
2013-07-11,4.55
2013-07-10,4.55
2013-07-09,4.55
2013-07-08,4.55
2013-07-05,4.55
2013-07-04,4.55
2013-07-03,4.5
2013-07-02,4.75
2013-07-01,4.65
2013-06-28,4.65
2013-06-27,4.65
2013-06-26,4.65
2013-06-25,4.65
2013-06-24,4.7
2013-06-21,4.4
2013-06-20,4.4
2013-06-19,4.5
2013-06-18,4.5
2013-06-17,4.5
2013-06-14,4.5
2013-06-13,4.4
2013-06-12,4.19
2013-06-11,4.41
2013-06-10,4.6
2013-06-07,4.6
2013-06-06,4.6
2013-06-05,4.79
2013-06-04,4.79
2013-06-03,4.85
2013-05-31,5.0
2013-05-30,5.2
2013-05-29,5.2
2013-05-28,5.2
2013-05-27,5.15
2013-05-24,5.15
2013-05-23,5.15
2013-05-22,5.2
2013-05-21,5.2
2013-05-20,5.0
2013-05-17,5.0
2013-05-16,5.3
2013-05-15,5.3
2013-05-14,5.3
2013-05-13,5.3
2013-05-10,5.11
2013-05-09,5.11
2013-05-08,5.11
2013-05-07,5.11
2013-05-06,5.11
2013-05-03,5.11
2013-05-02,5.11
2013-05-01,5.3
2013-04-30,5.3
2013-04-29,5.2
2013-04-26,5.2
2013-04-25,5.2
2013-04-24,5.25
2013-04-23,5.25
2013-04-22,5.3
2013-04-19,5.4
2013-04-18,5.5
2013-04-17,5.75
2013-04-16,5.5
2013-04-15,5.5
2013-04-12,5.6
2013-04-11,5.55
2013-04-10,5.55
2013-04-09,5.55
2013-04-08,5.55
2013-04-05,5.55
2013-04-04,5.55
2013-04-03,5.3
2013-04-02,5.3
2013-04-01,5.7
2013-03-29,5.7
2013-03-28,5.7
2013-03-27,5.6
2013-03-26,5.9
2013-03-25,5.6
2013-03-22,5.6
2013-03-21,5.4
2013-03-20,5.25
2013-03-19,5.2
2013-03-18,5.2
2013-03-15,5.2
2013-03-14,5.15
2013-03-13,5.05
2013-03-12,5.05
2013-03-11,5.05
2013-03-08,5.05
2013-03-07,5.05
2013-03-06,5.05
2013-03-05,5.05
2013-03-04,5.05
2013-03-01,5.05
2013-02-28,5.2
2013-02-27,5.2
2013-02-26,4.9
2013-02-25,5.15
2013-02-22,5.15
2013-02-21,5.15
2013-02-20,5.15
2013-02-19,5.2
2013-02-18,5.4
2013-02-15,5.4
2013-02-14,5.25
2013-02-13,5.25
2013-02-12,5.25
2013-02-11,5.25
2013-02-08,5.2
2013-02-07,5.25
2013-02-06,5.35
2013-02-05,5.35
2013-02-04,5.4
2013-02-01,5.4
2013-01-31,5.45
2013-01-30,5.35
2013-01-29,5.35
2013-01-28,5.35
2013-01-25,5.2
2013-01-24,5.0
2013-01-23,5.0
2013-01-22,4.66
2013-01-21,4.74
2013-01-18,4.53
2013-01-17,4.45
2013-01-16,4.45
2013-01-15,4.4
2013-01-14,4.55
2013-01-11,4.2
2013-01-10,4.04
2013-01-09,4.04
2013-01-08,4.04
2013-01-07,4.02
2013-01-04,4.1
2013-01-03,4.0
2013-01-02,4.0
2013-01-01,4.0
2012-12-31,4.0
2012-12-28,4.0
2012-12-27,4.0
2012-12-26,4.0
2012-12-25,4.0
2012-12-24,4.0
2012-12-21,4.0
2012-12-20,4.0
2012-12-19,4.0
2012-12-18,3.8
2012-12-17,3.7
2012-12-14,3.65
2012-12-13,3.65
2012-12-12,3.65
2012-12-11,3.4
2012-12-10,3.4
2012-12-07,3.4
2012-12-06,3.4
2012-12-05,3.35
2012-12-04,3.35
2012-12-03,3.4
2012-11-30,3.4
2012-11-29,3.4
2012-11-28,3.4
2012-11-27,3.4
2012-11-26,3.3
2012-11-23,3.3
2012-11-22,3.3
2012-11-21,3.3
2012-11-20,3.3
2012-11-19,3.26
2012-11-16,3.26
2012-11-15,3.26
2012-11-14,3.26
2012-11-13,3.4
2012-11-12,3.4
2012-11-09,3.4
2012-11-08,3.4
2012-11-07,3.4
2012-11-06,3.4
2012-11-05,3.4
2012-11-02,3.4
2012-11-01,3.4
2012-10-31,3.4
2012-10-30,3.4
2012-10-29,3.4
2012-10-26,3.35
2012-10-25,3.35
2012-10-24,3.35
2012-10-23,3.35
2012-10-22,3.35
2012-10-19,3.25
2012-10-18,3.25
2012-10-17,3.26
2012-10-16,3.35
2012-10-15,3.35
2012-10-12,3.35
2012-10-11,3.35
2012-10-10,3.35
2012-10-09,3.35
2012-10-08,3.35
2012-10-05,3.35
2012-10-04,3.35
2012-10-03,3.35
2012-10-02,3.35
2012-10-01,3.35
2012-09-28,3.35
2012-09-27,3.35
2012-09-26,3.35
2012-09-25,3.46
2012-09-24,3.46
2012-09-21,3.45
2012-09-20,3.45
2012-09-19,3.5
2012-09-18,3.5
2012-09-17,3.48
2012-09-14,3.48
2012-09-13,3.5
2012-09-12,3.52
2012-09-11,3.6
2012-09-10,3.6
2012-09-07,3.6
2012-09-06,3.6
2012-09-05,3.7
2012-09-04,3.69
2012-09-03,3.7
2012-08-31,3.7
2012-08-30,3.7
2012-08-29,3.75
2012-08-28,3.75
2012-08-27,3.75
2012-08-24,3.75
2012-08-23,3.75
2012-08-22,3.75
2012-08-21,3.7
2012-08-20,3.65
2012-08-17,3.65
2012-08-16,3.65
2012-08-15,3.65
2012-08-14,3.65
2012-08-13,3.65
2012-08-10,3.65
2012-08-09,3.65
2012-08-08,3.65
2012-08-07,3.65
2012-08-06,3.65
2012-08-03,3.65
2012-08-02,3.65
2012-08-01,3.67
2012-07-31,3.67
2012-07-30,3.67
2012-07-27,3.5
2012-07-26,3.5
2012-07-25,3.5
2012-07-24,3.7
2012-07-23,3.7
2012-07-20,3.65
2012-07-19,3.65
2012-07-18,3.5
2012-07-17,3.5
2012-07-16,3.5
2012-07-13,3.48
2012-07-12,3.7
2012-07-11,3.86
2012-07-10,3.9
2012-07-09,3.9
2012-07-06,3.85
2012-07-05,3.95
2012-07-04,4.1
2012-07-03,4.2
2012-07-02,4.1
2012-06-29,4.3
2012-06-28,4.3
2012-06-27,4.3
2012-06-26,4.3
2012-06-25,4.3
2012-06-22,4.42
2012-06-21,4.4
2012-06-20,4.4
2012-06-19,4.45
2012-06-18,4.45
2012-06-15,4.45
2012-06-14,4.45
2012-06-13,4.45
2012-06-12,4.45
2012-06-11,4.45
2012-06-08,4.45
2012-06-07,4.45
2012-06-06,4.45
2012-06-05,4.45
2012-06-04,4.3
2012-06-01,4.3
2012-05-31,4.3
2012-05-30,4.3
2012-05-29,4.3
2012-05-28,4.3
2012-05-25,4.3
2012-05-24,4.3
2012-05-23,4.3
2012-05-22,4.35
2012-05-21,4.35
2012-05-18,4.4
2012-05-17,4.4
2012-05-16,4.4
2012-05-15,4.4
2012-05-14,4.55
2012-05-11,4.55
2012-05-10,4.55
2012-05-09,4.55
2012-05-08,4.55
2012-05-07,4.55
2012-05-04,4.45
2012-05-03,4.5
2012-05-02,4.35
2012-05-01,4.45
2012-04-30,4.45
2012-04-27,4.45
2012-04-26,4.45
2012-04-25,4.45
2012-04-24,4.5
2012-04-23,4.55
2012-04-20,4.75
2012-04-19,4.75
2012-04-18,4.75
2012-04-17,4.75
2012-04-16,4.75
2012-04-13,4.75
2012-04-12,4.75
2012-04-11,4.7
2012-04-10,4.7
2012-04-09,4.7
2012-04-06,4.7
2012-04-05,4.7
2012-04-04,4.7
2012-04-03,4.7
2012-04-02,4.7
2012-03-30,4.66
2012-03-29,4.66
2012-03-28,4.66
2012-03-27,4.66
2012-03-26,4.66
2012-03-23,4.55
2012-03-22,4.6
2012-03-21,4.6
2012-03-20,4.6
2012-03-19,4.6
2012-03-16,4.6
2012-03-15,4.6
2012-03-14,4.6
2012-03-13,4.6
2012-03-12,4.6
2012-03-09,4.6
2012-03-08,4.55
2012-03-07,4.55
2012-03-06,4.5
2012-03-05,4.5
2012-03-02,4.5
2012-03-01,4.5
2012-02-29,4.5
2012-02-28,4.55
2012-02-27,4.55
2012-02-24,4.5
2012-02-23,4.47
2012-02-22,4.46
2012-02-21,4.4
2012-02-20,4.51
2012-02-17,4.51
2012-02-16,4.51
2012-02-15,4.45
2012-02-14,4.45
2012-02-13,4.45
2012-02-10,4.51
2012-02-09,4.51
2012-02-08,4.25
2012-02-07,4.2
2012-02-06,4.2
2012-02-03,4.05
2012-02-02,4.05
2012-02-01,4.05
2012-01-31,4.05
2012-01-30,4.15
2012-01-27,4.15
2012-01-26,4.16
2012-01-25,4.25
2012-01-24,4.39
2012-01-23,4.28
2012-01-20,4.21
2012-01-19,4.21
2012-01-18,4.21
2012-01-17,4.2
2012-01-16,4.2
2012-01-13,4.2
2012-01-12,4.2
2012-01-11,4.2
2012-01-10,4.2
2012-01-09,4.2
2012-01-06,4.2
2012-01-05,4.2
2012-01-04,4.25
2012-01-03,4.25
2012-01-02,4.06
2011-12-30,4.06
2011-12-29,4.49
2011-12-28,4.24
2011-12-27,4.1
2011-12-26,4.06
2011-12-23,4.06
2011-12-22,4.06
2011-12-21,4.06
2011-12-20,4.1
2011-12-19,4.1
2011-12-16,4.1
2011-12-15,4.14
2011-12-14,4.15
2011-12-13,4.27
2011-12-12,4.27
2011-12-09,4.27
2011-12-08,4.27
2011-12-07,4.3
2011-12-06,4.35
2011-12-05,4.37
2011-12-02,4.6
2011-12-01,4.6
2011-11-30,4.6
2011-11-29,4.6
2011-11-28,4.6
2011-11-25,4.6
2011-11-24,4.6
2011-11-23,4.6
2011-11-22,4.62
2011-11-21,4.7
2011-11-18,4.72
2011-11-17,4.72
2011-11-15,4.72
2011-11-11,4.8
2011-11-10,4.72
2011-11-09,4.7
2011-11-08,4.7
2011-11-07,4.85
2011-11-04,4.9
2011-11-03,4.94
2011-11-02,5.0
2011-11-01,5.0
2011-10-27,5.1
2011-10-26,5.05
2011-10-25,5.45
2011-10-20,5.45
2011-10-06,5.62
2011-10-05,5.8
2011-09-30,5.8
2011-09-29,5.71
2011-09-28,5.8
2011-09-27,5.8
2011-09-26,5.76
2011-09-23,5.75
2011-09-22,6.0
2011-09-21,6.05
2011-09-20,6.0
2011-09-19,6.0
2011-09-16,6.2
2011-09-15,6.0
2011-09-14,6.05
2011-09-13,6.06
2011-09-08,6.15
2011-09-07,6.35
2011-09-06,6.3
2011-09-01,6.35
2011-08-30,6.35
2011-08-29,6.25
2011-08-23,6.17
2011-08-19,6.0
2011-08-18,6.05
2011-08-16,6.05
2011-08-12,6.05
2011-08-11,6.05
2011-08-09,6.0
2011-08-08,6.35
2011-08-05,6.5
2011-08-04,6.55
2011-08-01,6.8
2011-07-29,7.05
2011-07-21,6.95
2011-07-19,6.85
2011-07-18,6.75
2011-07-14,6.93
2011-07-12,7.0
2011-07-11,7.0
2011-07-08,7.45
2011-07-07,7.4
2011-07-06,7.3
2011-07-04,7.3
2011-07-01,7.3
2011-06-30,7.3
2011-06-28,7.35
2011-06-27,7.5
2011-06-24,7.25
2011-06-22,7.4
2011-06-21,7.32
2011-06-17,7.32
2011-06-16,7.4
2011-06-15,7.4
2011-06-14,7.5
2011-06-13,7.6
2011-06-10,7.6
2011-06-09,7.7
2011-06-08,7.66
2011-06-07,7.71
2011-06-06,7.84
2011-06-03,8.04
2011-06-02,8.1
2011-06-01,8.16
2011-05-27,7.9
2011-05-26,8.0
2011-05-23,8.0
2011-05-20,8.05
2011-05-18,8.0
2011-05-17,8.0
2011-05-16,8.2
2011-05-13,8.25
2011-05-11,8.2
2011-05-10,8.15
2011-05-09,8.2
2011-05-06,8.15
2011-05-05,7.91
2011-05-04,7.9
2011-05-02,7.95
2011-04-27,7.8
2011-04-21,7.6
2011-04-20,7.7
2011-04-19,7.6
2011-04-18,7.45
2011-04-15,7.16
2011-04-14,7.16
2011-04-12,7.55
2011-04-11,7.55
2011-04-05,7.75
2011-04-04,7.6
2011-04-01,7.6
2011-03-30,7.6
2011-03-29,7.39
2011-03-28,7.4
2011-03-24,7.4
2011-03-23,7.65
2011-03-22,7.75
2011-03-21,7.75
2011-03-17,7.67
2011-03-16,7.75
2011-03-15,7.8
2011-03-11,7.8
2011-03-04,7.7
2011-03-03,7.7
2011-03-02,7.7
2011-03-01,7.8
2011-02-28,7.9
2011-02-25,8.0
2011-02-18,7.85
2011-02-16,8.1
2011-02-15,8.1
2011-02-11,8.0
2011-02-08,8.1
2011-02-07,8.1
2011-02-04,8.2
2011-02-02,8.11
2011-02-01,8.3
2011-01-26,8.15
2011-01-24,8.3
2011-01-21,8.4
2011-01-20,8.5
2011-01-19,8.55
2011-01-18,8.5
2011-01-17,8.2
2011-01-13,8.4
2011-01-12,8.35
2011-01-11,8.2
2011-01-07,7.8
2011-01-06,7.9
2011-01-05,7.95
2011-01-04,8.12
2011-01-03,7.95
2010-12-31,8.1
2010-12-30,8.24
2010-12-29,8.22
2010-12-28,8.4
2010-12-27,8.05
2010-12-23,8.0
2010-12-21,7.86
2010-12-20,7.77
2010-12-17,7.79
2010-12-16,7.9
2010-12-15,7.73
2010-12-14,7.65
2010-12-13,7.65
2010-12-10,7.7
2010-12-07,7.6
2010-12-06,7.45
2010-12-03,7.36
2010-12-02,7.31
2010-12-01,7.49
2010-11-30,7.2
2010-11-29,7.3
2010-11-26,7.3
2010-11-25,7.3
2010-11-24,7.34
2010-11-23,7.11
2010-11-22,7.45
2010-11-19,7.61
2010-11-18,7.8
2010-11-17,7.76
2010-11-16,7.75
2010-11-15,7.75
2010-11-12,7.7
2010-11-11,7.7
2010-11-10,7.71
2010-11-09,8.0
2010-11-08,8.2
2010-11-05,8.2
2010-11-04,8.1
2010-11-03,8.2
2010-11-02,8.2
2010-10-29,8.2
2010-10-27,8.2
2010-10-26,8.2
2010-10-25,8.1
2010-10-22,8.14
2010-10-20,8.14
2010-10-19,8.26
2010-10-14,8.2
2010-10-13,8.2
2010-10-12,8.19
2010-10-11,8.15
2010-10-07,8.1
2010-10-05,8.15
2010-10-01,8.0
2010-09-30,7.86
2010-09-29,7.95
2010-09-27,7.95
2010-09-24,7.93
2010-09-23,7.7
2010-09-21,7.75
2010-09-20,7.75
2010-09-17,7.71
2010-09-16,8.01
2010-09-15,8.29
2010-09-14,8.05
2010-09-10,7.95
2010-09-09,7.91
2010-09-08,7.95
2010-09-07,7.9
2010-09-06,7.9
2010-09-03,7.85
2010-09-02,7.8
2010-09-01,7.8
2010-08-30,7.75
2010-08-26,7.75
2010-08-25,7.75
2010-08-24,7.75
2010-08-23,7.7
2010-08-20,7.7
2010-08-19,7.7
2010-08-18,7.71
2010-08-17,7.7
2010-08-16,7.7
2010-08-13,7.7
2010-08-12,7.95
2010-08-11,7.75
2010-08-10,7.7
2010-08-09,7.7
2010-08-06,7.7
2010-08-05,7.7
2010-08-04,7.56
2010-08-03,7.6
2010-08-02,7.67
2010-07-30,7.66
2010-07-29,7.54
2010-07-28,7.6
2010-07-27,7.8
2010-07-26,7.8
2010-07-23,8.0
2010-07-22,7.9
2010-07-21,7.7
2010-07-19,7.55
2010-07-16,7.69
2010-07-15,7.51
2010-07-14,7.85
2010-07-13,7.85
2010-07-12,7.75
2010-07-09,7.85
2010-07-08,7.81
2010-07-07,7.6
2010-07-06,7.6
2010-07-05,7.42
2010-07-02,7.4
2010-07-01,7.43
2010-06-30,7.5
2010-06-29,7.5
2010-06-28,7.76
2010-06-25,7.52
2010-06-24,7.5
2010-06-23,7.31
2010-06-22,7.31
2010-06-21,7.7
2010-06-18,7.2
2010-06-17,6.68
2010-06-16,6.64
2010-06-15,6.75
2010-06-14,6.75
2010-06-11,6.5
2010-06-10,6.5
2010-06-09,6.4
2010-06-08,6.3
2010-06-07,6.55
2010-06-04,6.55
2010-06-02,6.7
2010-06-01,6.65
2010-05-31,6.65
2010-05-28,6.7
2010-05-27,6.75
2010-05-26,6.51
2010-05-25,6.8
2010-05-24,6.9
2010-05-21,6.91
2010-05-20,6.9
2010-05-19,6.9
2010-05-18,6.9
2010-05-17,6.91
2010-05-14,7.0
2010-05-13,7.0
2010-05-12,6.85
2010-05-11,6.9
2010-05-10,7.01
2010-05-07,6.95
2010-05-06,7.0
2010-05-05,6.9
2010-05-04,6.72
2010-05-03,7.15
2010-04-30,7.05
2010-04-29,6.78
2010-04-28,6.15
2010-04-27,6.9
2010-04-26,7.35
2010-04-23,7.61
2010-04-22,7.7
2010-04-21,7.98
2010-04-20,8.05
2010-04-19,8.0
2010-04-16,7.94
2010-04-15,8.07
2010-04-14,8.12
2010-04-13,8.14
2010-04-12,8.0
2010-04-09,8.0
2010-04-08,7.95
2010-04-07,7.97
2010-04-06,8.1
2010-03-31,8.05
2010-03-30,8.07
2010-03-29,8.01
2010-03-26,8.1
2010-03-25,7.9
2010-03-24,8.05
2010-03-23,8.19
2010-03-22,7.95
2010-03-19,8.26
2010-03-18,8.16
2010-03-17,8.5
2010-03-16,8.5
2010-03-15,8.3
2010-03-12,8.25
2010-03-11,8.35
2010-03-10,8.48
2010-03-09,8.48
2010-03-08,8.3
2010-03-05,8.48
2010-03-04,8.48
2010-03-03,8.45
2010-03-02,8.45
2010-03-01,8.2
2010-02-26,8.0
2010-02-25,7.9
2010-02-24,7.99
2010-02-23,7.99
2010-02-22,7.99
2010-02-19,8.0
2010-02-18,8.15
2010-02-17,7.78
2010-02-16,7.78
2010-02-12,8.0
2010-02-11,7.96
2010-02-10,8.0
2010-02-09,7.8
2010-02-08,7.9
2010-02-05,8.05
2010-02-04,8.4
2010-02-03,8.9
2010-02-02,8.9
2010-02-01,8.9
2010-01-29,8.9
2010-01-28,8.8
2010-01-27,8.9
2010-01-26,9.13
2010-01-22,9.13
2010-01-21,9.13
2010-01-20,9.12
2010-01-19,9.12
2010-01-18,9.12
2010-01-15,9.15
2010-01-14,9.15
2010-01-13,9.2
2010-01-12,9.27
2010-01-11,9.25
2010-01-08,9.3
2010-01-07,9.3
2010-01-06,9.25
2010-01-05,9.4
2010-01-04,9.3
2009-12-31,9.21
2009-12-30,8.86
2009-12-29,8.72
2009-12-28,8.84
2009-12-24,8.89
2009-12-23,8.89
2009-12-22,8.74
2009-12-21,8.9
2009-12-18,9.2
2009-12-17,9.0
2009-12-16,8.9
2009-12-15,8.99
2009-12-14,8.9
2009-12-11,9.01
2009-12-10,9.26
2009-12-09,9.49
2009-12-08,9.7
2009-12-07,9.4
2009-12-04,9.4
2009-12-03,9.4
2009-12-02,9.4
2009-12-01,9.4
2009-11-30,9.35
2009-11-27,9.35
2009-11-26,9.49
2009-11-25,9.5
2009-11-24,9.5
2009-11-23,9.59
2009-11-20,9.4
2009-11-19,9.39
2009-11-18,9.44
2009-11-17,9.4
2009-11-16,9.4
2009-11-13,9.3
2009-11-12,9.39
2009-11-11,9.39
2009-11-10,9.4
2009-11-09,9.5
2009-11-06,9.5
2009-11-05,9.5
2009-11-03,9.4
2009-11-02,9.5
2009-10-30,9.7
2009-10-29,9.51
2009-10-28,9.95
2009-10-27,9.95
2009-10-26,9.87
2009-10-23,9.95
2009-10-22,9.81
2009-10-21,9.81
2009-10-20,9.98
2009-10-19,9.84
2009-10-16,9.75
2009-10-15,9.75
2009-10-14,9.7
2009-10-13,9.68
2009-10-12,9.69
2009-10-09,9.63
2009-10-08,9.59
2009-10-07,9.52
2009-10-06,9.51
2009-10-05,9.51
2009-10-02,9.51
2009-10-01,9.51
2009-09-30,9.68
2009-09-29,9.68
2009-09-28,9.65
2009-09-25,9.65
2009-09-24,9.65
2009-09-23,9.8
2009-09-22,9.8
2009-09-21,9.84
2009-09-18,9.75
2009-09-17,9.95
2009-09-16,9.98
2009-09-15,9.99
2009-09-14,9.88
2009-09-11,10.0
2009-09-10,9.98
2009-09-09,9.94
2009-09-08,9.45
2009-09-07,9.46
2009-09-04,9.48
2009-09-03,9.43
2009-09-02,8.9
2009-09-01,8.9
2009-08-31,8.9
2009-08-28,8.9
2009-08-27,8.9
2009-08-26,8.9
2009-08-25,8.9
2009-08-24,8.9
2009-08-21,8.9
2009-08-20,8.85
2009-08-19,8.85
2009-08-18,8.4
2009-08-17,8.4
2009-08-14,8.75
2009-08-13,8.75
2009-08-12,8.66
2009-08-11,8.55
2009-08-10,8.65
2009-08-07,8.75
2009-08-06,8.7
2009-08-05,8.65
2009-08-04,8.58
2009-08-03,8.6
2009-07-31,8.6
2009-07-30,8.68
2009-07-29,8.9
2009-07-28,8.6
2009-07-27,8.6
2009-07-24,8.55
2009-07-23,8.55
2009-07-22,8.55
2009-07-21,8.55
2009-07-20,8.57
2009-07-17,8.57
2009-07-16,8.58
2009-07-15,8.39
2009-07-14,8.43
2009-07-13,8.43
2009-07-10,8.35
2009-07-09,8.4
2009-07-08,8.35
2009-07-07,8.68
2009-07-06,8.4
2009-07-03,8.58
2009-07-02,8.5
2009-07-01,8.41
2009-06-30,8.36
2009-06-29,8.34
2009-06-26,8.25
2009-06-25,8.2
2009-06-24,8.2
2009-06-23,8.2
2009-06-22,8.16
2009-06-19,8.5
2009-06-18,8.25
2009-06-17,8.2
2009-06-16,8.75
2009-06-15,8.85
2009-06-12,8.72
2009-06-11,8.85
2009-06-10,8.79
2009-06-09,8.79
2009-06-08,8.65
2009-06-05,8.66
2009-06-04,8.6
2009-06-03,8.5
2009-06-02,8.39
2009-06-01,8.2
2009-05-29,8.0
2009-05-28,7.85
2009-05-27,7.89
2009-05-26,7.71
2009-05-25,7.69
2009-05-22,7.6
2009-05-21,7.67
2009-05-20,7.67
2009-05-19,7.65
2009-05-18,7.55
2009-05-15,7.55
2009-05-14,7.55
2009-05-13,7.5
2009-05-12,7.6
2009-05-11,7.67
2009-05-08,7.61
2009-05-07,7.63
2009-05-06,7.45
2009-05-05,7.25
2009-05-04,7.0
2009-05-01,6.98
2009-04-30,6.98
2009-04-29,6.85
2009-04-28,6.75
2009-04-27,6.75
2009-04-24,6.77
2009-04-23,6.77
2009-04-22,6.7
2009-04-21,6.7
2009-04-20,6.77
2009-04-17,6.85
2009-04-16,6.69
2009-04-15,6.6
2009-04-14,6.59
2009-04-13,6.6
2009-04-10,6.6
2009-04-09,6.6
2009-04-08,6.55
2009-04-07,6.5
2009-04-06,6.4
2009-04-03,6.3
2009-04-02,6.24
2009-04-01,6.35
2009-03-31,6.43
2009-03-30,6.46
2009-03-27,6.43
2009-03-26,6.5
2009-03-25,6.3
2009-03-24,6.25
2009-03-23,6.39
2009-03-20,6.25
2009-03-19,6.3
2009-03-18,6.15
2009-03-17,6.15
2009-03-16,6.2
2009-03-13,6.15
2009-03-12,5.98
2009-03-11,5.98
2009-03-10,5.75
2009-03-09,5.75
2009-03-06,5.7
2009-03-05,5.65
2009-03-04,5.72
2009-03-03,5.96
2009-03-02,5.97
2009-02-27,5.97
2009-02-26,6.0
2009-02-25,5.9
2009-02-24,6.28
2009-02-23,6.28
2009-02-20,6.4
2009-02-18,6.3
2009-02-17,6.3
2009-02-16,6.6
2009-02-13,6.6
2009-02-12,6.49
2009-02-11,6.39
2009-02-10,6.39
2009-02-09,6.37
2009-02-06,6.3
2009-02-05,6.3
2009-02-04,6.2
2009-02-03,5.92
2009-02-02,5.9
2009-01-30,6.0
2009-01-29,5.9
2009-01-28,5.81
2009-01-27,5.58
2009-01-26,5.69
2009-01-23,5.64
2009-01-22,5.56
2009-01-21,5.7
2009-01-20,5.81
2009-01-19,5.78
2009-01-16,5.67
2009-01-15,5.87
2009-01-14,6.0
2009-01-13,6.2
2009-01-12,6.17
2009-01-09,6.01
2009-01-08,6.21
2009-01-07,6.02
2009-01-06,6.15
2009-01-05,6.57
2009-01-02,6.65
2009-01-01,6.9
2008-12-31,6.9
2008-12-30,6.5
2008-12-29,6.37
2008-12-26,6.3
2008-12-25,6.3
2008-12-24,6.3
2008-12-23,6.2
2008-12-22,6.14
2008-12-19,6.05
2008-12-18,6.0
2008-12-17,5.99
2008-12-16,5.99
2008-12-15,6.0
2008-12-12,5.9
2008-12-11,6.0
2008-12-10,6.1
2008-12-09,6.09
2008-12-08,6.39
2008-12-05,6.15
2008-12-04,6.35
2008-12-03,6.18
2008-12-02,6.15
2008-12-01,6.01
2008-11-28,6.05
2008-11-27,6.0
2008-11-26,5.36
2008-11-25,5.42
2008-11-24,5.6
2008-11-21,5.35
2008-11-20,5.3
2008-11-19,5.33
2008-11-18,5.32
2008-11-17,5.31
2008-11-14,5.37
2008-11-13,5.35
2008-11-12,5.38
2008-11-11,5.5
2008-11-10,5.5
2008-11-07,5.41
2008-11-06,5.48
2008-11-05,5.48
2008-11-04,5.65
2008-11-03,5.35
2008-10-31,5.35
2008-10-30,5.41
2008-10-29,5.14
2008-10-28,4.82
2008-10-27,4.83
2008-10-24,4.87
2008-10-23,5.15
2008-10-22,5.2
2008-10-21,5.3
2008-10-20,5.27
2008-10-17,5.1
2008-10-16,5.0
2008-10-15,4.81
2008-10-14,4.8
2008-10-13,4.7
2008-10-10,4.55
2008-10-09,4.76
2008-10-08,4.53
2008-10-07,5.0
2008-10-06,5.3
2008-10-03,5.8
2008-10-02,5.9
2008-10-01,5.9
2008-09-30,5.84
2008-09-29,6.08
2008-09-26,6.35
2008-09-25,6.7
2008-09-24,6.95
2008-09-23,6.95
2008-09-22,7.0
2008-09-19,6.99
2008-09-18,6.94
2008-09-17,6.98
2008-09-16,7.1
2008-09-15,7.15
2008-09-12,7.16
2008-09-11,7.24
2008-09-10,7.14
2008-09-09,7.1
2008-09-08,6.98
2008-09-05,6.85
2008-09-04,6.95
2008-09-03,6.95
2008-09-02,7.16
2008-09-01,7.2
2008-08-29,7.33
2008-08-28,7.41
2008-08-27,7.61
2008-08-26,7.62
2008-08-25,7.5
2008-08-22,7.5
2008-08-21,7.36
2008-08-20,7.7
2008-08-19,8.02
2008-08-18,8.41
2008-07-28,7.56
2008-07-25,7.59
2008-07-24,7.48
2008-07-23,7.51
2008-07-22,7.49
2008-07-21,7.66
2008-07-18,7.35
2008-07-17,7.24
2008-07-16,7.34
2008-07-15,7.28
2008-07-14,7.28
2008-07-11,7.4
2008-07-10,7.39
2008-07-09,7.25
2008-07-08,7.16
2008-07-07,6.86
2008-07-04,6.75
2008-07-03,6.47
2008-07-02,6.42
2008-07-01,6.47
2008-06-30,6.3
2008-06-27,6.6
2008-06-26,6.66
2008-06-25,6.9
2008-06-24,6.6
2008-06-23,6.43
2008-06-20,6.41
2008-06-19,6.75
2008-06-18,7.0
2008-06-17,7.11
2008-06-16,7.31
2008-06-13,7.41
2008-06-12,7.36
2008-06-11,7.75
2008-06-10,7.75
2008-06-09,7.8
2008-06-06,8.29
2008-06-05,8.26
2008-06-04,8.2
2008-06-03,8.25
2008-06-02,8.2
2008-05-30,8.2
2008-05-29,8.15
2008-05-28,8.12
2008-05-27,8.26
2008-05-26,8.21
2008-05-23,8.26
2008-05-22,8.19
2008-05-21,8.15
2008-05-20,8.04
2008-05-19,8.32
2008-05-16,8.32
2008-05-15,8.31
2008-05-14,8.3
2008-05-13,8.33
2008-05-12,8.2
2008-05-09,7.97
2008-05-08,7.85
2008-05-07,7.76
2008-05-06,7.65
2008-05-05,7.69
2008-05-02,7.85
2008-04-30,8.0
2008-04-29,8.3
2008-04-28,8.68
2008-04-25,8.5
2008-04-24,8.51
2008-04-23,8.43
2008-04-22,8.03
2008-04-21,7.91
2008-04-18,7.76
2008-04-17,7.68
2008-04-16,7.65
2008-04-15,7.65
2008-04-14,7.57
2008-04-11,7.57
2008-04-10,7.52
2008-04-09,7.5
2008-04-08,7.62
2008-04-07,7.58
2008-04-04,7.41
2008-04-03,7.1
2008-04-02,6.76
2008-04-01,6.6
2008-03-31,6.41
2008-03-28,6.33
2008-03-27,6.3
2008-03-26,6.17
2008-03-25,6.16
2008-03-24,6.02
2008-03-21,6.02
2008-03-20,6.02
2008-03-19,6.0
2008-03-18,6.1
2008-03-17,6.3
2008-03-14,6.45
2008-03-13,6.55
2008-03-12,6.85
2008-03-11,7.01
2008-03-10,7.0
2008-03-07,7.3
2008-03-06,7.5
2008-03-05,7.35
2008-03-04,7.5
2008-03-03,7.65
2008-02-29,7.85
2008-02-28,7.85
2008-02-27,7.8
2008-02-26,7.85
2008-02-25,7.84
2008-02-22,7.84
2008-02-21,7.8
2008-02-20,7.8
2008-02-19,7.85
2008-02-18,7.63
2008-02-15,7.4
2008-02-14,7.4
2008-02-13,7.47
2008-02-12,7.59
2008-02-11,7.6
2008-02-08,7.68
2008-02-07,7.61
2008-02-06,7.68
2008-02-05,7.5
2008-02-04,7.5
2008-02-01,7.3
2008-01-31,7.45
2008-01-30,7.51
2008-01-29,7.8
2008-01-28,7.8
2008-01-25,8.1
2008-01-24,8.2
2008-01-23,8.51
2008-01-22,8.85
2008-01-21,8.85
2008-01-18,8.85
2008-01-17,8.95
2008-01-16,8.9
2008-01-15,9.9
2008-01-14,10.2
2008-01-11,10.4
2008-01-10,10.65
2008-01-09,10.6
2008-01-08,10.58
2008-01-07,10.8
2008-01-04,10.8
2008-01-03,10.72
2008-01-02,11.18
2008-01-01,11.47
2007-12-31,11.47
2007-12-28,11.4
2007-12-27,11.43
2007-12-26,11.2
2007-12-25,11.2
2007-12-24,11.2
2007-12-21,11.45
2007-12-20,11.27
2007-12-19,11.4
2007-12-18,11.45
2007-12-17,11.4
2007-12-14,11.35
2007-12-13,11.3
2007-12-12,11.35
2007-12-11,11.35
2007-12-10,11.34
2007-12-07,11.35
2007-12-06,11.29
2007-12-05,11.18
2007-12-04,11.0
2007-12-03,10.95
2007-11-30,10.89
2007-11-29,11.0
2007-11-28,11.15
2007-11-27,11.15
2007-11-26,11.3
2007-11-23,11.5
2007-11-22,11.0
2007-11-21,10.8
2007-11-20,11.0
2007-11-19,11.21
2007-11-16,11.0
2007-11-15,11.0
2007-11-14,10.8
2007-11-13,10.65
2007-11-12,10.75
2007-11-09,10.79
2007-11-08,11.1
2007-11-07,11.11
2007-11-06,10.85
2007-11-05,10.93
2007-11-02,11.0
2007-11-01,10.9
2007-10-31,10.9
2007-10-30,11.0
2007-10-29,10.51
2007-10-26,11.04
2007-10-25,11.0
2007-10-24,11.01
2007-10-23,11.11
2007-10-22,11.0
2007-10-19,11.35
2007-10-18,11.4
2007-10-17,11.62
2007-10-16,11.56
2007-10-15,11.5
2007-10-12,11.5
2007-10-11,11.56
2007-10-10,11.5
2007-10-09,11.43
2007-10-08,11.49
2007-10-05,11.2
2007-10-04,10.95
2007-10-03,11.0
2007-10-02,11.0
2007-10-01,10.95
2007-09-28,11.0
2007-09-27,11.1
2007-09-26,10.9
2007-09-25,10.93
2007-09-24,10.93
2007-09-21,11.01
2007-09-20,10.91
2007-09-19,10.93
2007-09-18,10.85
2007-09-17,10.95
2007-09-14,11.0
2007-09-13,11.0
2007-09-12,11.05
2007-09-11,11.0
2007-09-10,11.0
2007-09-07,11.01
2007-09-06,11.15
2007-09-05,11.05
2007-09-04,10.98
2007-09-03,10.97
2007-08-31,11.0
2007-08-30,10.8
2007-08-29,10.6
2007-08-28,10.6
2007-08-27,10.75
2007-08-24,10.58
2007-08-23,10.45
2007-08-22,10.37
2007-08-21,10.33
2007-08-20,10.6
2007-08-17,10.62
2007-08-16,10.75
2007-08-15,11.45
2007-08-14,11.47
2007-08-13,11.59
2007-08-10,11.25
2007-08-09,11.33
2007-08-08,11.35
2007-08-07,11.3
2007-08-06,11.41
2007-08-03,11.5
2007-08-02,11.57
2007-08-01,11.59
2007-07-31,11.08
2007-07-30,11.07
2007-07-27,11.07
2007-07-26,11.25
2007-07-25,11.4
2007-07-24,11.45
2007-07-23,11.55
2007-07-20,11.49
2007-07-19,11.45
2007-07-18,11.42
2007-07-17,11.35
2007-07-16,11.42
2007-07-13,11.5
2007-07-12,11.2
2007-07-11,11.33
2007-07-10,11.35
2007-07-09,11.4
2007-07-06,11.43
2007-07-05,11.5
2007-07-04,11.49
2007-07-03,11.47
2007-07-02,11.3
2007-06-29,11.43
2007-06-28,11.15
2007-06-27,11.38
2007-06-26,11.49
2007-06-25,11.44
2007-06-22,11.54
2007-06-21,11.52
2007-06-20,11.5
2007-06-19,11.54
2007-06-18,11.49
2007-06-15,11.45
2007-06-14,11.45
2007-06-13,11.34
2007-06-12,11.29
2007-06-11,11.25
2007-06-08,11.2
2007-06-07,11.17
2007-06-06,11.1
2007-06-05,11.1
2007-06-04,11.01
2007-06-01,10.96
2007-05-31,10.96
2007-05-30,10.98
2007-05-29,10.95
2007-05-28,10.92
2007-05-25,10.88
2007-05-24,10.83
2007-05-23,10.88
2007-05-22,10.72
2007-05-21,10.6
2007-05-18,10.5
2007-05-17,10.5
2007-05-16,10.47
2007-05-15,10.46
2007-05-14,10.52
2007-05-11,10.7
2007-05-10,10.82
2007-05-09,10.81
2007-05-08,10.68
2007-05-07,10.7
2007-05-04,10.74
2007-05-03,10.75
2007-05-02,10.66
2007-05-01,10.65
2007-04-30,10.65
2007-04-27,10.57
2007-04-26,10.57
2007-04-25,10.55
2007-04-24,10.55
2007-04-23,10.55
2007-04-20,10.55
2007-04-19,10.55
2007-04-18,10.55
2007-04-17,10.49
2007-04-16,10.3
2007-04-13,10.32
2007-04-12,10.33
2007-04-11,10.35
2007-04-10,10.43
2007-04-09,10.37
2007-04-06,10.37
2007-04-05,10.37
2007-04-04,10.4
2007-04-03,10.38
2007-04-02,10.3
2007-03-30,10.4
2007-03-29,10.4
2007-03-28,10.25
2007-03-27,10.33
2007-03-26,10.35
2007-03-23,10.4
2007-03-22,10.5
2007-03-21,10.5
2007-03-20,10.3
2007-03-19,10.18
2007-03-16,10.19
2007-03-15,10.19
2007-03-14,10.2
2007-03-13,10.4
2007-03-12,10.45
2007-03-09,10.52
2007-03-08,10.53
2007-03-07,10.55
2007-03-06,10.64
2007-03-05,10.54
2007-03-02,10.75
2007-03-01,10.85
2007-02-28,10.75
2007-02-27,10.77
2007-02-26,10.9
2007-02-23,10.91
2007-02-22,10.99
2007-02-21,10.91
2007-02-20,10.79
2007-02-19,10.73
2007-02-16,10.59
2007-02-15,10.57
2007-02-14,10.51
2007-02-13,10.5
2007-02-12,10.39
2007-02-09,10.38
2007-02-08,10.38
2007-02-07,10.35
2007-02-06,10.25
2007-02-05,10.18
2007-02-02,10.2
2007-02-01,10.15
2007-01-31,10.0
2007-01-30,10.1
2007-01-29,10.15
2007-01-26,10.1
2007-01-25,10.1
2007-01-24,10.2
2007-01-23,10.21
2007-01-22,10.4
2007-01-19,10.22
2007-01-18,10.0
2007-01-17,9.8
2007-01-16,9.7
2007-01-15,9.72
2007-01-12,9.72
2007-01-11,9.7
2007-01-10,9.7
2007-01-09,9.7
2007-01-08,9.68
2007-01-05,9.74
2007-01-04,9.75
2007-01-03,9.71
2007-01-02,9.75
2007-01-01,9.75
2006-12-29,9.75
2006-12-28,9.69
2006-12-27,9.69
2006-12-26,9.74
2006-12-25,9.74
2006-12-22,9.74
2006-12-21,9.73
2006-12-20,9.78
2006-12-19,9.7
2006-12-18,9.78
2006-12-15,9.74
2006-12-14,9.76
2006-12-13,9.77
2006-12-12,9.72
2006-12-11,9.74
2006-12-08,9.67
2006-12-07,9.72
2006-12-06,9.72
2006-12-05,9.69
2006-12-04,9.69
2006-12-01,9.72
2006-11-30,9.73
2006-11-29,9.65
2006-11-28,9.66
2006-11-27,9.67
2006-11-24,9.58
2006-11-23,9.66
2006-11-22,9.68
2006-11-21,9.68
2006-11-20,9.68
2006-11-17,9.7
2006-11-16,9.66
2006-11-15,9.65
2006-11-14,9.66
2006-11-13,9.65
2006-11-10,9.66
2006-11-09,9.68
2006-11-08,9.7
2006-11-07,9.68
2006-11-06,9.64
2006-11-03,9.66
2006-11-02,9.63
2006-11-01,9.66
2006-10-31,9.66
2006-10-30,9.57
2006-10-27,9.63
2006-10-26,9.64
2006-10-25,9.64
2006-10-24,9.58
2006-10-23,9.52
2006-10-20,9.5
2006-10-19,9.52
2006-10-18,9.49
2006-10-17,9.51
2006-10-16,9.49
2006-10-13,9.45
2006-10-12,9.5
2006-10-11,9.46
2006-10-10,9.53
2006-10-09,9.44
2006-10-06,9.45
2006-10-05,9.43
2006-10-04,9.47
2006-10-03,9.47
2006-10-02,9.43
2006-09-29,9.47
2006-09-28,9.43
2006-09-27,9.4
2006-09-26,9.39
2006-09-25,9.49
2006-09-22,9.51
2006-09-21,9.5
2006-09-20,9.5
2006-09-19,9.47
2006-09-18,9.48
2006-09-15,9.45
2006-09-14,9.45
2006-09-13,9.45
2006-09-12,9.49
2006-09-11,9.48
2006-09-08,9.48
2006-09-07,9.46
2006-09-06,9.48
2006-09-05,9.46
2006-09-04,9.45
2006-09-01,9.45
2006-08-31,9.4
2006-08-30,9.4
2006-08-29,9.4
2006-08-28,9.39
2006-08-25,9.39
2006-08-24,9.3
2006-08-23,9.17
2006-08-22,9.05
2006-08-21,9.13
2006-08-18,8.99
2006-08-17,8.98
2006-08-16,8.96
2006-08-15,8.96
2006-08-14,8.88
2006-08-11,8.96
2006-08-10,8.97
2006-08-09,9.0
2006-08-08,8.9
2006-08-07,8.8
2006-08-04,8.77
2006-08-03,8.77
2006-08-02,8.8
2006-08-01,8.8
2006-07-31,8.77
2006-07-28,8.8
2006-07-27,8.8
2006-07-26,8.8
2006-07-25,8.8
2006-07-24,8.92
2006-07-21,8.25
2006-07-20,8.25
2006-07-19,8.05
2006-07-18,8.05
2006-07-17,7.8
2006-07-14,7.96
2006-07-13,7.99
2006-07-12,8.02
2006-07-11,8.03
2006-07-10,8.03
2006-07-07,8.0
2006-07-06,8.0
2006-07-05,7.99
2006-07-04,8.04
2006-07-03,8.04
2006-06-30,8.04
2006-06-29,8.04
2006-06-28,8.04
2006-06-27,7.98
2006-06-26,8.0
2006-06-23,8.1
2006-06-22,7.91
2006-06-21,7.91
2006-06-20,7.92
2006-06-19,7.92
2006-06-16,7.94
2006-06-15,7.94
2006-06-14,7.94
2006-06-13,8.02
2006-06-12,8.03
2006-06-09,8.03
2006-06-08,8.0
2006-06-07,7.99
2006-06-06,8.0
2006-06-05,8.03
2006-06-02,8.03
2006-06-01,8.15
2006-05-31,8.09
2006-05-30,8.0
2006-05-29,8.05
2006-05-26,8.15
2006-05-25,8.0
2006-05-24,8.19
2006-05-23,8.08
2006-05-22,8.1
2006-05-19,8.2
2006-05-18,8.29
2006-05-17,8.37
2006-05-16,8.5
2006-05-15,8.32
2006-05-12,8.5
2006-05-11,8.43
2006-05-10,8.44
2006-05-09,8.5
2006-05-08,8.3
2006-05-05,8.19
2006-05-04,8.3
2006-05-03,8.28
2006-05-02,8.19
2006-04-28,8.2
2006-04-27,8.4
2006-04-26,8.49
2006-04-25,8.41
2006-04-24,8.39
2006-04-21,7.9
2006-04-20,7.95
2006-04-19,7.95
2006-04-18,7.95
2006-04-17,7.7
2006-04-14,7.7
2006-04-13,7.7
2006-04-12,7.95
2006-04-11,7.99
2006-04-10,7.99
2006-04-07,7.99
2006-04-06,8.0
2006-04-05,7.74
2006-04-04,7.72
2006-04-03,7.6
2006-03-31,7.5
2006-03-30,7.5
2006-03-29,7.53
2006-03-28,7.5
2006-03-27,7.5
2006-03-24,7.5
2006-03-23,7.35
2006-03-22,7.21
2006-03-21,7.21
2006-03-20,7.21
2006-03-17,7.25
2006-03-16,7.21
2006-03-15,7.15
2006-03-14,7.15
2006-03-13,7.15
2006-03-10,7.15
2006-03-09,7.05
2006-03-08,7.05
2006-03-07,7.0
2006-03-06,6.95
2006-03-03,6.97
2006-03-02,6.97
2006-03-01,6.99
2006-02-28,6.99
2006-02-27,7.0
2006-02-24,7.0
2006-02-23,7.0
2006-02-22,7.0
2006-02-21,7.0
2006-02-20,7.0
2006-02-17,6.75
2006-02-16,6.79
2006-02-15,6.79
2006-02-14,6.79
2006-02-13,6.75
2006-02-10,6.79
2006-02-09,6.76
2006-02-08,6.76
2006-02-07,6.6
2006-02-06,6.67
2006-02-03,6.6
2006-02-02,6.49
2006-02-01,6.44
2006-01-31,6.44
2006-01-30,6.43
2006-01-27,6.35
2006-01-26,6.3
2006-01-25,6.25
2006-01-24,6.15
2006-01-23,6.09
2006-01-20,6.2
2006-01-19,6.14
2006-01-18,6.14
2006-01-17,6.19
2006-01-16,6.18
2006-01-13,6.16
2006-01-12,6.15
2006-01-11,6.12
2006-01-10,6.06
2006-01-09,6.1
2006-01-06,6.07
2006-01-05,6.08
2006-01-04,6.08
2006-01-03,6.0
2006-01-02,6.07
2005-12-30,6.0
2005-12-29,6.06
2005-12-28,6.1
2005-12-27,6.14
2005-12-26,6.1
2005-12-23,6.1
2005-12-22,6.17
2005-12-21,6.16
2005-12-20,6.15
2005-12-19,6.01
2005-12-16,6.0
2005-12-15,6.2
2005-12-14,5.95
2005-12-13,5.95
2005-12-12,5.88
2005-12-09,5.96
2005-12-08,5.9
2005-12-07,6.0
2005-12-06,6.0
2005-12-05,6.0
2005-12-02,6.0
2005-12-01,5.95
2005-11-30,5.96
2005-11-29,5.97
2005-11-28,5.96
2005-11-25,5.96
2005-11-24,5.96
2005-11-23,5.96
2005-11-22,5.96
2005-11-21,5.97
2005-11-18,5.95
2005-11-17,5.95
2005-11-16,5.95
2005-11-15,5.95
2005-11-14,5.93
2005-11-11,5.94
2005-11-10,5.95
2005-11-09,5.94
2005-11-08,5.94
2005-11-07,5.93
2005-11-04,5.96
2005-11-03,5.95
2005-11-02,5.94
2005-11-01,5.95
2005-10-31,5.95
2005-10-28,5.95
2005-10-27,5.96
2005-10-26,5.96
2005-10-25,5.96
2005-10-24,5.95
2005-10-21,5.94
2005-10-20,5.97
2005-10-19,5.92
2005-10-18,5.5
2005-10-17,5.5
2005-10-14,5.4
2005-10-13,5.4
2005-10-12,5.4
2005-10-11,5.5
2005-10-10,5.4
2005-10-07,5.37
2005-10-06,5.37
2005-10-05,5.37
2005-10-04,5.4
2005-10-03,5.33
2005-09-30,5.4
2005-09-29,5.35
2005-09-28,5.35
2005-09-27,5.35
2005-09-26,5.35
2005-09-23,5.33
2005-09-22,5.33
2005-09-21,5.35
2005-09-20,5.33
2005-09-19,5.31
2005-09-16,5.3
2005-09-15,5.3
2005-09-14,5.3
2005-09-13,5.3
2005-09-12,5.32
2005-09-09,5.33
2005-09-08,5.4
2005-09-07,5.37
2005-09-06,5.4
2005-09-05,5.4
2005-09-02,5.4
2005-09-01,5.47
2005-08-31,5.35
2005-08-30,5.44
2005-08-29,5.32
2005-08-26,5.35
2005-08-25,5.4
2005-08-24,5.4
2005-08-23,5.41
2005-08-22,5.4
2005-08-19,5.45
2005-08-18,5.45
2005-08-17,5.48
2005-08-16,5.5
2005-08-15,5.51
2005-08-12,5.5
2005-08-11,5.6
2005-08-10,5.51
2005-08-09,5.43
2005-08-08,5.47
2005-08-05,5.47
2005-08-04,5.44
2005-08-03,5.44
2005-08-02,5.4
2005-08-01,5.39
2005-07-29,5.39
2005-07-28,5.39
2005-07-27,5.39
2005-07-26,5.38
2005-07-25,5.35
2005-07-22,5.35
2005-07-21,5.3
2005-07-20,5.3
2005-07-19,5.3
2005-07-18,5.3
2005-07-15,5.3
2005-07-14,5.3
2005-07-13,5.26
2005-07-12,5.25
2005-07-11,5.25
2005-07-08,5.25
2005-07-07,5.32
2005-07-06,5.26
2005-07-05,5.35
2005-07-04,5.35
2005-07-01,5.45
2005-06-30,5.36
2005-06-29,5.45
2005-06-28,5.5
2005-06-27,5.45
2005-06-24,5.4
2005-06-23,5.48
2005-06-22,5.41
2005-06-21,5.4
2005-06-20,5.41
2005-06-17,5.4
2005-06-16,5.4
2005-06-15,5.35
2005-06-14,5.35
2005-06-13,5.3
2005-06-10,5.27
2005-06-09,5.2
2005-06-08,5.18
2005-06-07,5.22
2005-06-06,5.25
2005-06-03,5.25
2005-06-02,5.25
2005-06-01,5.45
2005-05-31,5.3
2005-05-30,5.2
2005-05-27,5.3
2005-05-26,5.3
2005-05-25,5.35
2005-05-24,5.28
2005-05-23,5.3
2005-05-20,5.25
2005-05-19,5.3
2005-05-18,5.25
2005-05-17,5.2
2005-05-16,5.16
2005-05-13,5.16
2005-05-12,5.2
2005-05-11,5.18
2005-05-10,5.18
2005-05-09,5.28
2005-05-06,5.22
2005-05-05,5.2
2005-05-04,5.18
2005-05-03,5.12
2005-05-02,5.11
2005-04-29,5.11
2005-04-28,5.11
2005-04-27,5.2
2005-04-26,5.27
2005-04-25,5.27
2005-04-22,5.27
2005-04-21,5.27
2005-04-20,5.27
2005-04-19,5.2
2005-04-18,5.1
2005-04-15,5.16
2005-04-14,5.19
2005-04-13,5.19
2005-04-12,5.12
2005-04-11,5.12
2005-04-08,5.1
2005-04-07,5.13
2005-04-06,5.15
2005-04-05,5.1
2005-04-04,5.1
2005-04-01,5.2
2005-03-31,5.15
2005-03-30,5.16
2005-03-29,5.17
2005-03-28,5.15
2005-03-25,5.15
2005-03-24,5.15
2005-03-23,5.14
2005-03-22,5.19
2005-03-21,5.2
2005-03-18,5.2
2005-03-17,5.16
2005-03-16,5.15
2005-03-15,5.16
2005-03-14,5.22
2005-03-11,5.23
2005-03-10,5.27
2005-03-09,5.25
2005-03-08,5.25
2005-03-07,5.22
2005-03-04,5.26
2005-03-03,5.3
2005-03-02,5.25
2005-03-01,5.23
2005-02-28,5.22
2005-02-25,5.21
2005-02-24,5.25
2005-02-23,5.25
2005-02-22,5.27
2005-02-21,5.41
2005-02-18,5.53
2005-02-17,5.54
2005-02-16,5.58
2005-02-15,5.58
2005-02-14,5.58
2005-02-11,5.57
2005-02-10,5.6
2005-02-09,5.6
2005-02-08,5.5
2005-02-07,5.43
2005-02-04,5.53
2005-02-03,5.57
2005-02-02,5.5
2005-02-01,5.45
2005-01-31,5.29
2005-01-28,5.27
2005-01-27,5.27
2005-01-26,5.27
2005-01-25,5.28
2005-01-24,5.28
2005-01-21,5.16
2005-01-20,5.16
2005-01-19,5.03
2005-01-18,5.0
2005-01-17,5.0
2005-01-14,5.0
2005-01-13,5.0
2005-01-12,5.0
2005-01-11,4.96
2005-01-10,4.99
2005-01-07,4.91
2005-01-06,4.92
2005-01-05,4.91
2005-01-04,4.85
2005-01-03,4.9
2004-12-31,4.89
2004-12-30,4.94
2004-12-29,4.92
2004-12-28,4.75
2004-12-27,4.75
2004-12-24,4.75
2004-12-23,4.75
2004-12-22,4.75
2004-12-21,4.75
2004-12-20,4.77
2004-12-17,4.75
2004-12-16,4.78
2004-12-15,4.67
2004-12-14,4.66
2004-12-13,4.67
2004-12-10,4.68
2004-12-09,4.7
2004-12-08,4.7
2004-12-07,4.76
2004-12-06,4.78
2004-12-03,4.78
2004-12-02,4.64
2004-12-01,4.64
2004-11-30,4.65
2004-11-29,4.73
2004-11-26,4.71
2004-11-25,4.7
2004-11-24,4.68
2004-11-23,4.68
2004-11-22,4.57
2004-11-19,4.64
2004-11-18,4.55
2004-11-17,4.55
2004-11-16,4.58
2004-11-15,4.65
2004-11-12,4.64
2004-11-11,4.66
2004-11-10,4.7
2004-11-09,4.6
2004-11-08,4.55
2004-11-05,4.55
2004-11-04,4.5
2004-11-03,4.5
2004-11-02,4.5
2004-11-01,4.5
2004-10-29,4.5
2004-10-28,4.5
2004-10-27,4.5
2004-10-26,4.45
2004-10-25,4.44
2004-10-22,4.5
2004-10-21,4.5
2004-10-20,4.5
2004-10-19,4.5
2004-10-18,4.44
2004-10-15,4.4
2004-10-14,4.4
2004-10-13,4.4
2004-10-12,4.39
2004-10-11,4.4
2004-10-08,4.4
2004-10-07,4.4
2004-10-06,4.4
2004-10-05,4.4
2004-10-04,4.43
2004-10-01,4.47
2004-09-30,4.44
2004-09-29,4.38
2004-09-28,4.38
2004-09-27,4.34
2004-09-24,4.38
2004-09-23,4.39
2004-09-22,4.35
2004-09-21,4.4
2004-09-20,4.35
2004-09-17,4.35
2004-09-16,4.34
2004-09-15,4.3
2004-09-14,4.34
2004-09-13,4.31
2004-09-10,4.3
2004-09-09,4.31
2004-09-08,4.29
2004-09-07,4.31
2004-09-06,4.3
2004-09-03,4.3
2004-09-02,4.35
2004-09-01,4.3
2004-08-31,4.31
2004-08-30,4.29
2004-08-27,4.29
2004-08-26,4.29
2004-08-25,4.27
2004-08-24,4.25
2004-08-23,4.26
2004-08-20,4.25
2004-08-19,4.22
2004-08-18,4.24
2004-08-17,4.2
2004-08-16,4.2
2004-08-13,4.19
2004-08-12,4.2
2004-08-11,4.19
2004-08-10,4.19
2004-08-09,4.2
2004-08-06,4.23
2004-08-05,4.25
2004-08-04,4.28
2004-08-03,4.28
2004-08-02,4.28
2004-07-30,4.3
2004-07-29,4.3
2004-07-28,4.39
2004-07-27,4.36
2004-07-26,4.4
2004-07-23,4.37
2004-07-22,4.35
2004-07-21,4.39
2004-07-20,4.38
2004-07-19,4.37
2004-07-16,4.4
2004-07-15,4.4
2004-07-14,4.39
2004-07-13,4.39
2004-07-12,4.45
2004-07-09,4.4
2004-07-08,4.35
2004-07-07,4.45
2004-07-06,4.5
2004-07-05,4.5
2004-07-02,4.59
2004-07-01,4.5
2004-06-30,4.5
2004-06-29,4.47
2004-06-28,4.52
2004-06-25,4.5
2004-06-24,4.52
2004-06-23,4.52
2004-06-22,4.49
2004-06-21,4.53
2004-06-18,4.45
2004-06-17,4.5
2004-06-16,4.5
2004-06-15,4.51
2004-06-14,4.5
2004-06-11,4.5
2004-06-10,4.44
2004-06-09,4.5
2004-06-08,4.5
2004-06-07,4.5
2004-06-04,4.5
2004-06-03,4.48
2004-06-02,4.47
2004-06-01,4.45
2004-05-31,4.49
2004-05-28,4.49
2004-05-27,4.5
2004-05-26,4.44
2004-05-25,4.42
2004-05-24,4.44
2004-05-21,4.41
2004-05-20,4.4
2004-05-19,4.36
2004-05-18,4.37
2004-05-17,4.34
2004-05-14,4.45
2004-05-13,4.5
2004-05-12,4.5
2004-05-11,4.43
2004-05-10,4.5
2004-05-07,4.52
2004-05-06,4.46
2004-05-05,4.46
2004-05-04,4.5
2004-05-03,4.47
2004-04-30,4.4
2004-04-29,4.49
2004-04-28,4.51
2004-04-27,4.5
2004-04-26,4.52
2004-04-23,4.47
2004-04-22,4.46
2004-04-21,4.46
2004-04-20,4.44
2004-04-19,4.45
2004-04-16,4.45
2004-04-15,4.4
2004-04-14,4.45
2004-04-13,4.45
2004-04-12,4.45
2004-04-09,4.45
2004-04-08,4.45
2004-04-07,4.45
2004-04-06,4.4
2004-04-05,4.39
2004-04-02,4.38
2004-04-01,4.39
2004-03-31,4.34
2004-03-30,4.35
2004-03-29,4.25
2004-03-26,4.34
2004-03-25,4.24
2004-03-24,4.24
2004-03-23,4.28
2004-03-22,4.29
2004-03-19,4.35
2004-03-18,4.35
2004-03-17,4.33
2004-03-16,4.35
2004-03-15,4.41
2004-03-12,4.5
2004-03-11,4.5
2004-03-10,4.6
2004-03-09,4.65
2004-03-08,4.64
2004-03-05,4.56
2004-03-04,4.52
2004-03-03,4.54
2004-03-02,4.54
2004-03-01,4.41
2004-02-27,4.48
2004-02-26,4.5
2004-02-25,4.49
2004-02-24,4.48
2004-02-23,4.51
2004-02-20,4.45
2004-02-19,4.5
2004-02-18,4.5
2004-02-17,4.49
2004-02-16,4.49
2004-02-13,4.46
2004-02-12,4.49
2004-02-11,4.5
2004-02-10,4.5
2004-02-09,4.49
2004-02-06,4.5
2004-02-05,4.53
2004-02-04,4.5
2004-02-03,4.53
2004-02-02,4.53
2004-01-30,4.55
2004-01-29,4.59
2004-01-28,4.59
2004-01-27,4.58
2004-01-26,4.54
2004-01-23,4.59
2004-01-22,4.51
2004-01-21,4.49
2004-01-20,4.49
2004-01-19,4.5
2004-01-16,4.48
2004-01-15,4.48
2004-01-14,4.45
2004-01-13,4.45
2004-01-12,4.3
2004-01-09,4.15
2004-01-08,4.0
2004-01-07,3.98
2004-01-06,3.94
2004-01-05,3.91
2004-01-02,3.96
2004-01-01,3.91
2003-12-31,3.91
2003-12-30,3.98
2003-12-29,3.85
2003-12-26,3.93
2003-12-25,3.93
2003-12-24,3.93
2003-12-23,3.9
2003-12-22,3.93
2003-12-19,3.95
2003-12-18,3.95
2003-12-17,3.93
2003-12-16,3.95
2003-12-15,3.95
2003-12-12,3.95
2003-12-11,3.95
2003-12-10,3.94
2003-12-09,3.92
2003-12-08,3.94
2003-12-05,3.9
2003-12-04,3.95
2003-12-03,3.95
2003-12-02,3.9
2003-12-01,3.89
2003-11-28,3.88
2003-11-27,3.9
2003-11-26,3.9
2003-11-25,3.88
2003-11-24,3.83
2003-11-21,3.89
2003-11-20,3.92
2003-11-19,3.93
2003-11-18,3.94
2003-11-17,3.87
2003-11-14,3.9
2003-11-13,3.9
2003-11-12,3.79
2003-11-11,3.75
2003-11-10,3.75
2003-11-07,3.65
2003-11-06,3.66
2003-11-05,3.67
2003-11-04,3.65
2003-11-03,3.62
2003-10-31,3.58
2003-10-30,3.6
2003-10-29,3.6
2003-10-28,3.6
2003-10-27,3.6
2003-10-24,3.58
2003-10-23,3.58
2003-10-22,3.55
2003-10-21,3.57
2003-10-20,3.54
2003-10-17,3.55
2003-10-16,3.62
2003-10-15,3.6
2003-10-14,3.63
2003-10-13,3.63
2003-10-10,3.6
2003-10-09,3.62
2003-10-08,3.62
2003-10-07,3.6
2003-10-06,3.59
2003-10-03,3.57
2003-10-02,3.6
2003-10-01,3.7
2003-09-30,3.75
2003-09-29,3.75
2003-09-26,3.74
2003-09-25,3.72
2003-09-24,3.76
2003-09-23,3.77
2003-09-22,3.8
2003-09-19,3.8
2003-09-18,3.78
2003-09-17,3.8
2003-09-16,3.77
2003-09-15,3.8
2003-09-12,3.8
2003-09-11,3.78
2003-09-10,3.82
2003-09-09,3.83
2003-09-08,3.84
2003-09-05,3.84
2003-09-04,3.81
2003-09-03,3.68
2003-09-02,3.77
2003-09-01,3.75
2003-08-29,3.72
2003-08-28,3.72
2003-08-27,3.67
2003-08-26,3.63
2003-08-25,3.65
2003-08-22,3.62
2003-08-21,3.65
2003-08-20,3.62
2003-08-19,3.6
2003-08-18,3.6
2003-08-15,3.59
2003-08-14,3.58
2003-08-13,3.57
2003-08-12,3.54
2003-08-11,3.54
2003-08-08,3.51
2003-08-07,3.49
2003-08-06,3.5
2003-08-05,3.51
2003-08-04,3.5
2003-08-01,3.49
2003-07-31,3.49
2003-07-30,3.49
2003-07-29,3.49
2003-07-28,3.45
2003-07-25,3.46
2003-07-24,3.46
2003-07-23,3.46
2003-07-22,3.43
2003-07-21,3.45
2003-07-18,3.48
2003-07-17,3.52
2003-07-16,3.5
2003-07-15,3.52
2003-07-14,3.54
2003-07-11,3.45
2003-07-10,3.45
2003-07-09,3.49
2003-07-08,3.5
2003-07-07,3.53
2003-07-04,3.48
2003-07-03,3.49
2003-07-02,3.5
2003-07-01,3.5
2003-06-30,3.52
2003-06-27,3.57
2003-06-26,3.5
2003-06-25,3.5
2003-06-24,3.5
2003-06-23,3.47
2003-06-20,3.42
2003-06-19,3.37
2003-06-18,3.37
2003-06-17,3.39
2003-06-16,3.37
2003-06-13,3.37
2003-06-12,3.4
2003-06-11,3.36
2003-06-10,3.4
2003-06-09,3.4
2003-06-06,3.4
2003-06-05,3.38
2003-06-04,3.4
2003-06-03,3.4
2003-06-02,3.39
2003-05-30,3.38
2003-05-29,3.35
2003-05-28,3.41
2003-05-27,3.41
2003-05-26,3.42
2003-05-23,3.44
2003-05-22,3.44
2003-05-21,3.46
2003-05-20,3.49
2003-05-19,3.49
2003-05-16,3.49
2003-05-15,3.51
2003-05-14,3.51
2003-05-13,3.51
2003-05-12,3.53
2003-05-09,3.52
2003-05-08,3.43
2003-05-07,3.48
2003-05-06,3.48
2003-05-05,3.49
2003-05-02,3.5
2003-04-30,3.5
2003-04-29,3.46
2003-04-28,3.46
2003-04-25,3.41
2003-04-24,3.4
2003-04-23,3.45
2003-04-22,3.46
2003-04-17,3.48
2003-04-16,3.48
2003-04-15,3.5
2003-04-14,3.45
2003-04-11,3.5
2003-04-10,3.25
2003-04-09,3.48
2003-04-08,3.35
2003-04-07,3.35
2003-04-04,3.37
2003-04-03,3.35
2003-04-02,3.29
2003-04-01,3.29
2003-03-31,3.27
2003-03-28,3.11
2003-03-27,3.11
2003-03-26,3.2
2003-03-25,3.23
2003-03-24,3.22
2003-03-21,3.11
2003-03-20,3.23
2003-03-19,3.23
2003-03-18,3.23
2003-03-17,3.24
2003-03-14,3.24
2003-03-13,3.18
2003-03-12,3.12
2003-03-11,3.13
2003-03-10,3.18
2003-03-07,3.17
2003-03-06,3.17
2003-03-05,3.2
2003-03-04,3.25
2003-03-03,3.2
2003-02-28,3.25
2003-02-27,3.26
2003-02-26,3.29
2003-02-25,3.3
2003-02-24,3.34
2003-02-21,3.35
2003-02-20,3.35
2003-02-19,3.37
2003-02-18,3.37
2003-02-17,3.38
2003-02-14,3.38
2003-02-13,3.38
2003-02-12,3.39
2003-02-11,3.4
2003-02-10,3.4
2003-02-07,3.42
2003-02-06,3.45
2003-02-05,3.46
2003-02-04,3.45
2003-02-03,3.45
2003-01-31,3.4
2003-01-30,3.42
2003-01-29,3.4
2003-01-28,3.44
2003-01-27,3.46
2003-01-24,3.48
2003-01-23,3.5
2003-01-22,3.5
2003-01-21,3.5
2003-01-20,3.5
2003-01-17,3.5
2003-01-16,3.53
2003-01-15,3.56
2003-01-14,3.54
2003-01-13,3.5
2003-01-10,3.47
2003-01-09,3.49
2003-01-08,3.43
2003-01-07,3.45
2003-01-06,3.48
2003-01-03,3.5
2003-01-02,3.49
2002-12-31,3.5
2002-12-30,3.57
2002-12-27,3.5
2002-12-23,3.59
2002-12-20,3.58
2002-12-19,3.52
2002-12-18,3.58
2002-12-17,3.6
2002-12-16,3.59
2002-12-13,3.38
2002-12-12,3.18
2002-12-11,3.14
2002-12-10,3.05
2002-12-09,3.05
2002-12-06,3.05
2002-12-05,3.12
2002-12-04,3.05
2002-12-03,3.09
2002-12-02,3.05
2002-11-29,3.02
2002-11-28,3.08
2002-11-27,3.07
2002-11-26,3.07
2002-11-25,3.11
2002-11-22,3.1
2002-11-21,3.09
2002-11-20,3.12
2002-11-19,3.13
2002-11-18,3.18
2002-11-15,3.1
2002-11-14,3.07
2002-11-13,3.1
2002-11-12,3.05
2002-11-11,3.05
2002-11-08,3.0
2002-11-07,3.0
2002-11-06,3.05
2002-11-05,3.0
2002-11-04,3.02
2002-10-31,3.04
2002-10-30,3.07
2002-10-29,3.04
2002-10-28,3.09
2002-10-25,3.08
2002-10-24,3.08
2002-10-23,3.1
2002-10-22,3.1
2002-10-21,3.05
2002-10-18,3.09
2002-10-17,3.09
2002-10-16,3.0
2002-10-15,2.98
2002-10-14,3.0
2002-10-11,3.0
2002-10-10,2.95
2002-10-09,2.9
2002-10-08,2.92
2002-10-07,2.99
2002-10-04,3.03
2002-10-03,2.99
2002-10-02,2.9
2002-10-01,2.89
2002-09-30,2.9
2002-09-27,2.75
2002-09-26,2.7
2002-09-25,2.7
2002-09-24,2.7
2002-09-23,2.76
2002-09-20,2.77
2002-09-19,2.83
2002-09-18,2.86
2002-09-17,2.86
2002-09-16,2.9
2002-09-13,2.94
2002-09-12,2.96
2002-09-11,2.98
2002-09-10,2.97
2002-09-09,2.99
2002-09-06,3.0
2002-09-05,2.96
2002-09-04,2.99
2002-09-03,3.0
2002-09-02,3.02
2002-08-30,2.96
2002-08-29,3.0
2002-08-28,2.97
2002-08-27,3.0
2002-08-26,3.05
2002-08-23,3.05
2002-08-22,3.0
2002-08-21,3.0
2002-08-20,3.03
2002-08-19,3.02
2002-08-16,3.04
2002-08-14,3.0
2002-08-13,3.04
2002-08-12,3.05
2002-08-09,3.04
2002-08-08,3.0
2002-08-07,3.03
2002-08-06,3.05
2002-08-05,3.0
2002-08-02,3.08
2002-08-01,3.0
2002-07-31,3.0
2002-07-30,3.0
2002-07-29,3.0
2002-07-26,3.0
2002-07-25,3.0
2002-07-24,3.08
2002-07-23,3.1
2002-07-22,3.15
2002-07-19,3.3
2002-07-18,3.3
2002-07-17,3.31
2002-07-16,3.39
2002-07-15,3.37
2002-07-11,3.45
2002-07-10,3.48
2002-07-09,3.48
2002-07-08,3.48
2002-07-05,3.5
2002-07-04,3.5
2002-07-03,3.48
2002-07-02,3.47
2002-07-01,3.5
2002-06-28,3.56
2002-06-27,3.5
2002-06-26,3.57
2002-06-25,3.56
2002-06-24,3.55
2002-06-21,3.51
2002-06-20,3.52
2002-06-19,3.54
2002-06-18,3.56
2002-06-17,3.5
2002-06-14,3.56
2002-06-13,3.6
2002-06-12,3.56
2002-06-11,3.65
2002-06-07,3.65
2002-06-06,3.7
2002-06-05,3.7
2002-06-04,3.6
2002-06-03,3.6
2002-05-31,3.6
2002-05-29,3.55
2002-05-28,3.55
2002-05-27,3.56
2002-05-24,3.6
2002-05-23,3.55
2002-05-22,3.56
2002-05-21,3.55
2002-05-20,3.54
2002-05-17,3.59
2002-05-16,3.6
2002-05-15,3.62
2002-05-14,3.55
2002-05-13,3.58
2002-05-10,3.58
2002-05-09,3.55
2002-05-08,3.6
2002-05-07,3.58
2002-05-06,3.59
2002-05-03,3.59
2002-05-02,3.54
2002-04-30,3.6
2002-04-29,3.63
2002-04-26,3.63
2002-04-24,3.64
2002-04-23,3.6
2002-04-22,3.62
2002-04-19,3.65
2002-04-18,3.66
2002-04-17,3.66
2002-04-16,3.7
2002-04-15,3.7
2002-04-12,3.69
2002-04-11,3.65
2002-04-10,3.65
2002-04-09,3.66
2002-04-08,3.65
2002-04-05,3.65
2002-04-04,3.65
2002-04-03,3.65
2002-04-02,3.65
2002-03-27,3.67
2002-03-26,3.62
2002-03-25,3.66
2002-03-22,3.7
2002-03-21,3.64
2002-03-20,3.66
2002-03-19,3.67
2002-03-18,3.66
2002-03-15,3.66
2002-03-14,3.63
2002-03-13,3.63
2002-03-12,3.63
2002-03-11,3.61
2002-03-08,3.64
2002-03-07,3.6
2002-03-06,3.6
2002-03-05,3.6
2002-03-04,3.61
2002-03-01,3.6
2002-02-28,3.59
2002-02-27,3.62
2002-02-26,3.64
2002-02-25,3.59
2002-02-22,3.56
2002-02-21,3.6
2002-02-20,3.56
2002-02-19,3.6
2002-02-18,3.62
2002-02-15,3.6
2002-02-14,3.59
2002-02-13,3.6
2002-02-11,3.63
2002-02-08,3.65
2002-02-07,3.65
2002-02-06,3.55
2002-02-05,3.6
2002-02-04,3.68
2002-02-01,3.76
2002-01-31,3.71
2002-01-30,3.61
2002-01-29,3.6
2002-01-28,3.61
2002-01-25,3.65
2002-01-24,3.65
2002-01-23,3.64
2002-01-22,3.66
2002-01-21,3.66
2002-01-18,3.64
2002-01-17,3.65
2002-01-16,3.63
2002-01-15,3.5
2002-01-14,3.45
2002-01-11,3.55
2002-01-10,3.59
2002-01-09,3.59
2002-01-08,3.59
2002-01-07,3.65
2002-01-04,3.65
2002-01-03,3.64
2002-01-02,3.65
2001-12-28,3.75
2001-12-27,3.69
2001-12-21,3.66
2001-12-20,3.62
2001-12-19,3.65
2001-12-18,3.5
2001-12-17,3.48
2001-12-14,3.5
2001-12-13,3.5
2001-12-12,3.55
2001-12-11,3.5
2001-12-10,3.6
2001-12-07,3.63
2001-12-06,3.65
2001-12-05,3.63
2001-12-04,3.63
2001-12-03,3.7
2001-11-30,3.81
2001-11-29,3.8
2001-11-28,3.78
2001-11-27,3.71
2001-11-26,3.77
2001-11-23,3.73
2001-11-22,3.81
2001-11-21,3.77
2001-11-20,3.86
2001-11-19,3.75
2001-11-16,3.75
2001-11-15,3.95
2001-11-14,3.95
2001-11-13,3.85
2001-11-12,3.8
2001-11-09,3.75
2001-11-08,3.85
2001-11-07,3.86
2001-11-06,3.9
2001-11-05,3.87
2001-11-02,3.9
2001-10-31,3.88
2001-10-30,3.62
2001-10-29,3.74
2001-10-25,3.64
2001-10-24,3.66
2001-10-23,3.71
2001-10-22,3.7
2001-10-19,3.7
2001-10-18,3.75
2001-10-17,3.68
2001-10-15,3.7
2001-10-12,3.7
2001-10-11,3.74
2001-10-10,3.5
2001-10-09,3.45
2001-10-08,3.39
2001-10-04,3.45
2001-10-03,3.47
2001-10-02,3.3
2001-10-01,3.26
2001-09-27,3.16
2001-09-26,3.18
2001-09-25,3.12
2001-09-24,3.16
2001-09-21,3.12
2001-09-20,3.21
2001-09-19,3.2
2001-09-18,3.16
2001-09-17,3.08
2001-09-14,3.08
2001-09-13,3.29
2001-09-12,3.15
2001-09-11,3.2
2001-09-10,3.44
2001-09-07,3.4
2001-09-06,3.47
2001-09-05,3.73
2001-09-04,3.8
2001-09-03,3.79
2001-08-31,3.8
2001-08-30,3.83
2001-08-29,3.71
2001-08-28,3.76
2001-08-27,3.67
2001-08-24,3.52
2001-08-23,3.53
2001-08-22,3.29
2001-08-21,3.3
2001-08-20,3.25
2001-08-17,3.35
2001-08-16,3.34
2001-08-14,3.4
2001-08-13,3.4
2001-08-10,3.35
2001-08-09,3.39
2001-08-08,3.4
2001-08-07,3.46
2001-08-06,3.42
2001-08-03,3.5
2001-08-02,3.36
2001-08-01,3.37
2001-07-31,3.55
2001-07-30,3.3
2001-07-27,3.21
2001-07-26,3.16
2001-07-25,3.19
2001-07-24,3.16
2001-07-23,3.1
2001-07-20,3.11
2001-07-19,3.1
2001-07-18,3.08
2001-07-17,3.05
2001-07-16,3.0
2001-07-12,2.96
2001-07-11,2.96
2001-07-10,3.0
2001-07-09,2.96
2001-07-06,3.07
2001-07-05,3.09
2001-07-04,3.07
2001-07-03,3.0
2001-07-02,3.1
2001-06-29,3.02
2001-06-28,3.1
2001-06-27,3.1
2001-06-26,3.08
2001-06-25,3.14
2001-06-22,3.13
2001-06-21,3.1
2001-06-20,3.04
2001-06-19,3.1
2001-06-18,3.11
2001-06-15,3.11
2001-06-13,3.01
2001-06-12,3.01
2001-06-11,3.14
2001-06-08,3.14
2001-06-07,3.08
2001-06-06,3.16
2001-06-05,3.1
2001-06-04,3.03
2001-06-01,3.2
2001-05-31,3.1
2001-05-30,3.26
2001-05-29,3.3
2001-05-28,3.3
2001-05-25,3.37
2001-05-24,3.41
2001-05-23,3.4
2001-05-22,3.34
2001-05-21,3.55
2001-05-18,3.55
2001-05-17,3.6
2001-05-16,3.56
2001-05-15,3.57
2001-05-14,3.65
2001-05-11,3.69
2001-05-10,3.69
2001-05-09,3.65
2001-05-08,3.72
2001-05-04,3.66
2001-05-03,3.61
2001-05-02,3.56
2001-04-30,3.44
2001-04-27,3.43
2001-04-26,3.31
2001-04-24,3.35
2001-04-23,3.36
2001-04-20,3.4
2001-04-19,3.45
2001-04-18,3.5
2001-04-17,3.43
2001-04-12,3.38
2001-04-11,3.37
2001-04-10,3.48
2001-04-09,3.4
2001-04-06,3.4
2001-04-05,3.32
2001-04-04,3.22
2001-04-03,3.22
2001-04-02,3.4
2001-03-30,3.6
2001-03-29,3.61
2001-03-28,3.7
2001-03-27,3.63
2001-03-26,3.71
2001-03-23,3.7
2001-03-22,3.68
2001-03-21,3.8
2001-03-20,4.0
2001-03-19,3.97
2001-03-16,3.9
2001-03-15,3.92
2001-03-13,3.85
2001-03-12,3.86
2001-03-09,3.8
2001-03-08,3.82
2001-03-07,3.93
2001-03-06,3.99
2001-03-05,3.95
2001-03-02,3.95
2001-03-01,3.93
2001-02-28,4.02
2001-02-26,4.0
2001-02-23,4.05
2001-02-22,4.0
2001-02-21,4.03
2001-02-20,4.02
2001-02-19,4.08
2001-02-16,4.0
2001-02-15,4.02
2001-02-14,3.98
2001-02-13,4.0
2001-02-12,4.04
2001-02-09,4.05
2001-02-08,4.11
2001-02-07,4.11
2001-02-06,4.2
2001-02-05,4.19
2001-02-02,4.12
2001-02-01,4.18
2001-01-31,4.03
2001-01-30,4.0
2001-01-29,4.0
2001-01-25,4.02
2001-01-23,4.1
2001-01-22,4.11
2001-01-19,4.22
2001-01-18,4.15
2001-01-17,4.11
2001-01-16,3.99
2001-01-15,3.98
2001-01-12,3.97
2001-01-11,4.0
2001-01-09,4.25
2001-01-08,4.25
2001-01-05,4.16
2001-01-04,4.28
2001-01-03,4.28
2001-01-02,4.2
2000-12-29,4.2
2000-12-28,4.35
2000-12-27,4.22
2000-12-22,4.22
2000-12-21,4.268
2000-12-20,4.3
2000-12-19,4.302
2000-12-18,4.419
2000-12-15,4.515
2000-12-14,4.539
2000-12-13,4.54
2000-12-12,4.55
2000-12-11,4.55
2000-12-07,4.553
2000-12-06,4.485
2000-12-05,4.341
2000-12-04,4.24
2000-11-30,4.2
2000-11-29,4.261
2000-11-28,4.298
2000-11-27,4.299
2000-11-24,4.264
2000-11-23,4.341
2000-11-22,4.283
2000-11-21,4.283
2000-11-20,4.306
2000-11-17,4.389
2000-11-16,4.36
2000-11-15,4.38
2000-11-14,4.4
2000-11-13,4.345
2000-11-10,4.448
2000-11-09,4.5
2000-11-08,4.499
2000-11-07,4.515
2000-11-06,4.451
2000-11-03,4.51
2000-11-02,4.46
2000-11-01,4.452
2000-10-31,4.452
2000-10-30,4.452
2000-10-27,4.502
2000-10-26,4.505
2000-10-25,4.506
2000-10-24,4.505
2000-10-23,4.525
2000-10-20,4.649
2000-10-19,4.579
2000-10-18,4.505
2000-10-17,4.649
2000-10-16,4.66
2000-10-13,4.66
2000-10-12,4.939
2000-10-11,4.88
2000-10-10,5.084
2000-10-09,5.094
2000-10-06,5.1
2000-10-05,5.147
2000-10-04,5.147
2000-10-03,5.147
2000-10-02,5.147
2000-09-29,5.1
2000-09-28,5.101
2000-09-27,5.101
2000-09-26,5.1
2000-09-25,5.045
2000-09-22,5.1
2000-09-21,5.15
2000-09-20,5.25
2000-09-19,5.1
2000-09-18,5.15
2000-09-15,5.129
2000-09-14,5.1
2000-09-13,5.098
2000-09-12,5.113
2000-09-11,5.1
2000-09-08,5.1
2000-09-07,5.08
2000-09-06,5.088
2000-09-05,5.145
2000-09-04,5.164
2000-09-01,5.069
2000-08-31,4.999
2000-08-30,4.944
2000-08-29,4.9
2000-08-28,4.871
2000-08-25,4.959
2000-08-24,4.85
2000-08-23,4.78
2000-08-22,4.797
2000-08-21,4.799
2000-08-18,4.799
2000-08-17,4.795
2000-08-16,4.8
2000-08-15,4.78
2000-08-14,4.78
2000-08-11,4.76
2000-08-10,4.8
2000-08-09,4.753
2000-08-08,4.75
2000-08-07,4.76
2000-08-04,4.745
2000-08-03,4.8
2000-08-02,4.84
2000-08-01,4.652
2000-07-31,4.636
2000-07-28,4.63
2000-07-27,4.572
2000-07-26,4.572
2000-07-25,4.584
2000-07-24,4.57
2000-07-21,4.57
2000-07-20,4.55
2000-07-19,4.58
2000-07-18,4.59
2000-07-17,4.598
2000-07-14,4.56
2000-07-13,4.45
2000-07-12,4.491
2000-07-11,4.56
2000-07-10,4.609
2000-07-07,4.7
2000-07-06,4.7
2000-07-05,4.701
2000-07-04,4.798
2000-07-03,4.8
2000-06-30,4.8
2000-06-29,4.847
2000-06-28,4.745
2000-06-27,4.7
2000-06-26,4.607
2000-06-23,4.842
2000-06-22,4.94
2000-06-21,4.94
2000-06-20,4.945
2000-06-19,4.999
2000-06-16,4.999
2000-06-15,5.02
2000-06-14,4.979
2000-06-13,4.854
2000-06-12,4.858
2000-06-09,4.784
2000-06-08,4.829
2000-06-07,4.8
2000-06-06,4.88
2000-06-05,4.9
2000-06-02,5.0
2000-06-01,5.05
2000-05-31,4.926
2000-05-30,4.9
2000-05-29,4.925
2000-05-26,4.825
2000-05-25,4.998
2000-05-24,4.89
2000-05-23,4.99
2000-05-22,5.0
2000-05-19,4.95
2000-05-18,5.189
2000-05-17,5.398
2000-05-16,5.385
2000-05-15,5.3
2000-05-12,5.45
2000-05-11,5.5
2000-05-10,5.537
2000-05-09,5.569
2000-05-08,5.569
2000-05-05,5.5
2000-05-04,5.649
2000-05-03,5.648
2000-05-02,5.6
2000-05-01,5.22
2000-04-28,5.22
2000-04-27,5.6
2000-04-26,5.701
2000-04-25,5.618
2000-04-24,5.618
2000-04-21,5.618
2000-04-20,5.618
2000-04-19,5.615
2000-04-18,5.61
2000-04-17,5.75
2000-04-14,6.15
2000-04-13,6.184
2000-04-12,6.1
2000-04-11,6.288
2000-04-10,6.5
2000-04-07,6.62
2000-04-06,6.55
2000-04-05,6.3
2000-04-04,6.491
2000-04-03,6.53
2000-03-31,6.402
2000-03-30,6.422
2000-03-29,6.7
2000-03-28,6.89
2000-03-27,6.749
2000-03-24,6.795
2000-03-23,6.589
2000-03-22,6.925
2000-03-21,6.97
2000-03-20,7.0
2000-03-17,6.95
2000-03-16,6.91
2000-03-15,6.905
2000-03-14,7.252
2000-03-13,7.26
2000-03-10,7.26
2000-03-09,7.15
2000-03-08,7.221
2000-03-07,7.7
2000-03-06,7.7
2000-03-03,7.232
2000-03-02,7.2
2000-03-01,6.749
2000-02-29,6.651
2000-02-28,6.799
2000-02-25,6.974
2000-02-24,6.548
2000-02-23,6.599
2000-02-22,6.62
2000-02-21,6.849
2000-02-18,6.966
2000-02-17,6.665
2000-02-16,6.061
2000-02-15,5.95
2000-02-14,5.93
2000-02-11,5.899
2000-02-10,5.78
2000-02-09,5.85
2000-02-08,5.83
2000-02-07,5.751
2000-02-04,5.9
2000-02-03,5.995
2000-02-02,6.085
2000-02-01,5.98
2000-01-31,5.7
2000-01-28,5.275
2000-01-27,5.275
2000-01-26,5.12
2000-01-25,5.166
2000-01-24,5.21
2000-01-21,5.2
2000-01-20,5.225
2000-01-19,5.18
2000-01-18,5.2
2000-01-17,5.21
2000-01-14,5.25
2000-01-13,5.3
2000-01-12,5.24
2000-01-11,5.39
2000-01-10,5.53
2000-01-07,5.433
2000-01-06,5.2
2000-01-05,5.195
2000-01-04,5.261
2000-01-03,5.55
