,ina:pl
2018-11-23,0.085
2018-11-22,0.087
2018-11-21,0.0888
2018-11-20,0.0886
2018-11-19,0.0936
2018-11-16,0.0998
2018-11-15,0.1
2018-11-14,0.098
2018-11-13,0.1
2018-11-12,0.0988
2018-11-09,0.095
2018-11-08,0.0984
2018-11-07,0.099
2018-11-06,0.0984
2018-11-05,0.0966
2018-11-02,0.102
2018-11-01,0.101
2018-10-31,0.105
2018-10-30,0.109
2018-10-29,0.1025
2018-10-26,0.099
2018-10-25,0.105
2018-10-24,0.12
2018-10-23,0.0968
2018-10-22,0.0982
2018-10-19,0.1015
2018-10-18,0.1035
2018-10-17,0.1
2018-10-16,0.0956
2018-10-15,0.0952
2018-10-12,0.0948
2018-10-11,0.095
2018-10-10,0.0948
2018-10-09,0.0998
2018-10-08,0.0998
2018-10-04,0.101
2018-10-03,0.099
2018-10-02,0.1005
2018-10-01,0.1
2018-09-28,0.0972
2018-09-27,0.1
2018-09-26,0.101
2018-09-25,0.101
2018-09-24,0.104
2018-09-21,0.1045
2018-09-20,0.104
2018-09-19,0.1025
2018-09-18,0.103
2018-09-17,0.103
2018-09-14,0.1045
2018-09-13,0.102
2018-09-12,0.0996
2018-09-11,0.113
2018-09-10,0.113
2018-09-07,0.114
2018-09-06,0.1145
2018-09-05,0.1135
2018-09-04,0.1135
2018-09-03,0.114
2018-08-31,0.1145
2018-08-29,0.1145
2018-08-28,0.115
2018-08-27,0.114
2018-08-24,0.1145
2018-08-23,0.1145
2018-08-22,0.114
2018-08-21,0.1135
2018-08-20,0.114
2018-08-17,0.1135
2018-08-16,0.1115
2018-08-15,0.109
2018-08-14,0.111
2018-08-13,0.11
2018-08-09,0.1145
2018-08-08,0.1155
2018-08-07,0.1155
2018-08-06,0.116
2018-08-03,0.116
2018-08-02,0.116
2018-08-01,0.115
2018-07-31,0.116
2018-07-30,0.114
2018-07-27,0.1145
2018-07-26,0.116
2018-07-25,0.115
2018-07-24,0.1135
2018-07-23,0.117
2018-07-20,0.114
2018-07-19,0.114
2018-07-18,0.1135
2018-07-17,0.114
2018-07-16,0.1125
2018-07-11,0.116
2018-07-10,0.1155
2018-07-09,0.115
2018-07-06,0.115
2018-07-05,0.115
2018-07-04,0.115
2018-07-03,0.1125
2018-07-02,0.114
2018-06-29,0.115
2018-06-28,0.1155
2018-06-27,0.115
2018-06-26,0.114
2018-06-25,0.1175
2018-06-23,0.121
2018-06-22,0.121
2018-06-21,0.121
2018-06-20,0.1205
2018-06-19,0.1225
2018-06-18,0.123
2018-06-15,0.122
2018-06-14,0.1255
2018-06-12,0.126
2018-06-11,0.126
2018-06-08,0.1245
2018-06-07,0.123
2018-06-06,0.123
2018-06-05,0.126
2018-06-04,0.124
2018-06-01,0.123
2018-05-31,0.1205
2018-05-30,0.12
2018-05-29,0.121
2018-05-28,0.123
2018-05-25,0.124
2018-05-24,0.126
2018-05-23,0.124
2018-05-22,0.127
2018-05-21,0.1285
2018-05-17,0.125
2018-05-16,0.128
2018-05-15,0.124
2018-05-14,0.124
2018-05-07,0.1235
2018-05-03,0.124
2018-05-02,0.1215
2018-04-30,0.125
2018-04-27,0.126
2018-04-26,0.132
2018-04-25,0.13
2018-04-23,0.125
2018-04-20,0.126
2018-04-19,0.12
2018-04-18,0.12
2018-04-17,0.12
2018-04-16,0.1225
2018-04-13,0.121
2018-04-12,0.1225
2018-04-10,0.121
2018-04-09,0.1245
2018-04-06,0.123
2018-04-05,0.122
2018-04-04,0.123
2018-04-03,0.122
2018-03-29,0.12
2018-03-28,0.1215
2018-03-27,0.123
2018-03-26,0.121
2018-03-23,0.126
2018-03-22,0.1275
2018-03-21,0.124
2018-03-20,0.1285
2018-03-19,0.1235
2018-03-16,0.124
2018-03-15,0.124
2018-03-14,0.124
2018-03-13,0.125
2018-03-12,0.1205
2018-03-09,0.1245
2018-03-08,0.121
2018-03-07,0.126
2018-03-06,0.125
2018-03-05,0.126
2018-03-02,0.124
2018-03-01,0.128
2018-02-28,0.128
2018-02-27,0.1275
2018-02-26,0.1275
2018-02-23,0.1295
2018-02-22,0.126
2018-02-21,0.1295
2018-02-20,0.1295
2018-02-19,0.126
2018-02-16,0.1315
2018-02-15,0.128
2018-02-14,0.126
2018-02-12,0.128
2018-02-09,0.1265
2018-02-08,0.1275
2018-02-07,0.128
2018-02-06,0.1265
2018-02-05,0.13
2018-02-02,0.1305
2018-02-01,0.135
2018-01-31,0.132
2018-01-30,0.133
2018-01-29,0.133
2018-01-26,0.1345
2018-01-25,0.134
2018-01-24,0.135
2018-01-23,0.135
2018-01-22,0.134
2018-01-19,0.134
2018-01-18,0.1315
2018-01-17,0.132
2018-01-16,0.133
2018-01-15,0.132
2018-01-12,0.1345
2018-01-11,0.135
2018-01-10,0.1395
2018-01-09,0.141
2018-01-08,0.145
2018-01-05,0.146
2018-01-04,0.1445
2018-01-03,0.139
2018-01-02,0.135
2017-12-29,0.128
2017-12-28,0.123
2017-12-27,0.123
2017-12-22,0.125
2017-12-21,0.128
2017-12-20,0.13
2017-12-19,0.133
2017-12-18,0.135
2017-12-15,0.136
2017-12-14,0.137
2017-12-13,0.138
2017-12-12,0.14
2017-12-11,0.133
2017-12-08,0.132
2017-12-07,0.133
2017-12-06,0.135
2017-12-05,0.135
2017-12-04,0.135
2017-12-01,0.136
2017-11-30,0.136
2017-11-29,0.138
2017-11-28,0.137
2017-11-27,0.138
2017-11-24,0.139
2017-11-23,0.137
2017-11-22,0.139
2017-11-21,0.136
2017-11-20,0.141
2017-11-17,0.141
2017-11-16,0.141
2017-11-14,0.139
2017-11-13,0.141
2017-11-10,0.141
2017-11-09,0.141
2017-11-08,0.141
2017-11-07,0.143
2017-11-06,0.141
2017-11-03,0.145
2017-11-02,0.147
2017-11-01,0.146
2017-10-31,0.149
2017-10-30,0.15
2017-10-27,0.147
2017-10-26,0.146
2017-10-25,0.145
2017-10-24,0.15
2017-10-23,0.15
2017-10-20,0.149
2017-10-19,0.147
2017-10-18,0.15
2017-10-17,0.145
2017-10-16,0.145
2017-10-13,0.145
2017-10-12,0.146
2017-10-11,0.149
2017-10-10,0.15
2017-10-09,0.154
2017-10-06,0.152
2017-10-05,0.153
2017-10-04,0.155
2017-10-03,0.158
2017-10-02,0.143
2017-09-29,0.141
2017-09-28,0.141
2017-09-27,0.14
2017-09-26,0.139
2017-09-25,0.139
2017-09-22,0.138
2017-09-21,0.14
2017-09-20,0.138
2017-09-19,0.136
2017-09-18,0.138
2017-09-14,0.137
2017-09-13,0.132
2017-09-12,0.132
2017-09-11,0.13
2017-09-08,0.129
2017-09-07,0.128
2017-09-06,0.128
2017-09-05,0.139
2017-09-04,0.144
2017-09-01,0.145
2017-08-30,0.145
2017-08-29,0.143
2017-08-28,0.147
2017-08-25,0.146
2017-08-24,0.148
2017-08-23,0.145
2017-08-22,0.142
2017-08-21,0.143
2017-08-18,0.143
2017-08-17,0.143
2017-08-16,0.144
2017-08-15,0.143
2017-08-14,0.144
2017-08-11,0.147
2017-08-10,0.148
2017-08-09,0.148
2017-08-08,0.148
2017-08-07,0.147
2017-08-04,0.147
2017-08-03,0.148
2017-08-01,0.147
2017-07-31,0.149
2017-07-28,0.149
2017-07-27,0.152
2017-07-26,0.152
2017-07-25,0.149
2017-07-24,0.152
2017-07-21,0.149
2017-07-20,0.15
2017-07-19,0.15
2017-07-18,0.154
2017-07-17,0.152
2017-07-14,0.152
2017-07-13,0.157
2017-07-12,0.156
2017-07-11,0.155
2017-07-10,0.153
2017-07-07,0.151
2017-07-06,0.154
2017-07-05,0.152
2017-07-04,0.152
2017-07-03,0.152
2017-06-30,0.153
2017-06-29,0.154
2017-06-28,0.159
2017-06-27,0.155
2017-06-26,0.16
2017-06-23,0.158
2017-06-22,0.161
2017-06-21,0.158
2017-06-20,0.157
2017-06-19,0.151
2017-06-16,0.149
2017-06-15,0.156
2017-06-14,0.16
2017-06-13,0.164
2017-06-12,0.167
2017-06-09,0.161
2017-06-08,0.158
2017-06-07,0.17
2017-06-06,0.164
2017-06-05,0.145
2017-06-02,0.141
2017-06-01,0.138
2017-05-31,0.133
2017-05-30,0.137
2017-05-29,0.127
2017-05-25,0.128
2017-05-24,0.124
2017-05-23,0.123
2017-05-22,0.126
2017-05-19,0.123
2017-05-18,0.125
2017-05-17,0.125
2017-05-16,0.129
2017-05-15,0.129
2017-05-12,0.131
2017-05-11,0.13
2017-05-10,0.12
2017-05-09,0.124
2017-05-08,0.121
2017-05-05,0.117
2017-05-04,0.118
2017-05-03,0.116
2017-05-02,0.121
2017-04-28,0.12
2017-04-27,0.122
2017-04-26,0.122
2017-04-25,0.123
2017-04-24,0.123
2017-04-21,0.123
2017-04-20,0.124
2017-04-19,0.124
2017-04-18,0.125
2017-04-13,0.127
2017-04-12,0.128
2017-04-10,0.13
2017-04-07,0.13
2017-04-06,0.132
2017-04-05,0.127
2017-04-04,0.125
2017-04-03,0.124
2017-03-31,0.124
2017-03-30,0.125
2017-03-29,0.123
2017-03-28,0.121
2017-03-27,0.124
2017-03-24,0.128
2017-03-23,0.128
2017-03-22,0.13
2017-03-21,0.124
2017-03-20,0.125
2017-03-17,0.129
2017-03-16,0.13
2017-03-15,0.13
2017-03-14,0.13
2017-03-13,0.135
2017-03-10,0.13
2017-03-09,0.124
2017-03-08,0.124
2017-03-07,0.123
2017-03-06,0.12
2017-03-03,0.123
2017-03-02,0.123
2017-03-01,0.123
2017-02-28,0.122
2017-02-27,0.121
2017-02-24,0.125
2017-02-23,0.123
2017-02-22,0.126
2017-02-21,0.124
2017-02-20,0.124
2017-02-17,0.125
2017-02-16,0.126
2017-02-15,0.126
2017-02-14,0.119
2017-02-13,0.118
2017-02-10,0.12
2017-02-09,0.12
2017-02-08,0.124
2017-02-07,0.12
2017-02-06,0.12
2017-02-03,0.119
2017-02-02,0.116
2017-02-01,0.119
2017-01-31,0.125
2017-01-30,0.126
2017-01-27,0.132
2017-01-26,0.131
2017-01-25,0.132
2017-01-24,0.134
2017-01-23,0.131
2017-01-20,0.137
2017-01-19,0.131
2017-01-18,0.135
2017-01-17,0.135
2017-01-16,0.136
2017-01-13,0.128
2017-01-12,0.123
2017-01-11,0.119
2017-01-10,0.119
2017-01-09,0.121
2017-01-06,0.123
2017-01-05,0.116
2017-01-04,0.113
2017-01-03,0.112
2017-01-02,0.115
2016-12-30,0.111
2016-12-29,0.116
2016-12-28,0.114
2016-12-27,0.117
2016-12-23,0.121
2016-12-22,0.115
2016-12-21,0.12
2016-12-20,0.122
2016-12-19,0.115
2016-12-16,0.12
2016-12-15,0.114
2016-12-14,0.113
2016-12-13,0.113
2016-12-12,0.115
2016-12-08,0.116
2016-12-07,0.112
2016-12-06,0.115
2016-12-05,0.116
2016-12-02,0.119
2016-11-30,0.106
2016-11-29,0.107
2016-11-28,0.106
2016-11-25,0.11
2016-11-23,0.109
2016-11-22,0.108
2016-11-21,0.112
2016-11-18,0.108
2016-11-17,0.108
2016-11-15,0.111
2016-11-14,0.11
2016-11-11,0.107
2016-11-10,0.115
2016-11-09,0.116
2016-11-08,0.116
2016-11-07,0.12
2016-11-04,0.116
2016-11-03,0.116
2016-11-02,0.12
2016-10-31,0.118
2016-10-28,0.116
2016-10-27,0.117
2016-10-26,0.117
2016-10-24,0.122
2016-10-20,0.123
2016-10-19,0.118
2016-10-18,0.119
2016-10-17,0.12
2016-10-14,0.12
2016-10-13,0.118
2016-10-10,0.123
2016-10-07,0.122
2016-10-06,0.118
2016-10-04,0.127
2016-10-03,0.122
2016-09-30,0.127
2016-09-29,0.125
2016-09-28,0.125
2016-09-26,0.122
2016-09-23,0.129
2016-09-22,0.132
2016-09-21,0.127
2016-09-20,0.126
2016-09-15,0.119
2016-09-14,0.117
2016-09-13,0.126
2016-09-12,0.131
2016-09-09,0.138
2016-09-08,0.131
2016-09-07,0.126
2016-09-06,0.121
2016-09-05,0.124
2016-09-02,0.121
2016-09-01,0.121
2016-08-31,0.119
2016-08-30,0.122
2016-08-29,0.122
2016-08-26,0.122
2016-08-25,0.122
2016-08-24,0.118
2016-08-23,0.123
2016-08-22,0.125
2016-08-19,0.125
2016-08-18,0.122
2016-08-17,0.121
2016-08-16,0.122
2016-08-15,0.123
2016-08-12,0.125
2016-08-11,0.124
2016-08-10,0.13
2016-08-08,0.125
2016-08-05,0.124
2016-08-04,0.129
2016-08-03,0.126
2016-08-02,0.119
2016-08-01,0.127
2016-07-29,0.121
2016-07-28,0.11
2016-07-27,0.114
2016-07-26,0.107
2016-07-25,0.1
2016-07-22,0.1
2016-07-20,0.1
2016-07-19,0.098
2016-07-18,0.102
2016-07-15,0.102
2016-07-14,0.102
2016-07-13,0.102
2016-07-12,0.103
2016-07-11,0.105
2016-07-08,0.097
2016-07-07,0.094
2016-07-06,0.091
2016-07-05,0.09
2016-07-04,0.093
2016-07-01,0.093
2016-06-29,0.093
2016-06-28,0.091
2016-06-27,0.09
2016-06-24,0.091
2016-06-23,0.098
2016-06-22,0.098
2016-06-21,0.097
2016-06-20,0.103
2016-06-17,0.095
2016-06-16,0.095
2016-06-15,0.096
2016-06-14,0.096
2016-06-13,0.096
2016-06-09,0.098
2016-06-08,0.098
2016-06-07,0.097
2016-06-06,0.097
2016-06-03,0.097
2016-06-02,0.1
2016-06-01,0.097
2016-05-31,0.098
2016-05-30,0.1
2016-05-27,0.099
2016-05-26,0.099
2016-05-25,0.1
2016-05-24,0.1
2016-05-20,0.102
2016-05-19,0.104
2016-05-18,0.104
2016-05-17,0.107
2016-05-16,0.101
2016-05-13,0.103
2016-05-12,0.099
2016-05-11,0.099
2016-05-10,0.098
2016-05-09,0.098
2016-05-06,0.097
2016-05-05,0.099
2016-05-04,0.1
2016-05-03,0.1
2016-05-02,0.103
2016-04-29,0.105
2016-04-28,0.103
2016-04-27,0.106
2016-04-26,0.106
2016-04-25,0.105
2016-04-22,0.109
2016-04-21,0.109
2016-04-20,0.111
2016-04-18,0.112
2016-04-13,0.11
2016-04-12,0.11
2016-04-11,0.114
2016-04-07,0.113
2016-04-06,0.111
2016-04-05,0.114
2016-04-04,0.111
2016-04-01,0.113
2016-03-31,0.112
2016-03-30,0.115
2016-03-29,0.113
2016-03-24,0.113
2016-03-23,0.114
2016-03-22,0.115
2016-03-21,0.112
2016-03-18,0.114
2016-03-17,0.112
2016-03-16,0.112
2016-03-15,0.11
2016-03-14,0.112
2016-03-11,0.11
2016-03-10,0.11
2016-03-09,0.105
2016-03-08,0.107
2016-03-07,0.104
2016-03-03,0.108
2016-03-02,0.111
2016-03-01,0.105
2016-02-29,0.1
2016-02-26,0.103
2016-02-25,0.1
2016-02-24,0.1
2016-02-23,0.102
2016-02-22,0.106
2016-02-19,0.104
2016-02-18,0.104
2016-02-17,0.104
2016-02-16,0.103
2016-02-15,0.1
2016-02-12,0.1
2016-02-11,0.1
2016-02-10,0.1
2016-02-09,0.101
2016-02-08,0.101
2016-02-05,0.102
2016-02-04,0.103
2016-02-03,0.101
2016-02-02,0.104
2016-02-01,0.106
2016-01-29,0.111
2016-01-28,0.11
2016-01-27,0.108
2016-01-26,0.105
2016-01-25,0.11
2016-01-22,0.103
2016-01-21,0.097
2016-01-20,0.094
2016-01-19,0.1
2016-01-18,0.1
2016-01-15,0.102
2016-01-14,0.102
2016-01-13,0.103
2016-01-12,0.103
2016-01-11,0.104
2016-01-08,0.1
2016-01-07,0.103
2016-01-06,0.106
2016-01-05,0.106
2016-01-04,0.101
2016-01-01,0.105
2015-12-31,0.105
2015-12-30,0.103
2015-12-29,0.106
2015-12-28,0.105
2015-12-25,0.109
2015-12-24,0.109
2015-12-23,0.112
2015-12-22,0.11
2015-12-21,0.11
2015-12-18,0.112
2015-12-17,0.113
2015-12-16,0.112
2015-12-15,0.111
2015-12-14,0.11
2015-12-11,0.114
2015-12-10,0.114
2015-12-09,0.114
2015-12-08,0.114
2015-12-07,0.12
2015-12-04,0.12
2015-12-03,0.117
2015-12-02,0.121
2015-12-01,0.122
2015-11-30,0.119
2015-11-27,0.118
2015-11-26,0.118
2015-11-25,0.118
2015-11-24,0.117
2015-11-23,0.12
2015-11-20,0.119
2015-11-19,0.12
2015-11-18,0.119
2015-11-17,0.119
2015-11-16,0.114
2015-11-13,0.117
2015-11-12,0.116
2015-11-11,0.118
2015-11-10,0.115
2015-11-09,0.116
2015-11-06,0.123
2015-11-05,0.121
2015-11-04,0.124
2015-11-03,0.124
2015-11-02,0.124
2015-10-30,0.126
2015-10-29,0.127
2015-10-28,0.124
2015-10-27,0.127
2015-10-26,0.129
2015-10-23,0.129
2015-10-22,0.13
2015-10-21,0.13
2015-10-20,0.132
2015-10-19,0.132
2015-10-16,0.133
2015-10-15,0.133
2015-10-14,0.134
2015-10-13,0.134
2015-10-12,0.135
2015-10-09,0.138
2015-10-08,0.137
2015-10-07,0.137
2015-10-06,0.134
2015-10-05,0.13
2015-10-02,0.13
2015-10-01,0.131
2015-09-30,0.131
2015-09-29,0.132
2015-09-28,0.132
2015-09-25,0.134
2015-09-24,0.133
2015-09-23,0.135
2015-09-22,0.135
2015-09-21,0.135
2015-09-18,0.139
2015-09-17,0.146
2015-09-16,0.145
2015-09-15,0.143
2015-09-14,0.14
2015-09-11,0.142
2015-09-10,0.142
2015-09-09,0.141
2015-09-08,0.145
2015-09-07,0.146
2015-09-04,0.146
2015-09-03,0.142
2015-09-02,0.147
2015-09-01,0.145
2015-08-31,0.143
2015-08-28,0.148
2015-08-27,0.15
2015-08-26,0.147
2015-08-25,0.141
2015-08-24,0.136
2015-08-21,0.14
2015-08-20,0.143
2015-08-19,0.14
2015-08-18,0.143
2015-08-17,0.142
2015-08-14,0.141
2015-08-13,0.144
2015-08-12,0.139
2015-08-11,0.142
2015-08-10,0.145
2015-08-07,0.14
2015-08-06,0.143
2015-08-05,0.143
2015-08-04,0.141
2015-08-03,0.144
2015-07-31,0.146
2015-07-30,0.147
2015-07-29,0.147
2015-07-28,0.146
2015-07-27,0.148
2015-07-24,0.15
2015-07-23,0.152
2015-07-22,0.15
2015-07-21,0.15
2015-07-20,0.151
2015-07-17,0.151
2015-07-16,0.154
2015-07-15,0.153
2015-07-14,0.154
2015-07-13,0.152
2015-07-10,0.151
2015-07-09,0.15
2015-07-08,0.147
2015-07-07,0.146
2015-07-06,0.148
2015-07-03,0.153
2015-07-02,0.153
2015-07-01,0.147
2015-06-30,0.144
2015-06-29,0.143
2015-06-26,0.156
2015-06-25,0.152
2015-06-24,0.155
2015-06-23,0.16
2015-06-22,0.151
2015-06-19,0.149
2015-06-18,0.141
2015-06-17,0.145
2015-06-16,0.146
2015-06-15,0.146
2015-06-12,0.15
2015-06-11,0.15
2015-06-10,0.15
2015-06-09,0.152
2015-06-08,0.154
2015-06-05,0.155
2015-06-04,0.155
2015-06-03,0.155
2015-06-02,0.155
2015-06-01,0.154
2015-05-29,0.153
2015-05-28,0.156
2015-05-27,0.158
2015-05-26,0.158
2015-05-25,0.159
2015-05-22,0.161
2015-05-21,0.162
2015-05-20,0.161
2015-05-19,0.162
2015-05-18,0.161
2015-05-15,0.163
2015-05-14,0.165
2015-05-13,0.165
2015-05-12,0.162
2015-05-11,0.161
2015-05-08,0.16
2015-05-07,0.165
2015-05-06,0.165
2015-05-05,0.163
2015-05-04,0.165
2015-05-01,0.167
2015-04-30,0.167
2015-04-29,0.168
2015-04-28,0.167
2015-04-27,0.17
2015-04-24,0.162
2015-04-23,0.16
2015-04-22,0.16
2015-04-21,0.163
2015-04-20,0.162
2015-04-17,0.163
2015-04-16,0.161
2015-04-15,0.162
2015-04-14,0.163
2015-04-13,0.167
2015-04-10,0.169
2015-04-09,0.172
2015-04-08,0.172
2015-04-07,0.175
2015-04-06,0.176
2015-04-03,0.176
2015-04-02,0.176
2015-04-01,0.178
2015-03-31,0.18
2015-03-30,0.181
2015-03-27,0.181
2015-03-26,0.179
2015-03-25,0.182
2015-03-24,0.182
2015-03-23,0.185
2015-03-20,0.188
2015-03-19,0.188
2015-03-18,0.186
2015-03-17,0.185
2015-03-16,0.188
2015-03-13,0.191
2015-03-12,0.179
2015-03-11,0.176
2015-03-10,0.174
2015-03-09,0.172
2015-03-06,0.174
2015-03-05,0.177
2015-03-04,0.179
2015-03-03,0.183
2015-03-02,0.187
2015-02-27,0.19
2015-02-26,0.193
2015-02-25,0.195
2015-02-24,0.202
2015-02-23,0.184
2015-02-20,0.184
2015-02-19,0.185
2015-02-18,0.181
2015-02-17,0.178
2015-02-16,0.162
2015-02-13,0.162
2015-02-12,0.162
2015-02-11,0.156
2015-02-10,0.156
2015-02-09,0.158
2015-02-06,0.162
2015-02-05,0.162
2015-02-04,0.16
2015-02-03,0.158
2015-02-02,0.156
2015-01-30,0.154
2015-01-29,0.15
2015-01-28,0.153
2015-01-27,0.153
2015-01-26,0.154
2015-01-23,0.158
2015-01-22,0.158
2015-01-21,0.159
2015-01-20,0.158
2015-01-19,0.158
2015-01-16,0.151
2015-01-15,0.164
2015-01-14,0.161
2015-01-13,0.154
2015-01-12,0.154
2015-01-09,0.156
2015-01-08,0.154
2015-01-07,0.15
2015-01-06,0.15
2015-01-05,0.15
2015-01-02,0.154
2015-01-01,0.15
2014-12-31,0.15
2014-12-30,0.15
2014-12-29,0.154
2014-12-26,0.153
2014-12-25,0.153
2014-12-24,0.153
2014-12-23,0.153
2014-12-22,0.159
2014-12-19,0.156
2014-12-18,0.164
2014-12-17,0.163
2014-12-16,0.161
2014-12-15,0.163
2014-12-12,0.163
2014-12-11,0.169
2014-12-10,0.171
2014-12-09,0.175
2014-12-08,0.176
2014-12-05,0.173
2014-12-04,0.174
2014-12-03,0.174
2014-12-02,0.17
2014-12-01,0.171
2014-11-28,0.175
2014-11-27,0.18
2014-11-26,0.18
2014-11-25,0.179
2014-11-24,0.183
2014-11-21,0.184
2014-11-20,0.176
2014-11-19,0.18
2014-11-18,0.182
2014-11-17,0.174
2014-11-14,0.175
2014-11-13,0.179
2014-11-12,0.178
2014-11-11,0.185
2014-11-10,0.18
2014-11-07,0.177
2014-11-06,0.192
2014-11-05,0.19
2014-11-04,0.19
2014-11-03,0.19
2014-10-31,0.194
2014-10-30,0.191
2014-10-29,0.194
2014-10-28,0.192
2014-10-27,0.19
2014-10-24,0.192
2014-10-23,0.192
2014-10-22,0.188
2014-10-21,0.186
2014-10-20,0.177
2014-10-17,0.191
2014-10-16,0.18
2014-10-15,0.18
2014-10-14,0.19
2014-10-13,0.2
2014-10-10,0.199
2014-10-09,0.202
2014-10-08,0.204
2014-10-07,0.197
2014-10-06,0.201
2014-10-03,0.208
2014-10-02,0.21
2014-10-01,0.209
2014-09-30,0.209
2014-09-29,0.209
2014-09-26,0.213
2014-09-25,0.206
2014-09-24,0.208
2014-09-23,0.216
2014-09-22,0.212
2014-09-19,0.216
2014-09-18,0.213
2014-09-17,0.207
2014-09-16,0.206
2014-09-15,0.214
2014-09-12,0.217
2014-09-11,0.216
2014-09-10,0.214
2014-09-09,0.217
2014-09-08,0.231
2014-09-05,0.235
2014-09-04,0.239
2014-09-03,0.226
2014-09-02,0.223
2014-09-01,0.222
2014-08-29,0.217
2014-08-28,0.222
2014-08-27,0.217
2014-08-26,0.21
2014-08-25,0.196
2014-08-22,0.187
2014-08-21,0.193
2014-08-20,0.2
2014-08-19,0.209
2014-08-18,0.21
2014-08-15,0.208
2014-08-14,0.211
2014-08-13,0.2
2014-08-12,0.188
2014-08-11,0.188
2014-08-08,0.193
2014-08-07,0.177
2014-08-06,0.187
2014-08-05,0.191
2014-08-04,0.199
2014-08-01,0.193
2014-07-31,0.192
2014-07-30,0.203
2014-07-29,0.212
2014-07-28,0.214
2014-07-25,0.21
2014-07-24,0.22
2014-07-23,0.22
2014-07-22,0.224
2014-07-21,0.205
2014-07-18,0.195
2014-07-17,0.21
2014-07-16,0.21
2014-07-15,0.191
2014-07-14,0.2
2014-07-11,0.216
2014-07-10,0.205
2014-07-09,0.227
2014-07-08,0.229
2014-07-07,0.234
2014-07-04,0.247
2014-07-03,0.248
2014-07-02,0.228
2014-07-01,0.216
2014-06-30,0.213
2014-06-27,0.223
2014-06-26,0.229
2014-06-25,0.237
2014-06-24,0.24
2014-06-23,0.25
2014-06-20,0.255
2014-06-19,0.268
2014-06-18,0.272
2014-06-17,0.268
2014-06-16,0.264
2014-06-13,0.268
2014-06-12,0.274
2014-06-11,0.269
2014-06-10,0.274
2014-06-09,0.266
2014-06-06,0.267
2014-06-05,0.266
2014-06-04,0.275
2014-06-03,0.275
2014-06-02,0.274
2014-05-30,0.281
2014-05-29,0.281
2014-05-28,0.284
2014-05-27,0.295
2014-05-26,0.28
2014-05-23,0.262
2014-05-22,0.258
2014-05-21,0.24
2014-05-20,0.243
2014-05-19,0.246
2014-05-16,0.243
2014-05-15,0.231
2014-05-14,0.25
2014-05-13,0.267
2014-05-12,0.267
2014-05-09,0.257
2014-05-08,0.274
2014-05-07,0.278
2014-05-06,0.278
2014-05-05,0.275
2014-05-02,0.265
2014-05-01,0.265
2014-04-30,0.265
2014-04-29,0.26
2014-04-28,0.26
2014-04-25,0.264
2014-04-24,0.276
2014-04-23,0.284
2014-04-22,0.294
2014-04-21,0.287
2014-04-18,0.287
2014-04-17,0.287
2014-04-16,0.273
2014-04-15,0.268
2014-04-14,0.285
2014-04-11,0.292
2014-04-10,0.302
2014-04-09,0.305
2014-04-08,0.301
2014-04-07,0.308
2014-04-04,0.31
2014-04-03,0.32
2014-04-02,0.32
2014-04-01,0.33
2014-03-31,0.34
2014-03-28,0.33
2014-03-27,0.32
2014-03-26,0.33
2014-03-25,0.33
2014-03-24,0.33
2014-03-21,0.34
2014-03-20,0.36
2014-03-19,0.35
2014-03-18,0.36
2014-03-17,0.36
2014-03-14,0.34
2014-03-13,0.36
2014-03-12,0.36
2014-03-11,0.36
2014-03-10,0.35
2014-03-07,0.34
2014-03-06,0.34
2014-03-05,0.35
2014-03-04,0.35
2014-03-03,0.34
2014-02-28,0.35
2014-02-27,0.37
2014-02-26,0.35
2014-02-25,0.34
2014-02-24,0.31
2014-02-21,0.31
2014-02-20,0.31
2014-02-19,0.31
2014-02-18,0.31
2014-02-17,0.31
2014-02-14,0.29
2014-02-13,0.28
2014-02-12,0.28
2014-02-11,0.29
2014-02-10,0.28
2014-02-07,0.28
2014-02-06,0.28
2014-02-05,0.28
2014-02-04,0.29
2014-02-03,0.28
2014-01-31,0.28
2014-01-30,0.28
2014-01-29,0.29
2014-01-28,0.28
2014-01-27,0.28
2014-01-24,0.28
2014-01-23,0.28
2014-01-22,0.28
2014-01-21,0.29
2014-01-20,0.29
2014-01-17,0.29
2014-01-16,0.29
2014-01-15,0.3
2014-01-14,0.25
2014-01-13,0.26
2014-01-10,0.24
2014-01-09,0.24
2014-01-08,0.23
2014-01-07,0.23
2014-01-06,0.23
2014-01-03,0.24
2014-01-02,0.22
2014-01-01,0.22
2013-12-31,0.22
2013-12-30,0.22
2013-12-27,0.22
2013-12-26,0.23
2013-12-25,0.23
2013-12-24,0.23
2013-12-23,0.23
2013-12-20,0.24
2013-12-19,0.24
2013-12-18,0.24
2013-12-17,0.24
2013-12-16,0.24
2013-12-13,0.24
2013-12-12,0.24
2013-12-11,0.23
2013-12-10,0.24
2013-12-09,0.24
2013-12-06,0.24
2013-12-05,0.25
2013-12-04,0.24
2013-12-03,0.24
2013-12-02,0.25
2013-11-29,0.25
2013-11-28,0.25
2013-11-27,0.26
2013-11-26,0.26
2013-11-25,0.25
2013-11-22,0.25
2013-11-21,0.24
2013-11-20,0.24
2013-11-19,0.25
2013-11-18,0.26
2013-11-15,0.26
2013-11-14,0.26
2013-11-13,0.25
2013-11-12,0.27
2013-11-11,0.25
2013-11-08,0.24
2013-11-07,0.24
2013-11-06,0.24
2013-11-05,0.24
2013-11-04,0.23
2013-11-01,0.24
2013-10-31,0.23
2013-10-30,0.24
2013-10-29,0.22
2013-10-28,0.22
2013-10-25,0.21
2013-10-24,0.21
2013-10-23,0.21
2013-10-22,0.21
2013-10-21,0.22
2013-10-18,0.21
2013-10-17,0.21
2013-10-16,0.21
2013-10-15,0.21
2013-10-14,0.22
2013-10-11,0.22
2013-10-10,0.22
2013-10-09,0.2
2013-10-08,0.2
2013-10-07,0.19
2013-10-04,0.19
2013-10-03,0.2
2013-10-02,0.19
2013-10-01,0.19
2013-09-30,0.19
2013-09-27,0.2
2013-09-26,0.2
2013-09-25,0.2
2013-09-24,0.19
2013-09-23,0.18
2013-09-20,0.18
2013-09-19,0.19
2013-09-18,0.19
2013-09-17,0.18
2013-09-16,0.17
2013-09-13,0.17
2013-09-12,0.17
2013-09-11,0.17
2013-09-10,0.17
2013-09-09,0.16
2013-09-06,0.17
2013-09-05,0.17
2013-09-04,0.17
2013-09-03,0.17
2013-09-02,0.17
2013-08-30,0.17
2013-08-29,0.17
2013-08-28,0.17
2013-08-27,0.17
2013-08-26,0.18
2013-08-23,0.18
2013-08-22,0.19
2013-08-21,0.18
2013-08-20,0.18
2013-08-19,0.18
2013-08-16,0.18
2013-08-15,0.18
2013-08-14,0.17
2013-08-13,0.19
2013-08-12,0.16
2013-08-09,0.16
2013-08-08,0.15
2013-08-07,0.14
2013-08-06,0.14
2013-08-05,0.15
2013-08-02,0.15
2013-08-01,0.14
2013-07-31,0.14
2013-07-30,0.15
2013-07-29,0.15
2013-07-26,0.14
2013-07-25,0.14
2013-07-24,0.14
2013-07-23,0.14
2013-07-22,0.14
2013-07-19,0.13
2013-07-18,0.14
2013-07-17,0.14
2013-07-16,0.14
2013-07-15,0.14
2013-07-12,0.14
2013-07-11,0.14
2013-07-10,0.14
2013-07-09,0.15
2013-07-08,0.14
2013-07-05,0.14
2013-07-04,0.15
2013-07-03,0.14
2013-07-02,0.15
2013-07-01,0.15
2013-06-28,0.16
2013-06-27,0.15
2013-06-26,0.16
2013-06-25,0.15
2013-06-24,0.15
2013-06-21,0.16
2013-06-20,0.16
2013-06-19,0.15
2013-06-18,0.15
2013-06-17,0.16
2013-06-14,0.16
2013-06-13,0.15
2013-06-12,0.15
2013-06-11,0.16
2013-06-10,0.16
2013-06-07,0.16
2013-06-06,0.16
2013-06-05,0.16
2013-06-04,0.17
2013-06-03,0.16
2013-05-31,0.17
2013-05-30,0.16
2013-05-29,0.16
2013-05-28,0.17
2013-05-27,0.17
2013-05-24,0.17
2013-05-23,0.17
2013-05-22,0.16
2013-05-21,0.16
2013-05-20,0.17
2013-05-17,0.17
2013-05-16,0.16
2013-05-15,0.17
2013-05-14,0.17
2013-05-13,0.18
2013-05-10,0.18
2013-05-09,0.17
2013-05-08,0.17
2013-05-07,0.17
2013-05-06,0.18
2013-05-03,0.17
2013-05-02,0.17
2013-05-01,0.17
2013-04-30,0.17
2013-04-29,0.17
2013-04-26,0.18
2013-04-25,0.18
2013-04-24,0.17
2013-04-23,0.17
2013-04-22,0.17
2013-04-19,0.16
2013-04-18,0.16
2013-04-17,0.16
2013-04-16,0.16
2013-04-15,0.17
2013-04-12,0.17
2013-04-11,0.18
2013-04-10,0.17
2013-04-09,0.17
2013-04-08,0.16
2013-04-05,0.17
2013-04-04,0.18
2013-04-03,0.16
2013-04-02,0.18
2013-04-01,0.18
2013-03-29,0.18
2013-03-28,0.18
2013-03-27,0.18
2013-03-26,0.18
2013-03-25,0.18
2013-03-22,0.19
2013-03-21,0.19
2013-03-20,0.2
2013-03-19,0.19
2013-03-18,0.19
2013-03-15,0.19
2013-03-14,0.19
2013-03-13,0.19
2013-03-12,0.19
2013-03-11,0.2
2013-03-08,0.2
2013-03-07,0.19
2013-03-06,0.19
2013-03-05,0.2
2013-03-04,0.19
2013-03-01,0.19
2013-02-28,0.2
2013-02-27,0.2
2013-02-26,0.19
2013-02-25,0.21
2013-02-22,0.21
2013-02-21,0.21
2013-02-20,0.21
2013-02-19,0.2
2013-02-18,0.21
2013-02-15,0.21
2013-02-14,0.22
2013-02-13,0.22
2013-02-12,0.21
2013-02-11,0.21
2013-02-08,0.21
2013-02-07,0.21
2013-02-06,0.21
2013-02-05,0.22
2013-02-04,0.2
2013-02-01,0.22
2013-01-31,0.22
2013-01-30,0.23
2013-01-29,0.25
2013-01-28,0.25
2013-01-25,0.25
2013-01-24,0.24
2013-01-23,0.24
2013-01-22,0.18
2013-01-21,0.17
2013-01-18,0.16
2013-01-17,0.16
2013-01-16,0.16
2013-01-15,0.16
2013-01-14,0.16
2013-01-11,0.16
2013-01-10,0.15
2013-01-09,0.14
2013-01-08,0.14
2013-01-07,0.14
2013-01-04,0.13
2013-01-03,0.13
2013-01-02,0.13
2013-01-01,0.12
2012-12-31,0.12
2012-12-28,0.13
2012-12-27,0.13
2012-12-26,0.12
2012-12-25,0.12
2012-12-24,0.12
2012-12-21,0.12
2012-12-20,0.13
2012-12-19,0.13
2012-12-18,0.12
2012-12-17,0.13
2012-12-14,0.13
2012-12-13,0.13
2012-12-12,0.13
2012-12-11,0.13
2012-12-10,0.13
2012-12-07,0.13
2012-12-06,0.13
2012-12-05,0.13
2012-12-04,0.13
2012-12-03,0.13
2012-11-30,0.13
2012-11-29,0.13
2012-11-28,0.13
2012-11-27,0.13
2012-11-26,0.12
2012-11-23,0.12
2012-11-22,0.12
2012-11-21,0.12
2012-11-20,0.12
2012-11-19,0.12
2012-11-16,0.12
2012-11-15,0.13
2012-11-14,0.13
2012-11-13,0.13
2012-11-12,0.13
2012-11-09,0.12
2012-11-08,0.12
2012-11-07,0.12
2012-11-06,0.12
2012-11-05,0.12
2012-11-02,0.13
2012-11-01,0.13
2012-10-31,0.13
2012-10-30,0.13
2012-10-29,0.13
2012-10-26,0.13
2012-10-25,0.13
2012-10-24,0.13
2012-10-23,0.13
2012-10-22,0.13
2012-10-19,0.13
2012-10-18,0.13
2012-10-17,0.13
2012-10-16,0.13
2012-10-15,0.14
2012-10-12,0.14
2012-10-11,0.14
2012-10-10,0.13
2012-10-09,0.13
2012-10-08,0.13
2012-10-05,0.13
2012-10-04,0.13
2012-10-03,0.14
2012-10-02,0.14
2012-10-01,0.14
2012-09-28,0.14
2012-09-27,0.13
2012-09-26,0.13
2012-09-25,0.13
2012-09-24,0.14
2012-09-21,0.14
2012-09-20,0.13
2012-09-19,0.14
2012-09-18,0.14
2012-09-17,0.15
2012-09-14,0.15
2012-09-13,0.14
2012-09-12,0.14
2012-09-11,0.14
2012-09-10,0.14
2012-09-07,0.14
2012-09-06,0.15
2012-09-05,0.14
2012-09-04,0.14
2012-09-03,0.14
2012-08-31,0.14
2012-08-30,0.14
2012-08-29,0.13
2012-08-28,0.13
2012-08-27,0.14
2012-08-24,0.14
2012-08-23,0.13
2012-08-22,0.14
2012-08-21,0.15
2012-08-20,0.14
2012-08-17,0.14
2012-08-16,0.14
2012-08-15,0.14
2012-08-14,0.14
2012-08-13,0.14
2012-08-10,0.14
2012-08-09,0.14
2012-08-08,0.14
2012-08-07,0.14
2012-08-06,0.14
2012-08-03,0.14
2012-08-02,0.14
2012-08-01,0.15
2012-07-31,0.15
2012-07-30,0.15
2012-07-27,0.16
2012-07-26,0.15
2012-07-25,0.14
2012-07-24,0.14
2012-07-23,0.14
2012-07-20,0.14
2012-07-19,0.14
2012-07-18,0.14
2012-07-17,0.13
2012-07-16,0.13
2012-07-13,0.14
2012-07-12,0.13
2012-07-11,0.13
2012-07-10,0.13
2012-07-09,0.13
2012-07-06,0.13
2012-07-05,0.14
2012-07-04,0.14
2012-07-03,0.14
2012-07-02,0.13
2012-06-29,0.14
2012-06-28,0.14
2012-06-27,0.14
2012-06-26,0.14
2012-06-25,0.13
2012-06-22,0.14
2012-06-21,0.13
2012-06-20,0.13
2012-06-19,0.13
2012-06-18,0.13
2012-06-15,0.13
2012-06-14,0.13
2012-06-13,0.12
2012-06-12,0.13
2012-06-11,0.13
2012-06-08,0.12
2012-06-07,0.12
2012-06-06,0.12
2012-06-05,0.14
2012-06-04,0.12
2012-06-01,0.12
2012-05-31,0.12
2012-05-30,0.12
2012-05-29,0.12
2012-05-28,0.13
2012-05-25,0.12
2012-05-24,0.12
2012-05-23,0.12
2012-05-22,0.12
2012-05-21,0.12
2012-05-18,0.12
2012-05-17,0.12
2012-05-16,0.13
2012-05-15,0.13
2012-05-14,0.13
2012-05-11,0.14
2012-05-10,0.14
2012-05-09,0.13
2012-05-08,0.13
2012-05-07,0.14
2012-05-04,0.14
2012-05-03,0.14
2012-05-02,0.14
2012-05-01,0.14
2012-04-30,0.14
2012-04-27,0.14
2012-04-26,0.14
2012-04-25,0.14
2012-04-24,0.13
2012-04-23,0.15
2012-04-20,0.15
2012-04-19,0.15
2012-04-18,0.15
2012-04-17,0.15
2012-04-16,0.15
2012-04-13,0.15
2012-04-12,0.16
2012-04-11,0.16
2012-04-10,0.16
2012-04-09,0.16
2012-04-06,0.16
2012-04-05,0.16
2012-04-04,0.16
2012-04-03,0.17
2012-04-02,0.17
2012-03-30,0.16
2012-03-29,0.16
2012-03-28,0.16
2012-03-27,0.17
2012-03-26,0.17
2012-03-23,0.16
2012-03-22,0.17
2012-03-21,0.17
2012-03-20,0.17
2012-03-19,0.17
2012-03-16,0.17
2012-03-15,0.17
2012-03-14,0.17
2012-03-13,0.16
2012-03-12,0.17
2012-03-09,0.17
2012-03-08,0.17
2012-03-07,0.17
2012-03-06,0.18
2012-03-05,0.17
2012-03-02,0.17
2012-03-01,0.17
2012-02-29,0.18
2012-02-28,0.18
2012-02-27,0.17
2012-02-24,0.17
2012-02-23,0.17
2012-02-22,0.18
2012-02-21,0.18
2012-02-20,0.18
2012-02-17,0.19
2012-02-16,0.18
2012-02-15,0.18
2012-02-14,0.16
2012-02-13,0.16
2012-02-10,0.14
2012-02-09,0.15
2012-02-08,0.16
2012-02-07,0.13
2012-02-06,0.13
2012-02-03,0.13
2012-02-02,0.13
2012-02-01,0.14
2012-01-31,0.14
2012-01-30,0.14
2012-01-27,0.13
2012-01-26,0.13
2012-01-25,0.13
2012-01-24,0.13
2012-01-23,0.13
2012-01-20,0.14
2012-01-19,0.13
2012-01-18,0.13
2012-01-17,0.13
2012-01-16,0.14
2012-01-13,0.13
2012-01-12,0.14
2012-01-11,0.13
2012-01-10,0.13
2012-01-09,0.13
2012-01-06,0.13
2012-01-05,0.13
2012-01-04,0.13
2012-01-03,0.14
2012-01-02,0.13
2011-12-30,0.14
2011-12-29,0.14
2011-12-28,0.13
2011-12-27,0.13
2011-12-26,0.14
2011-12-23,0.14
2011-12-22,0.13
2011-12-21,0.13
2011-12-20,0.14
2011-12-19,0.13
2011-12-16,0.13
2011-12-15,0.13
2011-12-14,0.14
2011-12-13,0.14
2011-12-12,0.14
2011-12-09,0.14
2011-12-08,0.14
2011-12-07,0.14
2011-12-06,0.14
2011-12-05,0.14
2011-12-02,0.14
2011-12-01,0.13
2011-11-30,0.13
2011-11-29,0.13
2011-11-28,0.14
2011-11-25,0.14
2011-11-24,0.14
2011-11-23,0.14
2011-11-22,0.14
2011-11-21,0.14
2011-11-18,0.14
2011-11-17,0.14
2011-11-16,0.14
2011-11-15,0.13
2011-11-14,0.14
2011-11-11,0.14
2011-11-10,0.14
2011-11-09,0.14
2011-11-08,0.14
2011-11-07,0.14
2011-11-04,0.15
2011-11-03,0.15
2011-11-02,0.15
2011-11-01,0.15
2011-10-31,0.16
2011-10-28,0.16
2011-10-27,0.16
2011-10-26,0.15
2011-10-25,0.16
2011-10-24,0.16
2011-10-21,0.15
2011-10-20,0.16
2011-10-19,0.15
2011-10-18,0.15
2011-10-17,0.15
2011-10-14,0.16
2011-10-13,0.15
2011-10-12,0.14
2011-10-11,0.16
2011-10-10,0.15
2011-10-07,0.14
2011-10-06,0.16
2011-10-05,0.16
2011-10-04,0.16
2011-10-03,0.14
2011-09-30,0.15
2011-09-29,0.15
2011-09-28,0.15
2011-09-27,0.16
2011-09-26,0.16
2011-09-23,0.16
2011-09-22,0.17
2011-09-21,0.17
2011-09-20,0.17
2011-09-19,0.18
2011-09-16,0.18
2011-09-15,0.18
2011-09-14,0.17
2011-09-13,0.16
2011-09-12,0.17
2011-09-09,0.17
2011-09-08,0.17
2011-09-07,0.17
2011-09-06,0.18
2011-09-05,0.19
2011-09-02,0.19
2011-09-01,0.2
2011-08-31,0.2
2011-08-30,0.2
2011-08-29,0.21
2011-08-26,0.21
2011-08-25,0.21
2011-08-24,0.21
2011-08-23,0.21
2011-08-22,0.21
2011-08-19,0.22
2011-08-18,0.22
2011-08-17,0.23
2011-08-16,0.23
2011-08-15,0.24
2011-08-12,0.23
2011-08-11,0.24
2011-08-10,0.23
2011-08-09,0.23
2011-08-08,0.23
2011-08-05,0.23
2011-08-04,0.25
2011-08-03,0.24
2011-08-02,0.25
2011-08-01,0.25
2011-07-29,0.26
2011-07-28,0.25
2011-07-27,0.26
2011-07-26,0.25
2011-07-25,0.25
2011-07-22,0.26
2011-07-21,0.26
2011-07-20,0.26
2011-07-19,0.24
2011-07-18,0.25
2011-07-15,0.26
2011-07-14,0.25
2011-07-13,0.26
2011-07-12,0.26
2011-07-11,0.26
2011-07-08,0.28
2011-07-07,0.28
2011-07-06,0.27
2011-07-05,0.28
2011-07-04,0.28
2011-07-01,0.29
2011-06-30,0.28
2011-06-29,0.26
2011-06-28,0.27
2011-06-27,0.27
2011-06-24,0.27
2011-06-23,0.27
2011-06-22,0.27
2011-06-21,0.27
2011-06-20,0.28
2011-06-17,0.29
2011-06-16,0.28
2011-06-15,0.29
2011-06-14,0.29
2011-06-13,0.29
2011-06-10,0.28
2011-06-09,0.29
2011-06-08,0.29
2011-06-07,0.29
2011-06-06,0.29
2011-06-03,0.29
2011-06-02,0.3
2011-06-01,0.3
2011-05-31,0.3
2011-05-30,0.3
2011-05-27,0.3
2011-05-26,0.3
2011-05-25,0.3
2011-05-24,0.3
2011-05-23,0.31
2011-05-20,0.31
2011-05-19,0.31
2011-05-18,0.31
2011-05-17,0.31
2011-05-16,0.3
2011-05-13,0.32
2011-05-12,0.31
2011-05-11,0.32
2011-05-10,0.31
2011-05-09,0.31
2011-05-06,0.32
2011-05-05,0.31
2011-05-04,0.31
2011-05-03,0.31
2011-05-02,0.31
2011-04-29,0.31
2011-04-28,0.31
2011-04-27,0.31
2011-04-26,0.31
2011-04-25,0.31
2011-04-22,0.31
2011-04-21,0.31
2011-04-20,0.31
2011-04-19,0.3
2011-04-18,0.3
2011-04-15,0.31
2011-04-14,0.31
2011-04-13,0.31
2011-04-12,0.31
2011-04-11,0.32
2011-04-08,0.32
2011-04-07,0.32
2011-04-06,0.3
2011-04-05,0.3
2011-04-04,0.32
2011-04-01,0.31
2011-03-31,0.31
2011-03-30,0.32
2011-03-29,0.31
2011-03-28,0.31
2011-03-25,0.31
2011-03-24,0.32
2011-03-23,0.31
2011-03-22,0.33
2011-03-21,0.34
2011-03-18,0.345
2011-03-17,0.346
2011-03-16,0.349
2011-03-15,0.349
2011-03-14,0.35
2011-03-11,0.348
2011-03-10,0.356
2011-03-09,0.35
2011-03-08,0.351
2011-03-07,0.354
2011-03-04,0.352
2011-03-03,0.356
2011-03-02,0.355
2011-03-01,0.353
2011-02-28,0.356
2011-02-25,0.355
2011-02-24,0.353
2011-02-23,0.358
2011-02-22,0.361
2011-02-21,0.365
2011-02-18,0.372
2011-02-17,0.374
2011-02-16,0.372
2011-02-15,0.371
2011-02-14,0.374
2011-02-11,0.375
2011-02-10,0.379
2011-02-09,0.383
2011-02-08,0.381
2011-02-07,0.383
2011-02-04,0.384
2011-02-03,0.382
2011-02-02,0.385
2011-02-01,0.382
2011-01-31,0.386
2011-01-28,0.386
2011-01-27,0.387
2011-01-26,0.386
2011-01-25,0.38
2011-01-24,0.385
2011-01-21,0.393
2011-01-20,0.388
2011-01-19,0.388
2011-01-18,0.39
2011-01-17,0.393
2011-01-14,0.394
2011-01-13,0.395
2011-01-12,0.392
2011-01-11,0.389
2011-01-10,0.372
2011-01-07,0.372
2011-01-06,0.377
2011-01-05,0.377
2011-01-04,0.385
2011-01-03,0.377
2010-12-31,0.375
2010-12-30,0.375
2010-12-29,0.381
2010-12-28,0.382
2010-12-27,0.384
2010-12-24,0.39
2010-12-23,0.395
2010-12-22,0.387
2010-12-21,0.39
2010-12-20,0.396
2010-12-17,0.393
2010-12-16,0.393
2010-12-15,0.397
2010-12-14,0.397
2010-12-13,0.399
2010-12-10,0.393
2010-12-09,0.4
2010-12-08,0.398
2010-12-07,0.396
2010-12-06,0.394
2010-12-03,0.394
2010-12-02,0.388
2010-12-01,0.39
2010-11-30,0.382
2010-11-29,0.39
2010-11-26,0.39
2010-11-25,0.399
2010-11-24,0.402
2010-11-23,0.4
2010-11-22,0.403
2010-11-19,0.415
2010-11-18,0.418
2010-11-17,0.411
2010-11-16,0.412
2010-11-15,0.415
2010-11-12,0.419
2010-11-11,0.396
2010-11-10,0.402
2010-11-09,0.41
2010-11-08,0.406
2010-11-05,0.417
2010-11-04,0.422
2010-11-03,0.418
2010-11-02,0.43
2010-11-01,0.431
2010-10-29,0.431
2010-10-28,0.431
2010-10-27,0.429
2010-10-26,0.437
2010-10-25,0.436
2010-10-22,0.433
2010-10-21,0.432
2010-10-20,0.428
2010-10-19,0.433
2010-10-18,0.433
2010-10-15,0.434
2010-10-14,0.412
2010-10-13,0.413
2010-10-12,0.405
2010-10-11,0.41
2010-10-08,0.414
2010-10-07,0.418
2010-10-06,0.417
2010-10-05,0.41
2010-10-04,0.407
2010-10-01,0.407
2010-09-30,0.404
2010-09-29,0.404
2010-09-28,0.405
2010-09-27,0.412
2010-09-24,0.415
2010-09-23,0.425
2010-09-22,0.436
2010-09-21,0.454
2010-09-20,0.454
2010-09-17,0.45
2010-09-16,0.458
2010-09-15,0.46
2010-09-14,0.466
2010-09-13,0.468
2010-09-10,0.461
2010-09-09,0.464
2010-09-08,0.454
2010-09-07,0.463
2010-09-06,0.465
2010-09-03,0.463
2010-09-02,0.469
2010-09-01,0.471
2010-08-31,0.475
2010-08-30,0.475
2010-08-27,0.46
2010-08-26,0.459
2010-08-25,0.464
2010-08-24,0.466
2010-08-23,0.473
2010-08-20,0.466
2010-08-19,0.473
2010-08-18,0.476
2010-08-17,0.476
2010-08-16,0.473
2010-08-13,0.475
2010-08-12,0.48
2010-08-11,0.47
2010-08-10,0.477
2010-08-09,0.481
2010-08-06,0.476
2010-08-05,0.486
2010-08-04,0.481
2010-08-03,0.485
2010-08-02,0.489
2010-07-30,0.479
2010-07-29,0.48
2010-07-28,0.475
2010-07-27,0.48
2010-07-26,0.479
2010-07-23,0.476
2010-07-22,0.48
2010-07-21,0.476
2010-07-20,0.476
2010-07-19,0.474
2010-07-16,0.48
2010-07-15,0.482
2010-07-14,0.486
2010-07-13,0.489
2010-07-12,0.493
2010-07-09,0.491
2010-07-08,0.5
2010-07-07,0.496
2010-07-06,0.502
2010-07-05,0.499
2010-07-02,0.498
2010-07-01,0.49
2010-06-30,0.493
2010-06-29,0.494
2010-06-28,0.504
2010-06-25,0.501
2010-06-24,0.5
2010-06-23,0.508
2010-06-22,0.512
2010-06-21,0.515
2010-06-18,0.505
2010-06-17,0.497
2010-06-16,0.504
2010-06-15,0.497
2010-06-14,0.498
2010-06-11,0.493
2010-06-10,0.5
2010-06-09,0.484
2010-06-08,0.49
2010-06-07,0.499
2010-06-04,0.497
2010-06-03,0.501
2010-06-02,0.5
2010-06-01,0.503
2010-05-31,0.504
2010-05-28,0.505
2010-05-27,0.5
2010-05-26,0.485
2010-05-25,0.472
2010-05-24,0.491
2010-05-21,0.497
2010-05-20,0.498
2010-05-19,0.495
2010-05-18,0.525
2010-05-17,0.515
2010-05-14,0.517
2010-05-13,0.538
2010-05-12,0.54
2010-05-11,0.528
2010-05-10,0.539
2010-05-07,0.5
2010-05-06,0.516
2010-05-05,0.52
2010-05-04,0.527
2010-05-03,0.542
2010-04-30,0.549
2010-04-29,0.547
2010-04-28,0.51
2010-04-27,0.53
2010-04-26,0.58
2010-04-23,0.59
2010-04-22,0.571
2010-04-21,0.6
2010-04-20,0.612
2010-04-19,0.608
2010-04-16,0.611
2010-04-15,0.634
2010-04-14,0.61
2010-04-13,0.607
2010-04-12,0.612
2010-04-09,0.61
2010-04-08,0.604
2010-04-07,0.614
2010-04-06,0.616
2010-04-05,0.615
2010-04-02,0.615
2010-04-01,0.615
2010-03-31,0.603
2010-03-30,0.614
2010-03-29,0.62
2010-03-26,0.618
2010-03-25,0.622
2010-03-24,0.62
2010-03-23,0.631
2010-03-22,0.622
2010-03-19,0.633
2010-03-18,0.635
2010-03-17,0.64
2010-03-16,0.64
2010-03-15,0.638
2010-03-12,0.636
2010-03-11,0.639
2010-03-10,0.639
2010-03-09,0.634
2010-03-08,0.64
2010-03-05,0.648
2010-03-04,0.648
2010-03-03,0.658
2010-03-02,0.653
2010-03-01,0.67
2010-02-26,0.63
2010-02-25,0.61
2010-02-24,0.61
2010-02-23,0.62
2010-02-22,0.62
2010-02-19,0.62
2010-02-18,0.62
2010-02-17,0.62
2010-02-16,0.61
2010-02-15,0.61
2010-02-12,0.61
2010-02-11,0.61
2010-02-10,0.62
2010-02-09,0.61
2010-02-08,0.62
2010-02-05,0.6
2010-02-04,0.62
2010-02-03,0.65
2010-02-02,0.66
2010-02-01,0.66
2010-01-29,0.66
2010-01-28,0.67
2010-01-27,0.67
2010-01-26,0.68
2010-01-25,0.67
2010-01-22,0.65
2010-01-21,0.66
2010-01-20,0.67
2010-01-19,0.67
2010-01-18,0.68
2010-01-15,0.66
2010-01-14,0.69
2010-01-13,0.69
2010-01-12,0.69
2010-01-11,0.69
2010-01-08,0.69
2010-01-07,0.69
2010-01-06,0.66
2010-01-05,0.66
2010-01-04,0.66
2009-12-31,0.64
2009-12-30,0.65
2009-12-29,0.64
2009-12-28,0.64
2009-12-24,0.66
2009-12-23,0.67
2009-12-22,0.62
2009-12-21,0.62
2009-12-18,0.62
2009-12-17,0.63
2009-12-16,0.64
2009-12-15,0.64
2009-12-14,0.63
2009-12-11,0.64
2009-12-10,0.63
2009-12-09,0.63
2009-12-08,0.63
2009-12-07,0.64
2009-12-04,0.64
2009-12-03,0.63
2009-12-02,0.64
2009-12-01,0.64
2009-11-30,0.62
2009-11-27,0.63
2009-11-26,0.63
2009-11-25,0.65
2009-11-24,0.65
2009-11-23,0.65
2009-11-20,0.64
2009-11-19,0.65
2009-11-18,0.64
2009-11-17,0.65
2009-11-16,0.64
2009-11-13,0.64
2009-11-12,0.64
2009-11-11,0.65
2009-11-10,0.65
2009-11-09,0.66
2009-11-06,0.64
2009-11-05,0.64
2009-11-04,0.64
2009-11-03,0.64
2009-11-02,0.64
2009-10-30,0.65
2009-10-29,0.67
2009-10-28,0.64
2009-10-27,0.65
2009-10-26,0.66
2009-10-23,0.67
2009-10-22,0.68
2009-10-21,0.69
2009-10-20,0.69
2009-10-19,0.69
2009-10-16,0.68
2009-10-15,0.69
2009-10-14,0.68
2009-10-13,0.68
2009-10-12,0.69
2009-10-09,0.68
2009-10-08,0.68
2009-10-07,0.68
2009-10-06,0.67
2009-10-05,0.67
2009-10-02,0.67
2009-10-01,0.67
2009-09-30,0.69
2009-09-29,0.7
2009-09-28,0.69
2009-09-25,0.7
2009-09-24,0.7
2009-09-23,0.68
2009-09-22,0.67
2009-09-21,0.66
2009-09-18,0.68
2009-09-17,0.68
2009-09-16,0.67
2009-09-15,0.66
2009-09-14,0.66
2009-09-11,0.66
2009-09-10,0.66
2009-09-09,0.65
2009-09-08,0.66
2009-09-07,0.67
2009-09-04,0.65
2009-09-03,0.65
2009-09-02,0.62
2009-09-01,0.65
2009-08-31,0.65
2009-08-28,0.68
2009-08-27,0.67
2009-08-26,0.68
2009-08-25,0.68
2009-08-24,0.67
2009-08-21,0.66
2009-08-20,0.67
2009-08-19,0.66
2009-08-18,0.68
2009-08-17,0.65
2009-08-14,0.67
2009-08-13,0.67
2009-08-12,0.68
2009-08-11,0.68
2009-08-10,0.69
2009-08-07,0.67
2009-08-06,0.65
2009-08-05,0.62
2009-08-04,0.6
2009-08-03,0.6
2009-07-31,0.59
2009-07-30,0.6
2009-07-29,0.59
2009-07-28,0.58
2009-07-27,0.59
2009-07-24,0.58
2009-07-23,0.59
2009-07-22,0.59
2009-07-21,0.59
2009-07-20,0.58
2009-07-17,0.59
2009-07-16,0.59
2009-07-15,0.59
2009-07-14,0.59
2009-07-13,0.57
2009-07-10,0.55
2009-07-09,0.56
2009-07-08,0.56
2009-07-07,0.57
2009-07-06,0.57
2009-07-03,0.59
2009-07-02,0.58
2009-07-01,0.61
2009-06-30,0.59
2009-06-29,0.58
2009-06-26,0.55
2009-06-25,0.56
2009-06-24,0.56
2009-06-23,0.54
2009-06-22,0.61
2009-06-19,0.63
2009-06-18,0.61
2009-06-17,0.6
2009-06-16,0.63
2009-06-15,0.63
2009-06-12,0.64
2009-06-11,0.65
2009-06-10,0.64
2009-06-09,0.64
2009-06-08,0.63
2009-06-05,0.66
2009-06-04,0.65
2009-06-03,0.62
2009-06-02,0.66
2009-06-01,0.58
2009-05-29,0.54
2009-05-28,0.52
2009-05-27,0.51
2009-05-26,0.49
2009-05-25,0.5
2009-05-22,0.49
2009-05-21,0.49
2009-05-20,0.5
2009-05-19,0.5
2009-05-18,0.47
2009-05-15,0.43
2009-05-14,0.43
2009-05-13,0.41
2009-05-12,0.4
2009-05-11,0.43
2009-05-08,0.44
2009-05-07,0.43
2009-05-06,0.4
2009-05-05,0.41
2009-05-04,0.42
2009-05-01,0.39
2009-04-30,0.39
2009-04-29,0.4
2009-04-28,0.4
2009-04-27,0.41
2009-04-24,0.39
2009-04-23,0.35
2009-04-22,0.37
2009-04-21,0.37
2009-04-20,0.38
2009-04-17,0.39
2009-04-16,0.38
2009-04-15,0.33
2009-04-14,0.32
2009-04-13,0.31
2009-04-10,0.31
2009-04-09,0.31
2009-04-08,0.3
2009-04-07,0.29
2009-04-06,0.3
2009-04-03,0.3
2009-04-02,0.29
2009-04-01,0.28
2009-03-31,0.29
2009-03-30,0.28
2009-03-27,0.29
2009-03-26,0.29
2009-03-25,0.3
2009-03-24,0.3
2009-03-23,0.3
2009-03-20,0.31
2009-03-19,0.31
2009-03-18,0.3
2009-03-17,0.29
2009-03-16,0.29
2009-03-13,0.28
2009-03-12,0.28
2009-03-11,0.27
2009-03-10,0.27
2009-03-09,0.26
2009-03-06,0.26
2009-03-05,0.26
2009-03-04,0.26
2009-03-03,0.26
2009-03-02,0.27
2009-02-27,0.28
2009-02-26,0.28
2009-02-25,0.26
2009-02-24,0.25
2009-02-23,0.28
2009-02-20,0.29
2009-02-19,0.3
2009-02-18,0.3
2009-02-17,0.3
2009-02-16,0.3
2009-02-13,0.3
2009-02-12,0.31
2009-02-11,0.32
2009-02-10,0.31
2009-02-09,0.32
2009-02-06,0.31
2009-02-05,0.31
2009-02-04,0.32
2009-02-03,0.32
2009-02-02,0.31
2009-01-30,0.31
2009-01-29,0.31
2009-01-28,0.33
2009-01-27,0.33
2009-01-26,0.34
2009-01-23,0.33
2009-01-22,0.33
2009-01-21,0.33
2009-01-20,0.34
2009-01-19,0.35
2009-01-16,0.35
2009-01-15,0.34
2009-01-14,0.34
2009-01-13,0.35
2009-01-12,0.35
2009-01-09,0.36
2009-01-08,0.37
2009-01-07,0.37
2009-01-06,0.38
2009-01-05,0.36
2009-01-02,0.36
2009-01-01,0.34
2008-12-31,0.34
2008-12-30,0.32
2008-12-29,0.33
2008-12-26,0.35
2008-12-25,0.35
2008-12-24,0.35
2008-12-23,0.34
2008-12-22,0.36
2008-12-19,0.37
2008-12-18,0.37
2008-12-17,0.38
2008-12-16,0.37
2008-12-15,0.38
2008-12-12,0.39
2008-12-11,0.4
2008-12-10,0.41
2008-12-09,0.41
2008-12-08,0.42
2008-12-05,0.41
2008-12-04,0.41
2008-12-03,0.42
2008-12-02,0.42
2008-12-01,0.41
2008-11-28,0.42
2008-11-27,0.41
2008-11-26,0.42
2008-11-25,0.42
2008-11-24,0.44
2008-11-21,0.43
2008-11-20,0.44
2008-11-19,0.45
2008-11-18,0.46
2008-11-17,0.47
2008-11-14,0.49
2008-11-13,0.49
2008-11-12,0.49
2008-11-11,0.49
2008-11-10,0.5
2008-11-07,0.48
2008-11-06,0.48
2008-11-05,0.5
2008-11-04,0.5
2008-11-03,0.48
2008-10-31,0.47
2008-10-30,0.48
2008-10-29,0.48
2008-10-28,0.48
2008-10-27,0.46
2008-10-24,0.48
2008-10-23,0.49
2008-10-22,0.49
2008-10-21,0.5
2008-10-20,0.5
2008-10-17,0.5
2008-10-16,0.5
2008-10-15,0.51
2008-10-14,0.54
2008-10-13,0.52
2008-10-10,0.48
2008-10-09,0.53
2008-10-08,0.53
2008-10-07,0.54
2008-10-06,0.56
2008-10-03,0.59
2008-10-02,0.58
2008-10-01,0.59
2008-09-30,0.59
2008-09-29,0.59
2008-09-26,0.59
2008-09-25,0.59
2008-09-24,0.61
2008-09-23,0.6
2008-09-22,0.61
2008-09-19,0.61
2008-09-18,0.59
2008-09-17,0.6
2008-09-16,0.61
2008-09-15,0.61
2008-09-12,0.62
2008-09-11,0.61
2008-09-10,0.62
2008-09-09,0.63
2008-09-08,0.64
2008-09-05,0.62
2008-09-04,0.63
2008-09-03,0.64
2008-09-02,0.65
2008-09-01,0.63
2008-08-29,0.62
2008-08-28,0.63
2008-08-27,0.62
2008-08-26,0.63
2008-08-25,0.63
2008-08-22,0.64
2008-08-21,0.64
2008-08-20,0.66
2008-08-19,0.67
2008-08-18,0.69
2008-08-15,0.69
2008-08-14,0.7
2008-08-13,0.7
2008-08-12,0.71
2008-08-11,0.72
2008-08-08,0.71
2008-08-07,0.71
2008-08-06,0.69
2008-08-05,0.7
2008-08-04,0.7
2008-08-01,0.67
2008-07-31,0.66
2008-07-30,0.67
2008-07-29,0.66
2008-07-28,0.67
2008-07-25,0.68
2008-07-24,0.68
2008-07-23,0.72
2008-07-22,0.7
2008-07-21,0.72
2008-07-18,0.65
2008-07-17,0.65
2008-07-16,0.61
2008-07-15,0.6
2008-07-14,0.62
2008-07-11,0.61
2008-07-10,0.63
2008-07-09,0.63
2008-07-08,0.62
2008-07-07,0.63
2008-07-04,0.62
2008-07-03,0.65
2008-07-02,0.63
2008-07-01,0.62
2008-06-30,0.66
2008-06-27,0.66
2008-06-26,0.68
2008-06-25,0.71
2008-06-24,0.67
2008-06-23,0.69
2008-06-20,0.69
2008-06-19,0.71
2008-06-18,0.72
2008-06-17,0.75
2008-06-16,0.75
2008-06-13,0.76
2008-06-12,0.74
2008-06-11,0.75
2008-06-10,0.75
2008-06-09,0.75
2008-06-06,0.78
2008-06-05,0.79
2008-06-04,0.78
2008-06-03,0.78
2008-06-02,0.79
2008-05-30,0.81
2008-05-29,0.83
2008-05-28,0.85
2008-05-27,0.85
2008-05-26,0.85
2008-05-23,0.86
2008-05-22,0.85
2008-05-21,0.86
2008-05-20,0.87
2008-05-19,0.88
2008-05-16,0.88
2008-05-15,0.87
2008-05-14,0.87
2008-05-13,0.88
2008-05-12,0.9
2008-05-09,0.9
2008-05-08,0.9
2008-05-07,0.9
2008-05-06,0.93
2008-05-05,0.94
2008-05-02,0.9
2008-05-01,0.89
2008-04-30,0.89
2008-04-29,0.89
2008-04-28,0.9
2008-04-25,0.9
2008-04-24,0.89
2008-04-23,0.9
2008-04-22,0.89
2008-04-21,0.9
2008-04-18,0.89
2008-04-17,0.87
2008-04-16,0.89
2008-04-15,0.88
2008-04-14,0.87
2008-04-11,0.89
2008-04-10,0.9
2008-04-09,0.9
2008-04-08,0.91
2008-04-07,0.91
2008-04-04,0.89
2008-04-03,0.9
2008-04-02,0.91
2008-04-01,0.85
2008-03-31,0.83
2008-03-28,0.82
2008-03-27,0.83
2008-03-26,0.79
2008-03-25,0.8
2008-03-24,0.78
2008-03-21,0.78
2008-03-20,0.78
2008-03-19,0.79
2008-03-18,0.8
2008-03-17,0.77
2008-03-14,0.84
2008-03-13,0.86
2008-03-12,0.89
2008-03-11,0.9
2008-03-10,0.94
2008-03-07,0.92
2008-03-06,0.93
2008-03-05,0.93
2008-03-04,0.9
2008-03-03,0.89
2008-02-29,0.92
2008-02-28,0.92
2008-02-27,0.94
2008-02-26,0.94
2008-02-25,0.95
2008-02-22,0.93
2008-02-21,0.95
2008-02-20,0.93
2008-02-19,0.94
2008-02-18,0.9
2008-02-15,0.91
2008-02-14,0.93
2008-02-13,0.93
2008-02-12,0.84
2008-02-11,0.77
2008-02-08,0.76
2008-02-07,0.75
2008-02-06,0.76
2008-02-05,0.73
2008-02-04,0.76
2008-02-01,0.7
2008-01-31,0.67
2008-01-30,0.68
2008-01-29,0.69
2008-01-28,0.67
2008-01-25,0.67
2008-01-24,0.67
2008-01-23,0.65
2008-01-22,0.66
2008-01-21,0.65
2008-01-18,0.71
2008-01-17,0.71
2008-01-16,0.69
2008-01-15,0.7
2008-01-14,0.69
2008-01-11,0.72
2008-01-10,0.64
2008-01-09,0.76
2008-01-08,0.83
2008-01-07,0.81
2008-01-04,0.88
2008-01-03,0.9
2008-01-02,0.88
2008-01-01,0.92
2007-12-31,0.92
2007-12-28,0.95
2007-12-27,1.03
2007-12-26,1.03
2007-12-25,1.03
2007-12-24,1.03
2007-12-21,1.01
2007-12-20,1.03
2007-12-19,1.03
2007-12-18,1.03
2007-12-17,1.04
2007-12-14,1.03
2007-12-13,1.05
2007-12-12,1.06
2007-12-11,1.06
2007-12-10,1.08
2007-12-07,1.09
2007-12-06,1.13
2007-12-05,1.06
2007-12-04,1.07
2007-12-03,1.09
2007-11-30,1.12
2007-11-29,1.05
2007-11-28,1.08
2007-11-27,1.12
2007-11-26,1.14
2007-11-23,1.17
2007-11-22,1.89
2007-11-21,1.75
2007-11-20,1.78
2007-11-19,1.8
2007-11-16,1.88
2007-11-15,1.88
2007-11-14,1.92
2007-11-13,1.92
2007-11-12,1.92
2007-11-09,1.9
2007-11-08,1.9
2007-11-07,1.93
2007-11-06,1.94
2007-11-05,1.95
2007-11-02,1.95
2007-11-01,1.95
2007-10-31,1.95
2007-10-30,1.94
2007-10-29,1.96
2007-10-26,1.95
2007-10-25,1.98
2007-10-24,1.97
2007-10-23,1.99
2007-10-22,1.94
2007-10-19,1.96
2007-10-18,1.98
2007-10-17,2.0
2007-10-16,1.97
2007-10-15,2.01
2007-10-12,2.01
2007-10-11,2.0
2007-10-10,2.02
2007-10-09,2.06
2007-10-08,2.06
2007-10-05,1.94
2007-10-04,1.94
2007-10-03,1.94
2007-10-02,1.94
2007-10-01,1.87
2007-09-28,1.86
2007-09-27,1.89
2007-09-26,1.94
2007-09-25,1.97
2007-09-24,2.06
2007-09-21,2.02
2007-09-20,1.83
2007-09-19,1.66
2007-09-18,1.6
2007-09-17,1.61
2007-09-14,1.74
2007-09-13,1.8
2007-09-12,1.79
2007-09-11,1.8
2007-09-10,1.77
2007-09-07,1.87
2007-09-06,1.92
2007-09-05,1.88
2007-09-04,1.92
2007-09-03,1.9
2007-08-31,1.9
2007-08-30,1.92
2007-08-29,1.88
2007-08-28,1.9
2007-08-27,1.94
2007-08-24,1.94
2007-08-23,1.93
2007-08-22,1.93
2007-08-21,1.87
2007-08-20,1.94
2007-08-17,1.88
2007-08-16,1.84
2007-08-15,2.05
2007-08-14,2.07
2007-08-13,2.1
2007-08-10,2.11
2007-08-09,2.18
2007-08-08,2.24
2007-08-07,2.02
2007-08-06,2.02
2007-08-03,2.06
2007-08-02,2.06
2007-08-01,2.04
2007-07-31,2.09
2007-07-30,2.05
2007-07-27,2.03
2007-07-26,2.05
2007-07-25,2.08
2007-07-24,2.08
2007-07-23,2.13
2007-07-20,2.16
2007-07-19,2.18
2007-07-18,2.17
2007-07-17,2.19
2007-07-16,2.19
2007-07-13,2.17
2007-07-12,2.2
2007-07-11,2.12
2007-07-10,2.23
2007-07-09,2.37
2007-07-06,2.27
2007-07-05,1.88
2007-07-04,1.77
2007-07-03,1.78
2007-07-02,1.78
2007-06-29,1.76
2007-06-28,1.76
2007-06-27,1.76
2007-06-26,1.83
2007-06-25,1.86
2007-06-22,1.83
2007-06-21,1.83
2007-06-20,1.84
2007-06-19,1.89
2007-06-18,1.88
2007-06-15,1.74
2007-06-14,1.79
2007-06-13,1.84
2007-06-12,1.87
2007-06-11,1.89
2007-06-08,2.03
2007-06-07,2.06
2007-06-06,2.11
2007-06-05,2.15
2007-06-04,2.15
2007-06-01,2.34
2007-05-31,2.34
2007-05-30,2.34
2007-05-29,2.36
2007-05-28,2.4
2007-05-25,2.38
2007-05-24,2.4
2007-05-23,2.42
2007-05-22,2.42
2007-05-21,2.43
2007-05-18,2.43
2007-05-17,2.43
2007-05-16,2.45
2007-05-15,2.38
2007-05-14,2.37
2007-05-11,2.38
2007-05-10,2.4
2007-05-09,2.44
2007-05-08,2.48
2007-05-07,2.36
2007-05-04,2.35
2007-05-03,2.48
2007-05-02,2.56
2007-05-01,2.57
2007-04-30,2.57
2007-04-27,2.8
2007-04-26,2.79
2007-04-25,2.79
2007-04-24,2.79
2007-04-23,2.8
2007-04-20,2.81
2007-04-19,2.77
2007-04-18,2.8
2007-04-17,2.74
2007-04-16,2.72
2007-04-13,2.68
2007-04-12,2.7
2007-04-11,2.72
2007-04-10,2.71
2007-04-09,2.69
2007-04-06,2.69
2007-04-05,2.69
2007-04-04,2.62
2007-04-03,2.6
2007-04-02,2.56
2007-03-30,2.61
2007-03-29,2.61
2007-03-28,2.6
2007-03-27,2.59
2007-03-26,2.6
2007-03-23,2.6
2007-03-22,2.58
2007-03-21,2.62
2007-03-20,2.62
2007-03-19,2.64
2007-03-16,2.62
2007-03-15,2.63
2007-03-14,2.6
2007-03-13,2.64
2007-03-12,2.65
2007-03-09,2.69
2007-03-08,2.69
2007-03-07,2.7
2007-03-06,2.67
2007-03-05,2.69
2007-03-02,2.7
2007-03-01,2.76
2007-02-28,2.8
2007-02-27,2.8
2007-02-26,2.84
2007-02-23,2.85
2007-02-22,2.84
2007-02-21,2.83
2007-02-20,2.84
2007-02-19,2.84
2007-02-16,2.82
2007-02-15,2.82
2007-02-14,2.85
2007-02-13,2.87
2007-02-12,2.9
2007-02-09,2.88
2007-02-08,2.86
2007-02-07,2.86
2007-02-06,2.88
2007-02-05,2.9
2007-02-02,2.73
2007-02-01,2.7
2007-01-31,2.7
2007-01-30,2.72
2007-01-29,2.73
2007-01-26,2.77
2007-01-25,2.79
2007-01-24,2.71
2007-01-23,2.66
2007-01-22,2.66
2007-01-19,2.68
2007-01-18,2.65
2007-01-17,2.68
2007-01-16,2.68
2007-01-15,2.66
2007-01-12,2.68
2007-01-11,2.65
2007-01-10,2.66
2007-01-09,2.68
2007-01-08,2.68
2007-01-05,2.64
2007-01-04,2.67
2007-01-03,2.68
2007-01-02,2.68
2007-01-01,2.68
2006-12-29,2.68
2006-12-28,2.68
2006-12-27,2.66
2006-12-26,2.68
2006-12-25,2.68
2006-12-22,2.68
2006-12-21,2.67
2006-12-20,2.66
2006-12-19,2.66
2006-12-18,2.68
2006-12-15,2.68
2006-12-14,2.66
2006-12-13,2.64
2006-12-12,2.63
2006-12-11,2.63
2006-12-08,2.62
2006-12-07,2.61
2006-12-06,2.58
2006-12-05,2.68
2006-12-04,2.68
2006-12-01,2.67
2006-11-30,2.71
2006-11-29,2.73
2006-11-28,2.72
2006-11-27,2.72
2006-11-24,2.78
2006-11-23,2.75
2006-11-22,2.75
2006-11-21,2.75
2006-11-20,2.77
2006-11-17,2.78
2006-11-16,2.77
2006-11-15,2.77
2006-11-14,2.76
2006-11-13,2.77
2006-11-10,2.74
2006-11-09,2.79
2006-11-08,2.79
2006-11-07,2.79
2006-11-06,2.78
2006-11-03,2.79
2006-11-02,2.75
2006-11-01,2.76
2006-10-31,2.75
2006-10-30,2.75
2006-10-27,2.75
2006-10-26,2.75
2006-10-25,2.75
2006-10-24,2.77
2006-10-23,2.74
2006-10-20,2.8
2006-10-19,2.79
2006-10-18,2.73
2006-10-17,2.8
2006-10-16,2.78
2006-10-13,2.79
2006-10-12,2.82
2006-10-11,2.8
2006-10-10,2.82
2006-10-09,2.8
2006-10-06,2.82
2006-10-05,2.82
2006-10-04,2.81
2006-10-03,2.79
2006-10-02,2.79
2006-09-29,2.82
2006-09-28,2.85
2006-09-27,2.87
2006-09-26,2.81
2006-09-25,2.81
2006-09-22,2.8
2006-09-21,2.84
2006-09-20,2.83
2006-09-19,2.8
2006-09-18,2.83
2006-09-15,2.92
2006-09-14,2.91
2006-09-13,2.9
2006-09-12,2.86
2006-09-11,2.84
2006-09-08,2.85
2006-09-07,2.81
2006-09-06,2.81
2006-09-05,2.82
2006-09-04,2.82
2006-09-01,2.83
2006-08-31,2.9
2006-08-30,2.9
2006-08-29,2.85
2006-08-28,2.9
2006-08-25,2.88
2006-08-24,2.87
2006-08-23,2.92
2006-08-22,2.81
2006-08-21,2.74
2006-08-18,2.68
2006-08-17,2.63
2006-08-16,2.64
2006-08-15,2.64
2006-08-14,2.63
2006-08-11,2.63
2006-08-10,2.62
2006-08-09,2.63
2006-08-08,2.62
2006-08-07,2.61
2006-08-04,2.63
2006-08-03,2.6
2006-08-02,2.58
2006-08-01,2.61
2006-07-31,2.57
2006-07-28,2.59
2006-07-27,2.55
2006-07-26,2.55
2006-07-25,2.6
2006-07-24,2.56
2006-07-21,2.57
2006-07-20,2.55
2006-07-19,2.55
2006-07-18,2.52
2006-07-17,2.6
2006-07-14,2.65
2006-07-13,2.69
2006-07-12,2.7
2006-07-11,2.7
2006-07-10,2.7
2006-07-07,2.72
2006-07-06,2.71
2006-07-05,2.77
2006-07-04,2.78
2006-07-03,2.75
2006-06-30,2.8
2006-06-29,2.75
2006-06-28,2.7
2006-06-27,2.67
2006-06-26,2.75
2006-06-23,2.75
2006-06-22,2.7
2006-06-21,2.66
2006-06-20,2.68
2006-06-19,2.69
2006-06-16,2.77
2006-06-15,2.77
2006-06-14,2.77
2006-06-13,2.7
2006-06-12,2.74
2006-06-09,2.77
2006-06-08,2.76
2006-06-07,2.76
2006-06-06,2.85
2006-06-05,2.87
2006-06-02,2.89
2006-06-01,2.9
2006-05-31,2.86
2006-05-30,2.86
2006-05-29,2.85
2006-05-26,2.9
2006-05-25,2.9
2006-05-24,2.87
2006-05-23,2.86
2006-05-22,2.85
2006-05-19,2.92
2006-05-18,3.02
2006-05-17,3.07
2006-05-16,3.12
2006-05-15,3.25
2006-05-12,3.25
2006-05-11,3.29
2006-05-10,3.31
2006-05-09,3.31
2006-05-08,3.28
2006-05-05,3.34
2006-05-04,3.33
2006-05-03,3.35
2006-05-02,3.37
2006-05-01,3.42
2006-04-28,3.4
2006-04-27,3.35
2006-04-26,3.32
2006-04-25,3.33
2006-04-24,3.34
2006-04-21,3.31
2006-04-20,3.36
2006-04-19,3.38
2006-04-18,3.4
2006-04-17,3.42
2006-04-14,3.42
2006-04-13,3.42
2006-04-12,3.39
2006-04-11,3.4
2006-04-10,3.41
2006-04-07,3.46
2006-04-06,3.33
2006-04-05,3.25
2006-04-04,3.29
2006-04-03,3.28
2006-03-31,3.35
2006-03-30,3.26
2006-03-29,3.3
2006-03-28,3.36
2006-03-27,3.37
2006-03-24,3.38
2006-03-23,3.3
2006-03-22,3.29
2006-03-21,3.34
2006-03-20,3.42
2006-03-17,3.41
2006-03-16,3.39
2006-03-15,3.38
2006-03-14,3.35
2006-03-13,3.33
2006-03-10,3.37
2006-03-09,3.3
2006-03-08,3.27
2006-03-07,3.28
2006-03-06,3.29
2006-03-03,3.18
2006-03-02,3.23
2006-03-01,3.2
2006-02-28,3.25
2006-02-27,3.25
2006-02-24,3.3
2006-02-23,3.3
2006-02-22,3.26
2006-02-21,3.26
2006-02-20,3.1
2006-02-17,3.01
2006-02-16,3.0
2006-02-15,2.98
2006-02-14,2.96
2006-02-13,2.97
2006-02-10,2.96
2006-02-09,2.95
2006-02-08,2.84
2006-02-07,2.83
2006-02-06,2.79
2006-02-03,2.8
2006-02-02,2.8
2006-02-01,2.81
2006-01-31,2.78
2006-01-30,2.82
2006-01-27,2.78
2006-01-26,2.82
2006-01-25,2.82
2006-01-24,2.81
2006-01-23,2.81
2006-01-20,2.82
2006-01-19,2.81
2006-01-18,2.82
2006-01-17,2.81
2006-01-16,2.78
2006-01-13,2.77
2006-01-12,2.77
2006-01-11,2.79
2006-01-10,2.79
2006-01-09,2.81
2006-01-06,2.81
2006-01-05,2.82
2006-01-04,2.82
2006-01-03,2.83
2006-01-02,2.82
2005-12-30,2.84
2005-12-29,2.84
2005-12-28,2.85
2005-12-27,2.84
2005-12-26,2.82
2005-12-23,2.82
2005-12-22,2.85
2005-12-21,2.84
2005-12-20,2.82
2005-12-19,2.86
2005-12-16,2.85
2005-12-15,2.86
2005-12-14,2.88
2005-12-13,2.8
2005-12-12,2.77
2005-12-09,2.79
2005-12-08,2.82
2005-12-07,2.82
2005-12-06,2.82
2005-12-05,2.81
2005-12-02,2.78
2005-12-01,2.78
2005-11-30,2.82
2005-11-29,2.81
2005-11-28,2.82
2005-11-25,2.82
2005-11-24,2.82
2005-11-23,2.81
2005-11-22,2.8
2005-11-21,2.81
2005-11-18,2.83
2005-11-17,2.83
2005-11-16,2.82
2005-11-15,2.83
2005-11-14,2.83
2005-11-11,2.8
2005-11-10,2.79
2005-11-09,2.79
2005-11-08,2.79
2005-11-07,2.79
2005-11-04,2.8
2005-11-03,2.8
2005-11-02,2.77
2005-11-01,2.76
2005-10-31,2.77
2005-10-28,2.77
2005-10-27,2.8
2005-10-26,2.82
2005-10-25,2.87
2005-10-24,2.89
2005-10-21,2.89
2005-10-20,2.89
2005-10-19,2.87
2005-10-18,2.87
2005-10-17,2.88
2005-10-14,2.82
2005-10-13,2.88
2005-10-12,2.89
2005-10-11,2.9
2005-10-10,2.85
2005-10-07,2.86
2005-10-06,2.86
2005-10-05,2.87
2005-10-04,2.87
2005-10-03,2.88
2005-09-30,2.83
2005-09-29,2.68
2005-09-28,2.82
2005-09-27,2.84
2005-09-26,2.8
2005-09-23,2.8
2005-09-22,2.83
2005-09-21,2.84
2005-09-20,2.81
2005-09-19,2.86
2005-09-16,2.87
2005-09-15,2.79
2005-09-14,2.79
2005-09-13,2.8
2005-09-12,2.8
2005-09-09,2.8
2005-09-08,2.8
2005-09-07,2.79
2005-09-06,2.81
2005-09-05,2.81
2005-09-02,2.8
2005-09-01,2.91
2005-08-31,2.92
2005-08-30,2.89
2005-08-29,2.96
2005-08-26,2.94
2005-08-25,2.95
2005-08-24,2.95
2005-08-23,2.98
2005-08-22,2.89
2005-08-19,2.88
2005-08-18,2.82
2005-08-17,2.79
2005-08-16,2.79
2005-08-15,2.71
2005-08-12,2.71
2005-08-11,2.72
2005-08-10,2.72
2005-08-09,2.72
2005-08-08,2.73
2005-08-05,2.69
2005-08-04,2.7
2005-08-03,2.69
2005-08-02,2.72
2005-08-01,2.73
2005-07-29,2.7
2005-07-28,2.7
2005-07-27,2.7
2005-07-26,2.71
2005-07-25,2.71
2005-07-22,2.72
2005-07-21,2.72
2005-07-20,2.69
2005-07-19,2.69
2005-07-18,2.69
2005-07-15,2.7
2005-07-14,2.7
2005-07-13,2.72
2005-07-12,2.71
2005-07-11,2.71
2005-07-08,2.71
2005-07-07,2.7
2005-07-06,2.56
2005-07-05,2.55
2005-07-04,2.57
2005-07-01,2.58
2005-06-30,2.54
2005-06-29,2.57
2005-06-28,2.56
2005-06-27,2.56
2005-06-24,2.56
2005-06-23,2.56
2005-06-22,2.53
2005-06-21,2.6
2005-06-20,2.59
2005-06-17,2.58
2005-06-16,2.58
2005-06-15,2.57
2005-06-14,2.57
2005-06-13,2.59
2005-06-10,2.58
2005-06-09,2.55
2005-06-08,2.48
2005-06-07,2.48
2005-06-06,2.48
2005-06-03,2.51
2005-06-02,2.51
2005-06-01,2.5
2005-05-31,2.49
2005-05-30,2.5
2005-05-27,2.5
2005-05-26,2.52
2005-05-25,2.5
2005-05-24,2.5
2005-05-23,2.5
2005-05-20,2.5
2005-05-19,2.52
2005-05-18,2.49
2005-05-17,2.49
2005-05-16,2.5
2005-05-13,2.5
2005-05-12,2.52
2005-05-11,2.5
2005-05-10,2.55
2005-05-09,2.54
2005-05-06,2.54
2005-05-05,2.55
2005-05-04,2.54
2005-05-03,2.55
2005-05-02,2.55
2005-04-29,2.59
2005-04-28,2.6
2005-04-27,2.6
2005-04-26,2.6
2005-04-25,2.6
2005-04-22,2.6
2005-04-21,2.6
2005-04-20,2.6
2005-04-19,2.64
2005-04-18,2.63
2005-04-15,2.63
2005-04-14,2.64
2005-04-13,2.64
2005-04-12,2.65
2005-04-11,2.67
2005-04-08,2.67
2005-04-07,2.67
2005-04-06,2.67
2005-04-05,2.63
2005-04-04,2.59
2005-04-01,2.63
2005-03-31,2.58
2005-03-30,2.63
2005-03-29,2.63
2005-03-28,2.64
2005-03-25,2.64
2005-03-24,2.64
2005-03-23,2.65
2005-03-22,2.65
2005-03-21,2.68
2005-03-18,2.67
2005-03-17,2.67
2005-03-16,2.66
2005-03-15,2.65
2005-03-14,2.68
2005-03-11,2.69
2005-03-10,2.65
2005-03-09,2.69
2005-03-08,2.65
2005-03-07,2.67
2005-03-04,2.69
2005-03-03,2.69
2005-03-02,2.69
2005-03-01,2.7
2005-02-28,2.68
2005-02-25,2.69
2005-02-24,2.69
2005-02-23,2.69
2005-02-22,2.67
2005-02-21,2.68
2005-02-18,2.7
2005-02-17,2.68
2005-02-16,2.7
2005-02-15,2.7
2005-02-14,2.7
2005-02-11,2.69
2005-02-10,2.73
2005-02-09,2.73
2005-02-08,2.75
2005-02-07,2.7
2005-02-04,2.72
2005-02-03,2.7
2005-02-02,2.7
2005-02-01,2.7
2005-01-31,2.7
2005-01-28,2.7
2005-01-27,2.7
2005-01-26,2.69
2005-01-25,2.7
2005-01-24,2.7
2005-01-21,2.7
2005-01-20,2.7
2005-01-19,2.68
2005-01-18,2.69
2005-01-17,2.69
2005-01-14,2.69
2005-01-13,2.67
2005-01-12,2.65
2005-01-11,2.69
2005-01-10,2.65
2005-01-07,2.71
2005-01-06,2.71
2005-01-05,2.71
2005-01-04,2.72
2005-01-03,2.71
2004-12-31,2.75
2004-12-30,2.75
2004-12-29,2.64
2004-12-28,2.57
2004-12-27,2.52
2004-12-24,2.57
2004-12-23,2.57
2004-12-22,2.62
2004-12-21,2.63
2004-12-20,2.65
2004-12-17,2.67
2004-12-16,2.7
2004-12-15,2.69
2004-12-14,2.71
2004-12-13,2.7
2004-12-10,2.71
2004-12-09,2.7
2004-12-08,2.71
2004-12-07,2.68
2004-12-06,2.68
2004-12-03,2.67
2004-12-02,2.74
2004-12-01,2.75
2004-11-30,2.74
2004-11-29,2.78
2004-11-26,2.69
2004-11-25,2.69
2004-11-24,2.68
2004-11-23,2.68
2004-11-22,2.65
2004-11-19,2.7
2004-11-18,2.7
2004-11-17,2.72
2004-11-16,2.73
2004-11-15,2.71
2004-11-12,2.7
2004-11-11,2.7
2004-11-10,2.7
2004-11-09,2.7
2004-11-08,2.71
2004-11-05,2.7
2004-11-04,2.71
2004-11-03,2.77
2004-11-02,2.77
2004-11-01,2.78
2004-10-29,2.78
2004-10-28,2.78
2004-10-27,2.76
2004-10-26,2.79
2004-10-25,2.79
2004-10-22,2.79
2004-10-21,2.79
2004-10-20,2.78
2004-10-19,2.78
2004-10-18,2.8
2004-10-15,2.78
2004-10-14,2.8
2004-10-13,2.8
2004-10-12,2.77
2004-10-11,2.82
2004-10-08,2.83
2004-10-07,2.84
2004-10-06,2.83
2004-10-05,2.84
2004-10-04,2.84
2004-10-01,2.84
2004-09-30,2.79
2004-09-29,2.8
2004-09-28,2.76
2004-09-27,2.76
2004-09-24,2.8
2004-09-23,2.8
2004-09-22,2.85
2004-09-21,2.83
2004-09-20,2.87
2004-09-17,2.87
2004-09-16,2.89
2004-09-15,2.82
2004-09-14,2.85
2004-09-13,2.89
2004-09-10,2.9
2004-09-09,2.94
2004-09-08,2.85
2004-09-07,2.88
2004-09-06,2.9
2004-09-03,2.91
2004-09-02,2.94
2004-09-01,2.94
2004-08-31,2.89
2004-08-30,2.9
2004-08-27,2.88
2004-08-26,2.89
2004-08-25,2.89
2004-08-24,2.89
2004-08-23,2.89
2004-08-20,2.9
2004-08-19,2.92
2004-08-18,2.86
2004-08-17,2.88
2004-08-16,2.85
2004-08-13,2.91
2004-08-12,2.93
2004-08-11,2.96
2004-08-10,2.97
2004-08-09,2.97
2004-08-06,2.98
2004-08-05,2.99
2004-08-04,2.99
2004-08-03,3.0
2004-08-02,3.0
2004-07-30,2.96
2004-07-29,3.01
2004-07-28,2.99
2004-07-27,2.98
2004-07-26,2.98
2004-07-23,3.0
2004-07-22,3.02
2004-07-21,3.02
2004-07-20,3.05
2004-07-19,3.05
2004-07-16,3.03
2004-07-15,3.03
2004-07-14,3.05
2004-07-13,3.05
2004-07-12,3.06
2004-07-09,3.06
2004-07-08,3.04
2004-07-07,3.08
2004-07-06,3.09
2004-07-05,3.1
2004-07-02,3.11
2004-07-01,3.12
2004-06-30,3.1
2004-06-29,3.12
2004-06-28,3.07
2004-06-25,3.06
2004-06-24,3.05
2004-06-23,3.04
2004-06-22,3.05
2004-06-21,3.1
2004-06-18,3.11
2004-06-17,3.13
2004-06-16,3.11
2004-06-15,3.13
2004-06-14,3.12
2004-06-11,3.13
2004-06-10,3.13
2004-06-09,3.13
2004-06-08,3.14
2004-06-07,3.13
2004-06-04,3.14
2004-06-03,3.14
2004-06-02,3.11
2004-06-01,3.12
2004-05-31,3.1
2004-05-28,3.13
2004-05-27,3.1
2004-05-26,3.11
2004-05-25,3.09
2004-05-24,3.12
2004-05-21,3.11
2004-05-20,3.1
2004-05-19,3.14
2004-05-18,3.1
2004-05-17,3.09
2004-05-14,3.09
2004-05-13,3.08
2004-05-12,3.1
2004-05-11,3.16
2004-05-10,3.12
2004-05-07,3.19
2004-05-06,3.18
2004-05-05,3.23
2004-05-04,3.16
2004-05-03,3.16
2004-04-30,3.17
2004-04-29,3.17
2004-04-28,3.12
2004-04-27,3.16
2004-04-26,3.14
2004-04-23,3.19
2004-04-22,3.16
2004-04-21,3.19
2004-04-20,3.21
2004-04-19,3.21
2004-04-16,3.22
2004-04-15,3.22
2004-04-14,3.11
2004-04-13,3.1
2004-04-12,3.14
2004-04-09,3.14
2004-04-08,3.14
2004-04-07,3.1
2004-04-06,3.1
2004-04-05,3.1
2004-04-02,3.09
2004-04-01,3.1
2004-03-31,3.09
2004-03-30,3.14
2004-03-29,3.13
2004-03-26,3.15
2004-03-25,3.14
2004-03-24,3.15
2004-03-23,3.15
2004-03-22,3.17
2004-03-19,3.16
2004-03-18,3.16
2004-03-17,3.17
2004-03-16,3.18
2004-03-15,3.19
2004-03-12,3.2
2004-03-11,3.17
2004-03-10,3.17
2004-03-09,3.21
2004-03-08,3.23
2004-03-05,3.13
2004-03-04,3.15
2004-03-03,3.08
2004-03-02,3.09
2004-03-01,3.04
2004-02-27,3.04
2004-02-26,3.07
2004-02-25,3.08
2004-02-24,3.08
2004-02-23,3.13
2004-02-20,3.09
2004-02-19,3.18
2004-02-18,3.2
2004-02-17,3.06
2004-02-16,2.92
2004-02-13,2.84
2004-02-12,2.85
2004-02-11,2.8
2004-02-10,2.77
2004-02-09,2.76
2004-02-06,2.79
2004-02-05,2.79
2004-02-04,2.77
2004-02-03,2.8
2004-02-02,2.8
2004-01-30,2.74
2004-01-29,2.75
2004-01-28,2.75
2004-01-27,2.76
2004-01-26,2.7
2004-01-23,2.72
2004-01-22,2.74
2004-01-21,2.66
2004-01-20,2.7
2004-01-19,2.71
2004-01-16,2.67
2004-01-15,2.69
2004-01-14,2.69
2004-01-13,2.68
2004-01-12,2.7
2004-01-09,2.74
2004-01-08,2.78
2004-01-07,2.79
2004-01-06,2.8
2004-01-05,2.8
2004-01-02,2.82
2004-01-01,2.81
2003-12-31,2.81
2003-12-30,2.83
2003-12-29,2.84
2003-12-26,2.81
2003-12-25,2.81
2003-12-24,2.81
2003-12-23,2.81
2003-12-22,2.8
2003-12-19,2.8
2003-12-18,2.8
2003-12-17,2.77
2003-12-16,2.71
2003-12-15,2.69
2003-12-12,2.65
2003-12-11,2.62
2003-12-10,2.62
2003-12-09,2.65
2003-12-08,2.63
2003-12-05,2.63
2003-12-04,2.65
2003-12-03,2.64
2003-12-02,2.65
2003-12-01,2.65
2003-11-28,2.63
2003-11-27,2.6
2003-11-26,2.58
2003-11-25,2.55
2003-11-24,2.6
2003-11-21,2.58
2003-11-20,2.56
2003-11-19,2.6
2003-11-18,2.55
2003-11-17,2.52
2003-11-14,2.6
2003-11-13,2.59
2003-11-12,2.62
2003-11-11,2.6
2003-11-10,2.61
2003-11-07,2.62
2003-11-06,2.59
2003-11-05,2.58
2003-11-04,2.6
2003-11-03,2.55
2003-10-31,2.6
2003-10-30,2.59
2003-10-29,2.6
2003-10-28,2.59
2003-10-27,2.59
2003-10-24,2.6
2003-10-23,2.63
2003-10-22,2.62
2003-10-21,2.64
2003-10-20,2.64
2003-10-17,2.69
2003-10-16,2.71
2003-10-15,2.69
2003-10-14,2.65
2003-10-13,2.63
2003-10-10,2.63
2003-10-09,2.63
2003-10-08,2.6
2003-10-07,2.58
2003-10-06,2.59
2003-10-03,2.57
2003-10-02,2.55
2003-10-01,2.54
2003-09-30,2.54
2003-09-29,2.58
2003-09-26,2.58
2003-09-25,2.6
2003-09-24,2.59
2003-09-23,2.59
2003-09-22,2.62
2003-09-19,2.62
2003-09-18,2.63
2003-09-17,2.61
2003-09-16,2.62
2003-09-15,2.63
2003-09-12,2.63
2003-09-11,2.65
2003-09-10,2.65
2003-09-09,2.59
2003-09-08,2.64
2003-09-05,2.63
2003-09-04,2.65
2003-09-03,2.65
2003-09-02,2.66
2003-09-01,2.68
2003-08-29,2.7
2003-08-28,2.71
2003-08-27,2.72
2003-08-26,2.66
2003-08-25,2.74
2003-08-22,2.75
2003-08-21,2.71
2003-08-20,2.69
2003-08-19,2.72
2003-08-18,2.7
2003-08-15,2.7
2003-08-14,2.69
2003-08-13,2.68
2003-08-12,2.67
2003-08-11,2.67
2003-08-08,2.63
2003-08-07,2.64
2003-08-06,2.62
2003-08-05,2.64
2003-08-04,2.67
2003-08-01,2.67
2003-07-31,2.63
2003-07-30,2.63
2003-07-29,2.65
2003-07-28,2.69
2003-07-25,2.74
2003-07-24,2.74
2003-07-23,2.7
2003-07-22,2.71
2003-07-21,2.68
2003-07-18,2.7
2003-07-17,2.77
2003-07-16,2.75
2003-07-15,2.72
2003-07-14,2.74
2003-07-11,2.73
2003-07-10,2.72
2003-07-09,2.77
2003-07-08,2.79
2003-07-07,2.8
2003-07-04,2.8
2003-07-03,2.88
2003-07-02,2.8
2003-07-01,2.84
2003-06-30,2.88
2003-06-27,2.92
2003-06-26,2.95
2003-06-25,3.04
2003-06-24,3.0
2003-06-23,3.0
2003-06-20,3.0
2003-06-19,3.03
2003-06-18,3.05
2003-06-17,3.07
2003-06-16,3.07
2003-06-13,3.05
2003-06-12,3.1
2003-06-11,3.1
2003-06-10,3.04
2003-06-09,3.04
2003-06-06,3.04
2003-06-05,3.04
2003-06-04,3.04
2003-06-03,3.05
2003-06-02,3.06
2003-05-30,3.05
2003-05-29,3.04
2003-05-28,3.05
2003-05-27,3.08
2003-05-26,3.16
2003-05-23,3.15
2003-05-22,3.15
2003-05-21,3.16
2003-05-20,3.19
2003-05-19,3.19
2003-05-16,3.22
2003-05-15,3.21
2003-05-14,3.19
2003-05-13,3.21
2003-05-12,3.21
2003-05-09,3.21
2003-05-08,3.22
2003-05-07,3.23
2003-05-06,3.21
2003-05-05,3.22
2003-05-02,3.27
2003-05-01,3.27
2003-04-30,3.27
2003-04-29,3.21
2003-04-28,3.25
2003-04-25,3.29
2003-04-24,3.29
2003-04-23,3.27
2003-04-22,3.27
2003-04-21,3.27
2003-04-18,3.27
2003-04-17,3.27
2003-04-16,3.27
2003-04-15,3.26
2003-04-14,3.23
2003-04-11,3.22
2003-04-10,3.29
2003-04-09,3.27
2003-04-08,3.21
2003-04-07,3.17
2003-04-04,3.22
2003-04-03,3.29
2003-04-02,3.23
2003-04-01,3.23
2003-03-31,3.35
2003-03-28,3.37
2003-03-27,3.37
2003-03-26,3.34
2003-03-25,3.4
2003-03-24,3.4
2003-03-21,3.42
2003-03-20,3.42
2003-03-19,3.45
2003-03-18,3.4
2003-03-17,3.39
2003-03-14,3.37
2003-03-13,3.47
2003-03-12,3.37
2003-03-11,3.41
2003-03-10,3.44
2003-03-07,3.44
2003-03-06,3.49
2003-03-05,3.38
2003-03-04,3.46
2003-03-03,3.51
2003-02-28,3.42
2003-02-27,3.46
2003-02-26,3.46
2003-02-25,3.49
2003-02-24,3.49
2003-02-21,3.53
2003-02-20,3.53
2003-02-19,3.54
2003-02-18,3.53
2003-02-17,3.5
2003-02-14,3.57
2003-02-13,3.52
2003-02-12,3.5
2003-02-11,3.49
2003-02-10,3.53
2003-02-07,3.52
2003-02-06,3.5
2003-02-05,3.5
2003-02-04,3.5
2003-02-03,3.57
2003-01-31,3.59
2003-01-30,3.6
2003-01-29,3.52
2003-01-28,3.73
2003-01-27,3.72
2003-01-24,3.75
2003-01-23,3.73
2003-01-22,3.79
2003-01-21,3.74
2003-01-20,3.8
2003-01-17,3.78
2003-01-16,3.75
2003-01-15,3.76
2003-01-14,3.77
2003-01-13,3.74
2003-01-10,3.7
2003-01-09,3.76
2003-01-08,3.81
2003-01-07,3.83
2003-01-06,3.88
2003-01-03,3.92
2003-01-02,3.99
2003-01-01,3.82
2002-12-31,3.82
2002-12-30,3.98
2002-12-27,4.0
2002-12-26,3.9
2002-12-25,3.9
2002-12-24,3.9
2002-12-23,3.9
2002-12-20,3.89
2002-12-19,3.9
2002-12-18,3.83
2002-12-17,3.83
2002-12-16,3.79
2002-12-13,3.72
2002-12-12,3.83
2002-12-11,3.83
2002-12-10,3.76
2002-12-09,3.81
2002-12-06,3.78
2002-12-05,3.75
2002-12-04,3.83
2002-12-03,3.77
2002-12-02,3.84
2002-11-29,3.82
2002-11-28,3.82
2002-11-27,3.89
2002-11-26,4.0
2002-11-25,4.07
2002-11-22,4.02
2002-11-21,4.13
2002-11-20,4.02
2002-11-19,4.12
2002-11-18,3.96
2002-11-15,3.95
2002-11-14,4.08
2002-11-13,4.4
2002-11-12,4.05
2002-11-11,3.9
2002-11-08,4.0
2002-11-07,4.0
2002-11-06,3.81
2002-11-05,3.81
2002-11-04,3.83
2002-11-01,3.8
2002-10-31,3.8
2002-10-30,3.8
2002-10-29,3.8
2002-10-28,3.8
2002-10-25,3.8
2002-10-24,3.8
2002-10-23,3.81
2002-10-22,3.8
2002-10-21,3.81
2002-10-18,3.82
2002-10-17,3.85
2002-10-16,3.75
2002-10-15,3.75
2002-10-14,3.86
2002-10-11,3.87
2002-10-10,3.87
2002-10-09,3.87
2002-10-08,3.87
2002-10-07,3.83
2002-10-04,3.87
2002-10-03,3.87
2002-10-02,3.82
2002-10-01,3.92
2002-09-30,3.92
2002-09-27,3.93
2002-09-26,3.9
2002-09-25,3.85
2002-09-24,3.82
2002-09-23,3.82
2002-09-20,3.85
2002-09-19,3.9
2002-09-18,3.9
2002-09-17,3.94
2002-09-16,3.94
2002-09-13,3.94
2002-09-12,3.94
2002-09-11,3.95
2002-09-10,3.95
2002-09-09,3.95
2002-09-06,3.98
2002-09-05,4.0
2002-09-04,4.0
2002-09-03,4.0
2002-09-02,4.04
2002-08-30,4.04
2002-08-29,4.03
2002-08-28,4.03
2002-08-27,4.04
2002-08-26,4.05
2002-08-23,4.01
2002-08-22,4.04
2002-08-21,4.05
2002-08-20,4.04
2002-08-19,4.05
2002-08-16,4.0
2002-08-15,4.07
2002-08-14,4.07
2002-08-13,4.0
2002-08-12,4.0
2002-08-09,4.02
2002-08-08,4.1
2002-08-07,4.1
2002-08-06,4.2
2002-08-05,4.2
2002-08-02,4.09
2002-08-01,4.09
2002-07-31,4.09
2002-07-30,4.05
2002-07-29,4.0
2002-07-26,3.98
2002-07-25,4.01
2002-07-24,4.0
2002-07-23,4.1
2002-07-22,4.1
2002-07-19,4.15
2002-07-18,4.19
2002-07-17,4.2
2002-07-16,4.2
2002-07-15,4.18
2002-07-12,4.2
2002-07-11,4.2
2002-07-10,4.2
2002-07-09,4.2
2002-07-08,4.2
2002-07-05,4.2
2002-07-04,4.16
2002-07-03,4.22
2002-07-02,4.23
2002-07-01,4.2
2002-06-28,4.3
2002-06-27,4.24
2002-06-26,4.23
2002-06-25,4.2
2002-06-24,4.29
2002-06-21,4.3
2002-06-20,4.31
2002-06-19,4.3
2002-06-18,4.3
2002-06-17,4.32
2002-06-14,4.32
2002-06-13,4.33
2002-06-12,4.35
2002-06-11,4.36
2002-06-10,4.36
2002-06-07,4.36
2002-06-06,4.41
2002-06-05,4.41
2002-06-04,4.42
2002-06-03,4.4
2002-05-31,4.44
2002-05-30,4.41
2002-05-29,4.41
2002-05-28,4.42
2002-05-27,4.41
2002-05-24,4.4
2002-05-23,4.42
2002-05-22,4.43
2002-05-21,4.44
2002-05-20,4.45
2002-05-17,4.41
2002-05-16,4.42
2002-05-15,4.41
2002-05-14,4.41
2002-05-13,4.48
2002-05-10,4.48
2002-05-09,4.5
2002-05-08,4.5
2002-05-07,4.48
2002-05-06,4.53
2002-05-03,4.52
2002-05-02,4.51
2002-05-01,4.58
2002-04-30,4.58
2002-04-29,4.53
2002-04-26,4.53
2002-04-25,4.53
2002-04-24,4.53
2002-04-23,4.53
2002-04-22,4.53
2002-04-19,4.53
2002-04-18,4.54
2002-04-17,4.55
2002-04-16,4.55
2002-04-15,4.55
2002-04-12,4.6
2002-04-11,4.57
2002-04-10,4.6
2002-04-09,4.6
2002-04-08,4.62
2002-04-05,4.65
2002-04-04,4.68
2002-04-03,4.69
2002-04-02,4.73
2002-04-01,4.7
2002-03-29,4.7
2002-03-28,4.7
2002-03-27,4.7
2002-03-26,4.64
2002-03-25,4.65
2002-03-22,4.65
2002-03-21,4.62
2002-03-20,4.68
2002-03-19,4.6
2002-03-18,4.67
2002-03-15,4.66
2002-03-14,4.73
2002-03-13,4.72
2002-03-12,4.74
2002-03-11,4.77
2002-03-08,4.69
2002-03-07,4.75
2002-03-06,4.65
2002-03-05,4.69
2002-03-04,4.72
2002-03-01,4.75
2002-02-28,4.68
2002-02-27,4.65
2002-02-26,4.66
2002-02-25,4.65
2002-02-22,4.62
2002-02-21,4.68
2002-02-20,4.62
2002-02-19,4.62
2002-02-18,4.61
2002-02-15,4.63
2002-02-14,4.62
2002-02-13,4.62
2002-02-12,4.65
2002-02-11,4.65
2002-02-08,4.6
2002-02-07,4.6
2002-02-06,4.71
2002-02-05,4.73
2002-02-04,4.72
2002-02-01,4.71
2002-01-31,4.71
2002-01-30,4.67
2002-01-29,4.68
2002-01-28,4.7
2002-01-25,4.71
2002-01-24,4.71
2002-01-23,4.71
2002-01-22,4.74
2002-01-21,4.73
2002-01-18,4.73
2002-01-17,4.7
2002-01-16,4.69
2002-01-15,4.7
2002-01-14,4.71
2002-01-11,4.71
2002-01-10,4.7
2002-01-09,4.7
2002-01-08,4.7
2002-01-07,4.7
2002-01-04,4.68
2002-01-03,4.68
2002-01-02,4.6
2002-01-01,4.72
2001-12-31,4.72
2001-12-28,4.72
2001-12-27,4.55
2001-12-26,4.53
2001-12-25,4.53
2001-12-24,4.53
2001-12-21,4.53
2001-12-20,4.5
2001-12-19,4.53
2001-12-18,4.51
2001-12-17,4.55
2001-12-14,4.53
2001-12-13,4.55
2001-12-12,4.54
2001-12-11,4.55
2001-12-10,4.55
2001-12-07,4.54
2001-12-06,4.55
2001-12-05,4.55
2001-12-04,4.55
2001-12-03,4.55
2001-11-30,4.59
2001-11-29,4.54
2001-11-28,4.56
2001-11-27,4.5
2001-11-26,4.54
2001-11-23,4.53
2001-11-22,4.55
2001-11-21,4.55
2001-11-20,4.44
2001-11-19,4.43
2001-11-16,4.46
2001-11-15,4.48
2001-11-14,4.53
2001-11-13,4.54
2001-11-12,4.55
2001-11-09,4.55
2001-11-08,4.52
2001-11-07,4.52
2001-11-06,4.55
2001-11-05,4.58
2001-11-02,4.6
2001-11-01,4.65
2001-10-31,4.65
2001-10-30,4.61
2001-10-29,4.51
2001-10-26,4.52
2001-10-25,4.52
2001-10-24,4.52
2001-10-23,4.55
2001-10-22,4.54
2001-10-19,4.53
2001-10-18,4.53
2001-10-17,4.55
2001-10-16,4.51
2001-10-15,4.51
2001-10-12,4.54
2001-10-11,4.52
2001-10-10,4.54
2001-10-09,4.5
2001-10-08,4.54
2001-10-05,4.52
2001-10-04,4.52
2001-10-03,4.55
2001-10-02,4.55
2001-10-01,4.51
2001-09-28,4.57
2001-09-27,4.57
2001-09-26,4.58
2001-09-25,4.53
2001-09-24,4.51
2001-09-21,4.58
2001-09-20,4.62
2001-09-19,4.6
2001-09-18,4.57
2001-09-17,4.6
2001-09-14,4.95
2001-09-13,5.01
2001-09-12,5.1
2001-09-11,5.1
2001-09-10,5.24
2001-09-07,5.27
2001-09-06,5.35
2001-09-05,5.35
2001-09-04,5.4
2001-09-03,5.43
2001-08-31,5.44
2001-08-30,5.44
2001-08-29,5.43
2001-08-28,5.43
2001-08-27,5.43
2001-08-24,5.45
2001-08-23,5.44
2001-08-22,5.44
2001-08-21,5.43
2001-08-20,5.44
2001-08-17,5.4
2001-08-16,5.45
2001-08-15,5.47
2001-08-14,5.47
2001-08-13,5.45
2001-08-10,5.46
2001-08-09,5.48
2001-08-08,5.48
2001-08-07,5.45
2001-08-06,5.44
2001-08-03,5.47
2001-08-02,5.47
2001-08-01,5.45
2001-07-31,5.49
2001-07-30,5.47
2001-07-27,5.47
2001-07-26,5.44
2001-07-25,5.43
2001-07-24,5.45
2001-07-23,5.42
2001-07-20,5.45
2001-07-19,5.48
2001-07-18,5.49
2001-07-17,5.46
2001-07-16,5.45
2001-07-13,5.5
2001-07-12,5.5
2001-07-11,5.48
2001-07-10,5.49
2001-07-09,5.44
2001-07-06,5.4
2001-07-05,5.43
2001-07-04,5.44
2001-07-03,5.49
2001-07-02,5.5
2001-06-29,5.54
2001-06-28,5.55
2001-06-27,5.52
2001-06-26,5.45
2001-06-25,5.47
2001-06-22,5.49
2001-06-21,5.42
2001-06-20,5.4
2001-06-19,5.44
2001-06-18,5.42
2001-06-15,5.42
2001-06-14,5.23
2001-06-13,5.23
2001-06-12,5.45
2001-06-11,5.42
2001-06-08,5.38
2001-06-07,5.3
2001-06-06,5.33
2001-06-05,5.29
2001-06-04,5.29
2001-06-01,5.3
2001-05-31,5.3
2001-05-30,5.27
2001-05-29,5.27
2001-05-28,5.28
2001-05-25,5.3
2001-05-24,5.29
2001-05-23,5.3
2001-05-22,5.28
2001-05-21,5.29
2001-05-18,5.35
2001-05-17,5.16
2001-05-16,5.31
2001-05-15,5.24
2001-05-14,5.03
2001-05-11,5.16
2001-05-10,5.14
2001-05-09,5.11
2001-05-08,5.09
2001-05-07,5.28
2001-05-04,5.28
2001-05-03,5.28
2001-05-02,5.35
2001-05-01,5.33
2001-04-30,5.33
2001-04-27,5.26
2001-04-26,5.35
2001-04-25,5.35
2001-04-24,5.35
2001-04-23,5.33
2001-04-20,5.35
2001-04-19,5.37
2001-04-18,5.4
2001-04-17,5.4
2001-04-16,5.5
2001-04-13,5.5
2001-04-12,5.5
2001-04-11,5.53
2001-04-10,5.53
2001-04-09,5.53
2001-04-06,5.51
2001-04-05,5.51
2001-04-04,5.51
2001-04-03,5.5
2001-04-02,5.55
2001-03-30,5.56
2001-03-29,5.55
2001-03-28,5.54
2001-03-27,5.5
2001-03-26,5.63
2001-03-23,5.6
2001-03-22,5.5
2001-03-21,5.65
2001-03-20,5.7
2001-03-19,5.7
2001-03-16,5.7
2001-03-15,5.73
2001-03-14,8.8
2001-03-13,5.73
2001-03-12,5.74
2001-03-09,5.74
2001-03-08,5.74
2001-03-07,5.74
2001-03-06,5.75
2001-03-05,5.75
2001-03-02,5.82
2001-03-01,5.81
2001-02-28,5.82
2001-02-27,5.81
2001-02-26,5.81
2001-02-23,5.8
2001-02-22,5.82
2001-02-21,5.88
2001-02-20,5.75
2001-02-19,5.69
2001-02-16,5.75
2001-02-15,5.73
2001-02-14,5.72
2001-02-13,5.73
2001-02-12,5.7
2001-02-09,5.78
2001-02-08,5.78
2001-02-07,5.75
2001-02-06,5.8
2001-02-05,5.75
2001-02-02,5.72
2001-02-01,5.76
2001-01-31,5.55
2001-01-30,5.5
2001-01-29,5.48
2001-01-26,7.875
2001-01-25,5.6
2001-01-24,7.875
2001-01-23,5.69
2001-01-22,5.68
2001-01-19,5.68
2001-01-18,5.64
2001-01-17,5.6
2001-01-16,5.56
2001-01-15,5.6
2001-01-12,5.7
2001-01-11,5.49
2001-01-10,5.6
2001-01-09,5.6
2001-01-08,5.64
2001-01-05,5.66
2001-01-04,5.65
2001-01-03,5.64
2001-01-02,5.65
2001-01-01,5.65
2000-12-29,5.65
2000-12-28,5.65
2000-12-27,5.68
2000-12-26,7.75
2000-12-22,5.65
2000-12-21,5.65
2000-12-20,5.67
2000-12-19,5.69
2000-12-18,5.71
2000-12-15,5.7
2000-12-14,5.69
2000-12-13,5.67
2000-12-12,5.65
2000-12-11,5.65
2000-12-08,5.73
2000-12-07,5.73
2000-12-06,5.7
2000-12-05,5.68
2000-12-04,5.52
2000-12-01,5.08
2000-11-30,5.08
2000-11-29,5.7
2000-11-28,5.58
2000-11-27,5.65
2000-11-24,5.6
2000-11-23,5.7
2000-11-22,5.65
2000-11-21,5.55
2000-11-20,5.75
2000-11-17,5.98
2000-11-16,6.2
2000-11-15,6.1
2000-11-14,6.08
2000-11-13,6.1
2000-11-10,6.11
2000-11-09,6.14
2000-11-08,6.15
2000-11-07,6.1
2000-11-06,6.09
2000-11-03,6.25
2000-11-02,6.45
2000-11-01,6.1
2000-10-31,6.1
2000-10-30,6.1
2000-10-27,6.07
2000-10-26,5.93
2000-10-25,6.2
2000-10-24,6.4
2000-10-23,6.25
2000-10-20,6.41
2000-10-19,6.53
2000-10-18,6.59
2000-10-17,6.68
2000-10-16,6.73
2000-10-13,6.5
2000-10-12,6.55
2000-10-11,6.54
2000-10-10,6.57
2000-10-09,6.58
2000-10-06,6.6
2000-10-05,6.62
2000-10-04,6.62
2000-10-03,6.6
2000-10-02,6.63
2000-09-29,6.6
2000-09-28,6.64
2000-09-27,6.63
2000-09-26,6.55
2000-09-25,6.63
2000-09-22,6.61
2000-09-21,6.65
2000-09-20,6.64
2000-09-19,6.65
2000-09-18,6.68
2000-09-15,6.69
2000-09-14,6.65
2000-09-13,6.66
2000-09-12,6.67
2000-09-11,6.67
2000-09-08,6.59
2000-09-07,6.7
2000-09-06,6.74
2000-09-05,6.74
2000-09-04,6.75
2000-09-01,6.79
2000-08-31,6.79
2000-08-30,6.78
2000-08-29,6.74
2000-08-28,6.79
2000-08-25,6.75
2000-08-24,6.74
2000-08-23,6.75
2000-08-22,6.75
2000-08-21,6.55
2000-08-18,6.59
2000-08-17,6.7
2000-08-16,6.67
2000-08-15,6.64
2000-08-14,6.64
2000-08-11,6.62
2000-08-10,6.71
2000-08-09,6.73
2000-08-08,6.73
2000-08-07,6.72
2000-08-04,6.77
2000-08-03,6.76
2000-08-02,6.77
2000-08-01,6.76
2000-07-31,6.73
2000-07-28,6.75
2000-07-27,6.78
2000-07-26,6.78
2000-07-25,6.79
2000-07-24,6.8
2000-07-21,6.8
2000-07-20,6.7
2000-07-19,6.67
2000-07-18,6.69
2000-07-17,6.71
2000-07-14,6.7
2000-07-13,6.7
2000-07-12,6.69
2000-07-11,6.72
2000-07-10,6.72
2000-07-07,6.71
2000-07-06,6.71
2000-07-05,6.74
2000-07-04,6.68
2000-07-03,6.74
2000-06-30,6.69
2000-06-29,6.68
2000-06-28,6.7
2000-06-27,6.77
2000-06-26,6.78
2000-06-23,6.79
2000-06-22,6.79
2000-06-21,6.79
2000-06-20,6.8
2000-06-19,6.8
2000-06-16,6.8
2000-06-15,6.9
2000-06-14,6.93
2000-06-13,6.93
2000-06-12,6.93
2000-06-09,6.79
2000-06-08,6.75
2000-06-07,6.7
2000-06-06,6.5
2000-06-05,6.45
2000-06-02,6.35
2000-06-01,6.36
2000-05-31,6.24
2000-05-30,6.15
2000-05-29,6.15
2000-05-26,5.7
2000-05-25,5.84
2000-05-24,5.7
2000-05-23,5.8
2000-05-22,5.85
2000-05-19,5.95
2000-05-18,5.99
2000-05-17,6.07
2000-05-16,6.2
2000-05-15,6.21
2000-05-12,6.28
2000-05-11,6.23
2000-05-10,6.26
2000-05-09,6.4
2000-05-08,6.4
2000-05-05,6.48
2000-05-04,6.4
2000-05-03,6.37
2000-05-02,6.37
2000-05-01,6.36
2000-04-28,6.36
2000-04-27,6.4
2000-04-26,6.5
2000-04-25,6.5
2000-04-24,6.5
2000-04-21,6.5
2000-04-20,6.5
2000-04-19,6.5
2000-04-18,6.5
2000-04-17,6.56
2000-04-14,6.46
2000-04-13,6.27
2000-04-12,6.54
2000-04-11,6.53
2000-04-10,6.51
2000-04-07,6.35
2000-04-06,6.36
2000-04-05,6.55
2000-04-04,6.7
2000-04-03,6.74
2000-03-31,6.59
2000-03-30,6.4
2000-03-29,6.3
2000-03-28,6.4
2000-03-27,6.59
2000-03-24,6.51
2000-03-23,6.75
2000-03-22,6.68
2000-03-21,6.98
2000-03-20,6.79
2000-03-17,6.9
2000-03-16,6.71
2000-03-15,6.83
2000-03-14,6.89
2000-03-13,7.0
2000-03-10,7.0
2000-03-09,7.11
2000-03-08,7.29
2000-03-07,7.2
2000-03-06,7.2
2000-03-03,7.2
2000-03-02,7.3
2000-03-01,7.6
2000-02-29,7.85
2000-02-28,7.83
2000-02-25,7.79
2000-02-24,7.7
2000-02-23,7.7
2000-02-22,7.7
2000-02-21,7.7
2000-02-18,7.79
2000-02-17,7.7
2000-02-16,7.71
2000-02-15,7.8
2000-02-14,7.79
2000-02-11,7.74
2000-02-10,7.8
2000-02-09,7.79
2000-02-08,7.83
2000-02-07,7.85
2000-02-04,7.94
2000-02-03,7.96
2000-02-02,7.99
2000-02-01,8.12
2000-01-31,7.97
2000-01-28,7.87
2000-01-27,7.86
2000-01-26,7.9
2000-01-25,7.9
2000-01-24,7.9
2000-01-21,7.9
2000-01-20,7.89
2000-01-19,7.9
2000-01-18,7.89
2000-01-17,7.9
2000-01-14,7.94
2000-01-13,7.9
2000-01-12,7.95
2000-01-11,7.99
2000-01-10,7.98
2000-01-07,7.85
2000-01-06,7.77
2000-01-05,7.75
2000-01-04,7.8
2000-01-03,8.0
