,ipr:pl
2018-11-23,0.176
2018-11-22,0.1752
2018-11-21,0.178
2018-11-20,0.175
2018-11-19,0.1796
2018-11-16,0.1798
2018-11-15,0.176
2018-11-14,0.18
2018-11-13,0.186
2018-11-12,0.187
2018-11-09,0.1882
2018-11-08,0.1864
2018-11-07,0.185
2018-11-06,0.19
2018-11-05,0.19
2018-11-02,0.19
2018-11-01,0.19
2018-10-31,0.1954
2018-10-30,0.196
2018-10-29,0.1908
2018-10-26,0.1932
2018-10-25,0.1956
2018-10-24,0.1956
2018-10-23,0.1916
2018-10-22,0.195
2018-10-19,0.205
2018-10-18,0.208
2018-10-17,0.211
2018-10-16,0.2035
2018-10-15,0.1958
2018-10-12,0.195
2018-10-11,0.192
2018-10-10,0.1958
2018-10-09,0.207
2018-10-08,0.218
2018-10-05,0.2305
2018-10-04,0.244
2018-10-03,0.24
2018-10-02,0.246
2018-10-01,0.2395
2018-09-28,0.24
2018-09-27,0.237
2018-09-26,0.236
2018-09-25,0.236
2018-09-24,0.236
2018-09-21,0.24
2018-09-20,0.2435
2018-09-19,0.242
2018-09-18,0.239
2018-09-17,0.24
2018-09-14,0.2355
2018-09-13,0.2365
2018-09-12,0.235
2018-09-11,0.2325
2018-09-10,0.2325
2018-09-07,0.2345
2018-09-06,0.2355
2018-09-05,0.24
2018-09-04,0.245
2018-09-03,0.245
2018-08-31,0.248
2018-08-30,0.245
2018-08-29,0.249
2018-08-28,0.2475
2018-08-27,0.2505
2018-08-24,0.253
2018-08-23,0.2545
2018-08-22,0.25
2018-08-21,0.252
2018-08-20,0.249
2018-08-17,0.2445
2018-08-16,0.245
2018-08-15,0.239
2018-08-14,0.239
2018-08-13,0.239
2018-08-10,0.243
2018-08-09,0.245
2018-08-08,0.2445
2018-08-07,0.2445
2018-08-06,0.242
2018-08-03,0.239
2018-08-02,0.244
2018-08-01,0.2385
2018-07-31,0.2255
2018-07-30,0.225
2018-07-27,0.2275
2018-07-26,0.2255
2018-07-25,0.233
2018-07-24,0.2315
2018-07-23,0.227
2018-07-20,0.2215
2018-07-19,0.222
2018-07-18,0.228
2018-07-17,0.225
2018-07-16,0.232
2018-07-13,0.232
2018-07-12,0.232
2018-07-11,0.2295
2018-07-10,0.231
2018-07-09,0.238
2018-07-06,0.2375
2018-07-05,0.2385
2018-07-04,0.2375
2018-07-03,0.231
2018-07-02,0.243
2018-06-29,0.2475
2018-06-28,0.25
2018-06-27,0.256
2018-06-26,0.2545
2018-06-25,0.252
2018-06-22,0.2595
2018-06-21,0.25
2018-06-20,0.25
2018-06-19,0.25
2018-06-18,0.2505
2018-06-15,0.252
2018-06-14,0.25
2018-06-13,0.249
2018-06-12,0.251
2018-06-11,0.25
2018-06-08,0.253
2018-06-07,0.25
2018-06-06,0.249
2018-06-05,0.253
2018-06-04,0.254
2018-06-01,0.247
2018-05-31,0.2425
2018-05-30,0.2435
2018-05-29,0.248
2018-05-28,0.2585
2018-05-25,0.26
2018-05-24,0.262
2018-05-23,0.2625
2018-05-22,0.259
2018-05-21,0.2605
2018-05-18,0.2615
2018-05-17,0.2595
2018-05-16,0.26
2018-05-15,0.2585
2018-05-14,0.2625
2018-05-07,0.263
2018-05-04,0.263
2018-05-03,0.2625
2018-05-02,0.259
2018-04-30,0.2655
2018-04-27,0.264
2018-04-26,0.2585
2018-04-25,0.264
2018-04-24,0.262
2018-04-23,0.265
2018-04-20,0.2625
2018-04-19,0.264
2018-04-18,0.269
2018-04-17,0.266
2018-04-16,0.265
2018-04-13,0.263
2018-04-12,0.265
2018-04-11,0.27
2018-04-10,0.2715
2018-04-09,0.259
2018-04-06,0.2515
2018-04-05,0.2535
2018-04-04,0.248
2018-04-03,0.254
2018-03-29,0.2455
2018-03-28,0.247
2018-03-27,0.253
2018-03-26,0.249
2018-03-23,0.251
2018-03-22,0.2565
2018-03-21,0.255
2018-03-20,0.2565
2018-03-19,0.2485
2018-03-16,0.2525
2018-03-15,0.2465
2018-03-14,0.2435
2018-03-13,0.2365
2018-03-12,0.244
2018-03-09,0.244
2018-03-08,0.2455
2018-03-07,0.25
2018-03-06,0.267
2018-03-05,0.262
2018-03-02,0.251
2018-03-01,0.2515
2018-02-28,0.255
2018-02-27,0.2535
2018-02-26,0.261
2018-02-23,0.2605
2018-02-22,0.2625
2018-02-21,0.273
2018-02-20,0.258
2018-02-19,0.2715
2018-02-16,0.295
2018-02-15,0.2905
2018-02-14,0.29
2018-02-13,0.3005
2018-02-12,0.311
2018-02-09,0.299
2018-02-08,0.3095
2018-02-07,0.313
2018-02-06,0.299
2018-02-05,0.309
2018-02-02,0.325
2018-02-01,0.325
2018-01-31,0.3265
2018-01-30,0.336
2018-01-29,0.339
2018-01-26,0.34
2018-01-25,0.341
2018-01-24,0.344
2018-01-23,0.3385
2018-01-22,0.329
2018-01-19,0.323
2018-01-18,0.32
2018-01-17,0.329
2018-01-16,0.32
2018-01-15,0.324
2018-01-12,0.325
2018-01-11,0.33
2018-01-10,0.3365
2018-01-09,0.34
2018-01-08,0.3505
2018-01-05,0.3635
2018-01-04,0.359
2018-01-03,0.3525
2018-01-02,0.352
2017-12-29,0.342
2017-12-28,0.327
2017-12-27,0.318
2017-12-22,0.324
2017-12-21,0.319
2017-12-20,0.335
2017-12-19,0.353
2017-12-18,0.357
2017-12-15,0.357
2017-12-14,0.356
2017-12-13,0.369
2017-12-12,0.363
2017-12-11,0.368
2017-12-08,0.376
2017-12-07,0.38
2017-12-06,0.377
2017-12-05,0.38
2017-12-04,0.389
2017-12-01,0.376
2017-11-30,0.368
2017-11-29,0.358
2017-11-28,0.353
2017-11-27,0.351
2017-11-24,0.36
2017-11-23,0.379
2017-11-22,0.378
2017-11-21,0.379
2017-11-20,0.359
2017-11-17,0.358
2017-11-16,0.357
2017-11-15,0.336
2017-11-14,0.339
2017-11-13,0.337
2017-11-10,0.351
2017-11-09,0.37
2017-11-08,0.362
2017-11-07,0.373
2017-11-06,0.381
2017-11-03,0.359
2017-11-02,0.378
2017-11-01,0.389
2017-10-31,0.375
2017-10-30,0.341
2017-10-27,0.331
2017-10-26,0.333
2017-10-25,0.332
2017-10-24,0.322
2017-10-23,0.325
2017-10-20,0.334
2017-10-19,0.319
2017-10-18,0.319
2017-10-17,0.319
2017-10-16,0.32
2017-10-13,0.315
2017-10-12,0.319
2017-10-11,0.319
2017-10-10,0.321
2017-10-09,0.33
2017-10-06,0.327
2017-10-05,0.328
2017-10-04,0.324
2017-10-03,0.339
2017-10-02,0.344
2017-09-29,0.334
2017-09-28,0.318
2017-09-27,0.303
2017-09-26,0.298
2017-09-25,0.296
2017-09-22,0.297
2017-09-21,0.291
2017-09-20,0.294
2017-09-19,0.287
2017-09-18,0.306
2017-09-15,0.306
2017-09-14,0.297
2017-09-13,0.272
2017-09-12,0.265
2017-09-11,0.246
2017-09-08,0.23
2017-09-07,0.225
2017-09-06,0.27
2017-09-05,0.3
2017-09-04,0.301
2017-09-01,0.309
2017-08-31,0.309
2017-08-30,0.313
2017-08-29,0.308
2017-08-28,0.315
2017-08-25,0.316
2017-08-24,0.307
2017-08-23,0.323
2017-08-22,0.326
2017-08-21,0.324
2017-08-18,0.331
2017-08-17,0.335
2017-08-16,0.342
2017-08-15,0.339
2017-08-14,0.346
2017-08-11,0.334
2017-08-10,0.343
2017-08-09,0.35
2017-08-08,0.351
2017-08-07,0.339
2017-08-04,0.329
2017-08-03,0.33
2017-08-02,0.333
2017-08-01,0.332
2017-07-31,0.319
2017-07-28,0.32
2017-07-27,0.318
2017-07-26,0.34
2017-07-25,0.315
2017-07-24,0.365
2017-07-21,0.391
2017-07-20,0.393
2017-07-19,0.402
2017-07-18,0.409
2017-07-17,0.41
2017-07-14,0.426
2017-07-13,0.376
2017-07-12,0.404
2017-07-11,0.421
2017-07-10,0.43
2017-07-07,0.458
2017-07-06,0.468
2017-07-05,0.476
2017-07-04,0.433
2017-07-03,0.443
2017-06-30,0.477
2017-06-29,0.478
2017-06-28,0.448
2017-06-27,0.417
2017-06-26,0.44
2017-06-23,0.398
2017-06-22,0.387
2017-06-21,0.37
2017-06-20,0.362
2017-06-19,0.35
2017-06-16,0.34
2017-06-15,0.349
2017-06-14,0.349
2017-06-13,0.311
2017-06-12,0.324
2017-06-09,0.335
2017-06-08,0.325
2017-06-07,0.35
2017-06-06,0.331
2017-06-05,0.315
2017-06-02,0.303
2017-06-01,0.291
2017-05-31,0.294
2017-05-30,0.289
2017-05-29,0.274
2017-05-26,0.265
2017-05-25,0.27
2017-05-24,0.26
2017-05-23,0.26
2017-05-22,0.257
2017-05-19,0.254
2017-05-18,0.238
2017-05-17,0.237
2017-05-16,0.236
2017-05-15,0.234
2017-05-12,0.233
2017-05-11,0.236
2017-05-10,0.232
2017-05-09,0.235
2017-05-08,0.22
2017-05-05,0.218
2017-05-04,0.207
2017-05-03,0.205
2017-05-02,0.199
2017-04-28,0.199
2017-04-27,0.202
2017-04-26,0.204
2017-04-25,0.202
2017-04-24,0.201
2017-04-21,0.2
2017-04-20,0.201
2017-04-19,0.201
2017-04-18,0.201
2017-04-13,0.201
2017-04-12,0.201
2017-04-11,0.203
2017-04-10,0.204
2017-04-07,0.199
2017-04-06,0.209
2017-04-05,0.215
2017-04-04,0.195
2017-04-03,0.196
2017-03-31,0.2
2017-03-30,0.2
2017-03-29,0.205
2017-03-28,0.213
2017-03-27,0.21
2017-03-24,0.214
2017-03-23,0.191
2017-03-22,0.18
2017-03-21,0.174
2017-03-20,0.176
2017-03-17,0.175
2017-03-16,0.173
2017-03-15,0.175
2017-03-14,0.177
2017-03-13,0.178
2017-03-10,0.18
2017-03-09,0.175
2017-03-08,0.176
2017-03-07,0.177
2017-03-06,0.176
2017-03-03,0.183
2017-03-02,0.183
2017-03-01,0.186
2017-02-28,0.185
2017-02-27,0.182
2017-02-24,0.183
2017-02-23,0.184
2017-02-22,0.19
2017-02-21,0.194
2017-02-20,0.195
2017-02-17,0.19
2017-02-16,0.18
2017-02-15,0.187
2017-02-14,0.175
2017-02-13,0.17
2017-02-10,0.169
2017-02-09,0.165
2017-02-08,0.173
2017-02-07,0.176
2017-02-06,0.18
2017-02-03,0.184
2017-02-02,0.181
2017-02-01,0.181
2017-01-31,0.181
2017-01-30,0.18
2017-01-27,0.186
2017-01-26,0.187
2017-01-25,0.19
2017-01-24,0.193
2017-01-23,0.192
2017-01-20,0.192
2017-01-19,0.189
2017-01-18,0.19
2017-01-17,0.19
2017-01-16,0.191
2017-01-13,0.191
2017-01-12,0.191
2017-01-11,0.189
2017-01-10,0.19
2017-01-09,0.194
2017-01-06,0.196
2017-01-05,0.191
2017-01-04,0.193
2017-01-03,0.192
2017-01-02,0.195
2016-12-31,0.22
2016-12-30,0.19
2016-12-29,0.189
2016-12-28,0.188
2016-12-27,0.191
2016-12-23,0.192
2016-12-22,0.194
2016-12-21,0.196
2016-12-20,0.2
2016-12-19,0.2
2016-12-16,0.197
2016-12-15,0.194
2016-12-14,0.191
2016-12-13,0.194
2016-12-12,0.198
2016-12-09,0.21
2016-12-08,0.209
2016-12-07,0.22
2016-12-06,0.225
2016-12-05,0.204
2016-12-02,0.181
2016-12-01,0.18
2016-11-30,0.185
2016-11-29,0.19
2016-11-28,0.183
2016-11-25,0.18
2016-11-24,0.188
2016-11-23,0.187
2016-11-22,0.19
2016-11-21,0.192
2016-11-18,0.192
2016-11-17,0.198
2016-11-16,0.192
2016-11-15,0.194
2016-11-14,0.192
2016-11-11,0.195
2016-11-10,0.198
2016-11-09,0.205
2016-11-08,0.198
2016-11-07,0.199
2016-11-04,0.197
2016-11-03,0.197
2016-11-02,0.198
2016-11-01,0.201
2016-10-31,0.201
2016-10-28,0.207
2016-10-27,0.208
2016-10-26,0.208
2016-10-25,0.225
2016-10-24,0.219
2016-10-21,0.212
2016-10-20,0.212
2016-10-19,0.209
2016-10-18,0.21
2016-10-17,0.214
2016-10-14,0.216
2016-10-13,0.215
2016-10-12,0.215
2016-10-11,0.209
2016-10-10,0.208
2016-10-07,0.208
2016-10-06,0.214
2016-10-05,0.214
2016-10-04,0.222
2016-10-03,0.228
2016-09-30,0.225
2016-09-29,0.228
2016-09-28,0.227
2016-09-27,0.224
2016-09-26,0.232
2016-09-23,0.24
2016-09-22,0.244
2016-09-21,0.247
2016-09-20,0.243
2016-09-19,0.237
2016-09-16,0.24
2016-09-15,0.245
2016-09-14,0.246
2016-09-13,0.238
2016-09-12,0.256
2016-09-09,0.253
2016-09-08,0.265
2016-09-07,0.26
2016-09-06,0.244
2016-09-05,0.239
2016-09-02,0.235
2016-09-01,0.23
2016-08-31,0.23
2016-08-30,0.224
2016-08-29,0.199
2016-08-26,0.192
2016-08-25,0.195
2016-08-24,0.199
2016-08-23,0.202
2016-08-22,0.207
2016-08-19,0.205
2016-08-18,0.207
2016-08-17,0.208
2016-08-16,0.209
2016-08-15,0.208
2016-08-12,0.207
2016-08-11,0.21
2016-08-10,0.21
2016-08-09,0.207
2016-08-08,0.211
2016-08-05,0.21
2016-08-04,0.205
2016-08-03,0.209
2016-08-02,0.213
2016-08-01,0.222
2016-07-29,0.235
2016-07-28,0.238
2016-07-27,0.217
2016-07-26,0.211
2016-07-25,0.214
2016-07-22,0.21
2016-07-21,0.215
2016-07-20,0.218
2016-07-19,0.218
2016-07-18,0.217
2016-07-15,0.218
2016-07-14,0.222
2016-07-13,0.223
2016-07-12,0.225
2016-07-11,0.225
2016-07-08,0.225
2016-07-07,0.223
2016-07-06,0.228
2016-07-05,0.234
2016-07-04,0.234
2016-07-01,0.235
2016-06-30,0.231
2016-06-29,0.229
2016-06-28,0.233
2016-06-27,0.239
2016-06-24,0.231
2016-06-23,0.24
2016-06-22,0.247
2016-06-21,0.242
2016-06-20,0.245
2016-06-17,0.242
2016-06-16,0.247
2016-06-15,0.242
2016-06-14,0.242
2016-06-13,0.25
2016-06-10,0.254
2016-06-09,0.253
2016-06-08,0.274
2016-06-07,0.255
2016-06-06,0.26
2016-06-03,0.252
2016-06-02,0.265
2016-06-01,0.258
2016-05-31,0.266
2016-05-30,0.276
2016-05-27,0.259
2016-05-26,0.26
2016-05-25,0.261
2016-05-24,0.269
2016-05-23,0.28
2016-05-20,0.271
2016-05-19,0.289
2016-05-18,0.295
2016-05-17,0.3
2016-05-16,0.309
2016-05-13,0.331
2016-05-12,0.336
2016-05-11,0.335
2016-05-10,0.336
2016-05-09,0.343
2016-05-06,0.357
2016-05-05,0.345
2016-05-04,0.347
2016-05-03,0.359
2016-05-02,0.361
2016-04-29,0.341
2016-04-28,0.352
2016-04-27,0.35
2016-04-26,0.345
2016-04-25,0.35
2016-04-22,0.35
2016-04-21,0.347
2016-04-20,0.347
2016-04-19,0.352
2016-04-18,0.351
2016-04-15,0.352
2016-04-14,0.362
2016-04-13,0.358
2016-04-12,0.35
2016-04-11,0.34
2016-04-08,0.342
2016-04-07,0.335
2016-04-06,0.34
2016-04-05,0.352
2016-04-04,0.357
2016-04-01,0.36
2016-03-31,0.365
2016-03-30,0.365
2016-03-29,0.36
2016-03-24,0.367
2016-03-23,0.374
2016-03-22,0.37
2016-03-21,0.368
2016-03-18,0.359
2016-03-17,0.385
2016-03-16,0.38
2016-03-15,0.379
2016-03-14,0.385
2016-03-11,0.374
2016-03-10,0.352
2016-03-09,0.36
2016-03-08,0.391
2016-03-07,0.415
2016-03-04,0.415
2016-03-03,0.418
2016-03-02,0.419
2016-03-01,0.43
2016-02-29,0.43
2016-02-26,0.438
2016-02-25,0.449
2016-02-24,0.431
2016-02-23,0.449
2016-02-22,0.45
2016-02-19,0.446
2016-02-18,0.452
2016-02-17,0.457
2016-02-16,0.445
2016-02-15,0.451
2016-02-12,0.45
2016-02-11,0.455
2016-02-10,0.46
2016-02-09,0.457
2016-02-08,0.47
2016-02-05,0.484
2016-02-04,0.49
2016-02-03,0.485
2016-02-02,0.486
2016-02-01,0.496
2016-01-29,0.498
2016-01-28,0.496
2016-01-27,0.499
2016-01-26,0.5
2016-01-25,0.5
2016-01-22,0.507
2016-01-21,0.49
2016-01-20,0.462
2016-01-19,0.48
2016-01-18,0.495
2016-01-15,0.494
2016-01-14,0.5
2016-01-13,0.5
2016-01-12,0.502
2016-01-11,0.499
2016-01-08,0.495
2016-01-07,0.49
2016-01-06,0.492
2016-01-05,0.486
2016-01-04,0.47
2016-01-01,0.471
2015-12-31,0.471
2015-12-30,0.47
2015-12-29,0.47
2015-12-28,0.47
2015-12-25,0.47
2015-12-24,0.47
2015-12-23,0.471
2015-12-22,0.47
2015-12-21,0.462
2015-12-18,0.48
2015-12-17,0.47
2015-12-16,0.47
2015-12-15,0.47
2015-12-14,0.47
2015-12-11,0.47
2015-12-10,0.466
2015-12-09,0.475
2015-12-08,0.475
2015-12-07,0.485
2015-12-04,0.482
2015-12-03,0.491
2015-12-02,0.507
2015-12-01,0.5
2015-11-30,0.51
2015-11-27,0.498
2015-11-26,0.496
2015-11-25,0.496
2015-11-24,0.508
2015-11-23,0.533
2015-11-20,0.55
2015-11-19,0.57
2015-11-18,0.57
2015-11-17,0.552
2015-11-16,0.55
2015-11-13,0.56
2015-11-12,0.56
2015-11-11,0.566
2015-11-10,0.58
2015-11-09,0.579
2015-11-06,0.602
2015-11-05,0.605
2015-11-04,0.606
2015-11-03,0.603
2015-11-02,0.602
2015-10-30,0.619
2015-10-29,0.639
2015-10-28,0.633
2015-10-27,0.628
2015-10-26,0.628
2015-10-23,0.635
2015-10-22,0.639
2015-10-21,0.658
2015-10-20,0.662
2015-10-19,0.672
2015-10-16,0.681
2015-10-15,0.7
2015-10-14,0.694
2015-10-13,0.7
2015-10-12,0.7
2015-10-09,0.705
2015-10-08,0.681
2015-10-07,0.69
2015-10-06,0.662
2015-10-05,0.64
2015-10-02,0.625
2015-10-01,0.625
2015-09-30,0.633
2015-09-29,0.62
2015-09-28,0.627
2015-09-25,0.649
2015-09-24,0.668
2015-09-23,0.673
2015-09-22,0.681
2015-09-21,0.687
2015-09-18,0.682
2015-09-17,0.688
2015-09-16,0.695
2015-09-15,0.698
2015-09-14,0.701
2015-09-11,0.705
2015-09-10,0.702
2015-09-09,0.73
2015-09-08,0.699
2015-09-07,0.711
2015-09-04,0.705
2015-09-03,0.725
2015-09-02,0.709
2015-09-01,0.729
2015-08-31,0.74
2015-08-28,0.705
2015-08-27,0.704
2015-08-26,0.726
2015-08-25,0.72
2015-08-24,0.7
2015-08-21,0.737
2015-08-20,0.73
2015-08-19,0.72
2015-08-18,0.74
2015-08-17,0.75
2015-08-14,0.766
2015-08-13,0.758
2015-08-12,0.77
2015-08-11,0.78
2015-08-10,0.78
2015-08-07,0.783
2015-08-06,0.795
2015-08-05,0.809
2015-08-04,0.791
2015-08-03,0.799
2015-07-31,0.8
2015-07-30,0.81
2015-07-29,0.82
2015-07-28,0.828
2015-07-27,0.845
2015-07-24,0.86
2015-07-23,0.874
2015-07-22,0.882
2015-07-21,0.87
2015-07-20,0.885
2015-07-17,0.898
2015-07-16,0.9
2015-07-15,0.88
2015-07-14,0.866
2015-07-13,0.855
2015-07-10,0.809
2015-07-09,0.8
2015-07-08,0.772
2015-07-07,0.78
2015-07-06,0.8
2015-07-03,0.823
2015-07-02,0.839
2015-07-01,0.85
2015-06-30,0.85
2015-06-29,0.82
2015-06-26,0.83
2015-06-25,0.846
2015-06-24,0.861
2015-06-23,0.9
2015-06-22,0.79
2015-06-19,0.75
2015-06-18,0.76
2015-06-17,0.797
2015-06-16,0.833
2015-06-15,0.86
2015-06-12,0.853
2015-06-11,0.862
2015-06-10,0.845
2015-06-09,0.845
2015-06-08,0.845
2015-06-05,0.855
2015-06-04,0.855
2015-06-03,0.869
2015-06-02,0.873
2015-06-01,0.882
2015-05-29,0.862
2015-05-28,0.858
2015-05-27,0.835
2015-05-26,0.821
2015-05-25,0.821
2015-05-22,0.826
2015-05-21,0.841
2015-05-20,0.85
2015-05-19,0.838
2015-05-18,0.853
2015-05-15,0.849
2015-05-14,0.845
2015-05-13,0.86
2015-05-12,0.87
2015-05-11,0.879
2015-05-08,0.88
2015-05-07,0.88
2015-05-06,0.88
2015-05-05,0.926
2015-05-04,0.949
2015-05-01,0.941
2015-04-30,0.941
2015-04-29,0.931
2015-04-28,0.94
2015-04-27,0.957
2015-04-24,0.936
2015-04-23,0.934
2015-04-22,0.961
2015-04-21,0.975
2015-04-20,0.966
2015-04-17,0.997
2015-04-16,1.045
2015-04-15,1.07
2015-04-14,1.081
2015-04-13,1.1
2015-04-10,1.084
2015-04-09,1.09
2015-04-08,1.072
2015-04-07,1.073
2015-04-06,1.025
2015-04-03,1.025
2015-04-02,1.025
2015-04-01,1.044
2015-03-31,1.06
2015-03-30,1.076
2015-03-27,1.082
2015-03-26,1.071
2015-03-25,1.07
2015-03-24,1.11
2015-03-23,1.123
2015-03-20,1.12
2015-03-19,1.115
2015-03-18,1.148
2015-03-17,1.163
2015-03-16,1.144
2015-03-13,1.187
2015-03-12,1.148
2015-03-11,1.084
2015-03-10,1.056
2015-03-09,1.07
2015-03-06,1.06
2015-03-05,1.06
2015-03-04,1.05
2015-03-03,1.05
2015-03-02,1.079
2015-02-27,0.995
2015-02-26,0.979
2015-02-25,0.994
2015-02-24,0.982
2015-02-23,0.969
2015-02-20,0.956
2015-02-19,0.938
2015-02-18,0.91
2015-02-17,0.83
2015-02-16,0.805
2015-02-13,0.82
2015-02-12,0.814
2015-02-11,0.815
2015-02-10,0.808
2015-02-09,0.82
2015-02-06,0.816
2015-02-05,0.806
2015-02-04,0.811
2015-02-03,0.816
2015-02-02,0.796
2015-01-30,0.818
2015-01-29,0.79
2015-01-28,0.798
2015-01-27,0.797
2015-01-26,0.815
2015-01-23,0.806
2015-01-22,0.815
2015-01-21,0.816
2015-01-20,0.82
2015-01-19,0.83
2015-01-16,0.831
2015-01-15,0.86
2015-01-14,0.84
2015-01-13,0.84
2015-01-12,0.82
2015-01-09,0.816
2015-01-08,0.825
2015-01-07,0.801
2015-01-06,0.82
2015-01-05,0.827
2015-01-02,0.864
2015-01-01,0.788
2014-12-31,0.788
2014-12-30,0.784
2014-12-29,0.868
2014-12-26,0.9
2014-12-25,0.9
2014-12-24,0.9
2014-12-23,0.909
2014-12-22,0.915
2014-12-19,0.92
2014-12-18,0.925
2014-12-17,0.869
2014-12-16,0.862
2014-12-15,0.854
2014-12-12,0.88
2014-12-11,0.9
2014-12-10,0.913
2014-12-09,0.95
2014-12-08,0.971
2014-12-05,0.98
2014-12-04,0.961
2014-12-03,0.975
2014-12-02,0.95
2014-12-01,0.98
2014-11-28,0.982
2014-11-27,0.969
2014-11-26,0.925
2014-11-25,0.94
2014-11-24,0.941
2014-11-21,0.926
2014-11-20,0.913
2014-11-19,0.918
2014-11-18,0.899
2014-11-17,0.893
2014-11-14,0.88
2014-11-13,0.885
2014-11-12,0.885
2014-11-11,0.91
2014-11-10,0.918
2014-11-07,0.885
2014-11-06,0.936
2014-11-05,0.943
2014-11-04,0.964
2014-11-03,0.992
2014-10-31,1.0
2014-10-30,0.975
2014-10-29,0.99
2014-10-28,1.0
2014-10-27,0.987
2014-10-24,1.0
2014-10-23,1.0
2014-10-22,0.998
2014-10-21,0.998
2014-10-20,0.974
2014-10-17,0.87
2014-10-16,0.831
2014-10-15,0.9
2014-10-14,0.903
2014-10-13,1.021
2014-10-10,1.059
2014-10-09,1.075
2014-10-08,1.152
2014-10-07,1.12
2014-10-06,1.163
2014-10-03,1.194
2014-10-02,1.13
2014-10-01,1.145
2014-09-30,1.158
2014-09-29,1.14
2014-09-26,1.135
2014-09-25,1.135
2014-09-24,1.13
2014-09-23,1.166
2014-09-22,1.206
2014-09-19,1.22
2014-09-18,1.25
2014-09-17,1.292
2014-09-16,1.289
2014-09-15,1.315
2014-09-12,1.38
2014-09-11,1.379
2014-09-10,1.34
2014-09-09,1.325
2014-09-08,1.324
2014-09-05,1.29
2014-09-04,1.305
2014-09-03,1.301
2014-09-02,1.32
2014-09-01,1.315
2014-08-29,1.345
2014-08-28,1.36
2014-08-27,1.379
2014-08-26,1.379
2014-08-25,1.336
2014-08-22,1.288
2014-08-21,1.336
2014-08-20,1.38
2014-08-19,1.298
2014-08-18,1.164
2014-08-15,1.103
2014-08-14,1.115
2014-08-13,1.13
2014-08-12,1.118
2014-08-11,1.14
2014-08-08,1.11
2014-08-07,1.169
2014-08-06,1.228
2014-08-05,1.291
2014-08-04,1.282
2014-08-01,1.31
2014-07-31,1.321
2014-07-30,1.303
2014-07-29,1.34
2014-07-28,1.361
2014-07-25,1.351
2014-07-24,1.35
2014-07-23,1.348
2014-07-22,1.368
2014-07-21,1.408
2014-07-18,1.415
2014-07-17,1.438
2014-07-16,1.425
2014-07-15,1.45
2014-07-14,1.5
2014-07-11,1.469
2014-07-10,1.439
2014-07-09,1.49
2014-07-08,1.493
2014-07-07,1.497
2014-07-04,1.547
2014-07-03,1.55
2014-07-02,1.498
2014-07-01,1.5
2014-06-30,1.51
2014-06-27,1.554
2014-06-26,1.61
2014-06-25,1.61
2014-06-24,1.631
2014-06-23,1.61
2014-06-20,1.7
2014-06-19,1.708
2014-06-18,1.71
2014-06-17,1.716
2014-06-16,1.7
2014-06-13,1.71
2014-06-12,1.71
2014-06-11,1.713
2014-06-10,1.702
2014-06-09,1.696
2014-06-06,1.7
2014-06-05,1.682
2014-06-04,1.694
2014-06-03,1.64
2014-06-02,1.682
2014-05-30,1.7
2014-05-29,1.69
2014-05-28,1.747
2014-05-27,1.72
2014-05-26,1.72
2014-05-23,1.69
2014-05-22,1.664
2014-05-21,1.65
2014-05-20,1.663
2014-05-19,1.673
2014-05-16,1.69
2014-05-15,1.689
2014-05-14,1.755
2014-05-13,1.75
2014-05-12,1.759
2014-05-09,1.73
2014-05-08,1.779
2014-05-07,1.749
2014-05-06,1.8
2014-05-05,1.782
2014-05-02,1.77
2014-05-01,1.81
2014-04-30,1.81
2014-04-29,1.815
2014-04-28,1.82
2014-04-25,1.843
2014-04-24,1.912
2014-04-23,1.9
2014-04-22,1.9
2014-04-21,1.895
2014-04-18,1.895
2014-04-17,1.9
2014-04-16,1.887
2014-04-15,1.82
2014-04-14,1.882
2014-04-11,1.9
2014-04-10,1.965
2014-04-09,1.825
2014-04-08,1.809
2014-04-07,1.81
2014-04-04,1.86
2014-04-03,1.89
2014-04-02,1.903
2014-04-01,1.9
2014-03-31,1.796
2014-03-28,1.792
2014-03-27,1.813
2014-03-26,1.72
2014-03-25,1.7
2014-03-24,1.68
2014-03-21,1.7
2014-03-20,1.66
2014-03-19,1.67
2014-03-18,1.64
2014-03-17,1.65
2014-03-14,1.6
2014-03-13,1.6
2014-03-12,1.62
2014-03-11,1.61
2014-03-10,1.62
2014-03-07,1.63
2014-03-06,1.62
2014-03-05,1.63
2014-03-04,1.62
2014-03-03,1.57
2014-02-28,1.57
2014-02-27,1.59
2014-02-26,1.59
2014-02-25,1.61
2014-02-24,1.57
2014-02-21,1.52
2014-02-20,1.49
2014-02-19,1.49
2014-02-18,1.49
2014-02-17,1.48
2014-02-14,1.44
2014-02-13,1.4
2014-02-12,1.42
2014-02-11,1.42
2014-02-10,1.4
2014-02-07,1.41
2014-02-06,1.42
2014-02-05,1.4
2014-02-04,1.4
2014-02-03,1.47
2014-01-31,1.47
2014-01-30,1.47
2014-01-29,1.45
2014-01-28,1.43
2014-01-27,1.42
2014-01-24,1.42
2014-01-23,1.4
2014-01-22,1.35
2014-01-21,1.39
2014-01-20,1.41
2014-01-17,1.46
2014-01-16,1.46
2014-01-15,1.49
2014-01-14,1.27
2014-01-13,1.22
2014-01-10,1.21
2014-01-09,1.22
2014-01-08,1.13
2014-01-07,1.12
2014-01-06,1.1
2014-01-03,1.13
2014-01-02,1.1
2014-01-01,1.09
2013-12-31,1.09
2013-12-30,1.06
2013-12-27,1.13
2013-12-26,1.1
2013-12-25,1.1
2013-12-24,1.1
2013-12-23,1.09
2013-12-20,1.08
2013-12-19,1.08
2013-12-18,1.07
2013-12-17,1.08
2013-12-16,1.1
2013-12-13,1.1
2013-12-12,1.04
2013-12-11,1.07
2013-12-10,1.1
2013-12-09,1.07
2013-12-06,1.07
2013-12-05,1.07
2013-12-04,1.11
2013-12-03,1.12
2013-12-02,1.15
2013-11-29,1.14
2013-11-28,1.14
2013-11-27,1.14
2013-11-26,1.22
2013-11-25,1.03
2013-11-22,0.9
2013-11-21,0.9
2013-11-20,0.91
2013-11-19,0.91
2013-11-18,0.92
2013-11-15,0.94
2013-11-14,0.94
2013-11-13,0.93
2013-11-12,0.91
2013-11-11,0.9
2013-11-08,0.91
2013-11-07,0.92
2013-11-06,0.91
2013-11-05,0.94
2013-11-04,0.93
2013-11-01,0.93
2013-10-31,0.92
2013-10-30,0.92
2013-10-29,0.97
2013-10-28,0.85
2013-10-25,0.79
2013-10-24,0.78
2013-10-23,0.79
2013-10-22,0.8
2013-10-21,0.79
2013-10-18,0.77
2013-10-17,0.78
2013-10-16,0.79
2013-10-15,0.78
2013-10-14,0.77
2013-10-11,0.82
2013-10-10,0.82
2013-10-09,0.78
2013-10-08,0.77
2013-10-07,0.74
2013-10-04,0.74
2013-10-03,0.7
2013-10-02,0.69
2013-10-01,0.71
2013-09-30,0.7
2013-09-27,0.72
2013-09-26,0.73
2013-09-25,0.75
2013-09-24,0.72
2013-09-23,0.69
2013-09-20,0.68
2013-09-19,0.68
2013-09-18,0.7
2013-09-17,0.68
2013-09-16,0.67
2013-09-13,0.69
2013-09-12,0.69
2013-09-11,0.69
2013-09-10,0.69
2013-09-09,0.68
2013-09-06,0.64
2013-09-05,0.62
2013-09-04,0.62
2013-09-03,0.61
2013-09-02,0.63
2013-08-30,0.63
2013-08-29,0.62
2013-08-28,0.63
2013-08-27,0.63
2013-08-26,0.64
2013-08-23,0.64
2013-08-22,0.64
2013-08-21,0.63
2013-08-20,0.63
2013-08-19,0.63
2013-08-16,0.65
2013-08-15,0.65
2013-08-14,0.63
2013-08-13,0.66
2013-08-12,0.65
2013-08-09,0.65
2013-08-08,0.66
2013-08-07,0.66
2013-08-06,0.67
2013-08-05,0.65
2013-08-02,0.66
2013-08-01,0.65
2013-07-31,0.67
2013-07-30,0.66
2013-07-29,0.6
2013-07-26,0.63
2013-07-25,0.6
2013-07-24,0.63
2013-07-23,0.62
2013-07-22,0.63
2013-07-19,0.66
2013-07-18,0.66
2013-07-17,0.65
2013-07-16,0.67
2013-07-15,0.62
2013-07-12,0.65
2013-07-11,0.62
2013-07-10,0.63
2013-07-09,0.63
2013-07-08,0.64
2013-07-05,0.62
2013-07-04,0.64
2013-07-03,0.61
2013-07-02,0.63
2013-07-01,0.64
2013-06-28,0.64
2013-06-27,0.68
2013-06-26,0.67
2013-06-25,0.61
2013-06-24,0.62
2013-06-21,0.62
2013-06-20,0.62
2013-06-19,0.63
2013-06-18,0.62
2013-06-17,0.62
2013-06-14,0.63
2013-06-13,0.61
2013-06-12,0.62
2013-06-11,0.63
2013-06-10,0.63
2013-06-07,0.62
2013-06-06,0.62
2013-06-05,0.62
2013-06-04,0.64
2013-06-03,0.61
2013-05-31,0.62
2013-05-30,0.62
2013-05-29,0.62
2013-05-28,0.62
2013-05-27,0.62
2013-05-24,0.62
2013-05-23,0.62
2013-05-22,0.62
2013-05-21,0.62
2013-05-20,0.61
2013-05-17,0.61
2013-05-16,0.63
2013-05-15,0.62
2013-05-14,0.62
2013-05-13,0.61
2013-05-10,0.62
2013-05-09,0.61
2013-05-08,0.62
2013-05-07,0.6
2013-05-06,0.62
2013-05-03,0.63
2013-05-02,0.62
2013-05-01,0.64
2013-04-30,0.64
2013-04-29,0.65
2013-04-26,0.62
2013-04-25,0.61
2013-04-24,0.62
2013-04-23,0.62
2013-04-22,0.57
2013-04-19,0.56
2013-04-18,0.57
2013-04-17,0.56
2013-04-16,0.57
2013-04-15,0.51
2013-04-12,0.5
2013-04-11,0.5
2013-04-10,0.45
2013-04-09,0.43
2013-04-08,0.41
2013-04-05,0.42
2013-04-04,0.43
2013-04-03,0.41
2013-04-02,0.41
2013-04-01,0.41
2013-03-29,0.41
2013-03-28,0.41
2013-03-27,0.41
2013-03-26,0.42
2013-03-25,0.41
2013-03-22,0.42
2013-03-21,0.42
2013-03-20,0.43
2013-03-19,0.41
2013-03-18,0.42
2013-03-15,0.43
2013-03-14,0.44
2013-03-13,0.43
2013-03-12,0.43
2013-03-11,0.43
2013-03-08,0.44
2013-03-07,0.43
2013-03-06,0.43
2013-03-05,0.44
2013-03-04,0.42
2013-03-01,0.43
2013-02-28,0.43
2013-02-27,0.43
2013-02-26,0.44
2013-02-25,0.44
2013-02-22,0.44
2013-02-21,0.45
2013-02-20,0.46
2013-02-19,0.46
2013-02-18,0.46
2013-02-15,0.47
2013-02-14,0.47
2013-02-13,0.47
2013-02-12,0.47
2013-02-11,0.47
2013-02-08,0.47
2013-02-07,0.44
2013-02-06,0.45
2013-02-05,0.47
2013-02-04,0.45
2013-02-01,0.48
2013-01-31,0.47
2013-01-30,0.44
2013-01-29,0.48
2013-01-28,0.51
2013-01-25,0.46
2013-01-24,0.44
2013-01-23,0.46
2013-01-22,0.4
2013-01-21,0.4
2013-01-18,0.36
2013-01-17,0.36
2013-01-16,0.34
2013-01-15,0.35
2013-01-14,0.37
2013-01-11,0.37
2013-01-10,0.38
2013-01-09,0.33
2013-01-08,0.31
2013-01-07,0.32
2013-01-04,0.31
2013-01-03,0.32
2013-01-02,0.31
2013-01-01,0.31
2012-12-31,0.31
2012-12-28,0.31
2012-12-27,0.31
2012-12-26,0.32
2012-12-25,0.32
2012-12-24,0.32
2012-12-21,0.31
2012-12-20,0.32
2012-12-19,0.33
2012-12-18,0.31
2012-12-17,0.3
2012-12-14,0.31
2012-12-13,0.29
2012-12-12,0.29
2012-12-11,0.3
2012-12-10,0.3
2012-12-07,0.3
2012-12-06,0.3
2012-12-05,0.3
2012-12-04,0.31
2012-12-03,0.31
2012-11-30,0.33
2012-11-29,0.31
2012-11-28,0.32
2012-11-27,0.34
2012-11-26,0.29
2012-11-23,0.3
2012-11-22,0.29
2012-11-21,0.29
2012-11-20,0.29
2012-11-19,0.29
2012-11-16,0.29
2012-11-15,0.29
2012-11-14,0.29
2012-11-13,0.31
2012-11-12,0.3
2012-11-09,0.3
2012-11-08,0.3
2012-11-07,0.3
2012-11-06,0.31
2012-11-05,0.32
2012-11-02,0.3
2012-11-01,0.32
2012-10-31,0.32
2012-10-30,0.31
2012-10-29,0.31
2012-10-26,0.3
2012-10-25,0.3
2012-10-24,0.3
2012-10-23,0.31
2012-10-22,0.3
2012-10-19,0.31
2012-10-18,0.3
2012-10-17,0.3
2012-10-16,0.3
2012-10-15,0.3
2012-10-12,0.3
2012-10-11,0.3
2012-10-10,0.29
2012-10-09,0.31
2012-10-08,0.32
2012-10-05,0.31
2012-10-04,0.3
2012-10-03,0.31
2012-10-02,0.31
2012-10-01,0.31
2012-09-28,0.33
2012-09-27,0.31
2012-09-26,0.31
2012-09-25,0.31
2012-09-24,0.31
2012-09-21,0.33
2012-09-20,0.32
2012-09-19,0.32
2012-09-18,0.32
2012-09-17,0.34
2012-09-14,0.33
2012-09-13,0.34
2012-09-12,0.35
2012-09-11,0.32
2012-09-10,0.32
2012-09-07,0.32
2012-09-06,0.32
2012-09-05,0.32
2012-09-04,0.32
2012-09-03,0.32
2012-08-31,0.31
2012-08-30,0.3
2012-08-29,0.31
2012-08-28,0.31
2012-08-27,0.32
2012-08-24,0.32
2012-08-23,0.32
2012-08-22,0.32
2012-08-21,0.34
2012-08-20,0.36
2012-08-17,0.35
2012-08-16,0.35
2012-08-15,0.35
2012-08-14,0.35
2012-08-13,0.34
2012-08-10,0.34
2012-08-09,0.34
2012-08-08,0.34
2012-08-07,0.35
2012-08-06,0.33
2012-08-03,0.33
2012-08-02,0.35
2012-08-01,0.36
2012-07-31,0.36
2012-07-30,0.35
2012-07-27,0.33
2012-07-26,0.34
2012-07-25,0.34
2012-07-24,0.34
2012-07-23,0.34
2012-07-20,0.33
2012-07-19,0.33
2012-07-18,0.34
2012-07-17,0.35
2012-07-16,0.33
2012-07-13,0.33
2012-07-12,0.33
2012-07-11,0.36
2012-07-10,0.37
2012-07-09,0.38
2012-07-06,0.37
2012-07-05,0.36
2012-07-04,0.38
2012-07-03,0.38
2012-07-02,0.33
2012-06-29,0.35
2012-06-28,0.33
2012-06-27,0.33
2012-06-26,0.35
2012-06-25,0.33
2012-06-22,0.35
2012-06-21,0.32
2012-06-20,0.32
2012-06-19,0.32
2012-06-18,0.31
2012-06-15,0.33
2012-06-14,0.3
2012-06-13,0.31
2012-06-12,0.33
2012-06-11,0.32
2012-06-08,0.31
2012-06-07,0.31
2012-06-06,0.32
2012-06-05,0.34
2012-06-04,0.34
2012-06-01,0.33
2012-05-31,0.33
2012-05-30,0.32
2012-05-29,0.32
2012-05-28,0.32
2012-05-25,0.31
2012-05-24,0.32
2012-05-23,0.3
2012-05-22,0.29
2012-05-21,0.31
2012-05-18,0.31
2012-05-17,0.31
2012-05-16,0.33
2012-05-15,0.32
2012-05-14,0.31
2012-05-11,0.31
2012-05-10,0.33
2012-05-09,0.33
2012-05-08,0.35
2012-05-07,0.34
2012-05-04,0.34
2012-05-03,0.36
2012-05-02,0.37
2012-05-01,0.38
2012-04-30,0.38
2012-04-27,0.4
2012-04-26,0.37
2012-04-25,0.39
2012-04-24,0.39
2012-04-23,0.4
2012-04-20,0.37
2012-04-19,0.4
2012-04-18,0.45
2012-04-17,0.46
2012-04-16,0.46
2012-04-13,0.46
2012-04-12,0.46
2012-04-11,0.48
2012-04-10,0.47
2012-04-09,0.47
2012-04-06,0.47
2012-04-05,0.47
2012-04-04,0.47
2012-04-03,0.45
2012-04-02,0.47
2012-03-30,0.5
2012-03-29,0.49
2012-03-28,0.51
2012-03-27,0.49
2012-03-26,0.49
2012-03-23,0.49
2012-03-22,0.49
2012-03-21,0.49
2012-03-20,0.51
2012-03-19,0.51
2012-03-16,0.53
2012-03-15,0.53
2012-03-14,0.53
2012-03-13,0.53
2012-03-12,0.5
2012-03-09,0.5
2012-03-08,0.53
2012-03-07,0.52
2012-03-06,0.53
2012-03-05,0.53
2012-03-02,0.56
2012-03-01,0.49
2012-02-29,0.52
2012-02-28,0.52
2012-02-27,0.52
2012-02-24,0.53
2012-02-23,0.51
2012-02-22,0.48
2012-02-21,0.5
2012-02-20,0.5
2012-02-17,0.52
2012-02-16,0.51
2012-02-15,0.52
2012-02-14,0.48
2012-02-13,0.5
2012-02-10,0.48
2012-02-09,0.48
2012-02-08,0.48
2012-02-07,0.46
2012-02-06,0.45
2012-02-03,0.48
2012-02-02,0.46
2012-02-01,0.48
2012-01-31,0.47
2012-01-30,0.48
2012-01-27,0.47
2012-01-26,0.48
2012-01-25,0.47
2012-01-24,0.49
2012-01-23,0.51
2012-01-20,0.51
2012-01-19,0.51
2012-01-18,0.5
2012-01-17,0.53
2012-01-16,0.54
2012-01-13,0.56
2012-01-12,0.6
2012-01-11,0.57
2012-01-10,0.54
2012-01-09,0.55
2012-01-06,0.42
2012-01-05,0.42
2012-01-04,0.42
2012-01-03,0.43
2012-01-02,0.46
2011-12-30,0.47
2011-12-29,0.48
2011-12-28,0.46
2011-12-27,0.4
2011-12-26,0.38
2011-12-23,0.38
2011-12-22,0.4
2011-12-21,0.39
2011-12-20,0.39
2011-12-19,0.4
2011-12-16,0.4
2011-12-15,0.4
2011-12-14,0.39
2011-12-13,0.4
2011-12-12,0.4
2011-12-09,0.41
2011-12-08,0.41
2011-12-07,0.41
2011-12-06,0.41
2011-12-05,0.42
2011-12-02,0.42
2011-12-01,0.42
2011-11-30,0.42
2011-11-29,0.4
2011-11-28,0.41
2011-11-25,0.4
2011-11-24,0.4
2011-11-23,0.4
2011-11-22,0.4
2011-11-21,0.4
2011-11-18,0.41
2011-11-17,0.41
2011-11-16,0.42
2011-11-15,0.42
2011-11-14,0.43
2011-11-11,0.42
2011-11-10,0.42
2011-11-09,0.4
2011-11-08,4.36
2011-11-07,0.42
2011-11-04,0.44
2011-11-03,4.394
2011-11-02,0.45
2011-11-01,0.44
2011-10-31,0.44
2011-10-28,0.44
2011-10-27,0.45
2011-10-26,0.43
2011-10-25,0.45
2011-10-24,0.44
2011-10-21,0.47
2011-10-20,0.46
2011-10-19,0.48
2011-10-18,0.47
2011-10-17,0.43
2011-10-14,0.42
2011-10-13,0.42
2011-10-12,0.46
2011-10-11,0.44
2011-10-10,0.43
2011-10-07,4.067
2011-10-06,0.44
2011-10-05,0.43
2011-10-04,0.44
2011-10-03,0.45
2011-09-30,0.44
2011-09-29,0.43
2011-09-28,0.44
2011-09-27,0.43
2011-09-26,0.43
2011-09-23,0.44
2011-09-22,0.43
2011-09-21,0.43
2011-09-20,0.44
2011-09-19,0.44
2011-09-16,0.45
2011-09-15,0.46
2011-09-14,0.47
2011-09-13,0.47
2011-09-12,0.48
2011-09-09,0.48
2011-09-08,0.48
2011-09-07,0.49
2011-09-06,0.48
2011-09-05,0.48
2011-09-02,0.5
2011-09-01,0.5
2011-08-31,0.5
2011-08-30,0.49
2011-08-29,4.122
2011-08-26,0.51
2011-08-25,0.51
2011-08-24,0.51
2011-08-23,0.51
2011-08-22,0.51
2011-08-19,0.51
2011-08-18,0.51
2011-08-17,0.51
2011-08-16,0.51
2011-08-15,0.51
2011-08-12,0.49
2011-08-11,0.5
2011-08-10,0.49
2011-08-09,0.5
2011-08-08,0.51
2011-08-05,0.52
2011-08-04,4.3
2011-08-03,0.53
2011-08-02,0.53
2011-08-01,0.53
2011-07-29,0.53
2011-07-28,0.59
2011-07-27,0.58
2011-07-26,0.6
2011-07-25,0.59
2011-07-22,0.6
2011-07-21,0.62
2011-07-20,0.62
2011-07-19,0.63
2011-07-18,0.62
2011-07-15,0.63
2011-07-14,0.66
2011-07-13,0.66
2011-07-12,0.65
2011-07-11,0.66
2011-07-08,0.68
2011-07-07,0.67
2011-07-06,0.68
2011-07-05,0.68
2011-07-04,0.68
2011-07-01,0.68
2011-06-30,0.69
2011-06-29,0.69
2011-06-28,0.69
2011-06-27,0.69
2011-06-24,0.69
2011-06-23,0.69
2011-06-22,0.69
2011-06-21,0.68
2011-06-20,0.72
2011-06-17,0.71
2011-06-16,0.73
2011-06-15,0.7
2011-06-14,0.7
2011-06-13,0.71
2011-06-10,0.69
2011-06-09,0.7
2011-06-08,0.69
2011-06-07,0.72
2011-06-06,0.72
2011-06-03,0.75
2011-06-02,0.7
2011-06-01,0.66
2011-05-31,0.68
2011-05-30,0.73
2011-05-27,0.76
2011-05-26,0.79
2011-05-25,0.82
2011-05-24,0.81
2011-05-23,0.82
2011-05-20,0.84
2011-05-19,0.88
2011-05-18,0.89
2011-05-17,0.93
2011-05-16,0.94
2011-05-13,0.94
2011-05-12,0.94
2011-05-11,0.96
2011-05-10,0.95
2011-05-09,0.96
2011-05-06,0.96
2011-05-05,0.96
2011-05-04,0.96
2011-05-03,0.98
2011-05-02,0.95
2011-04-29,0.96
2011-04-28,0.97
2011-04-27,0.96
2011-04-26,0.96
2011-04-25,0.97
2011-04-22,0.97
2011-04-21,0.97
2011-04-20,0.98
2011-04-19,0.98
2011-04-18,0.98
2011-04-15,0.99
2011-04-14,0.99
2011-04-13,1.0
2011-04-12,1.0
2011-04-11,1.0
2011-04-08,0.99
2011-04-07,0.99
2011-04-06,0.98
2011-04-05,0.99
2011-04-04,1.01
2011-04-01,1.0
2011-03-31,0.99
2011-03-30,0.99
2011-03-29,0.99
2011-03-28,1.01
2011-03-25,1.0
2011-03-24,1.02
2011-03-23,0.99
2011-03-22,1.02
2011-03-21,1.03
2011-03-18,1.01
2011-03-17,1.0
2011-03-16,1.01
2011-03-15,1.02
2011-03-14,1.03
2011-03-11,1.04
2011-03-10,1.04
2011-03-09,1.04
2011-03-08,1.02
2011-03-07,1.03
2011-03-04,1.04
2011-03-03,1.05
2011-03-02,1.05
2011-03-01,1.07
2011-02-28,1.07
2011-02-25,1.0
2011-02-24,0.98
2011-02-23,0.99
2011-02-22,0.98
2011-02-21,0.99
2011-02-18,0.98
2011-02-17,1.01
2011-02-16,1.02
2011-02-15,1.04
2011-02-14,1.0
2011-02-11,1.0
2011-02-10,1.01
2011-02-09,1.05
2011-02-08,1.08
2011-02-07,1.09
2011-02-04,1.09
2011-02-03,1.09
2011-02-02,1.1
2011-02-01,1.12
2011-01-31,1.12
2011-01-28,1.12
2011-01-27,1.13
2011-01-26,1.14
2011-01-25,1.13
2011-01-24,1.16
2011-01-21,1.18
2011-01-20,1.17
2011-01-19,1.18
2011-01-18,1.17
2011-01-17,1.17
2011-01-14,1.17
2011-01-13,1.19
2011-01-12,1.19
2011-01-11,1.23
2011-01-10,1.3
2011-01-07,1.34
2011-01-06,1.34
2011-01-05,1.36
2011-01-04,1.38
2011-01-03,1.4
2010-12-31,1.4
2010-12-30,1.4
2010-12-29,1.4
2010-12-28,1.4
2010-12-27,1.38
2010-12-24,1.36
2010-12-23,1.4
2010-12-22,1.39
2010-12-21,1.38
2010-12-20,1.37
2010-12-17,1.4
2010-12-16,1.38
2010-12-15,1.38
2010-12-14,1.38
2010-12-13,1.39
2010-12-10,1.42
2010-12-09,1.41
2010-12-08,1.38
2010-12-07,1.38
2010-12-06,1.38
2010-12-03,1.33
2010-12-02,1.35
2010-12-01,1.35
2010-11-30,1.35
2010-11-29,1.33
2010-11-26,1.32
2010-11-25,1.37
2010-11-24,1.32
2010-11-23,1.31
2010-11-22,1.32
2010-11-19,1.33
2010-11-18,1.33
2010-11-17,1.34
2010-11-16,1.35
2010-11-15,1.35
2010-11-12,1.34
2010-11-11,1.33
2010-11-10,1.36
2010-11-09,1.38
2010-11-08,1.4
2010-11-05,1.41
2010-11-04,1.44
2010-11-03,1.45
2010-11-02,1.46
2010-11-01,1.47
2010-10-29,1.48
2010-10-28,1.41
2010-10-27,1.43
2010-10-26,1.39
2010-10-25,1.37
2010-10-22,1.38
2010-10-21,1.38
2010-10-20,1.38
2010-10-19,1.38
2010-10-18,1.36
2010-10-15,1.38
2010-10-14,1.37
2010-10-13,1.31
2010-10-12,1.33
2010-10-11,1.33
2010-10-08,1.39
2010-10-07,1.41
2010-10-06,1.45
2010-10-05,1.46
2010-10-04,1.43
2010-10-01,1.48
2010-09-30,1.5
2010-09-29,1.5
2010-09-28,1.47
2010-09-27,1.47
2010-09-24,1.5
2010-09-23,1.47
2010-09-22,1.49
2010-09-21,1.49
2010-09-20,1.5
2010-09-17,1.51
2010-09-16,1.58
2010-09-15,1.57
2010-09-14,1.58
2010-09-13,1.59
2010-09-10,1.6
2010-09-09,1.56
2010-09-08,1.56
2010-09-07,1.57
2010-09-06,1.56
2010-09-03,1.58
2010-09-02,1.58
2010-09-01,1.58
2010-08-31,1.61
2010-08-30,1.53
2010-08-27,1.52
2010-08-26,1.48
2010-08-25,1.49
2010-08-24,1.5
2010-08-23,1.52
2010-08-20,1.5
2010-08-19,1.5
2010-08-18,1.51
2010-08-17,1.54
2010-08-16,1.52
2010-08-13,1.55
2010-08-12,1.53
2010-08-11,1.55
2010-08-10,1.6
2010-08-09,1.6
2010-08-06,1.6
2010-08-05,1.64
2010-08-04,1.64
2010-08-03,1.63
2010-08-02,1.64
2010-07-30,1.63
2010-07-29,1.6
2010-07-28,1.61
2010-07-27,1.56
2010-07-26,1.58
2010-07-23,1.6
2010-07-22,1.64
2010-07-21,1.59
2010-07-20,1.57
2010-07-19,1.57
2010-07-16,1.55
2010-07-15,1.56
2010-07-14,1.55
2010-07-13,1.55
2010-07-12,1.55
2010-07-09,1.56
2010-07-08,1.55
2010-07-07,1.56
2010-07-06,1.53
2010-07-05,1.52
2010-07-02,1.54
2010-07-01,1.53
2010-06-30,1.56
2010-06-29,1.57
2010-06-28,1.57
2010-06-25,1.55
2010-06-24,1.54
2010-06-23,1.56
2010-06-22,1.56
2010-06-21,1.55
2010-06-18,1.53
2010-06-17,1.53
2010-06-16,1.52
2010-06-15,1.52
2010-06-14,1.51
2010-06-11,1.51
2010-06-10,1.48
2010-06-09,1.48
2010-06-08,1.48
2010-06-07,1.46
2010-06-04,1.45
2010-06-03,1.49
2010-06-02,1.49
2010-06-01,1.49
2010-05-31,1.49
2010-05-28,1.47
2010-05-27,1.47
2010-05-26,1.46
2010-05-25,1.51
2010-05-24,1.51
2010-05-21,1.5
2010-05-20,1.44
2010-05-19,1.47
2010-05-18,1.49
2010-05-17,1.53
2010-05-14,1.54
2010-05-13,1.54
2010-05-12,1.55
2010-05-11,1.49
2010-05-10,1.59
2010-05-07,1.5
2010-05-06,1.47
2010-05-05,1.53
2010-05-04,1.51
2010-05-03,1.55
2010-04-30,1.54
2010-04-29,1.48
2010-04-28,1.46
2010-04-27,1.52
2010-04-26,1.57
2010-04-23,1.59
2010-04-22,1.58
2010-04-21,1.59
2010-04-20,1.6
2010-04-19,1.59
2010-04-16,1.59
2010-04-15,1.62
2010-04-14,1.64
2010-04-13,1.64
2010-04-12,1.62
2010-04-09,1.59
2010-04-08,1.56
2010-04-07,1.49
2010-04-06,1.49
2010-04-05,1.48
2010-04-02,1.48
2010-04-01,1.48
2010-03-31,1.46
2010-03-30,1.46
2010-03-29,1.46
2010-03-26,1.46
2010-03-25,1.43
2010-03-24,1.42
2010-03-23,1.41
2010-03-22,1.4
2010-03-19,1.42
2010-03-18,1.44
2010-03-17,1.44
2010-03-16,1.43
2010-03-15,1.46
2010-03-12,1.48
2010-03-11,1.51
2010-03-10,1.49
2010-03-09,1.4
2010-03-08,1.4
2010-03-05,1.4
2010-03-04,1.39
2010-03-03,1.38
2010-03-02,1.4
2010-03-01,1.39
2010-02-26,1.39
2010-02-25,1.38
2010-02-24,1.4
2010-02-23,1.35
2010-02-22,1.35
2010-02-19,1.35
2010-02-18,1.38
2010-02-17,1.37
2010-02-16,1.38
2010-02-15,1.38
2010-02-12,1.42
2010-02-11,1.41
2010-02-10,1.43
2010-02-09,1.4
2010-02-08,1.41
2010-02-05,1.38
2010-02-04,1.42
2010-02-03,1.58
2010-02-02,1.58
2010-02-01,1.58
2010-01-29,1.57
2010-01-28,1.56
2010-01-27,1.58
2010-01-26,1.6
2010-01-25,1.58
2010-01-22,1.58
2010-01-21,1.62
2010-01-20,1.66
2010-01-19,1.7
2010-01-18,1.68
2010-01-15,1.73
2010-01-14,1.74
2010-01-13,1.73
2010-01-12,1.73
2010-01-11,1.79
2010-01-08,1.81
2010-01-07,1.83
2010-01-06,1.88
2010-01-05,1.71
2010-01-04,1.71
2009-12-31,1.79
2009-12-30,1.78
2009-12-29,1.77
2009-12-28,1.8
2009-12-24,1.79
2009-12-23,1.8
2009-12-22,1.82
2009-12-21,1.72
2009-12-18,1.82
2009-12-17,1.92
2009-12-16,1.97
2009-12-15,1.91
2009-12-14,1.97
2009-12-11,2.09
2009-12-10,2.16
2009-12-09,2.24
2009-12-08,2.13
2009-12-07,1.99
2009-12-04,1.87
2009-12-03,1.76
2009-12-02,1.73
2009-12-01,1.7
2009-11-30,1.69
2009-11-27,1.7
2009-11-26,1.67
2009-11-25,1.74
2009-11-24,1.65
2009-11-23,1.51
2009-11-20,1.41
2009-11-19,1.41
2009-11-18,1.41
2009-11-17,1.27
2009-11-16,1.26
2009-11-13,1.25
2009-11-12,1.27
2009-11-11,1.26
2009-11-10,1.27
2009-11-09,1.27
2009-11-06,1.29
2009-11-05,1.29
2009-11-04,1.28
2009-11-03,1.27
2009-11-02,1.3
2009-10-30,1.36
2009-10-29,1.36
2009-10-28,1.35
2009-10-27,1.33
2009-10-26,1.34
2009-10-23,1.38
2009-10-22,1.39
2009-10-21,1.39
2009-10-20,1.4
2009-10-19,1.4
2009-10-16,1.41
2009-10-15,1.43
2009-10-14,1.45
2009-10-13,1.41
2009-10-12,1.42
2009-10-09,1.41
2009-10-08,1.41
2009-10-07,1.39
2009-10-06,1.41
2009-10-05,1.45
2009-10-02,1.49
2009-10-01,1.56
2009-09-30,1.58
2009-09-29,1.64
2009-09-28,1.52
2009-09-25,1.4
2009-09-24,1.39
2009-09-23,1.39
2009-09-22,1.4
2009-09-21,1.34
2009-09-18,1.37
2009-09-17,1.37
2009-09-16,1.39
2009-09-15,1.39
2009-09-14,1.37
2009-09-11,1.4
2009-09-10,1.37
2009-09-09,1.38
2009-09-08,1.37
2009-09-07,1.37
2009-09-04,1.39
2009-09-03,1.39
2009-09-02,1.26
2009-09-01,1.29
2009-08-31,1.33
2009-08-28,1.33
2009-08-27,1.34
2009-08-26,1.37
2009-08-25,1.4
2009-08-24,1.41
2009-08-21,1.43
2009-08-20,1.43
2009-08-19,1.41
2009-08-18,1.42
2009-08-17,1.38
2009-08-14,1.3
2009-08-13,1.3
2009-08-12,1.29
2009-08-11,1.29
2009-08-10,1.36
2009-08-07,1.48
2009-08-06,1.07
2009-08-05,1.05
2009-08-04,1.01
2009-08-03,1.03
2009-07-31,1.03
2009-07-30,1.01
2009-07-29,1.04
2009-07-28,1.03
2009-07-27,1.08
2009-07-24,1.08
2009-07-23,0.98
2009-07-22,0.98
2009-07-21,0.98
2009-07-20,0.99
2009-07-17,1.0
2009-07-16,1.0
2009-07-15,1.0
2009-07-14,1.02
2009-07-13,0.99
2009-07-10,1.01
2009-07-09,1.0
2009-07-08,1.0
2009-07-07,1.0
2009-07-06,0.99
2009-07-03,1.01
2009-07-02,1.0
2009-07-01,1.01
2009-06-30,0.98
2009-06-29,1.05
2009-06-26,1.04
2009-06-25,1.07
2009-06-24,1.08
2009-06-23,1.04
2009-06-22,1.05
2009-06-19,1.06
2009-06-18,1.04
2009-06-17,0.97
2009-06-16,0.94
2009-06-15,0.81
2009-06-12,0.8
2009-06-11,0.81
2009-06-10,0.81
2009-06-09,0.79
2009-06-08,0.79
2009-06-05,0.79
2009-06-04,0.79
2009-06-03,0.8
2009-06-02,0.79
2009-06-01,0.79
2009-05-29,0.78
2009-05-28,0.81
2009-05-27,0.8
2009-05-26,0.81
2009-05-25,0.82
2009-05-22,0.78
2009-05-21,0.77
2009-05-20,0.8
2009-05-19,0.77
2009-05-18,0.76
2009-05-15,0.76
2009-05-14,0.76
2009-05-13,0.78
2009-05-12,0.78
2009-05-11,0.81
2009-05-08,0.83
2009-05-07,0.83
2009-05-06,0.82
2009-05-05,0.82
2009-05-04,0.81
2009-05-01,0.8
2009-04-30,0.8
2009-04-29,0.79
2009-04-28,0.79
2009-04-27,0.8
2009-04-24,0.76
2009-04-23,0.77
2009-04-22,0.76
2009-04-21,0.76
2009-04-20,0.78
2009-04-17,0.8
2009-04-16,0.8
2009-04-15,0.83
2009-04-14,0.82
2009-04-13,0.84
2009-04-10,0.84
2009-04-09,0.84
2009-04-08,0.82
2009-04-07,0.76
2009-04-06,0.79
2009-04-03,0.76
2009-04-02,0.76
2009-04-01,0.72
2009-03-31,0.7
2009-03-30,0.68
2009-03-27,0.68
2009-03-26,0.69
2009-03-25,0.69
2009-03-24,0.7
2009-03-23,0.7
2009-03-20,0.66
2009-03-19,0.65
2009-03-18,0.62
2009-03-17,0.62
2009-03-16,0.59
2009-03-13,0.57
2009-03-12,0.59
2009-03-11,0.58
2009-03-10,0.61
2009-03-09,0.6
2009-03-06,0.61
2009-03-05,0.65
2009-03-04,0.7
2009-03-03,0.7
2009-03-02,0.72
2009-02-27,0.69
2009-02-26,0.71
2009-02-25,0.72
2009-02-24,0.72
2009-02-23,0.75
2009-02-20,0.73
2009-02-19,0.73
2009-02-18,0.75
2009-02-17,0.74
2009-02-16,0.74
2009-02-13,0.75
2009-02-12,0.74
2009-02-11,0.76
2009-02-10,0.76
2009-02-09,0.78
2009-02-06,0.78
2009-02-05,0.81
2009-02-04,0.82
2009-02-03,0.82
2009-02-02,0.79
2009-01-30,0.77
2009-01-29,0.77
2009-01-28,0.8
2009-01-27,0.78
2009-01-26,0.8
2009-01-23,0.82
2009-01-22,0.83
2009-01-21,0.83
2009-01-20,0.85
2009-01-19,0.88
2009-01-16,0.87
2009-01-15,0.89
2009-01-14,0.9
2009-01-13,0.9
2009-01-12,0.89
2009-01-09,0.89
2009-01-08,0.88
2009-01-07,0.89
2009-01-06,0.9
2009-01-05,0.9
2009-01-02,0.87
2009-01-01,0.84
2008-12-31,0.84
2008-12-30,0.84
2008-12-29,0.82
2008-12-26,0.77
2008-12-25,0.77
2008-12-24,0.77
2008-12-23,0.78
2008-12-22,0.75
2008-12-19,0.73
2008-12-18,0.72
2008-12-17,0.74
2008-12-16,0.73
2008-12-15,0.74
2008-12-12,0.72
2008-12-11,0.74
2008-12-10,0.71
2008-12-09,0.7
2008-12-08,0.69
2008-12-05,0.66
2008-12-04,0.69
2008-12-03,0.71
2008-12-02,0.7
2008-12-01,0.72
2008-11-28,0.7
2008-11-27,0.73
2008-11-26,0.75
2008-11-25,0.75
2008-11-24,0.75
2008-11-21,0.7
2008-11-20,0.7
2008-11-19,0.69
2008-11-18,0.73
2008-11-17,0.75
2008-11-14,0.74
2008-11-13,0.73
2008-11-12,0.74
2008-11-11,0.74
2008-11-10,0.79
2008-11-07,0.77
2008-11-06,0.74
2008-11-05,0.72
2008-11-04,0.69
2008-11-03,0.63
2008-10-31,0.59
2008-10-30,0.58
2008-10-29,0.58
2008-10-28,0.56
2008-10-27,0.6
2008-10-24,0.66
2008-10-23,0.71
2008-10-22,0.74
2008-10-21,0.79
2008-10-20,0.81
2008-10-17,0.79
2008-10-16,0.79
2008-10-15,0.86
2008-10-14,0.89
2008-10-13,0.8
2008-10-10,0.76
2008-10-09,0.83
2008-10-08,0.89
2008-10-07,0.94
2008-10-06,1.01
2008-10-03,1.1
2008-10-02,1.1
2008-10-01,1.09
2008-09-30,1.1
2008-09-29,1.1
2008-09-26,1.2
2008-09-25,1.19
2008-09-24,1.17
2008-09-23,1.19
2008-09-22,1.22
2008-09-19,1.22
2008-09-18,1.25
2008-09-17,1.29
2008-09-16,1.23
2008-09-15,1.22
2008-09-12,1.26
2008-09-11,1.23
2008-09-10,1.24
2008-09-09,1.25
2008-09-08,1.28
2008-09-05,1.24
2008-09-04,1.3
2008-09-03,1.31
2008-09-02,1.32
2008-09-01,1.25
2008-08-29,1.24
2008-08-28,1.25
2008-08-27,1.25
2008-08-26,1.24
2008-08-25,1.24
2008-08-22,1.16
2008-08-21,1.11
2008-08-20,1.17
2008-08-19,1.23
2008-08-18,1.26
2008-08-15,1.3
2008-08-14,1.31
2008-08-13,1.3
2008-08-12,1.33
2008-08-11,1.32
2008-08-08,1.31
2008-08-07,1.38
2008-08-06,1.36
2008-08-05,1.35
2008-08-04,1.32
2008-08-01,1.29
2008-07-31,1.29
2008-07-30,1.26
2008-07-29,1.24
2008-07-28,1.26
2008-07-25,1.23
2008-07-24,1.32
2008-07-23,1.38
2008-07-22,1.35
2008-07-21,1.42
2008-07-18,1.4
2008-07-17,1.39
2008-07-16,1.35
2008-07-15,1.36
2008-07-14,1.38
2008-07-11,1.42
2008-07-10,1.44
2008-07-09,1.42
2008-07-08,1.41
2008-07-07,1.54
2008-07-04,1.58
2008-07-03,1.58
2008-07-02,1.65
2008-07-01,1.62
2008-06-30,1.75
2008-06-27,1.74
2008-06-26,1.74
2008-06-25,1.75
2008-06-24,1.64
2008-06-23,1.6
2008-06-20,1.62
2008-06-19,1.58
2008-06-18,1.57
2008-06-17,1.57
2008-06-16,1.52
2008-06-13,1.5
2008-06-12,1.5
2008-06-11,1.53
2008-06-10,1.56
2008-06-09,1.53
2008-06-06,1.56
2008-06-05,1.56
2008-06-04,1.57
2008-06-03,1.59
2008-06-02,1.61
2008-05-30,1.62
2008-05-29,1.64
2008-05-28,1.64
2008-05-27,1.62
2008-05-26,1.61
2008-05-23,1.6
2008-05-22,1.62
2008-05-21,1.67
2008-05-20,1.65
2008-05-19,1.6
2008-05-16,1.56
2008-05-15,1.56
2008-05-14,1.51
2008-05-13,1.5
2008-05-12,1.51
2008-05-09,1.51
2008-05-08,1.49
2008-05-07,1.48
2008-05-06,1.49
2008-05-05,1.48
2008-05-02,1.5
2008-05-01,1.49
2008-04-30,1.49
2008-04-29,1.52
2008-04-28,1.55
2008-04-25,1.57
2008-04-24,1.56
2008-04-23,1.56
2008-04-22,1.58
2008-04-21,1.58
2008-04-18,1.58
2008-04-17,1.53
2008-04-16,1.52
2008-04-15,1.51
2008-04-14,1.54
2008-04-11,1.53
2008-04-10,1.53
2008-04-09,1.58
2008-04-08,1.63
2008-04-07,1.66
2008-04-04,1.56
2008-04-03,1.56
2008-04-02,1.59
2008-04-01,1.6
2008-03-31,1.49
2008-03-28,1.46
2008-03-27,1.47
2008-03-26,1.49
2008-03-25,1.47
2008-03-24,1.46
2008-03-21,1.46
2008-03-20,1.46
2008-03-19,1.47
2008-03-18,1.47
2008-03-17,1.46
2008-03-14,1.51
2008-03-13,1.52
2008-03-12,1.52
2008-03-11,1.53
2008-03-10,1.51
2008-03-07,1.52
2008-03-06,1.56
2008-03-05,1.61
2008-03-04,1.54
2008-03-03,1.59
2008-02-29,1.55
2008-02-28,1.51
2008-02-27,1.51
2008-02-26,1.56
2008-02-25,1.49
2008-02-22,1.48
2008-02-21,1.45
2008-02-20,1.47
2008-02-19,1.5
2008-02-18,1.52
2008-02-15,1.48
2008-02-14,1.34
2008-02-13,1.32
2008-02-12,1.34
2008-02-11,1.3
2008-02-08,1.39
2008-02-07,1.4
2008-02-06,1.45
2008-02-05,1.43
2008-02-04,1.52
2008-02-01,1.53
2008-01-31,1.47
2008-01-30,1.48
2008-01-29,1.5
2008-01-28,1.48
2008-01-25,1.49
2008-01-24,1.48
2008-01-23,1.44
2008-01-22,1.53
2008-01-21,1.52
2008-01-18,1.58
2008-01-17,1.62
2008-01-16,1.64
2008-01-15,1.66
2008-01-14,1.72
2008-01-11,1.73
2008-01-10,1.78
2008-01-09,1.87
2008-01-08,1.8
2008-01-07,1.77
2008-01-04,1.8
2008-01-03,1.91
2008-01-02,1.98
2008-01-01,2.06
2007-12-31,2.06
2007-12-28,2.14
2007-12-27,2.16
2007-12-26,2.22
2007-12-25,2.22
2007-12-24,2.22
2007-12-21,2.22
2007-12-20,2.25
2007-12-19,2.22
2007-12-18,2.21
2007-12-17,2.25
2007-12-14,2.25
2007-12-13,2.24
2007-12-12,2.18
2007-12-11,2.17
2007-12-10,2.2
2007-12-07,2.22
2007-12-06,2.22
2007-12-05,2.24
2007-12-04,2.15
2007-12-03,2.15
2007-11-30,2.12
2007-11-29,2.02
2007-11-28,2.03
2007-11-27,2.03
2007-11-26,2.05
2007-11-23,2.07
2007-11-22,2.09
2007-11-21,2.04
2007-11-20,2.21
2007-11-19,2.25
2007-11-16,2.24
2007-11-15,2.27
2007-11-14,2.3
2007-11-13,2.33
2007-11-12,2.28
2007-11-09,2.31
2007-11-08,2.35
2007-11-07,2.39
2007-11-06,2.49
2007-11-05,2.48
2007-11-02,2.49
2007-11-01,2.51
2007-10-31,2.57
2007-10-30,2.5
2007-10-29,2.56
2007-10-26,2.53
2007-10-25,2.55
2007-10-24,2.56
2007-10-23,2.6
2007-10-22,2.55
2007-10-19,2.62
2007-10-18,2.63
2007-10-17,2.64
2007-10-16,2.63
2007-10-15,2.65
2007-10-12,2.71
2007-10-11,2.67
2007-10-10,2.64
2007-10-09,2.54
2007-10-08,2.44
2007-10-05,2.4
2007-10-04,2.39
2007-10-03,2.42
2007-10-02,2.43
2007-10-01,2.32
2007-09-28,2.25
2007-09-27,2.34
2007-09-26,2.33
2007-09-25,2.35
2007-09-24,2.47
2007-09-21,2.48
2007-09-20,2.37
2007-09-19,2.42
2007-09-18,2.42
2007-09-17,2.35
2007-09-14,2.48
2007-09-13,2.5
2007-09-12,2.6
2007-09-11,2.6
2007-09-10,2.59
2007-09-07,2.65
2007-09-06,2.69
2007-09-05,2.68
2007-09-04,2.7
2007-09-03,2.7
2007-08-31,2.72
2007-08-30,2.69
2007-08-29,2.65
2007-08-28,2.66
2007-08-27,2.75
2007-08-24,2.77
2007-08-23,2.78
2007-08-22,2.72
2007-08-21,2.66
2007-08-20,2.73
2007-08-17,2.7
2007-08-16,2.56
2007-08-15,2.74
2007-08-14,2.85
2007-08-13,2.94
2007-08-10,2.93
2007-08-09,3.0
2007-08-08,3.04
2007-08-07,3.05
2007-08-06,2.99
2007-08-03,2.97
2007-08-02,2.98
2007-08-01,2.95
2007-07-31,3.1
2007-07-30,3.14
2007-07-27,3.05
2007-07-26,3.03
2007-07-25,3.13
2007-07-24,3.19
2007-07-23,3.19
2007-07-20,3.13
2007-07-19,3.11
2007-07-18,3.08
2007-07-17,3.09
2007-07-16,3.1
2007-07-13,3.06
2007-07-12,2.96
2007-07-11,2.93
2007-07-10,2.98
2007-07-09,3.02
2007-07-06,3.02
2007-07-05,2.93
2007-07-04,2.85
2007-07-03,2.8
2007-07-02,2.76
2007-06-29,2.75
2007-06-28,2.73
2007-06-27,2.61
2007-06-26,2.61
2007-06-25,2.61
2007-06-22,2.61
2007-06-21,2.61
2007-06-20,2.65
2007-06-19,2.67
2007-06-18,2.69
2007-06-15,2.76
2007-06-14,2.82
2007-06-13,2.82
2007-06-12,2.87
2007-06-11,2.86
2007-06-08,2.82
2007-06-07,2.82
2007-06-06,2.85
2007-06-05,2.875
2007-06-04,2.9
2007-06-01,2.89
2007-05-31,2.805
2007-05-30,2.775
2007-05-29,2.83
2007-05-28,2.83
2007-05-25,2.85
2007-05-24,2.84
2007-05-23,2.86
2007-05-22,2.865
2007-05-21,2.775
2007-05-18,2.675
2007-05-17,2.685
2007-05-16,2.67
2007-05-15,2.66
2007-05-14,2.615
2007-05-11,2.605
2007-05-10,2.61
2007-05-09,2.62
2007-05-08,2.61
2007-05-07,2.62
2007-05-04,2.615
2007-05-03,2.56
2007-05-02,2.53
2007-05-01,5.12
2007-04-30,2.56
2007-04-27,2.56
2007-04-26,2.56
2007-04-25,2.575
2007-04-24,2.555
2007-04-23,2.575
2007-04-20,2.585
2007-04-19,2.54
2007-04-18,2.535
2007-04-17,2.555
2007-04-16,2.54
2007-04-13,2.535
2007-04-12,2.535
2007-04-11,2.47
2007-04-10,2.49
2007-04-09,4.89
2007-04-06,4.89
2007-04-05,2.445
2007-04-04,2.47
2007-04-03,2.465
2007-04-02,2.45
2007-03-30,2.43
2007-03-29,2.43
2007-03-28,2.43
2007-03-27,2.455
2007-03-26,2.46
2007-03-23,2.465
2007-03-22,2.405
2007-03-21,2.4
2007-03-20,2.4
2007-03-19,2.335
2007-03-16,2.35
2007-03-15,2.35
2007-03-14,2.345
2007-03-13,2.39
2007-03-12,2.375
2007-03-09,2.325
2007-03-08,2.4
2007-03-07,2.41
2007-03-06,2.415
2007-03-05,2.39
2007-03-02,2.4
2007-03-01,2.455
2007-02-28,2.495
2007-02-27,2.49
2007-02-26,2.61
2007-02-23,2.61
2007-02-22,2.625
2007-02-21,2.63
2007-02-20,2.655
2007-02-19,2.615
2007-02-16,2.59
2007-02-15,2.6
2007-02-14,2.605
2007-02-13,2.63
2007-02-12,2.605
2007-02-09,2.64
2007-02-08,2.65
2007-02-07,2.565
2007-02-06,2.545
2007-02-05,2.59
2007-02-02,2.565
2007-02-01,2.51
2007-01-31,2.425
2007-01-30,2.425
2007-01-29,2.365
2007-01-26,2.37
2007-01-25,2.375
2007-01-24,2.385
2007-01-23,2.395
2007-01-22,2.38
2007-01-19,2.4
2007-01-18,2.39
2007-01-17,2.385
2007-01-16,2.39
2007-01-15,2.405
2007-01-12,2.375
2007-01-11,2.355
2007-01-10,2.37
2007-01-09,2.37
2007-01-08,2.35
2007-01-05,2.345
2007-01-04,2.35
2007-01-03,2.365
2007-01-02,2.34
2007-01-01,4.68
2006-12-29,2.34
2006-12-28,2.325
2006-12-27,2.335
2006-12-26,4.63
2006-12-25,4.63
2006-12-22,2.315
2006-12-21,2.335
2006-12-20,2.305
2006-12-19,2.295
2006-12-18,2.28
2006-12-15,2.285
2006-12-14,2.275
2006-12-13,2.3
2006-12-12,2.255
2006-12-11,2.22
2006-12-08,2.21
2006-12-07,2.205
2006-12-06,2.2
2006-12-05,2.215
2006-12-04,2.22
2006-12-01,2.215
2006-11-30,2.225
2006-11-29,2.21
2006-11-28,2.195
2006-11-27,2.22
2006-11-24,2.245
2006-11-23,2.265
2006-11-22,2.17
2006-11-21,2.175
2006-11-20,2.175
2006-11-17,2.165
2006-11-16,2.175
2006-11-15,2.175
2006-11-14,2.175
2006-11-13,2.175
2006-11-10,2.16
2006-11-09,2.175
2006-11-08,2.15
2006-11-07,2.15
2006-11-06,2.14
2006-11-03,2.155
2006-11-02,2.155
2006-11-01,2.175
2006-10-31,2.19
2006-10-30,2.175
2006-10-27,2.195
2006-10-26,2.2
2006-10-25,2.195
2006-10-24,2.19
2006-10-23,2.17
2006-10-20,2.175
2006-10-19,2.18
2006-10-18,2.165
2006-10-17,2.19
2006-10-16,2.195
2006-10-13,2.205
2006-10-12,2.21
2006-10-11,2.215
2006-10-10,2.225
2006-10-09,2.22
2006-10-06,2.235
2006-10-05,2.24
2006-10-04,2.25
2006-10-03,2.255
2006-10-02,2.26
2006-09-29,2.26
2006-09-28,2.235
2006-09-27,2.215
2006-09-26,2.22
2006-09-25,2.245
2006-09-22,2.3
2006-09-21,2.31
2006-09-20,2.325
2006-09-19,2.325
2006-09-18,2.365
2006-09-15,2.36
2006-09-14,2.36
2006-09-13,2.36
2006-09-12,2.355
2006-09-11,2.35
2006-09-08,2.36
2006-09-07,2.375
2006-09-06,2.39
2006-09-05,2.395
2006-09-04,2.385
2006-09-01,2.38
2006-08-31,2.375
2006-08-30,2.37
2006-08-29,2.36
2006-08-28,2.37
2006-08-25,2.37
2006-08-24,2.375
2006-08-23,2.32
2006-08-22,2.32
2006-08-21,2.32
2006-08-18,2.32
2006-08-17,2.32
2006-08-16,2.325
2006-08-15,2.325
2006-08-14,2.325
2006-08-11,2.29
2006-08-10,2.29
2006-08-09,2.29
2006-08-08,2.255
2006-08-07,2.175
2006-08-04,2.17
2006-08-03,2.16
2006-08-02,2.16
2006-08-01,2.165
2006-07-31,2.16
2006-07-28,2.165
2006-07-27,2.175
2006-07-26,2.18
2006-07-25,2.205
2006-07-24,2.11
2006-07-21,2.1
2006-07-20,2.12
2006-07-19,2.05
2006-07-18,1.99
2006-07-17,1.99
2006-07-14,2.03
2006-07-13,2.06
2006-07-12,2.1
2006-07-11,2.115
2006-07-10,2.095
2006-07-07,2.08
2006-07-06,2.08
2006-07-05,2.11
2006-07-04,2.115
2006-07-03,2.13
2006-06-30,2.125
2006-06-29,2.13
2006-06-28,2.14
2006-06-27,2.13
2006-06-26,2.14
2006-06-23,2.15
2006-06-22,2.15
2006-06-21,2.135
2006-06-20,2.15
2006-06-19,2.165
2006-06-16,2.185
2006-06-15,2.18
2006-06-14,2.15
2006-06-13,2.23
2006-06-12,2.32
2006-06-09,2.33
2006-06-08,2.28
2006-06-07,2.3
2006-06-06,2.295
2006-06-05,2.33
2006-06-02,2.36
2006-06-01,2.37
2006-05-31,2.295
2006-05-30,2.305
2006-05-29,2.35
2006-05-26,2.26
2006-05-25,2.195
2006-05-24,2.15
2006-05-23,2.175
2006-05-22,2.24
2006-05-19,2.325
2006-05-18,2.37
2006-05-17,2.4
2006-05-16,2.39
2006-05-15,2.4
2006-05-12,2.415
2006-05-11,2.42
2006-05-10,2.445
2006-05-09,2.42
2006-05-08,2.44
2006-05-05,2.475
2006-05-04,2.495
2006-05-03,2.495
2006-05-02,2.52
2006-04-28,2.54
2006-04-27,2.565
2006-04-26,2.61
2006-04-25,5.25
2006-04-24,5.19
2006-04-21,5.17
2006-04-20,5.22
2006-04-19,5.32
2006-04-18,5.3
2006-04-17,5.4
2006-04-14,5.4
2006-04-13,5.4
2006-04-12,5.44
2006-04-11,5.48
2006-04-10,5.52
2006-04-07,5.5
2006-04-06,5.48
2006-04-05,5.5
2006-04-04,5.54
2006-04-03,5.5
2006-03-31,5.47
2006-03-30,5.47
2006-03-29,5.46
2006-03-28,5.51
2006-03-27,5.5
2006-03-24,5.43
2006-03-23,5.45
2006-03-22,5.44
2006-03-21,5.29
2006-03-20,5.15
2006-03-17,5.14
2006-03-16,5.15
2006-03-15,5.12
2006-03-14,5.09
2006-03-13,5.12
2006-03-10,5.11
2006-03-09,5.12
2006-03-08,5.14
2006-03-07,5.1
2006-03-06,5.14
2006-03-03,5.08
2006-03-02,5.19
2006-03-01,5.29
2006-02-28,5.1
2006-02-27,5.02
2006-02-24,4.99
2006-02-23,4.98
2006-02-22,5.0
2006-02-21,4.97
2006-02-20,4.99
2006-02-17,4.99
2006-02-16,4.96
2006-02-15,4.98
2006-02-14,4.97
2006-02-13,4.97
2006-02-10,4.98
2006-02-09,4.97
2006-02-08,5.01
2006-02-07,4.94
2006-02-06,4.94
2006-02-03,4.94
2006-02-02,4.99
2006-02-01,4.99
2006-01-31,5.02
2006-01-30,5.02
2006-01-27,5.03
2006-01-26,5.01
2006-01-25,5.01
2006-01-24,5.0
2006-01-23,5.02
2006-01-20,5.05
2006-01-19,5.04
2006-01-18,5.02
2006-01-17,5.02
2006-01-16,5.05
2006-01-13,4.98
2006-01-12,5.0
2006-01-11,4.98
2006-01-10,4.94
2006-01-09,4.9
2006-01-06,4.88
2006-01-05,4.89
2006-01-04,4.9
2006-01-03,4.93
2006-01-02,4.97
2005-12-30,5.0
2005-12-29,5.0
2005-12-28,5.03
2005-12-27,5.02
2005-12-26,5.04
2005-12-23,5.04
2005-12-22,5.03
2005-12-21,5.03
2005-12-20,5.07
2005-12-19,5.03
2005-12-16,5.0
2005-12-15,5.03
2005-12-14,5.11
2005-12-13,5.16
2005-12-12,5.12
2005-12-09,4.97
2005-12-08,5.0
2005-12-07,5.0
2005-12-06,4.99
2005-12-05,4.98
2005-12-02,4.98
2005-12-01,4.9
2005-11-30,4.77
2005-11-29,4.74
2005-11-28,4.73
2005-11-25,4.73
2005-11-24,4.74
2005-11-23,4.71
2005-11-22,4.73
2005-11-21,4.76
2005-11-18,4.77
2005-11-17,4.76
2005-11-16,4.75
2005-11-15,4.7
2005-11-14,4.7
2005-11-11,4.71
2005-11-10,4.73
2005-11-09,4.73
2005-11-08,4.77
2005-11-07,4.79
2005-11-04,4.76
2005-11-03,4.68
2005-11-02,4.65
2005-11-01,4.68
2005-10-31,4.65
2005-10-28,4.68
2005-10-27,4.77
2005-10-26,4.81
2005-10-25,4.75
2005-10-24,4.95
2005-10-21,4.86
2005-10-20,4.85
2005-10-19,4.99
2005-10-18,5.05
2005-10-17,5.08
2005-10-14,5.09
2005-10-13,5.09
2005-10-12,5.09
2005-10-11,5.07
2005-10-10,5.03
2005-10-07,5.13
2005-10-06,5.15
2005-10-05,5.17
2005-10-04,5.13
2005-10-03,5.15
2005-09-30,5.2
2005-09-29,5.29
2005-09-28,5.3
2005-09-27,5.3
2005-09-26,5.44
2005-09-23,5.44
2005-09-22,5.44
2005-09-21,5.42
2005-09-20,5.38
2005-09-19,5.35
2005-09-16,5.35
2005-09-15,5.35
2005-09-14,5.37
2005-09-13,5.39
2005-09-12,5.44
2005-09-09,5.49
2005-09-08,5.45
2005-09-07,5.42
2005-09-06,5.33
2005-09-05,5.18
2005-09-02,5.2
2005-09-01,5.2
2005-08-31,5.2
2005-08-30,5.24
2005-08-29,5.22
2005-08-26,5.24
2005-08-25,5.17
2005-08-24,5.2
2005-08-23,5.2
2005-08-22,5.24
2005-08-19,5.24
2005-08-18,5.24
2005-08-17,5.24
2005-08-16,5.28
2005-08-15,5.28
2005-08-12,5.28
2005-08-11,5.25
2005-08-10,5.24
2005-08-09,5.18
2005-08-08,5.2
2005-08-05,5.2
2005-08-04,5.17
2005-08-03,5.25
2005-08-02,5.32
2005-08-01,5.35
2005-07-29,5.35
2005-07-28,5.36
2005-07-27,5.35
2005-07-26,5.31
2005-07-25,5.24
2005-07-22,4.94
2005-07-21,4.83
2005-07-20,4.84
2005-07-19,4.85
2005-07-18,4.83
2005-07-15,4.85
2005-07-14,4.84
2005-07-13,4.86
2005-07-12,4.9
2005-07-11,4.85
2005-07-08,4.89
2005-07-07,4.77
2005-07-06,4.83
2005-07-05,5.17
2005-07-04,5.23
2005-07-01,5.28
2005-06-30,5.24
2005-06-29,5.21
2005-06-28,5.19
2005-06-27,5.22
2005-06-24,5.3
2005-06-23,5.34
2005-06-22,5.33
2005-06-21,5.35
2005-06-20,5.35
2005-06-17,5.41
2005-06-16,5.39
2005-06-15,5.32
2005-06-14,5.26
2005-06-13,5.3
2005-06-10,5.29
2005-06-09,5.15
2005-06-08,5.22
2005-06-07,5.3
2005-06-06,5.49
2005-06-03,5.45
2005-06-02,5.45
2005-06-01,5.5
2005-05-31,5.5
2005-05-30,5.61
2005-05-27,5.66
2005-05-26,5.75
2005-05-25,5.85
2005-05-24,5.92
2005-05-23,5.9
2005-05-20,5.84
2005-05-19,5.73
2005-05-18,5.77
2005-05-17,5.61
2005-05-16,5.6
2005-05-13,5.62
2005-05-12,5.52
2005-05-11,5.54
2005-05-10,5.56
2005-05-09,5.56
2005-05-06,5.57
2005-05-05,5.53
2005-05-04,5.54
2005-05-03,5.48
2005-05-02,5.44
2005-04-29,5.51
2005-04-28,5.49
2005-04-27,5.54
2005-04-26,5.47
2005-04-25,5.4
2005-04-22,5.47
2005-04-21,5.4
2005-04-20,5.4
2005-04-19,5.4
2005-04-18,5.42
2005-04-15,5.46
2005-04-14,5.51
2005-04-13,5.49
2005-04-12,5.47
2005-04-11,5.5
2005-04-08,5.5
2005-04-07,5.49
2005-04-06,5.45
2005-04-05,5.43
2005-04-04,5.4
2005-04-01,5.41
2005-03-31,5.55
2005-03-30,5.55
2005-03-29,5.52
2005-03-28,5.52
2005-03-25,5.52
2005-03-24,5.52
2005-03-23,5.5
2005-03-22,5.43
2005-03-21,5.45
2005-03-18,5.45
2005-03-17,5.38
2005-03-16,5.44
2005-03-15,5.45
2005-03-14,5.4
2005-03-11,5.38
2005-03-10,5.41
2005-03-09,5.56
2005-03-08,5.66
2005-03-07,5.7
2005-03-04,5.63
2005-03-03,5.75
2005-03-02,5.63
2005-03-01,5.69
2005-02-28,5.63
2005-02-25,5.69
2005-02-24,5.57
2005-02-23,5.65
2005-02-22,5.8
2005-02-21,5.81
2005-02-18,5.81
2005-02-17,5.85
2005-02-16,5.88
2005-02-15,5.88
2005-02-14,5.88
2005-02-11,5.89
2005-02-10,5.88
2005-02-09,6.03
2005-02-08,6.05
2005-02-07,6.01
2005-02-04,6.0
2005-02-03,5.95
2005-02-02,5.86
2005-02-01,5.93
2005-01-31,5.9
2005-01-28,5.85
2005-01-27,5.8
2005-01-26,5.79
2005-01-25,5.8
2005-01-24,5.78
2005-01-21,5.84
2005-01-20,5.76
2005-01-19,5.7
2005-01-18,5.65
2005-01-17,5.67
2005-01-14,5.65
2005-01-13,5.64
2005-01-12,5.62
2005-01-11,5.65
2005-01-10,5.67
2005-01-07,5.67
2005-01-06,5.68
2005-01-05,5.7
2005-01-04,5.7
2005-01-03,5.78
2004-12-31,5.8
2004-12-30,5.9
2004-12-29,5.8
2004-12-28,5.79
2004-12-27,5.8
2004-12-24,5.75
2004-12-23,5.75
2004-12-22,5.65
2004-12-21,5.7
2004-12-20,5.74
2004-12-17,5.7
2004-12-16,5.57
2004-12-15,5.52
2004-12-14,5.46
2004-12-13,5.42
2004-12-10,5.37
2004-12-09,5.35
2004-12-08,5.3
2004-12-07,5.38
2004-12-06,5.33
2004-12-03,5.3
2004-12-02,5.21
2004-12-01,5.17
2004-11-30,5.17
2004-11-29,5.22
2004-11-26,5.2
2004-11-25,4.95
2004-11-24,4.9
2004-11-23,4.85
2004-11-22,4.85
2004-11-19,4.87
2004-11-18,4.87
2004-11-17,4.8
2004-11-16,4.85
2004-11-15,4.9
2004-11-12,4.89
2004-11-11,4.48
2004-11-10,4.48
2004-11-09,4.49
2004-11-08,4.49
2004-11-05,4.54
2004-11-04,4.5
2004-11-03,4.62
2004-11-02,4.62
2004-11-01,4.58
2004-10-29,4.56
2004-10-28,4.55
2004-10-27,4.49
2004-10-26,4.47
2004-10-25,4.7
2004-10-22,4.73
2004-10-21,4.66
2004-10-20,4.65
2004-10-19,4.68
2004-10-18,4.55
2004-10-15,4.58
2004-10-14,4.54
2004-10-13,4.49
2004-10-12,4.45
2004-10-11,4.5
2004-10-08,4.5
2004-10-07,4.47
2004-10-06,4.43
2004-10-05,4.43
2004-10-04,4.5
2004-10-01,4.55
2004-09-30,4.48
2004-09-29,4.48
2004-09-28,4.36
2004-09-27,4.35
2004-09-24,4.33
2004-09-23,4.28
2004-09-22,4.27
2004-09-21,4.26
2004-09-20,4.16
2004-09-17,4.15
2004-09-16,4.15
2004-09-15,4.16
2004-09-14,4.15
2004-09-13,4.11
2004-09-10,4.1
2004-09-09,4.09
2004-09-08,4.09
2004-09-07,4.04
2004-09-06,3.96
2004-09-03,3.97
2004-09-02,3.94
2004-09-01,3.93
2004-08-31,3.94
2004-08-30,3.91
2004-08-27,3.95
2004-08-26,3.94
2004-08-25,3.93
2004-08-24,3.89
2004-08-23,3.9
2004-08-20,3.91
2004-08-19,3.89
2004-08-18,3.9
2004-08-17,3.92
2004-08-16,3.91
2004-08-13,3.93
2004-08-12,3.97
2004-08-11,3.95
2004-08-10,3.95
2004-08-09,3.94
2004-08-06,4.01
2004-08-05,4.15
2004-08-04,4.18
2004-08-03,4.2
2004-08-02,4.2
2004-07-30,4.14
2004-07-29,4.08
2004-07-28,4.04
2004-07-27,4.02
2004-07-26,4.07
2004-07-23,4.0
2004-07-22,3.99
2004-07-21,4.0
2004-07-20,3.94
2004-07-19,3.97
2004-07-16,4.0
2004-07-15,3.98
2004-07-14,3.94
2004-07-13,3.99
2004-07-12,3.95
2004-07-09,3.86
2004-07-08,3.86
2004-07-07,3.9
2004-07-06,3.99
2004-07-05,3.98
2004-07-02,3.96
2004-07-01,4.0
2004-06-30,3.98
2004-06-29,4.0
2004-06-28,3.98
2004-06-25,3.97
2004-06-24,4.0
2004-06-23,4.0
2004-06-22,3.83
2004-06-21,3.85
2004-06-18,3.84
2004-06-17,3.85
2004-06-16,3.79
2004-06-15,3.75
2004-06-14,3.76
2004-06-11,3.84
2004-06-10,3.89
2004-06-09,3.87
2004-06-08,3.9
2004-06-07,3.88
2004-06-04,3.77
2004-06-03,3.71
2004-06-02,3.74
2004-06-01,3.73
2004-05-31,3.79
2004-05-28,3.81
2004-05-27,3.82
2004-05-26,3.87
2004-05-25,3.84
2004-05-24,3.88
2004-05-21,3.86
2004-05-20,3.92
2004-05-19,3.99
2004-05-18,3.9
2004-05-17,3.95
2004-05-14,4.01
2004-05-13,4.05
2004-05-12,4.03
2004-05-11,4.04
2004-05-10,4.0
2004-05-07,4.14
2004-05-06,4.12
2004-05-05,4.19
2004-05-04,4.28
2004-05-03,4.18
2004-04-30,4.2
2004-04-29,4.2
2004-04-28,4.15
2004-04-27,4.22
2004-04-26,4.25
2004-04-23,4.21
2004-04-22,4.2
2004-04-21,4.16
2004-04-20,4.16
2004-04-19,4.21
2004-04-16,4.26
2004-04-15,4.12
2004-04-14,4.13
2004-04-13,4.13
2004-04-12,4.1
2004-04-09,4.1
2004-04-08,4.1
2004-04-07,4.05
2004-04-06,4.16
2004-04-05,4.16
2004-04-02,4.04
2004-04-01,4.0
2004-03-31,4.0
2004-03-30,3.93
2004-03-29,3.86
2004-03-26,3.84
2004-03-25,3.81
2004-03-24,3.65
2004-03-23,3.67
2004-03-22,3.75
2004-03-19,3.92
2004-03-18,4.0
2004-03-17,4.03
2004-03-16,3.97
2004-03-15,3.96
2004-03-12,3.98
2004-03-11,3.87
2004-03-10,4.03
2004-03-09,4.15
2004-03-08,4.24
2004-03-05,4.2
2004-03-04,4.17
2004-03-03,4.2
2004-03-02,4.28
2004-03-01,4.32
2004-02-27,4.32
2004-02-26,4.33
2004-02-25,4.3
2004-02-24,4.32
2004-02-23,4.31
2004-02-20,4.3
2004-02-19,4.34
2004-02-18,4.38
2004-02-17,4.36
2004-02-16,4.28
2004-02-13,4.35
2004-02-12,4.39
2004-02-11,4.34
2004-02-10,4.21
2004-02-09,4.17
2004-02-06,4.13
2004-02-05,4.1
2004-02-04,4.08
2004-02-03,4.16
2004-02-02,4.17
2004-01-30,4.15
2004-01-29,4.18
2004-01-28,4.2
2004-01-27,4.15
2004-01-26,4.14
2004-01-23,4.12
2004-01-22,4.07
2004-01-21,4.1
2004-01-20,4.11
2004-01-19,4.25
2004-01-16,4.08
2004-01-15,3.97
2004-01-14,3.84
2004-01-13,3.76
2004-01-12,3.59
2004-01-09,3.54
2004-01-08,3.51
2004-01-07,3.52
2004-01-06,3.53
2004-01-05,3.54
2004-01-02,3.55
2004-01-01,3.5
2003-12-31,3.5
2003-12-30,3.53
2003-12-29,3.41
2003-12-26,2.8307
2003-12-25,2.8307
2003-12-24,3.46
2003-12-23,3.43
2003-12-22,3.45
2003-12-19,3.42
2003-12-18,3.4
2003-12-17,3.34
2003-12-16,3.29
2003-12-15,3.28
2003-12-12,3.27
2003-12-11,3.28
2003-12-10,3.36
2003-12-09,3.42
2003-12-08,3.43
2003-12-05,3.44
2003-12-04,3.43
2003-12-03,3.44
2003-12-02,3.47
2003-12-01,3.47
2003-11-28,3.48
2003-11-27,3.54
2003-11-26,3.55
2003-11-25,3.5
2003-11-24,3.47
2003-11-21,3.5
2003-11-20,3.5
2003-11-19,3.45
2003-11-18,3.41
2003-11-17,3.41
2003-11-14,3.51
2003-11-13,3.49
2003-11-12,3.51
2003-11-11,3.49
2003-11-10,3.46
2003-11-07,3.51
2003-11-06,3.52
2003-11-05,3.43
2003-11-04,3.36
2003-11-03,3.5
2003-10-31,3.55
2003-10-30,3.52
2003-10-29,3.48
2003-10-28,3.42
2003-10-27,3.27
2003-10-24,3.15
2003-10-23,3.14
2003-10-22,3.15
2003-10-21,3.22
2003-10-20,3.22
2003-10-17,3.4
2003-10-16,3.3
2003-10-15,3.23
2003-10-14,3.12
2003-10-13,3.03
2003-10-10,3.0
2003-10-09,3.1
2003-10-08,3.1
2003-10-07,3.13
2003-10-06,3.16
2003-10-03,3.07
2003-10-02,2.86
2003-10-01,2.8
2003-09-30,2.75
2003-09-29,2.74
2003-09-26,2.74
2003-09-25,2.72
2003-09-24,2.74
2003-09-23,2.74
2003-09-22,2.74
2003-09-19,2.74
2003-09-18,2.76
2003-09-17,2.76
2003-09-16,2.68
2003-09-15,2.67
2003-09-12,2.66
2003-09-11,2.66
2003-09-10,2.66
2003-09-09,2.67
2003-09-08,2.68
2003-09-05,2.67
2003-09-04,2.67
2003-09-03,2.65
2003-09-02,2.63
2003-09-01,2.63
2003-08-29,2.65
2003-08-28,2.65
2003-08-27,2.64
2003-08-26,2.61
2003-08-25,2.6
2003-08-22,2.59
2003-08-21,2.58
2003-08-20,2.57
2003-08-19,2.57
2003-08-18,2.53
2003-08-15,2.5
2003-08-14,2.49
2003-08-13,2.48
2003-08-12,2.43
2003-08-11,2.41
2003-08-08,2.42
2003-08-07,2.35
2003-08-06,2.35
2003-08-05,2.35
2003-08-04,2.36
2003-08-01,2.39
2003-07-31,2.4
2003-07-30,2.42
2003-07-29,2.42
2003-07-28,2.47
2003-07-25,2.46
2003-07-24,2.37
2003-07-23,2.47
2003-07-22,2.53
2003-07-21,2.51
2003-07-18,2.46
2003-07-17,2.41
2003-07-16,2.45
2003-07-15,2.41
2003-07-14,2.34
2003-07-11,2.34
2003-07-10,2.35
2003-07-09,2.36
2003-07-08,2.37
2003-07-07,2.35
2003-07-04,2.3
2003-07-03,2.22
2003-07-02,2.25
2003-07-01,2.19
2003-06-30,2.22
2003-06-27,2.25
2003-06-26,2.25
2003-06-25,2.23
2003-06-24,2.2
2003-06-23,2.21
2003-06-20,2.2
2003-06-19,2.23
2003-06-18,2.22
2003-06-17,2.23
2003-06-16,2.19
2003-06-13,2.21
2003-06-12,2.2
2003-06-11,2.23
2003-06-10,2.15
2003-06-09,2.15
2003-06-06,2.17
2003-06-05,2.17
2003-06-04,2.16
2003-06-03,2.19
2003-06-02,2.18
2003-05-30,2.21
2003-05-29,2.19
2003-05-28,2.18
2003-05-27,2.2
2003-05-26,2.19
2003-05-23,2.17
2003-05-22,2.23
2003-05-21,2.19
2003-05-20,2.1
2003-05-19,2.1
2003-05-16,2.08
2003-05-15,2.04
2003-05-14,2.05
2003-05-13,2.05
2003-05-12,2.04
2003-05-09,2.05
2003-05-08,2.04
2003-05-07,2.04
2003-05-06,2.04
2003-05-05,2.03
2003-05-02,1.95
2003-05-01,2.3329
2003-04-30,1.95
2003-04-29,1.94
2003-04-28,1.93
2003-04-25,1.87
2003-04-24,1.89
2003-04-23,1.87
2003-04-22,1.86
2003-04-21,2.2158
2003-04-18,2.2158
2003-04-17,1.87
2003-04-16,1.86
2003-04-15,1.84
2003-04-14,1.81
2003-04-11,1.81
2003-04-10,1.81
2003-04-09,1.84
2003-04-08,1.87
2003-04-07,1.9
2003-04-04,1.81
2003-04-03,1.77
2003-04-02,1.79
2003-04-01,1.79
2003-03-31,1.78
2003-03-28,1.8
2003-03-27,1.82
2003-03-26,1.83
2003-03-25,1.8
2003-03-24,1.81
2003-03-21,1.82
2003-03-20,1.8
2003-03-19,1.78
2003-03-18,1.8
2003-03-17,1.73
2003-03-14,1.76
2003-03-13,1.7
2003-03-12,1.69
2003-03-11,1.67
2003-03-10,1.69
2003-03-07,1.72
2003-03-06,1.74
2003-03-05,1.72
2003-03-04,1.73
2003-03-03,1.73
2003-02-28,1.74
2003-02-27,1.74
2003-02-26,1.72
2003-02-25,1.77
2003-02-24,1.84
2003-02-21,1.86
2003-02-20,1.88
2003-02-19,1.89
2003-02-18,1.89
2003-02-17,1.92
2003-02-14,1.93
2003-02-13,1.89
2003-02-12,1.9
2003-02-11,1.91
2003-02-10,1.89
2003-02-07,1.92
2003-02-06,1.94
2003-02-05,1.95
2003-02-04,1.93
2003-02-03,1.98
2003-01-31,1.93
2003-01-30,1.89
2003-01-29,1.94
2003-01-28,2.0
2003-01-27,1.98
2003-01-24,2.03
2003-01-23,2.04
2003-01-22,2.08
2003-01-21,2.16
2003-01-20,2.06
2003-01-17,2.05
2003-01-16,2.12
2003-01-15,2.16
2003-01-14,2.13
2003-01-13,1.94
2003-01-10,1.92
2003-01-09,1.92
2003-01-08,1.92
2003-01-07,1.92
2003-01-06,1.93
2003-01-03,1.91
2003-01-02,1.91
2003-01-01,2.1279
2002-12-31,1.9
2002-12-30,1.94
2002-12-27,1.87
2002-12-26,2.1572
2002-12-25,2.1572
2002-12-24,2.1572
2002-12-23,1.88
2002-12-20,1.85
2002-12-19,1.86
2002-12-18,1.87
2002-12-17,1.86
2002-12-16,1.86
2002-12-13,1.86
2002-12-12,1.87
2002-12-11,1.84
2002-12-10,1.85
2002-12-09,1.88
2002-12-06,1.94
2002-12-05,1.93
2002-12-04,1.86
2002-12-03,1.88
2002-12-02,1.89
2002-11-29,1.77
2002-11-28,1.65
2002-11-27,1.54
2002-11-26,1.53
2002-11-25,1.56
2002-11-22,1.57
2002-11-21,1.58
2002-11-20,1.57
2002-11-19,1.52
2002-11-18,1.52
2002-11-15,1.52
2002-11-14,1.51
2002-11-13,1.5
2002-11-12,1.55
2002-11-11,1.57
2002-11-08,1.58
2002-11-07,1.58
2002-11-06,1.61
2002-11-05,1.59
2002-11-04,1.64
2002-11-01,1.9815
2002-10-31,1.6
2002-10-30,1.66
2002-10-29,1.58
2002-10-28,1.63
2002-10-25,1.65
2002-10-24,1.57
2002-10-23,1.55
2002-10-22,1.59
2002-10-21,1.57
2002-10-18,1.63
2002-10-17,1.61
2002-10-16,1.53
2002-10-15,1.53
2002-10-14,1.49
2002-10-11,1.53
2002-10-10,1.47
2002-10-09,1.46
2002-10-08,1.52
2002-10-07,1.59
2002-10-04,1.64
2002-10-03,1.67
2002-10-02,1.68
2002-10-01,1.72
2002-09-30,1.69
2002-09-27,1.78
2002-09-26,1.8
2002-09-25,1.71
2002-09-24,1.76
2002-09-23,1.8
2002-09-20,1.88
2002-09-19,1.83
2002-09-18,1.78
2002-09-17,1.8
2002-09-16,1.87
2002-09-13,1.88
2002-09-12,1.98
2002-09-11,1.99
2002-09-10,1.99
2002-09-09,2.03
2002-09-06,2.05
2002-09-05,2.05
2002-09-04,2.09
2002-09-03,2.16
2002-09-02,2.28
2002-08-30,2.35
2002-08-29,2.35
2002-08-28,2.33
2002-08-27,2.37
2002-08-26,2.35
2002-08-23,2.37
2002-08-22,2.36
2002-08-21,2.3
2002-08-20,2.3
2002-08-19,2.29
2002-08-16,2.26
2002-08-15,2.1475
2002-08-14,2.26
2002-08-13,2.28
2002-08-12,2.3
2002-08-09,2.29
2002-08-08,2.27
2002-08-07,2.29
2002-08-06,2.32
2002-08-05,2.3
2002-08-02,2.27
2002-08-01,2.31
2002-07-31,2.35
2002-07-30,2.34
2002-07-29,2.33
2002-07-26,2.28
2002-07-25,2.33
2002-07-24,2.36
2002-07-23,2.36
2002-07-22,2.36
2002-07-19,2.4
2002-07-18,2.4
2002-07-17,2.37
2002-07-16,2.32
2002-07-15,2.29
2002-07-12,2.411
2002-07-11,2.35
2002-07-10,2.36
2002-07-09,2.39
2002-07-08,2.4
2002-07-05,2.42
2002-07-04,2.38
2002-07-03,2.35
2002-07-02,2.47
2002-07-01,2.5
2002-06-28,2.5
2002-06-27,2.5
2002-06-26,2.53
2002-06-25,2.54
2002-06-24,2.49
2002-06-21,2.48
2002-06-20,2.51
2002-06-19,2.53
2002-06-18,2.5
2002-06-17,2.49
2002-06-14,2.51
2002-06-13,2.56
2002-06-12,2.61
2002-06-11,2.62
2002-06-10,2.4305
2002-06-07,2.63
2002-06-06,2.7
2002-06-05,2.71
2002-06-04,2.7
2002-06-03,2.75
2002-05-31,2.78
2002-05-30,2.4696
2002-05-29,2.8
2002-05-28,2.78
2002-05-27,2.8
2002-05-24,2.79
2002-05-23,2.8
2002-05-22,2.74
2002-05-21,2.75
2002-05-20,2.71
2002-05-17,2.78
2002-05-16,2.82
2002-05-15,2.73
2002-05-14,2.68
2002-05-13,2.69
2002-05-10,2.83
2002-05-09,2.84
2002-05-08,2.61
2002-05-07,2.45
2002-05-06,2.4
2002-05-03,2.47
2002-05-02,2.52
2002-05-01,2.4012
2002-04-30,2.55
2002-04-29,2.56
2002-04-26,2.58
2002-04-25,2.5574
2002-04-24,2.59
2002-04-23,2.58
2002-04-22,2.55
2002-04-19,2.56
2002-04-18,2.57
2002-04-17,2.58
2002-04-16,2.54
2002-04-15,2.63
2002-04-12,2.53
2002-04-11,2.43
2002-04-10,2.38
2002-04-09,2.39
2002-04-08,2.29
2002-04-05,2.29
2002-04-04,2.27
2002-04-03,2.25
2002-04-02,2.25
2002-04-01,2.6746
2002-03-29,2.6746
2002-03-28,2.6746
2002-03-27,2.22
2002-03-26,2.17
2002-03-25,2.16
2002-03-22,2.19
2002-03-21,2.18
2002-03-20,2.12
2002-03-19,2.17
2002-03-18,2.21
2002-03-15,2.16
2002-03-14,2.07
2002-03-13,2.07
2002-03-12,2.03
2002-03-11,2.14
2002-03-08,2.19
2002-03-07,2.27
2002-03-06,2.13
2002-03-05,2.06
2002-03-04,2.04
2002-03-01,1.96
2002-02-28,1.9
2002-02-27,1.92
2002-02-26,1.89
2002-02-25,1.91
2002-02-22,1.92
2002-02-21,1.95
2002-02-20,1.97
2002-02-19,1.85
2002-02-18,1.84
2002-02-15,1.86
2002-02-14,1.81
2002-02-13,1.9
2002-02-12,2.5672
2002-02-11,1.9
2002-02-08,1.95
2002-02-07,1.86
2002-02-06,1.89
2002-02-05,1.93
2002-02-04,2.0
2002-02-01,2.05
2002-01-31,2.09
2002-01-30,2.12
2002-01-29,2.14
2002-01-28,2.18
2002-01-25,2.17
2002-01-24,2.18
2002-01-23,2.29
2002-01-22,2.29
2002-01-21,2.26
2002-01-18,2.26
2002-01-17,2.3
2002-01-16,2.32
2002-01-15,2.22
2002-01-14,2.2
2002-01-11,2.26
2002-01-10,2.3
2002-01-09,2.29
2002-01-08,2.32
2002-01-07,2.33
2002-01-04,2.34
2002-01-03,2.34
2002-01-02,2.2
2002-01-01,2.206
2001-12-31,2.206
2001-12-28,2.19
2001-12-27,2.16
2001-12-26,2.1963
2001-12-25,2.1963
2001-12-24,2.1963
2001-12-21,2.07
2001-12-20,2.09
2001-12-19,2.15
2001-12-18,2.21
2001-12-17,2.25
2001-12-14,2.24
2001-12-13,2.26
2001-12-12,2.29
2001-12-11,2.28
2001-12-10,2.3
2001-12-07,2.28
2001-12-06,2.39
2001-12-05,2.35
2001-12-04,2.26
2001-12-03,2.26
2001-11-30,2.33
2001-11-29,2.29
2001-11-28,2.39
2001-11-27,2.55
2001-11-26,2.59
2001-11-23,2.56
2001-11-22,2.57
2001-11-21,2.57
2001-11-20,2.66
2001-11-19,2.5
2001-11-16,2.54
2001-11-15,2.48
2001-11-14,2.44
2001-11-13,2.59
2001-11-12,2.2
2001-11-09,2.18
2001-11-08,2.4
2001-11-07,2.36
2001-11-06,2.31
2001-11-05,2.01
2001-11-02,1.97
2001-11-01,2.3427
2001-10-31,2.0
2001-10-30,1.93
2001-10-29,1.97
2001-10-26,2.3329
2001-10-25,1.97
2001-10-24,2.04
2001-10-23,2.04
2001-10-22,1.9
2001-10-19,1.91
2001-10-18,1.91
2001-10-17,1.83
2001-10-16,2.2158
2001-10-15,1.59
2001-10-12,1.61
2001-10-11,1.66
2001-10-10,1.79
2001-10-09,1.45
2001-10-08,1.42
2001-10-05,2.206
2001-10-04,1.41
2001-10-03,1.4
2001-10-02,1.39
2001-10-01,1.39
2001-09-28,2.1475
2001-09-27,1.4
2001-09-26,1.41
2001-09-25,1.45
2001-09-24,1.48
2001-09-21,1.34
2001-09-20,1.35
2001-09-19,1.41
2001-09-18,1.41
2001-09-17,1.45
2001-09-14,1.51
2001-09-13,1.65
2001-09-12,1.67
2001-09-11,1.8
2001-09-10,2.0
2001-09-07,2.15
2001-09-06,2.29
2001-09-05,2.35
2001-09-04,2.45
2001-09-03,2.38
2001-08-31,2.49
2001-08-30,2.44
2001-08-29,2.41
2001-08-28,2.5
2001-08-27,2.52
2001-08-24,2.53
2001-08-23,2.5
2001-08-22,2.56
2001-08-21,2.59
2001-08-20,2.56
2001-08-17,2.58
2001-08-16,2.62
2001-08-15,2.5184
2001-08-14,2.6
2001-08-13,2.56
2001-08-10,2.57
2001-08-09,2.53
2001-08-08,2.58
2001-08-07,2.56
2001-08-06,2.57
2001-08-03,2.63
2001-08-02,2.51
2001-08-01,2.35
2001-07-31,2.31
2001-07-30,2.32
2001-07-27,2.35
2001-07-26,2.34
2001-07-25,2.32
2001-07-24,2.36
2001-07-23,2.3
2001-07-20,2.3
2001-07-19,2.4
2001-07-18,2.48
2001-07-17,2.24
2001-07-16,2.27
2001-07-13,2.6941
2001-07-12,2.32
2001-07-11,2.43
2001-07-10,2.65
2001-07-09,2.65
2001-07-06,2.7
2001-07-05,2.81
2001-07-04,2.95
2001-07-03,2.96
2001-07-02,2.96
2001-06-29,2.99
2001-06-28,3.0
2001-06-27,2.9
2001-06-26,2.87
2001-06-25,3.04
2001-06-22,3.06
2001-06-21,3.11
2001-06-20,3.09
2001-06-19,3.25
2001-06-18,3.38
2001-06-15,3.4
2001-06-14,2.9088
2001-06-13,3.32
2001-06-12,3.36
2001-06-11,3.5
2001-06-08,3.6
2001-06-07,3.6
2001-06-06,3.6
2001-06-05,3.69
2001-06-04,3.73
2001-06-01,3.65
2001-05-31,3.5
2001-05-30,3.4
2001-05-29,3.35
2001-05-28,3.36
2001-05-25,3.42
2001-05-24,3.46
2001-05-23,3.47
2001-05-22,3.5
2001-05-21,3.6
2001-05-18,3.68
2001-05-17,3.86
2001-05-16,4.0
2001-05-15,4.03
2001-05-14,3.9
2001-05-11,3.85
2001-05-10,3.85
2001-05-09,3.74
2001-05-08,3.74
2001-05-07,3.1529
2001-05-04,3.79
2001-05-03,3.77
2001-05-02,3.81
2001-05-01,3.1626
2001-04-30,3.75
2001-04-27,3.7
2001-04-26,3.7
2001-04-25,2.9869
2001-04-24,3.7
2001-04-23,3.74
2001-04-20,3.8
2001-04-19,3.79
2001-04-18,3.8
2001-04-17,3.81
2001-04-16,3.1236
2001-04-13,3.1236
2001-04-12,3.98
2001-04-11,4.04
2001-04-10,4.01
2001-04-09,3.98
2001-04-06,3.96
2001-04-05,4.02
2001-04-04,3.76
2001-04-03,3.61
2001-04-02,4.02
2001-03-30,4.53
2001-03-29,4.75
2001-03-28,4.57
2001-03-27,4.4
2001-03-26,4.59
2001-03-23,4.64
2001-03-22,4.7
2001-03-21,5.0
2001-03-20,5.24
2001-03-19,5.36
2001-03-16,5.79
2001-03-15,6.33
2001-03-13,6.35
2001-03-12,6.5
2001-03-09,6.8
2001-03-08,6.8
2001-03-07,6.8
2001-03-06,6.8
2001-03-05,6.5
2001-03-02,6.24
2001-03-01,6.11
2001-02-28,6.24
2001-02-27,3.4847
2001-02-26,6.32
2001-02-23,6.24
2001-02-22,6.26
2001-02-21,6.35
2001-02-20,6.37
2001-02-19,6.39
2001-02-16,6.38
2001-02-15,6.53
2001-02-14,6.49
2001-02-13,6.6
2001-02-12,6.52
2001-02-09,6.61
2001-02-08,6.67
2001-02-07,6.57
2001-02-06,6.62
2001-02-05,6.55
2001-02-02,6.66
2001-02-01,6.71
2001-01-31,6.79
2001-01-30,6.7
2001-01-29,6.65
2001-01-25,6.68
2001-01-23,6.79
2001-01-22,7.2
2001-01-19,7.5
2001-01-18,7.57
2001-01-17,7.7
2001-01-16,7.25
2001-01-15,7.56
2001-01-12,7.5
2001-01-11,7.0
2001-01-10,3.475
2001-01-09,6.11
2001-01-08,6.1
2001-01-05,6.13
2001-01-04,6.16
2001-01-03,6.07
2001-01-02,6.25
2001-01-01,3.2602
2000-12-29,6.44
2000-12-28,6.67
2000-12-27,6.95
2000-12-22,7.07
2000-12-21,7.0
2000-12-20,7.28
2000-12-19,7.65
2000-12-18,7.6
2000-12-15,7.75
2000-12-14,8.0
2000-12-13,8.1
2000-12-12,7.91
2000-12-11,7.91
2000-12-08,3.3969
2000-12-07,8.0
2000-12-06,8.02
2000-12-05,8.03
2000-12-04,7.88
2000-12-01,3.5335
2000-11-30,8.2
2000-11-29,9.0
2000-11-28,8.99
2000-11-27,8.9
2000-11-24,8.75
2000-11-23,8.45
2000-11-22,8.45
2000-11-21,8.43
2000-11-20,8.5
2000-11-17,8.64
2000-11-16,8.42
2000-11-15,8.5
2000-11-14,8.44
2000-11-13,8.1
2000-11-10,8.51
2000-11-09,8.7
2000-11-08,8.77
2000-11-07,8.64
2000-11-06,8.8
2000-11-03,9.05
2000-11-02,9.45
2000-11-01,9.1
2000-10-31,9.1
2000-10-30,9.1
2000-10-27,8.57
2000-10-26,8.49
2000-10-25,8.43
2000-10-24,8.8
2000-10-23,8.8
2000-10-20,9.2
2000-10-19,9.24
2000-10-18,9.2
2000-10-17,9.66
2000-10-16,9.94
2000-10-13,10.09
2000-10-12,10.05
2000-10-11,9.93
2000-10-10,10.31
2000-10-09,10.39
2000-10-06,10.43
2000-10-05,10.62
2000-10-04,10.62
2000-10-03,10.79
2000-10-02,10.79
2000-09-29,10.77
2000-09-28,10.89
2000-09-27,10.82
2000-09-26,10.71
2000-09-25,10.88
2000-09-22,10.91
2000-09-21,11.1
2000-09-20,11.0
2000-09-19,11.19
2000-09-18,11.05
2000-09-15,11.2
2000-09-14,11.26
2000-09-13,11.2
2000-09-12,11.35
2000-09-11,11.5
2000-09-08,11.5
2000-09-07,11.43
2000-09-06,11.58
2000-09-05,11.78
2000-09-04,11.7
2000-09-01,11.84
2000-08-31,10.98
2000-08-30,10.64
2000-08-29,10.51
2000-08-28,10.37
2000-08-25,10.69
2000-08-24,10.74
2000-08-23,10.93
2000-08-22,11.36
2000-08-21,11.3
2000-08-18,11.4
2000-08-17,11.43
2000-08-16,11.48
2000-08-15,11.43
2000-08-14,11.43
2000-08-11,11.6
2000-08-10,11.4
2000-08-09,11.39
2000-08-08,11.24
2000-08-07,11.33
2000-08-04,11.36
2000-08-03,11.44
2000-08-02,11.6
2000-08-01,11.67
2000-07-31,11.72
2000-07-28,11.75
2000-07-27,11.9
2000-07-26,11.9
2000-07-25,11.86
2000-07-24,11.61
2000-07-21,11.61
2000-07-20,11.69
2000-07-19,11.66
2000-07-18,11.79
2000-07-17,11.73
2000-07-14,11.72
2000-07-13,11.77
2000-07-12,11.83
2000-07-11,11.72
2000-07-10,11.78
2000-07-07,11.99
2000-07-06,11.99
2000-07-05,11.8
2000-07-04,11.72
2000-07-03,11.64
2000-06-30,11.5
2000-06-29,11.79
2000-06-28,12.06
2000-06-27,12.1
2000-06-26,12.15
2000-06-23,12.26
2000-06-22,12.27
2000-06-21,12.27
2000-06-20,12.26
2000-06-19,12.2
2000-06-16,12.2
2000-06-15,12.38
2000-06-14,11.7
2000-06-13,11.57
2000-06-12,11.65
2000-06-09,11.65
2000-06-08,11.42
2000-06-07,11.76
2000-06-06,12.26
2000-06-05,3.5043
2000-06-02,3.5726
2000-06-01,3.6312
