,jmt:pl
2018-11-23,10.64
2018-11-22,10.5
2018-11-21,10.64
2018-11-20,10.515
2018-11-19,10.635
2018-11-16,10.65
2018-11-15,10.525
2018-11-14,10.77
2018-11-13,10.765
2018-11-12,10.65
2018-11-09,10.76
2018-11-08,10.805
2018-11-07,10.815
2018-11-06,10.675
2018-11-05,10.8
2018-11-02,10.825
2018-11-01,10.995
2018-10-31,10.86
2018-10-30,11.515
2018-10-29,11.41
2018-10-26,11.455
2018-10-25,11.735
2018-10-24,11.7
2018-10-23,11.465
2018-10-22,11.315
2018-10-19,11.45
2018-10-18,11.36
2018-10-17,11.35
2018-10-16,11.325
2018-10-15,11.39
2018-10-12,11.465
2018-10-11,11.285
2018-10-10,11.2
2018-10-09,11.455
2018-10-08,11.335
2018-10-05,11.495
2018-10-04,11.75
2018-10-03,11.83
2018-10-02,12.27
2018-10-01,12.56
2018-09-28,12.685
2018-09-27,12.735
2018-09-26,12.705
2018-09-25,12.63
2018-09-24,12.69
2018-09-21,12.875
2018-09-20,12.93
2018-09-19,13.15
2018-09-18,13.01
2018-09-17,13.01
2018-09-14,12.89
2018-09-13,12.77
2018-09-12,12.765
2018-09-11,12.565
2018-09-10,12.655
2018-09-07,12.34
2018-09-06,12.43
2018-09-05,12.435
2018-09-04,12.84
2018-08-31,12.905
2018-08-30,13.0
2018-08-29,13.215
2018-08-28,13.35
2018-08-27,13.625
2018-08-24,13.4
2018-08-23,13.15
2018-08-22,13.09
2018-08-21,13.22
2018-08-20,13.04
2018-08-17,12.99
2018-08-16,12.92
2018-08-15,12.67
2018-08-14,12.835
2018-08-13,12.925
2018-08-10,13.04
2018-08-09,13.065
2018-08-08,13.125
2018-08-07,12.965
2018-08-06,12.86
2018-08-03,12.83
2018-08-02,12.715
2018-08-01,12.645
2018-07-31,12.73
2018-07-30,12.71
2018-07-27,12.57
2018-07-26,12.385
2018-07-25,13.29
2018-07-24,13.22
2018-07-23,13.225
2018-07-20,13.245
2018-07-19,13.045
2018-07-18,13.0
2018-07-17,13.015
2018-07-16,12.655
2018-07-13,12.67
2018-07-12,12.58
2018-07-11,12.71
2018-07-10,12.695
2018-07-09,12.585
2018-07-06,12.57
2018-07-05,12.335
2018-07-04,12.245
2018-07-03,11.96
2018-07-02,12.035
2018-06-29,12.37
2018-06-28,12.76
2018-06-27,13.07
2018-06-26,13.005
2018-06-25,13.015
2018-06-23,13.18
2018-06-22,13.18
2018-06-21,13.085
2018-06-20,12.995
2018-06-19,12.775
2018-06-18,13.07
2018-06-15,13.23
2018-06-14,13.37
2018-06-13,13.38
2018-06-12,13.285
2018-06-11,13.29
2018-06-08,13.335
2018-06-07,13.45
2018-06-06,13.52
2018-06-05,13.52
2018-06-04,13.695
2018-06-01,13.535
2018-05-31,13.45
2018-05-30,13.52
2018-05-29,13.45
2018-05-28,13.79
2018-05-25,13.99
2018-05-24,13.91
2018-05-23,13.76
2018-05-22,13.9
2018-05-21,13.85
2018-05-18,13.8
2018-05-17,13.92
2018-05-16,13.815
2018-05-15,13.75
2018-05-14,13.82
2018-05-11,13.605
2018-05-10,13.505
2018-05-09,13.46
2018-05-08,13.535
2018-05-07,13.7
2018-05-04,13.98
2018-05-03,14.19
2018-05-02,14.265
2018-04-30,14.54
2018-04-27,14.65
2018-04-26,14.365
2018-04-25,14.335
2018-04-24,14.375
2018-04-23,14.045
2018-04-20,14.2
2018-04-19,14.19
2018-04-18,14.205
2018-04-17,14.205
2018-04-16,14.34
2018-04-13,14.255
2018-04-12,14.335
2018-04-11,14.475
2018-04-10,14.31
2018-04-09,14.34
2018-04-06,14.29
2018-04-05,14.895
2018-04-04,14.42
2018-04-03,14.615
2018-03-29,14.805
2018-03-28,14.48
2018-03-27,14.525
2018-03-26,14.23
2018-03-23,14.415
2018-03-22,14.67
2018-03-21,14.815
2018-03-20,14.94
2018-03-19,14.85
2018-03-16,14.975
2018-03-15,15.17
2018-03-14,15.115
2018-03-13,15.205
2018-03-12,15.345
2018-03-09,15.31
2018-03-08,14.96
2018-03-07,15.115
2018-03-06,15.075
2018-03-05,15.395
2018-03-02,15.165
2018-03-01,15.4
2018-02-28,17.06
2018-02-27,17.27
2018-02-26,17.38
2018-02-23,17.595
2018-02-22,17.485
2018-02-21,17.575
2018-02-20,17.62
2018-02-19,17.355
2018-02-16,17.585
2018-02-15,17.51
2018-02-14,17.29
2018-02-13,17.275
2018-02-12,17.06
2018-02-09,17.015
2018-02-08,16.92
2018-02-07,16.58
2018-02-06,16.46
2018-02-05,16.76
2018-02-02,16.865
2018-02-01,17.12
2018-01-31,17.155
2018-01-30,17.38
2018-01-29,17.345
2018-01-26,17.37
2018-01-25,17.375
2018-01-24,17.38
2018-01-23,17.5
2018-01-22,17.505
2018-01-19,17.56
2018-01-18,17.65
2018-01-17,17.4
2018-01-16,17.325
2018-01-15,17.455
2018-01-12,17.305
2018-01-11,16.575
2018-01-10,16.76
2018-01-09,16.795
2018-01-08,16.95
2018-01-05,17.03
2018-01-04,16.995
2018-01-03,16.325
2018-01-02,16.19
2017-12-29,16.195
2017-12-28,16.135
2017-12-27,15.955
2017-12-22,16.04
2017-12-21,15.865
2017-12-20,15.635
2017-12-19,15.9
2017-12-18,15.905
2017-12-15,16.045
2017-12-14,15.85
2017-12-13,16.175
2017-12-12,16.35
2017-12-11,16.23
2017-12-08,16.315
2017-12-07,16.57
2017-12-06,16.375
2017-12-05,16.285
2017-12-04,16.175
2017-12-01,16.085
2017-11-30,16.5
2017-11-29,16.685
2017-11-28,16.46
2017-11-27,16.26
2017-11-24,16.195
2017-11-23,16.12
2017-11-22,15.965
2017-11-21,15.935
2017-11-20,15.975
2017-11-17,15.785
2017-11-16,15.79
2017-11-15,15.69
2017-11-14,15.85
2017-11-13,15.5
2017-11-10,15.795
2017-11-09,16.045
2017-11-08,16.04
2017-11-07,15.975
2017-11-06,16.015
2017-11-03,16.075
2017-11-02,15.85
2017-11-01,15.59
2017-10-31,15.6
2017-10-30,15.625
2017-10-27,15.515
2017-10-26,15.45
2017-10-25,15.78
2017-10-24,15.83
2017-10-23,15.585
2017-10-20,15.515
2017-10-19,15.67
2017-10-18,15.65
2017-10-17,15.79
2017-10-16,15.72
2017-10-13,15.76
2017-10-12,15.795
2017-10-11,16.315
2017-10-10,16.515
2017-10-09,16.345
2017-10-06,16.365
2017-10-05,16.37
2017-10-04,16.555
2017-10-03,16.945
2017-10-02,16.68
2017-09-29,16.69
2017-09-28,16.53
2017-09-27,16.395
2017-09-26,16.505
2017-09-25,16.525
2017-09-22,16.525
2017-09-21,16.555
2017-09-20,16.64
2017-09-19,16.565
2017-09-18,16.565
2017-09-15,16.45
2017-09-14,16.595
2017-09-13,16.425
2017-09-12,16.27
2017-09-11,16.64
2017-09-08,16.605
2017-09-07,16.795
2017-09-06,16.71
2017-09-05,16.76
2017-09-04,16.685
2017-09-01,16.89
2017-08-31,16.76
2017-08-30,16.66
2017-08-29,16.46
2017-08-28,16.335
2017-08-25,16.65
2017-08-24,16.75
2017-08-23,16.725
2017-08-22,16.725
2017-08-21,16.455
2017-08-18,16.4
2017-08-17,16.75
2017-08-16,16.9
2017-08-15,16.66
2017-08-14,16.905
2017-08-11,16.895
2017-08-10,16.93
2017-08-09,17.08
2017-08-08,17.05
2017-08-07,16.96
2017-08-04,16.86
2017-08-03,16.88
2017-08-02,16.735
2017-08-01,16.82
2017-07-31,16.625
2017-07-28,16.605
2017-07-27,16.62
2017-07-26,17.37
2017-07-25,17.335
2017-07-24,17.27
2017-07-21,17.58
2017-07-20,17.65
2017-07-19,17.63
2017-07-18,17.72
2017-07-17,17.705
2017-07-14,17.54
2017-07-13,17.65
2017-07-12,17.385
2017-07-11,17.435
2017-07-10,17.46
2017-07-07,17.185
2017-07-06,17.285
2017-07-05,17.215
2017-07-04,17.055
2017-07-03,17.135
2017-06-30,17.09
2017-06-29,17.055
2017-06-28,17.275
2017-06-27,17.32
2017-06-26,17.7
2017-06-23,17.465
2017-06-22,17.575
2017-06-21,17.765
2017-06-20,17.87
2017-06-19,17.885
2017-06-16,17.775
2017-06-15,17.79
2017-06-14,18.065
2017-06-13,17.83
2017-06-12,17.595
2017-06-09,17.725
2017-06-08,17.62
2017-06-07,18.01
2017-06-06,17.725
2017-06-05,17.58
2017-06-02,17.6
2017-06-01,17.56
2017-05-31,17.72
2017-05-30,17.635
2017-05-29,17.325
2017-05-26,17.375
2017-05-25,17.295
2017-05-24,17.425
2017-05-23,17.345
2017-05-22,17.425
2017-05-19,17.445
2017-05-18,17.195
2017-05-17,17.225
2017-05-16,17.43
2017-05-15,17.39
2017-05-12,16.94
2017-05-11,16.81
2017-05-10,16.935
2017-05-09,17.0
2017-05-08,16.97
2017-05-05,17.085
2017-05-04,16.825
2017-05-03,16.53
2017-05-02,16.4
2017-04-28,16.85
2017-04-27,16.865
2017-04-26,16.71
2017-04-25,16.665
2017-04-24,16.52
2017-04-21,16.1
2017-04-20,16.3
2017-04-19,16.485
2017-04-18,16.51
2017-04-13,16.72
2017-04-12,16.76
2017-04-11,16.67
2017-04-10,16.755
2017-04-07,16.85
2017-04-06,16.815
2017-04-05,16.68
2017-04-04,16.475
2017-04-03,16.38
2017-03-31,16.77
2017-03-30,16.48
2017-03-29,16.235
2017-03-28,16.06
2017-03-27,15.97
2017-03-24,15.77
2017-03-23,15.495
2017-03-22,15.48
2017-03-21,15.55
2017-03-20,15.67
2017-03-17,15.46
2017-03-16,15.53
2017-03-15,15.605
2017-03-14,15.645
2017-03-13,15.55
2017-03-10,15.72
2017-03-09,15.735
2017-03-08,15.885
2017-03-07,15.635
2017-03-06,15.505
2017-03-03,15.38
2017-03-02,15.45
2017-03-01,15.475
2017-02-28,15.18
2017-02-27,15.27
2017-02-24,15.105
2017-02-23,15.33
2017-02-22,16.2
2017-02-21,16.4
2017-02-20,16.405
2017-02-17,16.14
2017-02-16,16.07
2017-02-15,16.06
2017-02-14,16.22
2017-02-13,16.16
2017-02-10,16.23
2017-02-09,16.18
2017-02-08,15.845
2017-02-07,15.725
2017-02-06,15.645
2017-02-03,15.82
2017-02-02,15.735
2017-02-01,15.69
2017-01-31,15.655
2017-01-30,15.655
2017-01-27,15.805
2017-01-26,15.66
2017-01-25,15.655
2017-01-24,15.63
2017-01-23,15.67
2017-01-20,15.92
2017-01-19,15.845
2017-01-18,15.84
2017-01-17,15.76
2017-01-16,15.87
2017-01-15,15.87
2017-01-13,15.855
2017-01-12,16.06
2017-01-11,15.925
2017-01-10,15.955
2017-01-09,15.99
2017-01-06,15.81
2017-01-05,15.6
2017-01-04,15.645
2017-01-03,14.875
2017-01-02,14.91
2016-12-31,15.636
2016-12-30,14.74
2016-12-29,14.54
2016-12-28,14.5
2016-12-27,14.555
2016-12-23,14.395
2016-12-22,14.48
2016-12-21,14.46
2016-12-20,14.555
2016-12-19,14.465
2016-12-16,14.76
2016-12-15,14.975
2016-12-14,14.925
2016-12-13,15.33
2016-12-12,15.23
2016-12-09,15.285
2016-12-08,15.135
2016-12-07,14.83
2016-12-06,14.565
2016-12-05,14.67
2016-12-02,14.355
2016-12-01,14.51
2016-11-30,14.91
2016-11-29,14.905
2016-11-28,14.82
2016-11-25,14.855
2016-11-24,14.705
2016-11-23,14.7
2016-11-22,14.76
2016-11-21,14.83
2016-11-18,14.885
2016-11-17,14.855
2016-11-16,14.87
2016-11-15,14.795
2016-11-14,14.55
2016-11-11,14.88
2016-11-10,15.075
2016-11-09,15.595
2016-11-08,15.76
2016-11-07,15.8
2016-11-04,15.57
2016-11-03,15.725
2016-11-02,15.71
2016-11-01,15.73
2016-10-31,15.67
2016-10-28,15.735
2016-10-27,15.765
2016-10-26,15.685
2016-10-25,15.94
2016-10-24,16.12
2016-10-21,16.25
2016-10-20,16.335
2016-10-19,16.35
2016-10-18,16.26
2016-10-17,15.96
2016-10-14,16.22
2016-10-13,15.945
2016-10-12,15.81
2016-10-11,15.955
2016-10-10,16.02
2016-10-07,15.72
2016-10-06,15.695
2016-10-05,15.71
2016-10-04,16.005
2016-10-03,15.78
2016-09-30,15.435
2016-09-29,15.365
2016-09-28,15.34
2016-09-27,15.34
2016-09-26,15.33
2016-09-23,15.475
2016-09-22,15.47
2016-09-21,15.03
2016-09-20,15.005
2016-09-19,14.96
2016-09-16,14.5
2016-09-15,14.425
2016-09-14,14.25
2016-09-13,14.155
2016-09-12,14.195
2016-09-09,14.315
2016-09-08,14.675
2016-09-07,14.79
2016-09-06,14.665
2016-09-05,14.725
2016-09-02,14.63
2016-09-01,14.35
2016-08-31,14.465
2016-08-30,14.74
2016-08-29,14.62
2016-08-26,14.54
2016-08-25,14.56
2016-08-24,14.63
2016-08-23,14.77
2016-08-22,14.78
2016-08-19,14.665
2016-08-18,14.66
2016-08-17,14.65
2016-08-16,14.98
2016-08-15,15.11
2016-08-12,15.24
2016-08-11,15.28
2016-08-10,15.22
2016-08-09,15.02
2016-08-08,14.835
2016-08-05,14.915
2016-08-04,14.84
2016-08-03,14.93
2016-08-02,15.07
2016-08-01,15.07
2016-07-29,14.93
2016-07-28,15.04
2016-07-27,14.44
2016-07-26,14.52
2016-07-25,14.23
2016-07-22,14.11
2016-07-21,13.98
2016-07-20,14.07
2016-07-19,14.23
2016-07-18,14.06
2016-07-15,13.98
2016-07-14,14.23
2016-07-13,14.27
2016-07-12,14.18
2016-07-11,14.3
2016-07-08,14.23
2016-07-07,14.17
2016-07-06,14.03
2016-07-05,14.25
2016-07-04,14.32
2016-07-01,14.35
2016-06-30,14.11
2016-06-29,13.73
2016-06-28,13.6
2016-06-27,13.47
2016-06-24,13.44
2016-06-23,14.19
2016-06-22,14.08
2016-06-21,14.16
2016-06-20,13.99
2016-06-17,13.5
2016-06-16,13.29
2016-06-15,13.4
2016-06-14,13.36
2016-06-13,13.66
2016-06-10,13.86
2016-06-09,14.31
2016-06-08,14.48
2016-06-07,14.63
2016-06-06,14.4
2016-06-03,14.26
2016-06-02,14.54
2016-06-01,14.4
2016-05-31,14.57
2016-05-30,14.51
2016-05-27,14.32
2016-05-26,14.51
2016-05-25,14.35
2016-05-24,14.3
2016-05-23,14.03
2016-05-20,14.09
2016-05-19,13.73
2016-05-18,13.8
2016-05-17,13.58
2016-05-16,13.7
2016-05-13,13.65
2016-05-12,13.76
2016-05-11,13.73
2016-05-10,13.86
2016-05-09,14.04
2016-05-06,14.13
2016-05-05,14.21
2016-05-04,14.24
2016-05-03,14.27
2016-05-02,14.45
2016-04-29,14.3
2016-04-28,14.16
2016-04-27,14.3
2016-04-26,14.16
2016-04-25,14.25
2016-04-22,14.48
2016-04-21,14.74
2016-04-20,14.94
2016-04-19,14.83
2016-04-18,14.69
2016-04-15,14.76
2016-04-14,14.53
2016-04-13,14.52
2016-04-12,14.46
2016-04-11,14.52
2016-04-08,14.56
2016-04-07,14.44
2016-04-06,14.59
2016-04-05,14.4
2016-04-04,14.44
2016-04-01,14.5
2016-03-31,14.4
2016-03-30,14.51
2016-03-29,14.16
2016-03-24,14.03
2016-03-23,14.16
2016-03-22,14.14
2016-03-21,14.08
2016-03-18,13.88
2016-03-17,13.94
2016-03-16,14.01
2016-03-15,13.6
2016-03-14,13.83
2016-03-11,13.74
2016-03-10,13.53
2016-03-09,13.69
2016-03-08,13.63
2016-03-07,13.81
2016-03-04,14.07
2016-03-03,13.84
2016-03-02,13.34
2016-03-01,13.32
2016-02-29,13.02
2016-02-26,12.97
2016-02-25,12.93
2016-02-24,12.65
2016-02-23,12.9
2016-02-22,13.07
2016-02-19,12.88
2016-02-18,13.01
2016-02-17,12.81
2016-02-16,12.43
2016-02-15,12.52
2016-02-12,12.11
2016-02-11,12.19
2016-02-10,12.6
2016-02-09,12.32
2016-02-08,12.26
2016-02-05,12.72
2016-02-04,12.75
2016-02-03,12.8
2016-02-02,12.85
2016-02-01,12.95
2016-01-29,12.47
2016-01-28,12.34
2016-01-27,12.26
2016-01-26,12.53
2016-01-25,11.44
2016-01-22,11.39
2016-01-21,11.0
2016-01-20,10.93
2016-01-19,11.1
2016-01-18,10.95
2016-01-15,11.12
2016-01-14,11.82
2016-01-13,12.42
2016-01-12,12.56
2016-01-11,12.085
2016-01-08,12.08
2016-01-07,11.735
2016-01-06,11.715
2016-01-05,11.845
2016-01-04,11.635
2016-01-01,11.995
2015-12-31,11.995
2015-12-30,12.09
2015-12-29,12.115
2015-12-28,11.86
2015-12-25,11.965
2015-12-24,11.965
2015-12-23,11.985
2015-12-22,11.8
2015-12-21,11.655
2015-12-18,11.655
2015-12-17,12.21
2015-12-16,12.12
2015-12-15,11.795
2015-12-14,11.495
2015-12-11,11.79
2015-12-10,12.155
2015-12-09,12.285
2015-12-08,12.545
2015-12-07,12.765
2015-12-04,12.69
2015-12-03,12.865
2015-12-02,13.095
2015-12-01,12.905
2015-11-30,13.135
2015-11-27,12.89
2015-11-26,12.895
2015-11-25,12.8
2015-11-24,12.83
2015-11-23,12.995
2015-11-20,12.995
2015-11-19,12.94
2015-11-18,13.305
2015-11-17,13.33
2015-11-16,12.935
2015-11-13,12.65
2015-11-12,12.805
2015-11-11,12.82
2015-11-10,12.84
2015-11-09,12.96
2015-11-06,13.275
2015-11-05,13.145
2015-11-04,12.825
2015-11-03,12.835
2015-11-02,12.54
2015-10-30,12.785
2015-10-29,12.76
2015-10-28,12.53
2015-10-27,12.505
2015-10-26,12.835
2015-10-23,12.85
2015-10-22,12.84
2015-10-21,12.69
2015-10-20,12.86
2015-10-19,12.725
2015-10-16,12.58
2015-10-15,12.35
2015-10-14,12.265
2015-10-13,12.025
2015-10-12,12.24
2015-10-09,12.5
2015-10-08,12.685
2015-10-07,12.61
2015-10-06,12.71
2015-10-05,12.6
2015-10-02,12.125
2015-10-01,11.92
2015-09-30,12.045
2015-09-29,11.24
2015-09-28,11.555
2015-09-25,11.99
2015-09-24,11.585
2015-09-23,11.97
2015-09-22,11.89
2015-09-21,12.295
2015-09-18,12.08
2015-09-17,12.075
2015-09-16,12.285
2015-09-15,12.29
2015-09-14,12.265
2015-09-11,12.335
2015-09-10,12.215
2015-09-09,12.265
2015-09-08,12.05
2015-09-07,11.88
2015-09-04,11.9
2015-09-03,12.12
2015-09-02,12.07
2015-09-01,11.94
2015-08-31,12.35
2015-08-28,12.52
2015-08-27,12.745
2015-08-26,12.405
2015-08-25,12.425
2015-08-24,11.725
2015-08-21,12.41
2015-08-20,12.95
2015-08-19,13.015
2015-08-18,13.62
2015-08-17,13.805
2015-08-14,13.6
2015-08-13,13.185
2015-08-12,12.86
2015-08-11,13.085
2015-08-10,13.53
2015-08-07,13.37
2015-08-06,13.275
2015-08-05,13.675
2015-08-04,13.6
2015-08-03,13.52
2015-07-31,13.53
2015-07-30,13.12
2015-07-29,12.41
2015-07-28,12.365
2015-07-27,12.345
2015-07-24,12.46
2015-07-23,12.5
2015-07-22,12.025
2015-07-21,11.895
2015-07-20,11.93
2015-07-17,11.9
2015-07-16,11.89
2015-07-15,11.72
2015-07-14,11.65
2015-07-13,11.9
2015-07-10,11.57
2015-07-09,11.35
2015-07-08,10.775
2015-07-07,10.905
2015-07-06,11.15
2015-07-03,11.29
2015-07-02,11.505
2015-07-01,11.605
2015-06-30,11.5
2015-06-29,11.55
2015-06-26,12.305
2015-06-25,12.065
2015-06-24,12.11
2015-06-23,12.32
2015-06-22,12.005
2015-06-19,11.97
2015-06-18,12.06
2015-06-17,11.895
2015-06-16,12.16
2015-06-15,12.295
2015-06-12,12.35
2015-06-11,12.34
2015-06-10,12.25
2015-06-09,11.905
2015-06-08,12.06
2015-06-05,12.315
2015-06-04,12.41
2015-06-03,12.495
2015-06-02,12.48
2015-06-01,12.57
2015-05-29,12.515
2015-05-28,12.71
2015-05-27,12.385
2015-05-26,12.5
2015-05-25,12.89
2015-05-22,13.105
2015-05-21,13.09
2015-05-20,12.985
2015-05-19,13.075
2015-05-18,13.04
2015-05-15,13.01
2015-05-14,13.035
2015-05-13,12.865
2015-05-12,12.97
2015-05-11,13.25
2015-05-08,12.95
2015-05-07,12.84
2015-05-06,13.075
2015-05-05,13.1
2015-05-04,13.36
2015-05-01,13.025
2015-04-30,13.025
2015-04-29,12.17
2015-04-28,12.15
2015-04-27,12.42
2015-04-24,12.045
2015-04-23,11.675
2015-04-22,11.695
2015-04-21,11.865
2015-04-20,11.72
2015-04-17,11.8
2015-04-16,11.935
2015-04-15,12.31
2015-04-14,12.125
2015-04-13,12.22
2015-04-10,12.625
2015-04-09,12.335
2015-04-08,12.185
2015-04-07,11.925
2015-04-06,12.08
2015-04-03,12.08
2015-04-02,12.08
2015-04-01,12.0
2015-03-31,11.7
2015-03-30,11.695
2015-03-27,11.745
2015-03-26,11.52
2015-03-25,11.51
2015-03-24,11.715
2015-03-23,11.89
2015-03-20,12.045
2015-03-19,11.77
2015-03-18,11.895
2015-03-17,11.5
2015-03-16,11.6
2015-03-13,11.15
2015-03-12,10.975
2015-03-11,10.995
2015-03-10,10.8
2015-03-09,10.955
2015-03-06,10.855
2015-03-05,10.71
2015-03-04,10.435
2015-03-03,10.63
2015-03-02,10.49
2015-02-27,10.565
2015-02-26,10.49
2015-02-25,10.22
2015-02-24,10.195
2015-02-23,10.095
2015-02-20,10.07
2015-02-19,10.07
2015-02-18,10.02
2015-02-17,9.85
2015-02-16,9.811
2015-02-13,9.807
2015-02-12,9.815
2015-02-11,9.702
2015-02-10,9.772
2015-02-09,9.959
2015-02-06,10.22
2015-02-05,10.215
2015-02-04,10.065
2015-02-03,10.22
2015-02-02,10.105
2015-01-30,9.558
2015-01-29,9.891
2015-01-28,9.618
2015-01-27,9.817
2015-01-26,10.0
2015-01-23,9.996
2015-01-22,10.045
2015-01-21,9.809
2015-01-20,9.43
2015-01-19,9.435
2015-01-16,9.13
2015-01-15,8.936
2015-01-14,9.448
2015-01-13,8.638
2015-01-12,8.153
2015-01-09,7.986
2015-01-08,8.147
2015-01-07,7.7
2015-01-06,7.73
2015-01-05,7.875
2015-01-02,8.24
2015-01-01,8.335
2014-12-31,8.335
2014-12-30,8.296
2014-12-29,8.306
2014-12-26,8.286
2014-12-25,8.286
2014-12-24,8.286
2014-12-23,8.482
2014-12-22,8.22
2014-12-19,8.224
2014-12-18,8.201
2014-12-17,7.79
2014-12-16,7.55
2014-12-15,7.562
2014-12-12,7.764
2014-12-11,7.913
2014-12-10,7.91
2014-12-09,8.067
2014-12-08,8.379
2014-12-05,8.5
2014-12-04,8.248
2014-12-03,8.47
2014-12-02,8.495
2014-12-01,8.129
2014-11-28,8.17
2014-11-27,8.365
2014-11-26,8.358
2014-11-25,8.314
2014-11-24,8.642
2014-11-21,8.59
2014-11-20,8.53
2014-11-19,8.594
2014-11-18,8.51
2014-11-17,8.53
2014-11-14,8.561
2014-11-13,8.549
2014-11-12,8.003
2014-11-11,8.307
2014-11-10,8.223
2014-11-07,7.797
2014-11-06,7.784
2014-11-05,7.5
2014-11-04,7.098
2014-11-03,7.11
2014-10-31,6.979
2014-10-30,7.255
2014-10-29,7.97
2014-10-28,8.071
2014-10-27,8.083
2014-10-24,8.1
2014-10-23,8.23
2014-10-22,8.418
2014-10-21,8.397
2014-10-20,8.245
2014-10-17,8.38
2014-10-16,8.005
2014-10-15,8.02
2014-10-14,8.027
2014-10-13,7.995
2014-10-10,7.88
2014-10-09,8.087
2014-10-08,8.178
2014-10-07,8.335
2014-10-06,8.14
2014-10-03,8.17
2014-10-02,8.364
2014-10-01,8.417
2014-09-30,8.718
2014-09-29,8.799
2014-09-26,8.78
2014-09-25,8.799
2014-09-24,9.135
2014-09-23,9.155
2014-09-22,9.31
2014-09-19,9.33
2014-09-18,9.306
2014-09-17,9.393
2014-09-16,9.346
2014-09-15,9.543
2014-09-12,9.625
2014-09-11,9.687
2014-09-10,9.896
2014-09-09,10.06
2014-09-08,10.15
2014-09-05,10.215
2014-09-04,10.5
2014-09-03,10.4
2014-09-02,9.994
2014-09-01,10.205
2014-08-29,10.31
2014-08-28,10.265
2014-08-27,10.51
2014-08-26,10.485
2014-08-25,10.52
2014-08-22,10.445
2014-08-21,10.53
2014-08-20,10.5
2014-08-19,10.495
2014-08-18,10.46
2014-08-15,10.145
2014-08-14,10.145
2014-08-13,10.09
2014-08-12,10.05
2014-08-11,10.005
2014-08-08,10.06
2014-08-07,10.135
2014-08-06,10.295
2014-08-05,10.3
2014-08-04,10.215
2014-08-01,9.978
2014-07-31,9.77
2014-07-30,10.1
2014-07-29,11.68
2014-07-28,11.7
2014-07-25,11.63
2014-07-24,11.675
2014-07-23,11.6
2014-07-22,11.545
2014-07-21,11.555
2014-07-18,11.545
2014-07-17,11.63
2014-07-16,11.59
2014-07-15,11.38
2014-07-14,11.295
2014-07-11,11.18
2014-07-10,11.255
2014-07-09,11.405
2014-07-08,11.475
2014-07-07,11.63
2014-07-04,11.78
2014-07-03,12.05
2014-07-02,11.9
2014-07-01,11.9
2014-06-30,12.015
2014-06-27,11.85
2014-06-26,11.92
2014-06-25,11.99
2014-06-24,12.195
2014-06-23,12.205
2014-06-20,12.45
2014-06-19,12.425
2014-06-18,12.44
2014-06-17,12.48
2014-06-16,12.52
2014-06-13,12.62
2014-06-12,12.51
2014-06-11,12.58
2014-06-10,12.665
2014-06-09,12.52
2014-06-06,12.38
2014-06-05,12.49
2014-06-04,12.43
2014-06-03,12.4
2014-06-02,12.45
2014-05-30,12.535
2014-05-29,12.55
2014-05-28,12.52
2014-05-27,12.59
2014-05-26,12.49
2014-05-23,12.605
2014-05-22,12.495
2014-05-21,12.585
2014-05-20,12.875
2014-05-19,12.9
2014-05-16,12.7
2014-05-15,12.49
2014-05-14,12.47
2014-05-13,12.545
2014-05-12,12.35
2014-05-09,12.385
2014-05-08,12.25
2014-05-07,12.2
2014-05-06,12.18
2014-05-05,12.235
2014-05-02,12.605
2014-05-01,12.605
2014-04-30,12.605
2014-04-29,12.995
2014-04-28,12.975
2014-04-25,12.765
2014-04-24,12.99
2014-04-23,12.765
2014-04-22,13.145
2014-04-21,12.94
2014-04-18,12.94
2014-04-17,12.94
2014-04-16,12.75
2014-04-15,12.73
2014-04-14,12.76
2014-04-11,12.23
2014-04-10,12.315
2014-04-09,12.18
2014-04-08,12.125
2014-04-07,12.055
2014-04-04,12.03
2014-04-03,12.315
2014-04-02,12.335
2014-04-01,12.22
2014-03-31,12.18
2014-03-28,12.4
2014-03-27,12.305
2014-03-26,12.32
2014-03-25,12.265
2014-03-24,12.31
2014-03-21,12.185
2014-03-20,11.98
2014-03-19,11.935
2014-03-18,11.8
2014-03-17,11.705
2014-03-14,11.625
2014-03-13,11.45
2014-03-12,11.695
2014-03-11,11.88
2014-03-10,11.99
2014-03-07,12.08
2014-03-06,12.11
2014-03-05,12.165
2014-03-04,12.05
2014-03-03,11.87
2014-02-28,12.315
2014-02-27,12.37
2014-02-26,12.17
2014-02-25,13.01
2014-02-24,12.9
2014-02-21,13.03
2014-02-20,13.01
2014-02-19,12.975
2014-02-18,12.82
2014-02-17,13.08
2014-02-14,13.035
2014-02-13,13.355
2014-02-12,13.33
2014-02-11,13.315
2014-02-10,13.26
2014-02-07,13.25
2014-02-06,13.14
2014-02-05,12.805
2014-02-04,12.735
2014-02-03,12.815
2014-01-31,12.705
2014-01-30,12.725
2014-01-29,13.055
2014-01-28,13.05
2014-01-27,12.81
2014-01-24,12.99
2014-01-23,12.83
2014-01-22,13.01
2014-01-21,13.325
2014-01-20,13.335
2014-01-17,13.23
2014-01-16,13.445
2014-01-15,13.17
2014-01-14,13.615
2014-01-13,14.0
2014-01-10,14.0
2014-01-09,14.15
2014-01-08,14.205
2014-01-07,14.2
2014-01-06,14.15
2014-01-03,14.25
2014-01-02,14.06
2014-01-01,14.215
2013-12-31,14.215
2013-12-30,14.2
2013-12-27,14.22
2013-12-26,14.15
2013-12-25,14.15
2013-12-24,14.15
2013-12-23,14.19
2013-12-20,14.125
2013-12-19,14.055
2013-12-18,14.06
2013-12-17,14.3
2013-12-16,14.205
2013-12-13,14.1
2013-12-12,14.065
2013-12-11,14.3
2013-12-10,14.5
2013-12-09,14.525
2013-12-06,14.25
2013-12-05,14.365
2013-12-04,14.455
2013-12-03,14.755
2013-12-02,14.945
2013-11-29,15.2
2013-11-28,15.18
2013-11-27,14.94
2013-11-26,14.78
2013-11-25,14.9
2013-11-22,14.78
2013-11-21,14.865
2013-11-20,14.945
2013-11-19,14.995
2013-11-18,14.85
2013-11-15,14.705
2013-11-14,14.825
2013-11-13,14.635
2013-11-12,14.79
2013-11-11,14.72
2013-11-08,14.6
2013-11-07,14.86
2013-11-06,14.85
2013-11-05,14.4
2013-11-04,14.03
2013-11-01,13.62
2013-10-31,13.61
2013-10-30,14.3
2013-10-29,14.45
2013-10-28,14.465
2013-10-25,14.33
2013-10-24,14.51
2013-10-23,14.825
2013-10-22,14.85
2013-10-21,14.825
2013-10-18,14.6
2013-10-17,14.35
2013-10-16,14.53
2013-10-15,14.32
2013-10-14,14.29
2013-10-11,14.125
2013-10-10,14.095
2013-10-09,13.865
2013-10-08,14.0
2013-10-07,14.04
2013-10-04,14.36
2013-10-03,14.44
2013-10-02,14.305
2013-10-01,14.58
2013-09-30,15.18
2013-09-27,15.385
2013-09-26,15.49
2013-09-25,15.68
2013-09-24,15.15
2013-09-23,15.115
2013-09-20,15.225
2013-09-19,15.215
2013-09-18,15.245
2013-09-17,15.11
2013-09-16,15.65
2013-09-13,15.895
2013-09-12,15.72
2013-09-11,15.385
2013-09-10,15.335
2013-09-09,15.045
2013-09-06,15.27
2013-09-05,15.15
2013-09-04,14.785
2013-09-03,14.965
2013-09-02,14.94
2013-08-30,14.69
2013-08-29,14.75
2013-08-28,14.8
2013-08-27,15.2
2013-08-26,15.42
2013-08-23,15.47
2013-08-22,15.5
2013-08-21,15.115
2013-08-20,15.2
2013-08-19,15.39
2013-08-16,15.415
2013-08-15,15.6
2013-08-14,15.56
2013-08-13,15.305
2013-08-12,15.215
2013-08-09,15.385
2013-08-08,14.74
2013-08-07,14.25
2013-08-06,14.3
2013-08-05,14.55
2013-08-02,14.77
2013-08-01,14.555
2013-07-31,14.85
2013-07-30,15.68
2013-07-29,15.905
2013-07-26,15.985
2013-07-25,16.1
2013-07-24,16.235
2013-07-23,15.83
2013-07-22,15.835
2013-07-19,15.885
2013-07-18,16.065
2013-07-17,15.66
2013-07-16,15.835
2013-07-15,15.95
2013-07-12,15.65
2013-07-11,15.735
2013-07-10,15.81
2013-07-09,16.015
2013-07-08,16.01
2013-07-05,15.97
2013-07-04,16.06
2013-07-03,15.725
2013-07-02,16.085
2013-07-01,16.255
2013-06-28,16.19
2013-06-27,15.77
2013-06-26,15.605
2013-06-25,15.5
2013-06-24,15.17
2013-06-21,15.615
2013-06-20,16.1
2013-06-19,16.965
2013-06-18,16.95
2013-06-17,16.69
2013-06-14,16.41
2013-06-13,16.0
2013-06-12,16.01
2013-06-11,15.97
2013-06-10,16.315
2013-06-07,16.295
2013-06-06,16.1
2013-06-05,16.15
2013-06-04,16.335
2013-06-03,16.345
2013-05-31,16.415
2013-05-30,16.49
2013-05-29,16.67
2013-05-28,16.9
2013-05-27,16.99
2013-05-24,16.89
2013-05-23,16.775
2013-05-22,17.03
2013-05-21,17.09
2013-05-20,17.12
2013-05-17,17.0
2013-05-16,16.795
2013-05-15,16.85
2013-05-14,16.8
2013-05-13,17.87
2013-05-10,17.98
2013-05-09,18.04
2013-05-08,18.05
2013-05-07,18.0
2013-05-06,18.0
2013-05-03,17.85
2013-05-02,17.965
2013-05-01,18.085
2013-04-30,18.085
2013-04-29,18.055
2013-04-26,18.035
2013-04-25,18.47
2013-04-24,18.1
2013-04-23,16.95
2013-04-22,16.3
2013-04-19,16.02
2013-04-18,15.69
2013-04-17,15.665
2013-04-16,15.995
2013-04-15,16.34
2013-04-12,16.355
2013-04-11,16.19
2013-04-10,16.53
2013-04-09,16.03
2013-04-08,15.675
2013-04-05,15.815
2013-04-04,15.535
2013-04-03,15.45
2013-04-02,15.64
2013-04-01,15.195
2013-03-29,15.195
2013-03-28,15.195
2013-03-27,15.165
2013-03-26,15.015
2013-03-25,15.63
2013-03-22,15.565
2013-03-21,15.475
2013-03-20,15.75
2013-03-19,15.725
2013-03-18,15.735
2013-03-15,15.65
2013-03-14,15.785
2013-03-13,15.495
2013-03-12,15.45
2013-03-11,15.33
2013-03-08,15.05
2013-03-07,15.08
2013-03-06,15.225
2013-03-05,15.59
2013-03-04,15.45
2013-03-01,15.35
2013-02-28,15.265
2013-02-27,15.12
2013-02-26,16.105
2013-02-25,16.62
2013-02-22,16.43
2013-02-21,16.22
2013-02-20,16.36
2013-02-19,16.17
2013-02-18,15.64
2013-02-15,15.75
2013-02-14,15.695
2013-02-13,15.73
2013-02-12,15.655
2013-02-11,15.6
2013-02-08,15.48
2013-02-07,15.2
2013-02-06,15.44
2013-02-05,15.7
2013-02-04,16.05
2013-02-01,15.725
2013-01-31,15.655
2013-01-30,15.96
2013-01-29,15.925
2013-01-28,16.01
2013-01-25,15.905
2013-01-24,15.865
2013-01-23,16.0
2013-01-22,15.71
2013-01-21,16.08
2013-01-18,15.74
2013-01-17,15.49
2013-01-16,15.32
2013-01-15,15.495
2013-01-14,15.295
2013-01-11,15.57
2013-01-10,14.68
2013-01-09,14.565
2013-01-08,14.6
2013-01-07,14.71
2013-01-04,14.98
2013-01-03,15.16
2013-01-02,14.905
2013-01-01,14.6
2012-12-31,14.6
2012-12-28,14.615
2012-12-27,14.715
2012-12-26,14.61
2012-12-25,14.61
2012-12-24,14.61
2012-12-21,14.58
2012-12-20,14.855
2012-12-19,14.9
2012-12-18,14.845
2012-12-17,14.895
2012-12-14,15.0
2012-12-13,15.1
2012-12-12,15.215
2012-12-11,15.085
2012-12-10,14.435
2012-12-07,14.52
2012-12-06,14.5
2012-12-05,14.35
2012-12-04,14.445
2012-12-03,14.235
2012-11-30,14.345
2012-11-29,14.38
2012-11-28,14.5
2012-11-27,14.75
2012-11-26,14.435
2012-11-23,14.5
2012-11-22,14.5
2012-11-21,14.18
2012-11-20,14.075
2012-11-19,13.86
2012-11-16,13.6
2012-11-15,13.65
2012-11-14,13.755
2012-11-13,13.885
2012-11-12,13.72
2012-11-09,13.805
2012-11-08,13.825
2012-11-07,13.95
2012-11-06,13.85
2012-11-05,13.79
2012-11-02,13.745
2012-11-01,13.7
2012-10-31,13.5
2012-10-30,13.56
2012-10-29,13.41
2012-10-26,13.635
2012-10-25,13.69
2012-10-24,13.71
2012-10-23,13.75
2012-10-22,14.0
2012-10-19,13.74
2012-10-18,14.015
2012-10-17,13.915
2012-10-16,14.08
2012-10-15,14.02
2012-10-12,14.05
2012-10-11,14.075
2012-10-10,13.8
2012-10-09,13.68
2012-10-08,13.59
2012-10-05,13.65
2012-10-04,13.715
2012-10-03,13.55
2012-10-02,13.1
2012-10-01,13.0
2012-09-28,12.985
2012-09-27,13.05
2012-09-26,12.95
2012-09-25,12.845
2012-09-24,13.16
2012-09-21,13.36
2012-09-20,13.105
2012-09-19,12.86
2012-09-18,12.57
2012-09-17,12.85
2012-09-14,13.21
2012-09-13,13.2
2012-09-12,13.27
2012-09-11,13.31
2012-09-10,13.515
2012-09-07,13.635
2012-09-06,13.56
2012-09-05,13.485
2012-09-04,13.33
2012-09-03,13.375
2012-08-31,13.28
2012-08-30,13.395
2012-08-29,13.25
2012-08-28,13.055
2012-08-27,12.815
2012-08-24,12.71
2012-08-23,12.7
2012-08-22,12.81
2012-08-21,13.05
2012-08-20,13.1
2012-08-17,13.1
2012-08-16,13.23
2012-08-15,13.45
2012-08-14,13.59
2012-08-13,13.6
2012-08-10,13.6
2012-08-09,13.66
2012-08-08,13.3
2012-08-07,13.0
2012-08-06,12.59
2012-08-03,12.62
2012-08-02,12.5
2012-08-01,12.5
2012-07-31,12.75
2012-07-30,12.76
2012-07-27,12.63
2012-07-26,11.87
2012-07-25,11.91
2012-07-24,12.455
2012-07-23,12.75
2012-07-20,13.165
2012-07-19,13.55
2012-07-18,13.45
2012-07-17,13.47
2012-07-16,13.24
2012-07-13,13.19
2012-07-12,13.295
2012-07-11,13.285
2012-07-10,13.545
2012-07-09,13.175
2012-07-06,13.22
2012-07-05,13.53
2012-07-04,13.97
2012-07-03,13.9
2012-07-02,13.565
2012-06-29,13.325
2012-06-28,13.38
2012-06-27,13.78
2012-06-26,13.595
2012-06-25,14.0
2012-06-22,14.06
2012-06-21,14.12
2012-06-20,14.115
2012-06-19,14.05
2012-06-18,14.15
2012-06-15,14.2
2012-06-14,13.915
2012-06-13,13.75
2012-06-12,13.95
2012-06-11,14.015
2012-06-08,13.935
2012-06-07,14.05
2012-06-06,14.1
2012-06-05,14.04
2012-06-04,13.935
2012-06-01,14.04
2012-05-31,14.365
2012-05-30,14.01
2012-05-29,14.035
2012-05-28,13.885
2012-05-25,13.93
2012-05-24,13.6
2012-05-23,13.535
2012-05-22,13.455
2012-05-21,13.45
2012-05-18,13.445
2012-05-17,13.465
2012-05-16,13.65
2012-05-15,13.85
2012-05-14,13.95
2012-05-11,14.01
2012-05-10,13.97
2012-05-09,14.1
2012-05-08,14.19
2012-05-07,14.13
2012-05-04,14.065
2012-05-03,14.105
2012-05-02,13.935
2012-05-01,14.15
2012-04-30,14.15
2012-04-27,13.6
2012-04-26,14.06
2012-04-25,14.815
2012-04-24,15.09
2012-04-23,15.115
2012-04-20,15.235
2012-04-19,15.49
2012-04-18,15.49
2012-04-17,15.57
2012-04-16,15.51
2012-04-13,15.425
2012-04-12,15.39
2012-04-11,15.12
2012-04-10,15.15
2012-04-09,15.3
2012-04-06,15.3
2012-04-05,15.3
2012-04-04,15.185
2012-04-03,15.4
2012-04-02,15.42
2012-03-30,15.275
2012-03-29,14.815
2012-03-28,14.865
2012-03-27,14.7
2012-03-26,14.9
2012-03-23,14.67
2012-03-22,14.535
2012-03-21,14.49
2012-03-20,14.415
2012-03-19,14.31
2012-03-16,14.355
2012-03-15,14.19
2012-03-14,14.16
2012-03-13,14.39
2012-03-12,14.36
2012-03-09,14.21
2012-03-08,13.745
2012-03-07,13.85
2012-03-06,13.61
2012-03-05,14.06
2012-03-02,13.7
2012-03-01,13.915
2012-02-29,13.86
2012-02-28,13.95
2012-02-27,13.57
2012-02-24,13.21
2012-02-23,13.025
2012-02-22,13.07
2012-02-21,12.9
2012-02-20,12.97
2012-02-17,12.88
2012-02-16,12.955
2012-02-15,13.225
2012-02-14,13.1
2012-02-13,13.24
2012-02-10,13.125
2012-02-09,12.92
2012-02-08,12.97
2012-02-07,12.855
2012-02-06,12.84
2012-02-03,13.11
2012-02-02,12.99
2012-02-01,12.755
2012-01-31,12.765
2012-01-30,12.61
2012-01-27,12.83
2012-01-26,12.825
2012-01-25,12.86
2012-01-24,12.795
2012-01-23,12.865
2012-01-20,12.975
2012-01-19,12.65
2012-01-18,12.42
2012-01-17,12.575
2012-01-16,12.62
2012-01-13,12.705
2012-01-12,12.655
2012-01-11,12.885
2012-01-10,13.02
2012-01-09,13.175
2012-01-06,13.06
2012-01-05,13.045
2012-01-04,13.0
2012-01-03,13.125
2012-01-02,13.025
2011-12-30,12.79
2011-12-29,12.815
2011-12-28,12.82
2011-12-27,12.635
2011-12-26,12.77
2011-12-23,12.77
2011-12-22,12.51
2011-12-21,12.655
2011-12-20,12.85
2011-12-19,12.815
2011-12-16,12.615
2011-12-15,12.5
2011-12-14,12.38
2011-12-13,12.505
2011-12-12,12.9
2011-12-09,13.105
2011-12-08,13.0
2011-12-07,13.15
2011-12-06,13.275
2011-12-05,13.4
2011-12-02,13.32
2011-12-01,13.485
2011-11-30,13.535
2011-11-29,13.25
2011-11-28,12.91
2011-11-25,12.29
2011-11-24,12.39
2011-11-23,12.44
2011-11-22,12.44
2011-11-21,12.59
2011-11-18,12.94
2011-11-17,12.815
2011-11-16,12.795
2011-11-15,12.86
2011-11-14,12.6
2011-11-11,12.805
2011-11-10,12.88
2011-11-09,12.74
2011-11-08,12.995
2011-11-07,13.035
2011-11-04,12.975
2011-11-03,12.78
2011-11-02,12.11
2011-11-01,12.1
2011-10-31,12.5
2011-10-28,12.655
2011-10-27,12.66
2011-10-26,12.345
2011-10-25,12.18
2011-10-24,12.8
2011-10-21,12.975
2011-10-20,12.57
2011-10-19,12.82
2011-10-18,12.86
2011-10-17,12.815
2011-10-14,12.82
2011-10-13,12.565
2011-10-12,12.88
2011-10-11,12.165
2011-10-10,12.35
2011-10-07,12.0
2011-10-06,11.39
2011-10-05,11.4
2011-10-04,10.79
2011-10-03,11.27
2011-09-30,11.75
2011-09-29,12.14
2011-09-28,11.9
2011-09-27,11.82
2011-09-26,11.41
2011-09-23,11.56
2011-09-22,11.99
2011-09-21,12.735
2011-09-20,12.64
2011-09-19,12.145
2011-09-16,12.415
2011-09-15,12.51
2011-09-14,11.93
2011-09-13,11.94
2011-09-12,12.045
2011-09-09,12.7
2011-09-08,12.905
2011-09-07,12.45
2011-09-06,12.495
2011-09-05,12.7
2011-09-02,12.82
2011-09-01,13.0
2011-08-31,13.0
2011-08-30,12.97
2011-08-29,12.925
2011-08-26,12.65
2011-08-25,12.85
2011-08-24,13.03
2011-08-23,13.08
2011-08-22,13.105
2011-08-19,12.9
2011-08-18,13.12
2011-08-17,13.46
2011-08-16,13.33
2011-08-15,13.66
2011-08-12,13.525
2011-08-11,12.955
2011-08-10,12.16
2011-08-09,12.24
2011-08-08,11.865
2011-08-05,12.55
2011-08-04,12.72
2011-08-03,13.11
2011-08-02,13.46
2011-08-01,13.77
2011-07-29,13.635
2011-07-28,13.98
2011-07-27,13.535
2011-07-26,14.335
2011-07-25,14.295
2011-07-22,14.0
2011-07-21,13.9
2011-07-20,13.645
2011-07-19,13.705
2011-07-18,13.305
2011-07-15,13.65
2011-07-14,13.835
2011-07-13,14.09
2011-07-12,13.69
2011-07-11,13.295
2011-07-08,14.1
2011-07-07,13.93
2011-07-06,13.39
2011-07-05,13.64
2011-07-04,13.48
2011-07-01,13.29
2011-06-30,13.24
2011-06-29,12.86
2011-06-28,12.505
2011-06-27,12.62
2011-06-24,12.71
2011-06-23,12.61
2011-06-22,12.6
2011-06-21,12.9
2011-06-20,12.7
2011-06-17,12.965
2011-06-16,12.58
2011-06-15,12.81
2011-06-14,12.855
2011-06-13,12.9
2011-06-10,12.935
2011-06-09,13.09
2011-06-08,13.19
2011-06-07,13.375
2011-06-06,13.215
2011-06-03,13.59
2011-06-02,13.22
2011-06-01,12.845
2011-05-31,13.0
2011-05-30,12.94
2011-05-27,12.92
2011-05-26,12.65
2011-05-25,12.7
2011-05-24,12.8
2011-05-23,12.75
2011-05-20,12.86
2011-05-19,12.82
2011-05-18,12.925
2011-05-17,12.85
2011-05-16,12.95
2011-05-13,12.81
2011-05-12,12.615
2011-05-11,12.77
2011-05-10,12.55
2011-05-09,12.305
2011-05-06,12.29
2011-05-05,12.265
2011-05-04,11.81
2011-05-03,11.415
2011-05-02,11.215
2011-04-29,11.08
2011-04-28,11.055
2011-04-27,11.02
2011-04-26,10.83
2011-04-25,10.86
2011-04-22,10.86
2011-04-21,10.86
2011-04-20,10.93
2011-04-19,10.8
2011-04-18,10.64
2011-04-15,11.05
2011-04-14,11.1
2011-04-13,11.295
2011-04-12,11.08
2011-04-11,11.32
2011-04-08,11.26
2011-04-07,11.37
2011-04-06,11.46
2011-04-05,11.49
2011-04-04,11.555
2011-04-01,11.645
2011-03-31,11.35
2011-03-30,11.64
2011-03-29,11.375
2011-03-28,11.29
2011-03-25,11.5
2011-03-24,11.32
2011-03-23,11.06
2011-03-22,11.08
2011-03-21,11.135
2011-03-18,10.9
2011-03-17,10.835
2011-03-16,11.09
2011-03-15,11.165
2011-03-14,11.37
2011-03-11,11.215
2011-03-10,11.18
2011-03-09,11.205
2011-03-08,11.265
2011-03-07,11.26
2011-03-04,11.4
2011-03-03,11.485
2011-03-02,11.48
2011-03-01,11.65
2011-02-28,11.62
2011-02-25,11.55
2011-02-24,11.51
2011-02-23,11.635
2011-02-22,11.28
2011-02-21,11.5
2011-02-18,11.59
2011-02-17,12.29
2011-02-16,12.17
2011-02-15,12.145
2011-02-14,11.975
2011-02-11,11.54
2011-02-10,11.57
2011-02-09,11.775
2011-02-08,11.615
2011-02-07,11.07
2011-02-04,11.005
2011-02-03,10.86
2011-02-02,10.97
2011-02-01,11.045
2011-01-31,11.04
2011-01-28,11.03
2011-01-27,11.175
2011-01-26,11.17
2011-01-25,11.135
2011-01-24,11.105
2011-01-21,11.125
2011-01-20,11.2
2011-01-19,11.32
2011-01-18,11.505
2011-01-17,11.47
2011-01-14,11.38
2011-01-13,11.65
2011-01-12,11.775
2011-01-11,11.4
2011-01-10,11.3
2011-01-07,11.515
2011-01-06,11.85
2011-01-05,11.99
2011-01-04,12.235
2011-01-03,11.87
2010-12-31,11.4
2010-12-30,11.585
2010-12-29,11.725
2010-12-28,11.82
2010-12-27,11.94
2010-12-24,12.0
2010-12-23,12.0
2010-12-22,12.15
2010-12-21,12.12
2010-12-20,12.08
2010-12-17,12.05
2010-12-16,11.94
2010-12-15,12.085
2010-12-14,12.295
2010-12-13,12.3
2010-12-10,12.325
2010-12-09,12.03
2010-12-08,12.575
2010-12-07,12.16
2010-12-06,12.015
2010-12-03,11.76
2010-12-02,11.73
2010-12-01,11.39
2010-11-30,10.9
2010-11-29,11.44
2010-11-26,11.93
2010-11-25,11.9
2010-11-24,11.625
2010-11-23,11.535
2010-11-22,11.65
2010-11-19,11.605
2010-11-18,11.5
2010-11-17,11.21
2010-11-16,11.055
2010-11-15,11.065
2010-11-12,10.865
2010-11-11,10.9
2010-11-10,11.17
2010-11-09,11.15
2010-11-08,11.2
2010-11-05,11.26
2010-11-04,11.215
2010-11-03,10.975
2010-11-02,11.15
2010-11-01,11.29
2010-10-29,10.78
2010-10-28,10.8
2010-10-27,10.18
2010-10-26,10.325
2010-10-25,10.345
2010-10-22,10.34
2010-10-21,10.34
2010-10-20,9.937
2010-10-19,9.891
2010-10-18,9.879
2010-10-15,9.772
2010-10-14,9.78
2010-10-13,9.84
2010-10-12,9.829
2010-10-11,9.905
2010-10-08,10.015
2010-10-07,10.0
2010-10-06,10.075
2010-10-05,9.8
2010-10-04,9.68
2010-10-01,9.83
2010-09-30,9.81
2010-09-29,9.806
2010-09-28,9.8
2010-09-27,9.923
2010-09-24,9.67
2010-09-23,9.479
2010-09-22,9.416
2010-09-21,9.31
2010-09-20,9.272
2010-09-17,9.16
2010-09-16,8.974
2010-09-15,9.065
2010-09-14,9.025
2010-09-13,8.996
2010-09-10,8.981
2010-09-09,8.939
2010-09-08,8.778
2010-09-07,8.78
2010-09-06,8.9
2010-09-03,8.878
2010-09-02,8.974
2010-09-01,8.812
2010-08-31,8.717
2010-08-30,8.666
2010-08-27,8.585
2010-08-26,8.5
2010-08-25,8.54
2010-08-24,8.85
2010-08-23,8.67
2010-08-20,8.805
2010-08-19,8.82
2010-08-18,8.875
2010-08-17,8.87
2010-08-16,8.878
2010-08-13,8.838
2010-08-12,8.834
2010-08-11,8.827
2010-08-10,8.95
2010-08-09,8.845
2010-08-06,8.646
2010-08-05,8.837
2010-08-04,9.002
2010-08-03,8.814
2010-08-02,8.593
2010-07-30,8.385
2010-07-29,8.3
2010-07-28,8.246
2010-07-27,8.25
2010-07-26,8.254
2010-07-23,8.35
2010-07-22,8.321
2010-07-21,8.373
2010-07-20,8.199
2010-07-19,8.24
2010-07-16,8.144
2010-07-15,8.067
2010-07-14,8.003
2010-07-13,8.039
2010-07-12,7.98
2010-07-09,7.96
2010-07-08,7.994
2010-07-07,7.776
2010-07-06,7.61
2010-07-05,7.412
2010-07-02,7.313
2010-07-01,7.478
2010-06-30,7.54
2010-06-29,7.304
2010-06-28,7.386
2010-06-25,7.349
2010-06-24,7.381
2010-06-23,7.5
2010-06-22,7.63
2010-06-21,7.59
2010-06-18,7.622
2010-06-17,7.525
2010-06-16,7.528
2010-06-15,7.379
2010-06-14,7.35
2010-06-11,7.344
2010-06-10,7.55
2010-06-09,7.374
2010-06-08,7.2
2010-06-07,7.32
2010-06-04,7.289
2010-06-03,7.685
2010-06-02,7.585
2010-06-01,7.589
2010-05-31,7.54
2010-05-28,7.493
2010-05-27,7.489
2010-05-26,7.32
2010-05-25,7.035
2010-05-24,7.143
2010-05-21,7.167
2010-05-20,7.291
2010-05-19,7.45
2010-05-18,7.525
2010-05-17,7.438
2010-05-14,7.5
2010-05-12,7.48
2010-05-11,7.299
2010-05-10,7.295
2010-05-07,6.734
2010-05-06,7.112
2010-05-05,7.149
2010-05-04,7.35
2010-05-03,7.815
2010-04-30,7.768
2010-04-29,7.695
2010-04-28,7.22
2010-04-27,7.463
2010-04-26,7.749
2010-04-23,7.999
2010-04-22,7.981
2010-04-21,8.068
2010-04-20,7.729
2010-04-19,7.611
2010-04-16,7.567
2010-04-15,7.753
2010-04-14,7.78
2010-04-13,7.708
2010-04-12,7.669
2010-04-09,7.745
2010-04-08,7.411
2010-04-07,7.402
2010-04-06,7.508
2010-04-05,7.537
2010-04-02,7.537
2010-04-01,7.537
2010-03-31,7.5
2010-03-30,7.724
2010-03-29,7.605
2010-03-26,7.533
2010-03-25,7.426
2010-03-24,7.518
2010-03-23,7.531
2010-03-22,7.369
2010-03-19,7.41
2010-03-18,7.471
2010-03-17,7.521
2010-03-16,7.452
2010-03-15,7.271
2010-03-12,7.231
2010-03-11,7.23
2010-03-10,7.2
2010-03-09,7.239
2010-03-08,7.255
2010-03-05,7.23
2010-03-04,7.298
2010-03-03,7.3
2010-03-02,7.422
2010-03-01,7.26
2010-02-26,7.048
2010-02-25,6.833
2010-02-24,6.981
2010-02-23,7.045
2010-02-22,7.01
2010-02-19,6.976
2010-02-18,7.04
2010-02-17,6.999
2010-02-16,6.832
2010-02-15,6.825
2010-02-12,6.823
2010-02-11,6.797
2010-02-10,6.57
2010-02-09,6.428
2010-02-08,6.384
2010-02-05,6.33
2010-02-04,6.55
2010-02-03,6.946
2010-02-02,7.04
2010-02-01,6.997
2010-01-29,6.945
2010-01-28,6.8
2010-01-27,6.627
2010-01-26,6.658
2010-01-25,6.63
2010-01-22,6.706
2010-01-21,6.983
2010-01-20,7.068
2010-01-19,7.007
2010-01-18,7.03
2010-01-15,6.939
2010-01-14,7.2
2010-01-12,7.1
2010-01-11,7.225
2010-01-08,7.353
2010-01-07,7.47
2010-01-06,7.01
2010-01-05,6.98
2010-01-04,6.981
2009-12-31,6.985
2009-12-30,7.049
2009-12-29,7.05
2009-12-28,7.03
2009-12-24,6.985
2009-12-23,6.999
2009-12-22,7.022
2009-12-21,7.046
2009-12-18,6.807
2009-12-17,6.823
2009-12-16,6.865
2009-12-15,6.69
2009-12-14,6.69
2009-12-11,6.671
2009-12-10,6.69
2009-12-09,6.669
2009-12-08,6.683
2009-12-07,6.711
2009-12-04,6.638
2009-12-03,6.7
2009-12-02,6.8
2009-12-01,6.805
2009-11-30,6.53
2009-11-27,6.674
2009-11-26,6.63
2009-11-25,6.8
2009-11-24,6.8
2009-11-23,6.838
2009-11-20,6.764
2009-11-19,6.678
2009-11-18,6.822
2009-11-17,6.753
2009-11-16,6.68
2009-11-13,6.591
2009-11-12,6.543
2009-11-11,6.429
2009-11-10,6.5
2009-11-09,6.5
2009-11-06,6.355
2009-11-05,6.299
2009-11-04,6.29
2009-11-03,6.263
2009-11-02,6.3
2009-10-30,6.05
2009-10-29,6.25
2009-10-28,6.005
2009-10-27,5.984
2009-10-26,5.872
2009-10-23,5.939
2009-10-22,5.955
2009-10-21,5.996
2009-10-20,6.03
2009-10-19,6.09
2009-10-16,5.969
2009-10-15,6.1
2009-10-14,6.152
2009-10-13,6.089
2009-10-12,6.17
2009-10-09,6.059
2009-10-08,6.05
2009-10-07,5.975
2009-10-06,5.972
2009-10-05,5.88
2009-10-02,5.82
2009-10-01,5.935
2009-09-30,5.985
2009-09-29,5.98
2009-09-28,5.97
2009-09-25,5.76
2009-09-24,5.88
2009-09-23,6.03
2009-09-22,6.123
2009-09-21,6.224
2009-09-18,6.44
2009-09-17,6.301
2009-09-16,6.079
2009-09-15,6.054
2009-09-14,6.064
2009-09-11,6.015
2009-09-10,5.92
2009-09-09,5.61
2009-09-08,5.64
2009-09-07,5.67
2009-09-04,5.412
2009-09-03,5.36
2009-09-02,5.355
2009-09-01,5.32
2009-08-31,5.441
2009-08-28,5.485
2009-08-27,5.542
2009-08-26,5.629
2009-08-25,5.555
2009-08-24,5.513
2009-08-21,5.382
2009-08-20,5.342
2009-08-19,5.25
2009-08-18,5.293
2009-08-17,5.205
2009-08-14,5.399
2009-08-13,5.404
2009-08-12,5.441
2009-08-11,5.405
2009-08-10,5.4
2009-08-07,5.35
2009-08-06,5.31
2009-08-05,5.25
2009-08-04,5.195
2009-08-03,5.015
2009-07-31,4.92
2009-07-30,4.983
2009-07-29,4.934
2009-07-28,5.0
2009-07-27,4.8
2009-07-24,4.71
2009-07-23,4.707
2009-07-22,4.64
2009-07-21,4.68
2009-07-20,4.633
2009-07-17,4.653
2009-07-16,4.67
2009-07-15,4.697
2009-07-14,4.671
2009-07-13,4.599
2009-07-10,4.569
2009-07-09,4.655
2009-07-08,4.699
2009-07-07,4.584
2009-07-06,4.65
2009-07-03,4.772
2009-07-02,4.725
2009-07-01,4.84
2009-06-30,4.858
2009-06-29,4.835
2009-06-26,4.82
2009-06-25,4.877
2009-06-24,4.75
2009-06-23,4.634
2009-06-22,4.709
2009-06-19,4.78
2009-06-18,4.811
2009-06-17,4.9
2009-06-16,4.96
2009-06-15,4.96
2009-06-12,4.981
2009-06-11,5.02
2009-06-10,4.911
2009-06-09,4.905
2009-06-08,4.74
2009-06-05,4.73
2009-06-04,4.67
2009-06-03,4.67
2009-06-02,4.71
2009-06-01,4.7
2009-05-29,4.717
2009-05-28,4.7
2009-05-27,4.7
2009-05-26,4.681
2009-05-25,4.71
2009-05-22,4.751
2009-05-21,4.671
2009-05-20,4.775
2009-05-19,4.73
2009-05-18,4.655
2009-05-15,4.62
2009-05-14,4.65
2009-05-13,4.634
2009-05-12,4.623
2009-05-11,4.75
2009-05-08,4.701
2009-05-07,4.371
2009-05-06,4.445
2009-05-05,4.255
2009-05-04,4.4
2009-05-01,4.28
2009-04-30,4.28
2009-04-29,4.201
2009-04-28,4.031
2009-04-27,3.994
2009-04-24,3.928
2009-04-23,3.9
2009-04-22,3.877
2009-04-21,3.78
2009-04-20,3.813
2009-04-17,3.947
2009-04-16,3.85
2009-04-15,3.9
2009-04-14,3.839
2009-04-13,3.9
2009-04-10,3.9
2009-04-09,3.9
2009-04-08,3.784
2009-04-07,3.73
2009-04-06,3.85
2009-04-03,3.85
2009-04-02,3.78
2009-04-01,3.71
2009-03-31,3.708
2009-03-30,3.529
2009-03-27,3.637
2009-03-26,3.701
2009-03-25,3.718
2009-03-24,3.58
2009-03-23,3.581
2009-03-20,3.571
2009-03-19,3.7
2009-03-18,3.738
2009-03-17,3.6
2009-03-16,3.639
2009-03-13,3.632
2009-03-12,3.45
2009-03-11,3.423
2009-03-10,3.35
2009-03-09,3.174
2009-03-06,3.2
2009-03-05,3.115
2009-03-04,3.23
2009-03-03,3.1
2009-03-02,3.09
2009-02-27,3.23
2009-02-26,3.298
2009-02-25,3.26
2009-02-24,3.14
2009-02-23,3.07
2009-02-20,3.09
2009-02-19,3.23
2009-02-18,3.18
2009-02-17,3.15
2009-02-16,3.43
2009-02-13,3.535
2009-02-12,3.499
2009-02-11,3.62
2009-02-10,3.675
2009-02-09,3.9
2009-02-06,3.86
2009-02-05,3.873
2009-02-04,3.9
2009-02-03,3.85
2009-02-02,3.95
2009-01-30,3.985
2009-01-29,4.038
2009-01-28,3.99
2009-01-27,3.775
2009-01-26,3.81
2009-01-23,3.74
2009-01-22,3.709
2009-01-21,3.631
2009-01-20,3.622
2009-01-19,3.65
2009-01-16,3.701
2009-01-15,3.75
2009-01-14,3.38
2009-01-13,3.532
2009-01-12,3.692
2009-01-09,3.682
2009-01-08,3.658
2009-01-07,3.81
2009-01-06,3.97
2009-01-05,4.0
2009-01-02,4.0
2009-01-01,3.97
2008-12-31,3.97
2008-12-30,4.089
2008-12-29,4.006
2008-12-26,4.041
2008-12-25,4.041
2008-12-24,4.041
2008-12-23,4.05
2008-12-22,4.08
2008-12-19,4.025
2008-12-18,4.055
2008-12-17,4.057
2008-12-16,4.07
2008-12-15,4.078
2008-12-12,4.05
2008-12-11,4.021
2008-12-10,4.2
2008-12-09,4.27
2008-12-08,4.14
2008-12-05,4.001
2008-12-04,3.995
2008-12-03,3.86
2008-12-02,3.924
2008-12-01,4.0
2008-11-28,4.09
2008-11-27,3.951
2008-11-26,3.943
2008-11-25,3.97
2008-11-24,4.049
2008-11-21,3.89
2008-11-20,3.904
2008-11-19,4.07
2008-11-18,4.15
2008-11-17,4.064
2008-11-14,4.155
2008-11-13,4.078
2008-11-12,4.02
2008-11-11,3.999
2008-11-10,4.001
2008-11-07,4.0
2008-11-06,3.8
2008-11-05,4.017
2008-11-04,4.271
2008-11-03,4.172
2008-10-31,4.011
2008-10-30,3.914
2008-10-29,3.631
2008-10-28,3.403
2008-10-27,3.369
2008-10-24,3.216
2008-10-23,3.654
2008-10-22,4.02
2008-10-21,4.255
2008-10-20,4.65
2008-10-17,4.9
2008-10-16,5.0
2008-10-15,5.15
2008-10-14,5.225
2008-10-13,5.0
2008-10-10,4.6
2008-10-09,4.945
2008-10-08,5.0
2008-10-07,4.85
2008-10-06,4.701
2008-10-03,5.382
2008-10-02,5.749
2008-10-01,5.904
2008-09-30,6.0
2008-09-29,5.5
2008-09-26,5.649
2008-09-25,5.816
2008-09-24,5.699
2008-09-23,5.14
2008-09-22,5.128
2008-09-19,5.01
2008-09-18,4.91
2008-09-17,5.8
2008-09-16,5.8
2008-09-15,5.834
2008-09-12,5.867
2008-09-11,5.8
2008-09-10,5.753
2008-09-09,6.397
2008-09-08,6.339
2008-09-05,5.999
2008-09-04,6.0
2008-09-03,5.9
2008-09-02,6.0
2008-09-01,5.946
2008-08-29,5.83
2008-08-28,6.13
2008-08-27,6.155
2008-08-26,6.365
2008-08-25,6.21
2008-08-22,6.195
2008-08-21,5.985
2008-08-20,5.8
2008-08-19,5.915
2008-08-18,6.0
2008-08-15,5.94
2008-08-14,5.86
2008-08-13,5.69
2008-08-12,5.52
2008-08-11,5.505
2008-08-08,5.535
2008-08-07,5.58
2008-08-06,5.58
2008-08-05,5.505
2008-08-04,5.26
2008-08-01,5.19
2008-07-31,5.21
2008-07-30,5.1
2008-07-29,5.02
2008-07-28,4.85
2008-07-25,5.05
2008-07-24,5.005
2008-07-23,5.05
2008-07-22,4.8
2008-07-21,4.555
2008-07-18,4.595
2008-07-17,4.63
2008-07-16,4.52
2008-07-15,4.645
2008-07-14,4.775
2008-07-11,4.795
2008-07-10,5.0
2008-07-09,5.03
2008-07-08,4.935
2008-07-07,4.87
2008-07-04,4.705
2008-07-03,4.705
2008-07-02,4.695
2008-07-01,4.26
2008-06-30,4.615
2008-06-27,4.635
2008-06-26,4.7
2008-06-25,4.75
2008-06-24,4.64
2008-06-23,4.725
2008-06-20,4.8
2008-06-19,4.895
2008-06-18,4.96
2008-06-17,5.015
2008-06-16,4.915
2008-06-13,4.88
2008-06-12,4.9
2008-06-11,4.66
2008-06-10,4.78
2008-06-09,4.835
2008-06-06,4.765
2008-06-05,4.85
2008-06-04,4.88
2008-06-03,4.85
2008-06-02,4.84
2008-05-30,4.64
2008-05-29,4.66
2008-05-28,4.65
2008-05-27,4.685
2008-05-26,4.72
2008-05-23,4.705
2008-05-22,4.68
2008-05-21,4.78
2008-05-20,4.805
2008-05-19,4.885
2008-05-16,4.92
2008-05-15,4.95
2008-05-14,4.955
2008-05-13,4.96
2008-05-12,5.04
2008-05-09,5.075
2008-05-08,5.1
2008-05-07,5.1
2008-05-06,5.105
2008-05-05,5.115
2008-05-02,5.095
2008-05-01,5.08
2008-04-30,5.08
2008-04-29,5.135
2008-04-28,5.17
2008-04-25,5.01
2008-04-24,4.995
2008-04-23,5.05
2008-04-22,4.95
2008-04-21,4.84
2008-04-18,4.9
2008-04-17,4.88
2008-04-16,4.925
2008-04-15,4.875
2008-04-14,4.76
2008-04-11,4.815
2008-04-10,4.785
2008-04-09,4.84
2008-04-08,4.85
2008-04-07,4.94
2008-04-04,4.925
2008-04-03,4.94
2008-04-02,5.1
2008-04-01,5.19
2008-03-31,5.09
2008-03-28,5.09
2008-03-27,5.1
2008-03-26,4.975
2008-03-25,5.065
2008-03-24,4.7
2008-03-21,4.7
2008-03-20,4.7
2008-03-19,4.75
2008-03-18,4.7
2008-03-17,4.72
2008-03-14,4.64
2008-03-13,4.695
2008-03-12,4.59
2008-03-11,4.42
2008-03-10,4.615
2008-03-07,4.85
2008-03-06,4.95
2008-03-05,4.87
2008-03-04,4.92
2008-03-03,4.9
2008-02-29,4.88
2008-02-28,4.905
2008-02-27,5.495
2008-02-26,5.39
2008-02-25,5.4
2008-02-22,5.405
2008-02-21,5.57
2008-02-20,5.57
2008-02-19,5.51
2008-02-18,5.5
2008-02-15,5.485
2008-02-14,5.55
2008-02-13,5.5
2008-02-12,5.43
2008-02-11,5.23
2008-02-08,5.34
2008-02-07,5.335
2008-02-06,5.21
2008-02-05,5.215
2008-02-04,5.55
2008-02-01,5.44
2008-01-31,5.485
2008-01-30,5.345
2008-01-29,5.42
2008-01-28,5.39
2008-01-25,5.17
2008-01-24,5.0
2008-01-23,4.81
2008-01-22,4.57
2008-01-21,4.57
2008-01-18,4.98
2008-01-17,5.06
2008-01-16,4.88
2008-01-15,4.74
2008-01-14,4.91
2008-01-11,4.8
2008-01-10,5.25
2008-01-09,5.51
2008-01-08,5.57
2008-01-07,5.55
2008-01-04,5.59
2008-01-03,5.48
2008-01-02,5.49
2008-01-01,5.4
2007-12-31,5.4
2007-12-28,5.4
2007-12-27,5.4
2007-12-26,5.45
2007-12-25,5.45
2007-12-24,5.45
2007-12-21,5.45
2007-12-20,5.28
2007-12-19,5.25
2007-12-18,5.28
2007-12-17,5.28
2007-12-14,5.34
2007-12-13,5.4
2007-12-12,5.51
2007-12-11,5.52
2007-12-10,5.49
2007-12-07,5.5
2007-12-06,5.48
2007-12-05,5.5
2007-12-04,5.5
2007-12-03,5.5
2007-11-30,5.49
2007-11-29,5.52
2007-11-28,5.59
2007-11-27,5.41
2007-11-26,5.33
2007-11-23,5.35
2007-11-22,5.34
2007-11-21,5.45
2007-11-20,5.23
2007-11-19,5.35
2007-11-16,5.34
2007-11-15,5.18
2007-11-14,5.29
2007-11-13,5.31
2007-11-12,5.31
2007-11-09,5.25
2007-11-08,5.23
2007-11-07,5.27
2007-11-06,5.23
2007-11-05,5.14
2007-11-02,5.2
2007-11-01,5.19
2007-10-31,5.12
2007-10-30,5.09
2007-10-29,5.05
2007-10-26,4.99
2007-10-25,4.91
2007-10-24,4.86
2007-10-23,5.0
2007-10-22,4.94
2007-10-19,4.92
2007-10-18,4.78
2007-10-17,4.72
2007-10-16,4.62
2007-10-15,4.76
2007-10-12,4.92
2007-10-11,5.09
2007-10-10,4.94
2007-10-09,4.92
2007-10-08,4.85
2007-10-05,4.82
2007-10-04,4.56
2007-10-03,4.5
2007-10-02,4.37
2007-10-01,4.38
2007-09-28,4.31
2007-09-27,4.18
2007-09-26,4.06
2007-09-25,4.02
2007-09-24,4.05
2007-09-21,4.0
2007-09-20,4.0
2007-09-19,4.08
2007-09-18,4.04
2007-09-17,3.84
2007-09-14,4.1
2007-09-13,4.2
2007-09-12,4.22
2007-09-11,4.19
2007-09-10,4.16
2007-09-07,4.17
2007-09-06,4.19
2007-09-05,4.2
2007-09-04,4.23
2007-09-03,4.2
2007-08-31,4.19
2007-08-30,4.19
2007-08-29,4.19
2007-08-28,4.22
2007-08-27,4.31
2007-08-24,4.27
2007-08-23,4.25
2007-08-22,4.22
2007-08-21,4.1
2007-08-20,4.09
2007-08-17,4.09
2007-08-16,4.07
2007-08-15,4.35
2007-08-14,4.34
2007-08-13,4.37
2007-08-10,4.35
2007-08-09,4.53
2007-08-08,4.53
2007-08-07,4.47
2007-08-06,4.42
2007-08-03,4.42
2007-08-02,4.37
2007-08-01,4.38
2007-07-31,4.38
2007-07-30,4.44
2007-07-27,4.34
2007-07-26,4.32
2007-07-25,4.23
2007-07-24,4.2
2007-07-23,4.24
2007-07-20,4.17
2007-07-19,4.17
2007-07-18,4.16
2007-07-17,4.16
2007-07-16,4.19
2007-07-13,4.15
2007-07-12,4.25
2007-07-11,4.3
2007-07-10,4.29
2007-07-09,4.25
2007-07-06,4.22
2007-07-05,4.26
2007-07-04,4.31
2007-07-03,4.32
2007-07-02,4.39
2007-06-29,4.37
2007-06-28,4.34
2007-06-27,4.32
2007-06-26,4.37
2007-06-25,4.37
2007-06-22,4.36
2007-06-21,4.28
2007-06-20,4.29
2007-06-19,4.27
2007-06-18,4.35
2007-06-15,4.11
2007-06-14,4.4
2007-06-13,4.38
2007-06-12,4.35
2007-06-11,4.37
2007-06-08,4.25
2007-06-07,4.24
2007-06-06,4.33
2007-06-05,4.31
2007-06-04,4.42
2007-06-01,4.47
2007-05-31,4.47
2007-05-30,4.49
2007-05-29,4.51
2007-05-28,4.54
2007-05-25,22.0
2007-05-24,21.3
2007-05-23,21.24
2007-05-22,21.15
2007-05-21,21.35
2007-05-18,21.2
2007-05-17,21.23
2007-05-16,21.17
2007-05-15,21.33
2007-05-14,21.5
2007-05-11,21.46
2007-05-10,21.46
2007-05-09,21.36
2007-05-08,20.9
2007-05-07,20.84
2007-05-04,20.88
2007-05-03,20.41
2007-05-02,20.76
2007-05-01,21.01
2007-04-30,21.01
2007-04-27,21.15
2007-04-26,21.01
2007-04-25,20.73
2007-04-24,20.82
2007-04-23,20.85
2007-04-20,20.34
2007-04-19,20.11
2007-04-18,20.25
2007-04-17,20.34
2007-04-16,20.32
2007-04-13,20.36
2007-04-12,20.28
2007-04-11,20.51
2007-04-10,20.41
2007-04-09,20.52
2007-04-06,20.52
2007-04-05,20.52
2007-04-04,20.46
2007-04-03,20.45
2007-04-02,19.99
2007-03-30,19.5
2007-03-29,19.73
2007-03-28,19.62
2007-03-27,19.86
2007-03-26,19.93
2007-03-23,19.99
2007-03-22,19.45
2007-03-21,19.46
2007-03-20,19.4
2007-03-19,19.48
2007-03-16,18.85
2007-03-15,19.04
2007-03-14,19.0
2007-03-13,19.4
2007-03-12,19.49
2007-03-09,19.4
2007-03-08,19.48
2007-03-07,19.41
2007-03-06,19.7
2007-03-05,19.3
2007-03-02,18.63
2007-03-01,18.6
2007-02-28,18.32
2007-02-27,19.25
2007-02-26,19.52
2007-02-23,19.33
2007-02-22,19.64
2007-02-21,19.67
2007-02-20,19.92
2007-02-19,20.0
2007-02-16,19.79
2007-02-15,19.78
2007-02-14,19.78
2007-02-13,19.75
2007-02-12,19.67
2007-02-09,19.58
2007-02-08,19.59
2007-02-07,19.72
2007-02-06,19.79
2007-02-05,19.83
2007-02-02,19.83
2007-02-01,19.98
2007-01-31,19.22
2007-01-30,19.34
2007-01-29,19.17
2007-01-26,18.61
2007-01-25,18.89
2007-01-24,18.75
2007-01-23,19.19
2007-01-22,19.95
2007-01-19,19.96
2007-01-18,19.78
2007-01-17,18.57
2007-01-16,18.43
2007-01-15,18.49
2007-01-12,18.0
2007-01-11,18.0
2007-01-10,18.0
2007-01-09,17.98
2007-01-08,17.95
2007-01-05,17.5
2007-01-04,17.45
2007-01-03,17.28
2007-01-02,17.15
2007-01-01,17.0
2006-12-29,17.0
2006-12-28,16.93
2006-12-27,16.97
2006-12-26,17.0
2006-12-25,17.0
2006-12-22,17.0
2006-12-21,17.11
2006-12-20,17.15
2006-12-19,17.58
2006-12-18,17.5
2006-12-15,17.01
2006-12-14,16.9
2006-12-13,16.98
2006-12-12,16.94
2006-12-11,16.8
2006-12-08,16.55
2006-12-07,16.63
2006-12-06,16.56
2006-12-05,16.38
2006-12-04,16.3
2006-12-01,16.15
2006-11-30,16.15
2006-11-29,16.35
2006-11-28,16.11
2006-11-27,16.33
2006-11-24,16.5
2006-11-23,16.63
2006-11-22,16.45
2006-11-21,16.32
2006-11-20,16.12
2006-11-17,16.15
2006-11-16,16.22
2006-11-15,16.35
2006-11-14,16.5
2006-11-13,16.48
2006-11-10,16.4
2006-11-09,16.06
2006-11-08,16.03
2006-11-07,16.17
2006-11-06,15.9
2006-11-03,15.28
2006-11-02,15.01
2006-11-01,14.85
2006-10-31,15.0
2006-10-30,15.1
2006-10-27,15.05
2006-10-26,14.91
2006-10-25,14.81
2006-10-24,14.67
2006-10-23,14.65
2006-10-20,14.68
2006-10-19,14.62
2006-10-18,14.76
2006-10-17,14.76
2006-10-16,14.9
2006-10-13,14.88
2006-10-12,14.92
2006-10-11,14.75
2006-10-10,14.77
2006-10-09,14.8
2006-10-06,14.88
2006-10-05,14.64
2006-10-04,14.58
2006-10-03,14.39
2006-10-02,14.14
2006-09-29,14.08
2006-09-28,14.02
2006-09-27,14.08
2006-09-26,14.0
2006-09-25,13.97
2006-09-22,14.0
2006-09-21,14.05
2006-09-20,14.02
2006-09-19,13.98
2006-09-18,13.8
2006-09-15,13.71
2006-09-14,13.69
2006-09-13,13.8
2006-09-12,13.79
2006-09-11,13.67
2006-09-08,13.72
2006-09-07,13.72
2006-09-06,13.79
2006-09-05,13.76
2006-09-04,13.9
2006-09-01,13.87
2006-08-31,13.96
2006-08-30,13.93
2006-08-29,13.93
2006-08-28,13.94
2006-08-25,13.86
2006-08-24,13.87
2006-08-23,13.95
2006-08-22,13.85
2006-08-21,13.76
2006-08-18,13.58
2006-08-17,13.42
2006-08-16,13.42
2006-08-15,13.37
2006-08-14,13.45
2006-08-11,13.42
2006-08-10,13.42
2006-08-09,13.51
2006-08-08,13.5
2006-08-07,13.46
2006-08-04,13.45
2006-08-03,13.33
2006-08-02,13.43
2006-08-01,13.21
2006-07-31,13.29
2006-07-28,13.36
2006-07-27,13.4
2006-07-26,13.45
2006-07-25,13.28
2006-07-24,13.27
2006-07-21,13.37
2006-07-20,13.38
2006-07-19,13.39
2006-07-18,13.3
2006-07-17,13.4
2006-07-14,13.4
2006-07-13,13.38
2006-07-12,13.46
2006-07-11,13.56
2006-07-10,13.55
2006-07-07,13.64
2006-07-06,13.55
2006-07-05,13.37
2006-07-04,13.29
2006-07-03,13.45
2006-06-30,13.35
2006-06-29,13.32
2006-06-28,13.33
2006-06-27,13.45
2006-06-26,13.48
2006-06-23,13.68
2006-06-22,13.75
2006-06-21,13.73
2006-06-20,13.76
2006-06-19,13.89
2006-06-16,13.81
2006-06-15,13.81
2006-06-14,13.81
2006-06-13,13.92
2006-06-12,14.23
2006-06-09,14.18
2006-06-08,14.05
2006-06-07,14.31
2006-06-06,14.25
2006-06-05,14.27
2006-06-02,14.45
2006-06-01,13.75
2006-05-31,13.81
2006-05-30,13.59
2006-05-29,13.72
2006-05-26,13.79
2006-05-25,13.33
2006-05-24,13.27
2006-05-23,13.5
2006-05-22,13.17
2006-05-19,13.48
2006-05-18,13.65
2006-05-17,14.06
2006-05-16,14.26
2006-05-15,14.27
2006-05-12,14.52
2006-05-11,14.67
2006-05-10,14.7
2006-05-09,14.55
2006-05-08,14.44
2006-05-05,14.31
2006-05-04,14.16
2006-05-03,14.15
2006-05-02,14.29
2006-05-01,62.53
2006-04-28,14.3
2006-04-27,14.5
2006-04-26,14.45
2006-04-25,14.42
2006-04-24,14.68
2006-04-21,14.6
2006-04-20,14.56
2006-04-19,14.59
2006-04-18,14.6
2006-04-17,14.37
2006-04-14,14.37
2006-04-13,14.37
2006-04-12,14.37
2006-04-11,14.39
2006-04-10,14.5
2006-04-07,14.45
2006-04-06,14.3
2006-04-05,14.36
2006-04-04,14.25
2006-04-03,14.23
2006-03-31,14.27
2006-03-30,14.18
2006-03-29,14.16
2006-03-28,14.4
2006-03-27,14.2
2006-03-24,14.2
2006-03-23,14.2
2006-03-22,14.19
2006-03-21,14.3
2006-03-20,14.38
2006-03-17,14.25
2006-03-16,14.1
2006-03-15,14.1
2006-03-14,13.9
2006-03-13,13.84
2006-03-10,13.84
2006-03-09,13.9
2006-03-08,13.97
2006-03-07,13.85
2006-03-06,13.8
2006-03-03,13.67
2006-03-02,13.64
2006-03-01,13.66
2006-02-28,13.65
2006-02-27,13.59
2006-02-24,13.5
2006-02-23,13.4
2006-02-22,13.37
2006-02-21,13.36
2006-02-20,13.09
2006-02-17,13.14
2006-02-16,13.17
2006-02-15,13.15
2006-02-14,13.0
2006-02-13,12.97
2006-02-10,12.89
2006-02-09,12.92
2006-02-08,12.92
2006-02-07,12.88
2006-02-06,12.9
2006-02-03,12.82
2006-02-02,13.05
2006-02-01,13.12
2006-01-31,13.09
2006-01-30,13.07
2006-01-27,13.1
2006-01-26,13.01
2006-01-25,13.03
2006-01-24,13.08
2006-01-23,13.08
2006-01-20,13.07
2006-01-19,13.15
2006-01-18,13.08
2006-01-17,13.06
2006-01-16,13.18
2006-01-13,13.14
2006-01-12,13.1
2006-01-11,13.1
2006-01-10,12.84
2006-01-09,12.8
2006-01-06,12.8
2006-01-05,12.8
2006-01-04,12.85
2006-01-03,12.76
2006-01-02,12.78
2005-12-30,12.7
2005-12-29,12.7
2005-12-28,12.7
2005-12-27,12.68
2005-12-26,12.7
2005-12-23,12.7
2005-12-22,12.7
2005-12-21,12.8
2005-12-20,12.81
2005-12-19,12.84
2005-12-16,12.65
2005-12-15,12.5
2005-12-14,12.5
2005-12-13,12.65
2005-12-12,12.6
2005-12-09,12.6
2005-12-08,12.44
2005-12-07,12.45
2005-12-06,12.34
2005-12-05,12.22
2005-12-02,12.17
2005-12-01,12.24
2005-11-30,12.19
2005-11-29,12.35
2005-11-28,12.35
2005-11-25,12.5
2005-11-24,12.5
2005-11-23,12.57
2005-11-22,12.44
2005-11-21,12.67
2005-11-18,12.6
2005-11-17,12.71
2005-11-16,12.83
2005-11-15,12.76
2005-11-14,12.8
2005-11-11,12.76
2005-11-10,12.75
2005-11-09,12.53
2005-11-08,12.48
2005-11-07,12.34
2005-11-04,12.45
2005-11-03,12.28
2005-11-02,12.1
2005-11-01,12.1
2005-10-31,12.02
2005-10-28,12.05
2005-10-27,12.0
2005-10-26,12.1
2005-10-25,12.0
2005-10-24,12.0
2005-10-21,12.02
2005-10-20,12.0
2005-10-19,12.12
2005-10-18,12.19
2005-10-17,12.03
2005-10-14,12.0
2005-10-13,12.0
2005-10-12,12.0
2005-10-11,12.05
2005-10-10,12.06
2005-10-07,12.01
2005-10-06,11.94
2005-10-05,12.05
2005-10-04,12.0
2005-10-03,12.0
2005-09-30,12.0
2005-09-29,11.92
2005-09-28,11.9
2005-09-27,11.86
2005-09-26,11.95
2005-09-23,11.85
2005-09-22,11.9
2005-09-21,11.96
2005-09-20,12.0
2005-09-19,11.82
2005-09-16,11.9
2005-09-15,11.93
2005-09-14,11.85
2005-09-13,11.8
2005-09-12,12.05
2005-09-09,11.94
2005-09-08,11.76
2005-09-07,11.85
2005-09-06,11.8
2005-09-05,11.85
2005-09-02,11.9
2005-09-01,11.87
2005-08-31,11.79
2005-08-30,11.65
2005-08-29,11.67
2005-08-26,11.71
2005-08-25,11.69
2005-08-24,11.79
2005-08-23,11.84
2005-08-22,11.83
2005-08-19,11.82
2005-08-18,12.0
2005-08-17,11.96
2005-08-16,11.85
2005-08-15,11.9
2005-08-12,11.96
2005-08-11,12.0
2005-08-10,11.9
2005-08-09,11.8
2005-08-08,11.8
2005-08-05,11.74
2005-08-04,11.82
2005-08-03,11.97
2005-08-02,12.18
2005-08-01,12.0
2005-07-29,12.11
2005-07-28,12.24
2005-07-27,12.0
2005-07-26,11.83
2005-07-25,11.8
2005-07-22,11.85
2005-07-21,11.77
2005-07-20,11.8
2005-07-19,11.95
2005-07-18,12.07
2005-07-15,12.05
2005-07-14,12.0
2005-07-13,12.04
2005-07-12,12.03
2005-07-11,12.04
2005-07-08,12.0
2005-07-07,11.99
2005-07-06,11.99
2005-07-05,11.84
2005-07-04,11.7
2005-07-01,11.85
2005-06-30,11.85
2005-06-29,12.04
2005-06-28,11.95
2005-06-27,11.86
2005-06-24,12.0
2005-06-23,12.02
2005-06-22,11.6
2005-06-21,11.55
2005-06-20,11.51
2005-06-17,11.6
2005-06-16,11.55
2005-06-15,11.51
2005-06-14,11.6
2005-06-13,11.6
2005-06-10,11.55
2005-06-09,11.5
2005-06-08,11.48
2005-06-07,11.58
2005-06-06,11.45
2005-06-03,11.37
2005-06-02,11.37
2005-06-01,11.36
2005-05-31,11.35
2005-05-30,11.45
2005-05-27,11.53
2005-05-26,11.84
2005-05-25,11.85
2005-05-24,11.85
2005-05-23,11.96
2005-05-20,11.96
2005-05-19,11.94
2005-05-18,12.12
2005-05-17,12.15
2005-05-16,12.1
2005-05-13,12.12
2005-05-12,12.24
2005-05-11,11.99
2005-05-10,11.94
2005-05-09,11.85
2005-05-06,11.8
2005-05-05,11.65
2005-05-04,11.64
2005-05-03,11.76
2005-05-02,11.76
2005-04-29,11.9
2005-04-28,11.83
2005-04-27,11.95
2005-04-26,12.06
2005-04-25,12.25
2005-04-22,12.25
2005-04-21,12.18
2005-04-20,12.29
2005-04-19,12.02
2005-04-18,12.11
2005-04-15,12.35
2005-04-14,12.3
2005-04-13,12.35
2005-04-12,12.25
2005-04-11,12.4
2005-04-08,12.29
2005-04-07,12.4
2005-04-06,12.37
2005-04-05,12.08
2005-04-04,11.97
2005-04-01,11.85
2005-03-31,11.75
2005-03-30,11.75
2005-03-29,11.78
2005-03-28,11.82
2005-03-25,11.82
2005-03-24,11.82
2005-03-23,11.84
2005-03-22,11.91
2005-03-21,11.67
2005-03-18,11.55
2005-03-17,11.5
2005-03-16,11.43
2005-03-15,11.45
2005-03-14,11.2
2005-03-11,11.1
2005-03-10,11.0
2005-03-09,11.27
2005-03-08,11.37
2005-03-07,11.38
2005-03-04,11.47
2005-03-03,11.15
2005-03-02,11.0
2005-03-01,10.88
2005-02-28,10.9
2005-02-25,10.76
2005-02-24,10.72
2005-02-23,10.75
2005-02-22,10.78
2005-02-21,10.81
2005-02-18,10.74
2005-02-17,10.76
2005-02-16,10.8
2005-02-15,10.73
2005-02-14,10.74
2005-02-11,10.77
2005-02-10,10.79
2005-02-09,10.8
2005-02-08,10.87
2005-02-07,10.85
2005-02-04,10.83
2005-02-03,10.78
2005-02-02,10.51
2005-02-01,10.45
2005-01-31,10.41
2005-01-28,10.4
2005-01-27,10.35
2005-01-26,10.47
2005-01-25,10.4
2005-01-24,10.34
2005-01-21,10.4
2005-01-20,10.41
2005-01-19,10.52
2005-01-18,10.54
2005-01-17,10.48
2005-01-14,10.35
2005-01-13,10.41
2005-01-12,10.5
2005-01-11,10.21
2005-01-10,10.02
2005-01-07,10.05
2005-01-06,9.9
2005-01-05,9.85
2005-01-04,9.95
2005-01-03,9.85
2004-12-31,9.7
2004-12-30,9.7
2004-12-29,9.8
2004-12-28,9.78
2004-12-27,9.82
2004-12-24,9.85
2004-12-23,9.87
2004-12-22,9.93
2004-12-21,9.85
2004-12-20,9.76
2004-12-17,9.8
2004-12-16,9.85
2004-12-15,9.84
2004-12-14,9.95
2004-12-13,9.9
2004-12-10,9.88
2004-12-09,9.81
2004-12-08,9.8
2004-12-07,9.7
2004-12-06,9.7
2004-12-03,9.75
2004-12-02,9.7
2004-12-01,9.68
2004-11-30,9.57
2004-11-29,9.68
2004-11-26,9.65
2004-11-25,9.77
2004-11-24,9.82
2004-11-23,9.75
2004-11-22,9.7
2004-11-19,9.66
2004-11-18,9.82
2004-11-17,9.87
2004-11-16,9.61
2004-11-15,9.7
2004-11-12,9.61
2004-11-11,9.63
2004-11-10,9.31
2004-11-09,9.24
2004-11-08,9.3
2004-11-05,9.23
2004-11-04,9.2
2004-11-03,9.22
2004-11-02,9.21
2004-11-01,9.17
2004-10-29,9.23
2004-10-28,9.15
2004-10-27,9.1
2004-10-26,9.06
2004-10-25,9.15
2004-10-22,9.06
2004-10-21,9.16
2004-10-20,9.1
2004-10-19,9.14
2004-10-18,9.24
2004-10-15,9.1
2004-10-14,9.15
2004-10-13,9.07
2004-10-12,9.07
2004-10-11,9.1
2004-10-08,9.13
2004-10-07,9.13
2004-10-06,9.16
2004-10-05,9.13
2004-10-04,9.08
2004-10-01,9.05
2004-09-30,9.07
2004-09-29,9.03
2004-09-28,9.15
2004-09-27,8.77
2004-09-24,8.73
2004-09-23,8.75
2004-09-22,8.77
2004-09-21,8.88
2004-09-20,8.8
2004-09-17,8.89
2004-09-16,8.84
2004-09-15,8.84
2004-09-14,8.86
2004-09-13,8.83
2004-09-10,8.85
2004-09-09,8.9
2004-09-08,8.8
2004-09-07,8.9
2004-09-06,8.88
2004-09-03,8.9
2004-09-02,8.9
2004-09-01,8.88
2004-08-31,8.89
2004-08-30,8.79
2004-08-27,8.81
2004-08-26,8.85
2004-08-25,8.79
2004-08-24,8.88
2004-08-23,8.86
2004-08-20,9.04
2004-08-19,8.81
2004-08-18,8.7
2004-08-17,8.7
2004-08-16,8.81
2004-08-13,8.8
2004-08-12,8.77
2004-08-11,8.48
2004-08-10,8.45
2004-08-09,8.34
2004-08-06,8.4
2004-08-05,8.64
2004-08-04,8.8
2004-08-03,8.9
2004-08-02,8.95
2004-07-30,9.0
2004-07-29,9.14
2004-07-28,9.36
2004-07-27,9.45
2004-07-26,9.47
2004-07-23,9.56
2004-07-22,9.56
2004-07-21,9.6
2004-07-20,9.47
2004-07-19,9.61
2004-07-16,9.73
2004-07-15,9.59
2004-07-14,9.7
2004-07-13,9.7
2004-07-12,9.84
2004-07-09,9.9
2004-07-08,9.55
2004-07-07,9.62
2004-07-06,9.98
2004-07-05,9.75
2004-07-02,9.76
2004-07-01,9.4
2004-06-30,9.2
2004-06-29,9.15
2004-06-28,9.05
2004-06-25,9.0
2004-06-24,8.95
2004-06-23,9.27
2004-06-22,8.76
2004-06-21,8.61
2004-06-18,8.74
2004-06-17,8.4
2004-06-16,8.29
2004-06-15,8.35
2004-06-14,8.36
2004-06-11,8.55
2004-06-10,8.69
2004-06-09,8.78
2004-06-08,8.64
2004-06-07,9.78
2004-06-04,9.85
2004-06-03,9.75
2004-06-02,9.65
2004-06-01,9.65
2004-05-31,9.5
2004-05-28,9.67
2004-05-27,9.3
2004-05-26,8.97
2004-05-25,8.92
2004-05-24,9.05
2004-05-21,9.02
2004-05-20,9.1
2004-05-19,8.93
2004-05-18,8.73
2004-05-17,8.76
2004-05-14,8.96
2004-05-13,9.1
2004-05-12,9.22
2004-05-11,9.2
2004-05-10,9.15
2004-05-07,9.25
2004-05-06,9.07
2004-05-05,9.0
2004-05-04,8.87
2004-05-03,8.82
2004-04-30,8.97
2004-04-29,8.93
2004-04-28,8.85
2004-04-27,8.84
2004-04-26,8.8
2004-04-23,8.8
2004-04-22,8.87
2004-04-21,8.81
2004-04-20,8.9
2004-04-19,8.9
2004-04-16,8.91
2004-04-15,8.9
2004-04-14,8.9
2004-04-13,9.0
2004-04-12,8.95
2004-04-09,8.95
2004-04-08,8.95
2004-04-07,8.84
2004-04-06,8.87
2004-04-05,8.9
2004-04-02,8.95
2004-04-01,8.95
2004-03-31,8.84
2004-03-30,8.9
2004-03-29,8.9
2004-03-26,8.81
2004-03-25,8.8
2004-03-24,8.97
2004-03-23,9.01
2004-03-22,9.2
2004-03-19,9.34
2004-03-18,9.33
2004-03-17,9.35
2004-03-16,9.25
2004-03-15,9.29
2004-03-12,9.18
2004-03-11,8.85
2004-03-10,9.2
2004-03-09,9.81
2004-03-08,9.9
2004-03-05,9.77
2004-03-04,9.8
2004-03-03,9.75
2004-03-02,9.84
2004-03-01,9.79
2004-02-27,9.7
2004-02-26,9.5
2004-02-25,9.5
2004-02-24,9.5
2004-02-23,9.45
2004-02-20,9.52
2004-02-19,9.37
2004-02-18,9.37
2004-02-17,9.39
2004-02-16,9.43
2004-02-13,9.31
2004-02-12,9.4
2004-02-11,9.29
2004-02-10,9.3
2004-02-09,9.3
2004-02-06,9.37
2004-02-05,9.41
2004-02-04,9.43
2004-02-03,9.5
2004-02-02,9.5
2004-01-30,9.7
2004-01-29,9.7
2004-01-28,9.77
2004-01-27,9.78
2004-01-26,9.96
2004-01-23,9.94
2004-01-22,9.95
2004-01-21,9.83
2004-01-20,9.78
2004-01-19,9.98
2004-01-16,9.8
2004-01-15,10.2
2004-01-14,10.0
2004-01-13,9.97
2004-01-12,9.41
2004-01-09,9.2
2004-01-08,9.42
2004-01-07,9.56
2004-01-06,10.38
2004-01-05,10.4
2004-01-02,10.41
2004-01-01,10.46
2003-12-31,10.46
2003-12-30,10.49
2003-12-29,10.49
2003-12-26,10.5
2003-12-25,10.5
2003-12-24,10.5
2003-12-23,10.5
2003-12-22,10.37
2003-12-19,10.7
2003-12-18,10.83
2003-12-17,10.61
2003-12-16,10.9
2003-12-15,10.63
2003-12-12,10.11
2003-12-11,10.0
2003-12-10,9.9
2003-12-09,9.8
2003-12-08,9.4
2003-12-05,9.3
2003-12-04,9.39
2003-12-03,9.4
2003-12-02,9.45
2003-12-01,9.05
2003-11-28,8.8
2003-11-27,9.34
2003-11-26,9.36
2003-11-25,9.55
2003-11-24,9.44
2003-11-21,9.74
2003-11-20,9.57
2003-11-19,10.07
2003-11-18,9.65
2003-11-17,9.2
2003-11-14,9.3
2003-11-13,8.99
2003-11-12,8.76
2003-11-11,8.8
2003-11-10,8.74
2003-11-07,8.4
2003-11-06,8.2
2003-11-05,8.25
2003-11-04,8.31
2003-11-03,8.3
2003-10-31,8.1
2003-10-30,7.54
2003-10-29,7.31
2003-10-28,7.15
2003-10-27,7.19
2003-10-24,7.14
2003-10-23,7.0
2003-10-22,7.0
2003-10-21,6.97
2003-10-20,6.95
2003-10-17,6.94
2003-10-16,6.92
2003-10-15,6.95
2003-10-14,6.93
2003-10-13,6.93
2003-10-10,6.86
2003-10-09,6.89
2003-10-08,6.9
2003-10-07,6.87
2003-10-06,6.8
2003-10-03,6.75
2003-10-02,6.68
2003-10-01,6.73
2003-09-30,6.76
2003-09-29,6.8
2003-09-26,6.75
2003-09-25,6.75
2003-09-24,6.8
2003-09-23,6.79
2003-09-22,6.8
2003-09-19,6.91
2003-09-18,6.84
2003-09-17,6.77
2003-09-16,6.88
2003-09-15,6.9
2003-09-12,6.88
2003-09-11,6.89
2003-09-10,6.92
2003-09-09,6.92
2003-09-08,6.95
2003-09-05,7.0
2003-09-04,6.92
2003-09-03,7.0
2003-09-02,7.01
2003-09-01,6.97
2003-08-29,6.98
2003-08-28,7.01
2003-08-27,6.95
2003-08-26,6.99
2003-08-25,7.05
2003-08-22,7.0
2003-08-21,7.0
2003-08-20,6.98
2003-08-19,7.0
2003-08-18,6.99
2003-08-15,7.0
2003-08-14,6.99
2003-08-13,6.97
2003-08-12,6.9
2003-08-11,6.82
2003-08-08,6.76
2003-08-07,6.78
2003-08-06,6.83
2003-08-05,6.73
2003-08-04,6.79
2003-08-01,6.88
2003-07-31,6.98
2003-07-30,6.96
2003-07-29,6.94
2003-07-28,6.9
2003-07-25,6.92
2003-07-24,6.95
2003-07-23,7.0
2003-07-22,6.93
2003-07-21,6.97
2003-07-18,6.97
2003-07-17,7.05
2003-07-16,7.1
2003-07-15,7.05
2003-07-14,7.04
2003-07-11,7.0
2003-07-10,7.05
2003-07-09,7.15
2003-07-08,7.13
2003-07-07,6.93
2003-07-04,6.85
2003-07-03,6.91
2003-07-02,6.94
2003-07-01,6.9
2003-06-30,6.89
2003-06-27,6.83
2003-06-26,6.72
2003-06-25,6.7
2003-06-24,6.78
2003-06-23,6.89
2003-06-20,6.88
2003-06-19,6.95
2003-06-18,6.95
2003-06-17,6.88
2003-06-16,6.85
2003-06-13,6.83
2003-06-12,6.86
2003-06-11,6.93
2003-06-10,6.95
2003-06-09,6.98
2003-06-06,6.99
2003-06-05,6.99
2003-06-04,6.89
2003-06-03,6.87
2003-06-02,6.93
2003-05-30,6.76
2003-05-29,7.0
2003-05-28,7.08
2003-05-27,6.98
2003-05-26,6.87
2003-05-23,6.98
2003-05-22,6.87
2003-05-21,6.84
2003-05-20,7.0
2003-05-19,6.98
2003-05-16,7.03
2003-05-15,6.99
2003-05-14,6.94
2003-05-13,6.85
2003-05-12,6.88
2003-05-09,6.86
2003-05-08,6.98
2003-05-07,6.95
2003-05-06,7.03
2003-05-05,7.0
2003-05-02,7.09
2003-05-01,7.09
2003-04-30,7.09
2003-04-29,6.89
2003-04-28,6.93
2003-04-25,6.9
2003-04-24,6.91
2003-04-23,6.95
2003-04-22,6.86
2003-04-21,7.0
2003-04-18,7.0
2003-04-17,7.0
2003-04-16,7.05
2003-04-15,7.0
2003-04-14,6.91
2003-04-11,7.0
2003-04-10,7.0
2003-04-09,6.91
2003-04-08,6.92
2003-04-07,7.22
2003-04-04,7.1
2003-04-03,6.85
2003-04-02,6.8
2003-04-01,6.64
2003-03-31,6.6
2003-03-28,6.75
2003-03-27,6.58
2003-03-26,6.35
2003-03-25,6.14
2003-03-24,6.1
2003-03-21,6.1
2003-03-20,5.95
2003-03-19,6.0
2003-03-18,6.03
2003-03-17,5.96
2003-03-14,6.13
2003-03-13,6.16
2003-03-12,6.1
2003-03-11,6.1
2003-03-10,6.13
2003-03-07,6.2
2003-03-06,6.19
2003-03-05,6.17
2003-03-04,6.25
2003-03-03,6.29
2003-02-28,6.22
2003-02-27,6.13
2003-02-26,6.02
2003-02-25,6.12
2003-02-24,6.25
2003-02-21,6.35
2003-02-20,6.25
2003-02-19,6.29
2003-02-18,6.5
2003-02-17,6.59
2003-02-14,6.58
2003-02-13,6.6
2003-02-12,6.63
2003-02-11,6.69
2003-02-10,6.68
2003-02-07,6.7
2003-02-06,6.7
2003-02-05,6.64
2003-02-04,6.53
2003-02-03,6.44
2003-01-31,6.41
2003-01-30,6.35
2003-01-29,6.4
2003-01-28,6.49
2003-01-27,6.43
2003-01-24,6.58
2003-01-23,6.5
2003-01-22,6.65
2003-01-21,6.66
2003-01-20,6.75
2003-01-17,6.7
2003-01-16,6.75
2003-01-15,6.76
2003-01-14,6.8
2003-01-13,6.78
2003-01-10,6.92
2003-01-09,6.9
2003-01-08,6.76
2003-01-07,6.8
2003-01-06,6.86
2003-01-03,6.95
2003-01-02,6.82
2003-01-01,6.95
2002-12-31,6.95
2002-12-30,7.2
2002-12-27,7.28
2002-12-26,7.29
2002-12-25,7.29
2002-12-24,7.29
2002-12-23,7.29
2002-12-20,7.29
2002-12-19,7.3
2002-12-18,7.3
2002-12-17,7.4
2002-12-16,7.58
2002-12-13,7.6
2002-12-12,7.45
2002-12-11,7.5
2002-12-10,7.45
2002-12-09,7.38
2002-12-06,7.35
2002-12-05,7.05
2002-12-04,6.99
2002-12-03,7.0
2002-12-02,6.99
2002-11-29,7.0
2002-11-28,7.0
2002-11-27,6.89
2002-11-26,6.8
2002-11-25,6.94
2002-11-22,6.92
2002-11-21,6.96
2002-11-20,6.99
2002-11-19,7.02
2002-11-18,7.0
2002-11-15,7.0
2002-11-14,6.99
2002-11-13,6.75
2002-11-12,6.85
2002-11-11,6.95
2002-11-08,6.6
2002-11-07,6.4
2002-11-06,6.74
2002-11-05,6.5
2002-11-04,6.4
2002-11-01,6.05
2002-10-31,6.05
2002-10-30,5.8
2002-10-29,5.4
2002-10-28,5.42
2002-10-25,5.5
2002-10-24,5.5
2002-10-23,5.65
2002-10-22,5.67
2002-10-21,5.7
2002-10-18,5.65
2002-10-17,5.75
2002-10-16,5.71
2002-10-15,5.8
2002-10-14,5.91
2002-10-11,5.91
2002-10-10,5.94
2002-10-09,5.97
2002-10-08,5.95
2002-10-07,5.85
2002-10-04,5.9
2002-10-03,5.8
2002-10-02,5.85
2002-10-01,5.84
2002-09-30,5.85
2002-09-27,6.12
2002-09-26,6.38
2002-09-25,6.39
2002-09-24,6.17
2002-09-23,6.0
2002-09-20,5.98
2002-09-19,6.05
2002-09-18,6.03
2002-09-17,6.14
2002-09-16,6.2
2002-09-13,6.16
2002-09-12,6.2
2002-09-11,6.27
2002-09-10,6.23
2002-09-09,6.24
2002-09-06,6.16
2002-09-05,6.1
2002-09-04,6.15
2002-09-03,6.3
2002-09-02,6.65
2002-08-30,6.89
2002-08-29,6.88
2002-08-28,6.99
2002-08-27,6.8
2002-08-26,6.49
2002-08-23,6.45
2002-08-22,6.42
2002-08-21,6.08
2002-08-20,5.98
2002-08-19,6.0
2002-08-16,6.04
2002-08-15,6.02
2002-08-14,6.02
2002-08-13,6.02
2002-08-12,6.06
2002-08-09,6.15
2002-08-08,6.1
2002-08-07,5.91
2002-08-06,6.05
2002-08-05,6.15
2002-08-02,6.25
2002-08-01,6.35
2002-07-31,6.36
2002-07-30,6.4
2002-07-29,6.79
2002-07-26,6.5
2002-07-25,6.5
2002-07-24,6.5
2002-07-23,6.75
2002-07-22,6.9
2002-07-19,6.98
2002-07-18,7.07
2002-07-17,7.2
2002-07-16,7.25
2002-07-15,7.23
2002-07-12,7.38
2002-07-11,7.38
2002-07-10,7.49
2002-07-09,7.1
2002-07-08,7.18
2002-07-05,7.01
2002-07-04,7.0
2002-07-03,6.67
2002-07-02,6.9
2002-07-01,7.0
2002-06-28,7.16
2002-06-27,7.15
2002-06-26,7.0
2002-06-25,7.0
2002-06-24,6.72
2002-06-21,6.85
2002-06-20,6.76
2002-06-19,6.75
2002-06-18,6.9
2002-06-17,6.93
2002-06-14,7.11
2002-06-13,6.99
2002-06-12,6.9
2002-06-11,7.04
2002-06-10,7.26
2002-06-07,7.26
2002-06-06,7.5
2002-06-05,7.55
2002-06-04,7.51
2002-06-03,7.36
2002-05-31,7.35
2002-05-30,7.6
2002-05-29,7.6
2002-05-28,7.67
2002-05-27,7.71
2002-05-24,7.86
2002-05-23,7.8
2002-05-22,7.17
2002-05-21,7.2
2002-05-20,7.3
2002-05-17,7.35
2002-05-16,7.5
2002-05-15,7.7
2002-05-14,7.84
2002-05-13,7.8
2002-05-10,7.84
2002-05-09,7.83
2002-05-08,7.88
2002-05-07,7.48
2002-05-06,7.95
2002-05-03,7.98
2002-05-02,8.3
2002-05-01,9.25
2002-04-30,9.25
2002-04-29,9.2
2002-04-26,9.0
2002-04-25,9.0
2002-04-24,9.0
2002-04-23,9.18
2002-04-22,9.18
2002-04-19,8.97
2002-04-18,9.04
2002-04-17,9.04
2002-04-16,9.25
2002-04-15,9.15
2002-04-12,9.15
2002-04-11,9.2
2002-04-10,9.19
2002-04-09,9.0
2002-04-08,8.8
2002-04-05,8.85
2002-04-04,8.96
2002-04-03,8.95
2002-04-02,8.9
2002-04-01,8.99
2002-03-29,8.99
2002-03-28,8.99
2002-03-27,8.99
2002-03-26,8.69
2002-03-25,8.7
2002-03-22,8.6
2002-03-21,8.29
2002-03-20,8.5
2002-03-19,8.57
2002-03-18,8.53
2002-03-15,8.55
2002-03-14,8.55
2002-03-13,8.4
2002-03-12,8.28
2002-03-11,8.53
2002-03-08,8.44
2002-03-07,8.35
2002-03-06,8.3
2002-03-05,8.25
2002-03-04,8.23
2002-03-01,8.02
2002-02-28,8.3
2002-02-27,8.1
2002-02-26,8.0
2002-02-25,7.8
2002-02-22,7.75
2002-02-21,7.78
2002-02-20,7.75
2002-02-19,7.7
2002-02-18,7.7
2002-02-15,7.75
2002-02-14,7.9
2002-02-13,7.89
2002-02-12,7.9
2002-02-11,7.9
2002-02-08,8.0
2002-02-07,8.0
2002-02-06,7.99
2002-02-05,8.05
2002-02-04,8.25
2002-02-01,8.3
2002-01-31,8.44
2002-01-30,8.49
2002-01-29,8.15
2002-01-28,8.3
2002-01-25,8.33
2002-01-24,8.8
2002-01-23,8.86
2002-01-22,9.0
2002-01-21,9.0
2002-01-18,8.88
2002-01-17,8.99
2002-01-16,8.98
2002-01-15,9.05
2002-01-14,8.85
2002-01-11,8.9
2002-01-10,9.03
2002-01-09,8.9
2002-01-08,9.0
2002-01-07,8.99
2002-01-04,9.2
2002-01-03,9.24
2002-01-02,9.18
2002-01-01,9.25
2001-12-31,9.25
2001-12-28,9.25
2001-12-27,9.2
2001-12-26,9.0
2001-12-25,9.0
2001-12-24,9.0
2001-12-21,9.0
2001-12-20,8.85
2001-12-19,9.1
2001-12-18,9.14
2001-12-17,9.04
2001-12-14,9.2
2001-12-13,9.1
2001-12-12,9.09
2001-12-11,9.4
2001-12-10,8.89
2001-12-07,8.84
2001-12-06,8.45
2001-12-05,8.24
2001-12-04,8.0
2001-12-03,7.99
2001-11-30,8.13
2001-11-29,8.45
2001-11-28,7.9
2001-11-27,7.9
2001-11-26,7.88
2001-11-23,7.93
2001-11-22,7.9
2001-11-21,7.89
2001-11-20,7.85
2001-11-19,7.9
2001-11-16,7.95
2001-11-15,7.97
2001-11-14,7.97
2001-11-13,8.0
2001-11-12,8.0
2001-11-09,7.9
2001-11-08,7.85
2001-11-07,7.85
2001-11-06,7.6
2001-11-05,7.55
2001-11-02,7.35
2001-11-01,7.44
2001-10-31,7.44
2001-10-30,7.0
2001-10-29,7.24
2001-10-26,7.5
2001-10-25,7.5
2001-10-24,7.81
2001-10-23,8.06
2001-10-22,8.38
2001-10-19,7.75
2001-10-18,7.1
2001-10-17,7.03
2001-10-16,6.38
2001-10-15,6.38
2001-10-12,6.35
2001-10-11,6.25
2001-10-10,6.09
2001-10-09,5.96
2001-10-08,5.85
2001-10-05,5.75
2001-10-04,5.75
2001-10-03,5.61
2001-10-02,5.78
2001-10-01,6.0
2001-09-28,6.2
2001-09-27,6.2
2001-09-26,6.03
2001-09-25,6.12
2001-09-24,6.38
2001-09-21,6.2
2001-09-20,6.26
2001-09-19,6.35
2001-09-18,6.3
2001-09-17,6.3
2001-09-14,6.5
2001-09-13,6.6
2001-09-12,6.65
2001-09-11,7.0
2001-09-10,7.13
2001-09-07,7.3
2001-09-06,7.5
2001-09-05,7.36
2001-09-04,7.49
2001-09-03,7.67
2001-08-31,7.76
2001-08-30,7.77
2001-08-29,7.85
2001-08-28,7.8
2001-08-27,7.84
2001-08-24,7.8
2001-08-23,7.64
2001-08-22,7.73
2001-08-21,7.7
2001-08-20,7.72
2001-08-17,7.8
2001-08-16,7.84
2001-08-15,7.86
2001-08-14,7.86
2001-08-13,7.98
2001-08-10,7.83
2001-08-09,7.9
2001-08-08,7.88
2001-08-07,7.93
2001-08-06,7.98
2001-08-03,7.85
2001-08-02,7.9
2001-08-01,8.0
2001-07-31,7.85
2001-07-30,7.93
2001-07-27,7.89
2001-07-26,7.85
2001-07-25,7.85
2001-07-24,7.81
2001-07-23,7.75
2001-07-20,7.78
2001-07-19,7.87
2001-07-18,7.65
2001-07-17,7.52
2001-07-16,7.6
2001-07-13,7.42
2001-07-12,7.42
2001-07-11,7.42
2001-07-10,7.53
2001-07-09,7.71
2001-07-06,7.78
2001-07-05,7.8
2001-07-04,7.82
2001-07-03,7.76
2001-07-02,7.76
2001-06-29,7.6
2001-06-28,7.72
2001-06-27,7.4
2001-06-26,7.35
2001-06-25,7.28
2001-06-22,7.26
2001-06-21,7.18
2001-06-20,7.35
2001-06-19,7.67
2001-06-18,7.8
2001-06-15,7.7
2001-06-14,7.81
2001-06-13,7.81
2001-06-12,7.93
2001-06-11,8.01
2001-06-08,8.15
2001-06-07,8.13
2001-06-06,8.1
2001-06-05,8.11
2001-06-04,8.05
2001-06-01,8.05
2001-05-31,8.1
2001-05-30,8.11
2001-05-29,8.39
2001-05-28,8.39
2001-05-25,7.95
2001-05-24,7.99
2001-05-23,7.99
2001-05-22,7.96
2001-05-21,8.0
2001-05-18,7.94
2001-05-17,8.0
2001-05-16,7.97
2001-05-15,7.96
2001-05-14,7.9
2001-05-11,7.97
2001-05-10,7.89
2001-05-09,7.81
2001-05-08,7.75
2001-05-07,7.79
2001-05-04,7.79
2001-05-03,7.89
2001-05-02,7.76
2001-05-01,7.8
2001-04-30,7.8
2001-04-27,7.52
2001-04-26,7.7
2001-04-25,7.78
2001-04-24,7.78
2001-04-23,7.7
2001-04-20,7.75
2001-04-19,7.91
2001-04-18,7.96
2001-04-17,7.86
2001-04-16,8.0
2001-04-13,8.0
2001-04-12,8.0
2001-04-11,7.93
2001-04-10,7.94
2001-04-09,7.5
2001-04-06,7.41
2001-04-05,7.5
2001-04-04,7.58
2001-04-03,7.78
2001-04-02,7.7
2001-03-30,8.1
2001-03-29,8.9
2001-03-28,8.9
2001-03-27,8.07
2001-03-26,8.0
2001-03-23,8.0
2001-03-22,7.84
2001-03-21,7.89
2001-03-20,7.9
2001-03-19,7.6
2001-03-16,8.0
2001-03-15,8.81
2001-03-14,25.9
2001-03-13,9.2
2001-03-12,9.05
2001-03-09,9.1
2001-03-08,9.6
2001-03-07,9.98
2001-03-06,9.96
2001-03-05,9.9
2001-03-02,10.04
2001-03-01,10.05
2001-02-28,10.5
2001-02-27,10.8
2001-02-26,10.8
2001-02-23,10.8
2001-02-22,10.9
2001-02-21,10.99
2001-02-20,11.05
2001-02-19,11.01
2001-02-16,11.08
2001-02-15,11.06
2001-02-14,11.15
2001-02-13,11.15
2001-02-12,11.1
2001-02-09,11.05
2001-02-08,11.17
2001-02-07,11.3
2001-02-06,11.15
2001-02-05,11.1
2001-02-02,11.2
2001-02-01,11.26
2001-01-31,11.3
2001-01-30,11.36
2001-01-29,11.39
2001-01-26,28.126
2001-01-25,11.66
2001-01-24,28.938
2001-01-23,11.5
2001-01-22,11.65
2001-01-19,11.8
2001-01-18,11.48
2001-01-17,11.48
2001-01-16,11.3
2001-01-15,11.5
2001-01-12,11.59
2001-01-11,11.25
2001-01-10,11.22
2001-01-09,11.2
2001-01-08,11.2
2001-01-05,11.38
2001-01-04,11.25
2001-01-03,11.0
2001-01-02,11.1
2001-01-01,11.0
2000-12-29,11.0
2000-12-28,11.2
2000-12-27,11.56
2000-12-26,27.5
2000-12-22,11.75
2000-12-21,12.1
2000-12-20,12.26
2000-12-19,12.95
2000-12-18,12.8
2000-12-15,13.3
2000-12-14,13.41
2000-12-13,13.1
2000-12-12,13.0
2000-12-11,12.97
2000-12-08,12.68
2000-12-07,12.68
2000-12-06,12.65
2000-12-05,12.9
2000-12-04,12.9
2000-12-01,12.75
2000-11-30,12.75
2000-11-29,12.7
2000-11-28,11.96
2000-11-27,11.65
2000-11-24,11.45
2000-11-23,11.18
2000-11-22,11.01
2000-11-21,11.39
2000-11-20,11.65
2000-11-17,11.97
2000-11-16,11.73
2000-11-15,12.1
2000-11-14,11.95
2000-11-13,11.07
2000-11-10,11.99
2000-11-09,12.5
2000-11-08,12.5
2000-11-07,12.61
2000-11-06,12.5
2000-11-03,13.15
2000-11-02,11.9
2000-11-01,10.61
2000-10-31,10.61
2000-10-30,10.61
2000-10-27,9.98
2000-10-26,9.83
2000-10-25,10.0
2000-10-24,10.05
2000-10-23,10.0
2000-10-20,10.1
2000-10-19,10.09
2000-10-18,10.0
2000-10-17,10.76
2000-10-16,11.3
2000-10-13,11.34
2000-10-12,11.8
2000-10-11,11.81
2000-10-10,12.0
2000-10-09,11.8
2000-10-06,11.92
2000-10-05,11.75
2000-10-04,11.75
2000-10-03,12.0
2000-10-02,12.28
2000-09-29,12.5
2000-09-28,12.11
2000-09-27,12.13
2000-09-26,12.15
2000-09-25,12.54
2000-09-22,12.5
2000-09-21,12.28
2000-09-20,12.26
2000-09-19,12.66
2000-09-18,12.65
2000-09-15,12.81
2000-09-14,13.0
2000-09-13,13.09
2000-09-12,13.2
2000-09-11,12.99
2000-09-08,12.7
2000-09-07,12.5
2000-09-06,13.4
2000-09-05,16.0
2000-09-04,15.87
2000-09-01,16.11
2000-08-31,16.06
2000-08-30,16.0
2000-08-29,15.96
2000-08-28,15.95
2000-08-25,16.15
2000-08-24,15.99
2000-08-23,15.87
2000-08-22,16.0
2000-08-21,16.15
2000-08-18,16.05
2000-08-17,15.95
2000-08-16,16.02
2000-08-15,16.15
2000-08-14,16.15
2000-08-11,16.16
2000-08-10,16.35
2000-08-09,16.35
2000-08-08,16.15
2000-08-07,16.45
2000-08-04,16.2
2000-08-03,15.9
2000-08-02,16.14
2000-08-01,16.3
2000-07-31,16.5
2000-07-28,16.56
2000-07-27,16.94
2000-07-26,16.94
2000-07-25,17.0
2000-07-24,17.55
2000-07-21,17.55
2000-07-20,17.38
2000-07-19,17.34
2000-07-18,17.23
2000-07-17,17.27
2000-07-14,17.4
2000-07-13,17.43
2000-07-12,17.59
2000-07-11,17.17
2000-07-10,17.23
2000-07-07,17.37
2000-07-06,17.37
2000-07-05,17.4
2000-07-04,17.4
2000-07-03,17.44
2000-06-30,17.26
2000-06-29,17.05
2000-06-28,17.69
2000-06-27,17.93
2000-06-26,17.85
2000-06-23,17.99
2000-06-22,18.0
2000-06-21,18.0
2000-06-20,18.31
2000-06-19,18.51
2000-06-16,18.51
2000-06-15,19.05
2000-06-14,18.7
2000-06-13,18.15
2000-06-12,17.53
2000-06-09,17.79
2000-06-08,17.4
2000-06-07,17.1
2000-06-06,17.13
2000-06-05,17.12
2000-06-02,17.6
2000-06-01,17.25
2000-05-31,16.91
2000-05-30,16.92
2000-05-29,17.2
2000-05-26,17.16
2000-05-25,17.57
2000-05-24,18.0
2000-05-23,17.1
2000-05-22,16.22
2000-05-19,16.86
2000-05-18,17.31
2000-05-17,17.52
2000-05-16,17.88
2000-05-15,17.88
2000-05-12,17.75
2000-05-11,17.8
2000-05-10,17.72
2000-05-09,18.02
2000-05-08,18.02
2000-05-05,18.55
2000-05-04,18.7
2000-05-03,18.85
2000-05-02,19.1
2000-05-01,19.62
2000-04-28,19.62
2000-04-27,18.92
2000-04-26,18.92
2000-04-25,19.17
2000-04-24,19.17
2000-04-21,19.17
2000-04-20,19.17
2000-04-19,19.37
2000-04-18,19.0
2000-04-17,19.09
2000-04-14,19.89
2000-04-13,20.45
2000-04-12,19.08
2000-04-11,20.45
2000-04-10,20.77
2000-04-07,20.9
2000-04-06,20.8
2000-04-05,20.25
2000-04-04,20.0
2000-04-03,20.65
2000-03-31,18.95
2000-03-30,17.95
2000-03-29,18.5
2000-03-28,19.0
2000-03-27,19.0
2000-03-24,19.05
2000-03-23,19.0
2000-03-22,19.05
2000-03-21,19.15
2000-03-20,19.4
2000-03-17,19.55
2000-03-16,20.0
2000-03-15,19.85
2000-03-14,20.0
2000-03-13,19.36
2000-03-10,19.47
2000-03-09,19.3
2000-03-08,19.95
2000-03-07,20.45
2000-03-06,20.45
2000-03-03,20.6
2000-03-02,20.75
2000-03-01,20.84
2000-02-29,21.0
2000-02-28,21.0
2000-02-25,21.1
2000-02-24,20.73
2000-02-23,21.15
2000-02-22,21.3
2000-02-21,21.38
2000-02-18,21.8
2000-02-17,21.02
2000-02-16,21.31
2000-02-15,21.09
2000-02-14,21.68
2000-02-11,22.0
2000-02-10,22.02
2000-02-09,22.47
2000-02-08,22.5
2000-02-07,22.59
2000-02-04,22.4
2000-02-03,22.45
2000-02-02,22.08
2000-02-01,22.17
2000-01-31,22.15
2000-01-28,22.64
2000-01-27,22.89
2000-01-26,22.97
2000-01-25,22.72
2000-01-24,23.2
2000-01-21,23.19
2000-01-20,23.18
2000-01-19,23.17
2000-01-18,23.3
2000-01-17,23.69
2000-01-14,23.65
2000-01-13,24.12
2000-01-12,23.2
2000-01-11,23.38
2000-01-10,23.16
2000-01-07,23.6
2000-01-06,23.2
2000-01-05,22.76
2000-01-04,23.54
2000-01-03,25.15
