,mar:pl
2018-11-23,0.496
2018-11-22,0.492
2018-11-21,0.495
2018-11-20,0.5
2018-11-19,0.5
2018-11-16,0.506
2018-11-15,0.502
2018-11-14,0.51
2018-11-13,0.486
2018-11-12,0.499
2018-11-09,0.479
2018-11-08,0.48
2018-11-07,0.476
2018-11-06,0.476
2018-11-05,0.489
2018-11-02,0.489
2018-11-01,0.483
2018-10-31,0.489
2018-10-30,0.495
2018-10-29,0.48
2018-10-26,0.459
2018-10-25,0.459
2018-10-24,0.46
2018-10-23,0.429
2018-10-22,0.435
2018-10-19,0.43
2018-10-18,0.42
2018-10-17,0.42
2018-10-16,0.43
2018-10-15,0.395
2018-10-12,0.38
2018-10-11,0.374
2018-10-10,0.39
2018-10-09,0.407
2018-10-08,0.409
2018-10-05,0.414
2018-10-04,0.415
2018-10-03,0.416
2018-10-02,0.418
2018-10-01,0.419
2018-09-28,0.422
2018-09-27,0.436
2018-09-26,0.437
2018-09-25,0.43
2018-09-24,0.435
2018-09-21,0.437
2018-09-20,0.449
2018-09-19,0.427
2018-09-18,0.397
2018-09-17,0.389
2018-09-14,0.385
2018-09-13,0.39
2018-09-12,0.39
2018-09-11,0.408
2018-09-10,0.402
2018-09-07,0.418
2018-09-06,0.439
2018-09-05,0.455
2018-09-04,0.447
2018-09-03,0.46
2018-08-31,0.49
2018-08-30,0.572
2018-08-29,0.52
2018-08-28,0.528
2018-08-27,0.496
2018-08-24,0.499
2018-08-23,0.47
2018-08-22,0.469
2018-08-21,0.465
2018-08-20,0.47
2018-08-17,0.47
2018-08-16,0.469
2018-08-15,0.454
2018-08-14,0.46
2018-08-13,0.46
2018-08-10,0.46
2018-08-09,0.43
2018-08-08,0.399
2018-08-07,0.4
2018-08-06,0.394
2018-08-03,0.399
2018-08-02,0.403
2018-08-01,0.405
2018-07-31,0.41
2018-07-30,0.412
2018-07-27,0.409
2018-07-26,0.41
2018-07-25,0.419
2018-07-24,0.419
2018-07-23,0.419
2018-07-20,0.358
2018-07-19,0.35
2018-07-18,0.357
2018-07-17,0.357
2018-07-16,0.357
2018-07-13,0.357
2018-07-11,0.359
2018-07-10,0.359
2018-07-09,0.357
2018-07-06,0.357
2018-07-05,0.357
2018-07-04,0.359
2018-07-03,0.355
2018-07-02,0.355
2018-06-29,0.358
2018-06-28,0.358
2018-06-27,0.358
2018-06-26,0.35
2018-06-25,0.36
2018-06-23,0.358
2018-06-22,0.358
2018-06-21,0.355
2018-06-20,0.358
2018-06-19,0.358
2018-06-18,0.358
2018-06-15,0.345
2018-06-14,0.35
2018-06-13,0.358
2018-06-12,0.35
2018-06-11,0.36
2018-06-08,0.35
2018-06-07,0.348
2018-06-06,0.358
2018-06-05,0.363
2018-06-04,0.362
2018-06-01,0.359
2018-05-31,0.349
2018-05-30,0.349
2018-05-29,0.338
2018-05-28,0.35
2018-05-25,0.352
2018-05-24,0.357
2018-05-23,0.358
2018-05-22,0.358
2018-05-21,0.36
2018-05-18,0.352
2018-05-17,0.36
2018-05-16,0.351
2018-05-15,0.355
2018-05-14,0.355
2018-05-08,0.349
2018-05-07,0.357
2018-05-04,0.363
2018-05-03,0.359
2018-05-02,0.358
2018-04-30,0.361
2018-04-27,0.361
2018-04-26,0.363
2018-04-25,0.364
2018-04-24,0.37
2018-04-23,0.37
2018-04-20,0.38
2018-04-19,0.366
2018-04-18,0.371
2018-04-17,0.386
2018-04-16,0.336
2018-04-13,0.348
2018-04-12,0.347
2018-04-11,0.341
2018-04-10,0.341
2018-04-09,0.34
2018-04-06,0.34
2018-04-05,0.331
2018-04-04,0.328
2018-04-03,0.34
2018-03-29,0.337
2018-03-28,0.334
2018-03-27,0.344
2018-03-26,0.329
2018-03-23,0.325
2018-03-22,0.35
2018-03-21,0.355
2018-03-20,0.351
2018-03-19,0.36
2018-03-16,0.358
2018-03-15,0.365
2018-03-14,0.365
2018-03-13,0.355
2018-03-12,0.365
2018-03-09,0.356
2018-03-08,0.355
2018-03-07,0.355
2018-03-06,0.356
2018-03-02,0.361
2018-03-01,0.365
2018-02-28,0.37
2018-02-27,0.37
2018-02-26,0.369
2018-02-23,0.359
2018-02-22,0.367
2018-02-21,0.353
2018-02-20,0.369
2018-02-19,0.37
2018-02-16,0.373
2018-02-15,0.362
2018-02-14,0.37
2018-02-13,0.375
2018-02-12,0.375
2018-02-09,0.364
2018-02-08,0.37
2018-02-07,0.369
2018-02-06,0.365
2018-02-05,0.382
2018-02-02,0.39
2018-02-01,0.38
2018-01-31,0.385
2018-01-30,0.381
2018-01-29,0.393
2018-01-26,0.39
2018-01-25,0.397
2018-01-24,0.396
2018-01-23,0.404
2018-01-22,0.416
2018-01-19,0.391
2018-01-18,0.381
2018-01-17,0.38
2018-01-16,0.382
2018-01-15,0.383
2018-01-12,0.38
2018-01-11,0.388
2018-01-10,0.374
2018-01-09,0.368
2018-01-08,0.36
2018-01-05,0.36
2018-01-04,0.359
2018-01-03,0.358
2018-01-02,0.347
2017-12-29,0.326
2017-12-28,0.32
2017-12-27,0.32
2017-12-22,0.325
2017-12-21,0.328
2017-12-20,0.344
2017-12-19,0.351
2017-12-18,0.355
2017-12-15,0.356
2017-12-14,0.359
2017-12-13,0.346
2017-12-12,0.368
2017-12-11,0.363
2017-12-08,0.367
2017-12-07,0.37
2017-12-06,0.377
2017-12-05,0.379
2017-12-04,0.38
2017-12-01,0.378
2017-11-30,0.378
2017-11-29,0.375
2017-11-28,0.368
2017-11-27,0.384
2017-11-24,0.385
2017-11-23,0.392
2017-11-22,0.392
2017-11-21,0.39
2017-11-20,0.379
2017-11-17,0.38
2017-11-16,0.376
2017-11-15,0.381
2017-11-14,0.389
2017-11-13,0.396
2017-11-10,0.409
2017-11-09,0.409
2017-11-08,0.416
2017-11-07,0.417
2017-11-06,0.422
2017-11-03,0.426
2017-11-02,0.435
2017-11-01,0.428
2017-10-31,0.415
2017-10-30,0.391
2017-10-27,0.39
2017-10-26,0.388
2017-10-25,0.387
2017-10-24,0.39
2017-10-23,0.399
2017-10-20,0.397
2017-10-19,0.395
2017-10-18,0.39
2017-10-17,0.389
2017-10-16,0.39
2017-10-13,0.392
2017-10-12,0.397
2017-10-11,0.388
2017-10-10,0.393
2017-10-09,0.396
2017-10-06,0.386
2017-10-05,0.398
2017-10-04,0.394
2017-10-03,0.408
2017-10-02,0.37
2017-09-29,0.368
2017-09-28,0.371
2017-09-27,0.368
2017-09-26,0.354
2017-09-25,0.357
2017-09-22,0.357
2017-09-21,0.355
2017-09-20,0.365
2017-09-19,0.365
2017-09-18,0.357
2017-09-15,0.348
2017-09-14,0.345
2017-09-13,0.357
2017-09-12,0.35
2017-09-11,0.335
2017-09-07,0.343
2017-09-06,0.357
2017-09-05,0.358
2017-09-04,0.352
2017-09-01,0.356
2017-08-31,0.368
2017-08-30,0.379
2017-08-29,0.368
2017-08-28,0.359
2017-08-25,0.366
2017-08-24,0.35
2017-08-23,0.341
2017-08-22,0.35
2017-08-21,0.355
2017-08-18,0.353
2017-08-17,0.35
2017-08-16,0.355
2017-08-15,0.346
2017-08-14,0.34
2017-08-11,0.34
2017-08-10,0.361
2017-08-09,0.369
2017-08-08,0.37
2017-08-07,0.369
2017-08-04,0.363
2017-08-03,0.382
2017-08-02,0.362
2017-08-01,0.37
2017-07-31,0.374
2017-07-28,0.366
2017-07-27,0.38
2017-07-26,0.38
2017-07-25,0.372
2017-07-24,0.378
2017-07-21,0.36
2017-07-20,0.354
2017-07-19,0.36
2017-07-18,0.356
2017-07-17,0.361
2017-07-14,0.365
2017-07-13,0.355
2017-07-12,0.351
2017-07-11,0.346
2017-07-10,0.342
2017-07-07,0.337
2017-07-06,0.344
2017-07-05,0.354
2017-07-04,0.344
2017-07-03,0.352
2017-06-30,0.36
2017-06-29,0.35
2017-06-28,0.369
2017-06-27,0.343
2017-06-26,0.36
2017-06-23,0.336
2017-06-22,0.35
2017-06-21,0.347
2017-06-20,0.352
2017-06-19,0.355
2017-06-16,0.374
2017-06-15,0.384
2017-06-14,0.384
2017-06-13,0.381
2017-06-12,0.394
2017-06-09,0.382
2017-06-08,0.365
2017-06-07,0.4
2017-06-06,0.371
2017-06-05,0.365
2017-06-02,0.352
2017-06-01,0.29
2017-05-31,0.285
2017-05-30,0.286
2017-05-29,0.261
2017-05-26,0.261
2017-05-25,0.263
2017-05-24,0.268
2017-05-23,0.266
2017-05-22,0.27
2017-05-19,0.27
2017-05-18,0.263
2017-05-17,0.269
2017-05-16,0.262
2017-05-15,0.263
2017-05-12,0.279
2017-05-11,0.27
2017-05-10,0.271
2017-05-09,0.276
2017-05-08,0.265
2017-05-05,0.273
2017-05-04,0.269
2017-05-03,0.274
2017-05-02,0.271
2017-04-28,0.285
2017-04-27,0.285
2017-04-26,0.275
2017-04-25,0.263
2017-04-24,0.255
2017-04-21,0.256
2017-04-20,0.262
2017-04-19,0.269
2017-04-18,0.277
2017-04-13,0.298
2017-04-12,0.301
2017-04-11,0.286
2017-04-10,0.283
2017-04-07,0.285
2017-04-06,0.286
2017-04-05,0.288
2017-04-04,0.242
2017-04-03,0.242
2017-03-31,0.245
2017-03-30,0.25
2017-03-29,0.241
2017-03-28,0.239
2017-03-27,0.231
2017-03-24,0.232
2017-03-23,0.237
2017-03-22,0.234
2017-03-21,0.233
2017-03-20,0.24
2017-03-17,0.237
2017-03-16,0.218
2017-03-15,0.225
2017-03-14,0.23
2017-03-13,0.225
2017-03-10,0.247
2017-03-09,0.235
2017-03-08,0.181
2017-03-07,0.185
2017-03-06,0.185
2017-03-03,0.185
2017-03-02,0.181
2017-03-01,0.182
2017-02-28,0.185
2017-02-27,0.181
2017-02-24,0.181
2017-02-23,0.184
2017-02-22,0.18
2017-02-21,0.179
2017-02-20,0.184
2017-02-17,0.183
2017-02-16,0.181
2017-02-15,0.183
2017-02-14,0.18
2017-02-13,0.18
2017-02-10,0.176
2017-02-09,0.183
2017-02-08,0.182
2017-02-07,0.18
2017-02-06,0.184
2017-02-03,0.19
2017-02-02,0.187
2017-02-01,0.187
2017-01-31,0.185
2017-01-30,0.19
2017-01-27,0.19
2017-01-26,0.187
2017-01-25,0.186
2017-01-24,0.186
2017-01-23,0.186
2017-01-20,0.186
2017-01-19,0.186
2017-01-18,0.195
2017-01-17,0.189
2017-01-16,0.189
2017-01-13,0.196
2017-01-12,0.19
2017-01-11,0.186
2017-01-10,0.19
2017-01-09,0.194
2017-01-06,0.186
2017-01-05,0.196
2017-01-04,0.19
2017-01-03,0.19
2017-01-02,0.188
2016-12-31,0.19
2016-12-30,0.179
2016-12-29,0.181
2016-12-28,0.181
2016-12-27,0.183
2016-12-23,0.179
2016-12-22,0.18
2016-12-21,0.18
2016-12-20,0.18
2016-12-19,0.183
2016-12-16,0.183
2016-12-15,0.182
2016-12-14,0.181
2016-12-13,0.185
2016-12-12,0.181
2016-12-09,0.183
2016-12-08,0.188
2016-12-07,0.188
2016-12-06,0.185
2016-12-05,0.181
2016-12-02,0.183
2016-12-01,0.185
2016-11-30,0.18
2016-11-29,0.18
2016-11-28,0.188
2016-11-25,0.19
2016-11-24,0.184
2016-11-23,0.195
2016-11-22,0.196
2016-11-21,0.191
2016-11-18,0.191
2016-11-17,0.191
2016-11-16,0.2
2016-11-15,0.186
2016-11-14,0.196
2016-11-11,0.19
2016-11-10,0.19
2016-11-09,0.2
2016-11-08,0.185
2016-11-07,0.191
2016-11-04,0.2
2016-11-03,0.2
2016-11-02,0.198
2016-11-01,0.21
2016-10-31,0.197
2016-10-28,0.198
2016-10-27,0.197
2016-10-26,0.2
2016-10-25,0.2
2016-10-24,0.195
2016-10-21,0.195
2016-10-20,0.195
2016-10-19,0.195
2016-10-18,0.2
2016-10-17,0.197
2016-10-14,0.195
2016-10-13,0.192
2016-10-12,0.191
2016-10-11,0.191
2016-10-10,0.194
2016-10-07,0.19
2016-10-06,0.191
2016-10-04,0.191
2016-10-03,0.194
2016-09-30,0.194
2016-09-29,0.19
2016-09-28,0.181
2016-09-27,0.19
2016-09-26,0.195
2016-09-23,0.194
2016-09-22,0.195
2016-09-21,0.209
2016-09-20,0.2
2016-09-19,0.199
2016-09-16,0.202
2016-09-15,0.204
2016-09-14,0.206
2016-09-13,0.21
2016-09-12,0.21
2016-09-09,0.208
2016-09-08,0.215
2016-09-07,0.215
2016-09-05,0.208
2016-09-02,0.208
2016-09-01,0.207
2016-08-31,0.215
2016-08-30,0.203
2016-08-29,0.205
2016-08-26,0.206
2016-08-25,0.216
2016-08-24,0.211
2016-08-23,0.215
2016-08-22,0.218
2016-08-19,0.218
2016-08-18,0.217
2016-08-17,0.22
2016-08-16,0.223
2016-08-15,0.221
2016-08-12,0.219
2016-08-11,0.211
2016-08-10,0.219
2016-08-09,0.219
2016-08-08,0.211
2016-08-05,0.22
2016-08-04,0.215
2016-08-03,0.22
2016-08-02,0.21
2016-08-01,0.23
2016-07-29,0.229
2016-07-28,0.213
2016-07-27,0.23
2016-07-26,0.192
2016-07-25,0.192
2016-07-22,0.198
2016-07-21,0.193
2016-07-20,0.192
2016-07-18,0.198
2016-07-15,0.189
2016-07-14,0.189
2016-07-13,0.197
2016-07-12,0.197
2016-07-11,0.186
2016-07-08,0.194
2016-07-07,0.19
2016-07-06,0.197
2016-07-05,0.186
2016-07-04,0.187
2016-07-01,0.187
2016-06-30,0.198
2016-06-29,0.198
2016-06-28,0.185
2016-06-27,0.185
2016-06-24,0.197
2016-06-23,0.196
2016-06-22,0.212
2016-06-21,0.201
2016-06-20,0.188
2016-06-17,0.185
2016-06-16,0.175
2016-06-15,0.175
2016-06-14,0.175
2016-06-13,0.192
2016-06-10,0.193
2016-06-09,0.181
2016-06-08,0.184
2016-06-07,0.181
2016-06-06,0.18
2016-06-03,0.184
2016-06-02,0.195
2016-06-01,0.184
2016-05-31,0.184
2016-05-30,0.185
2016-05-27,0.185
2016-05-26,0.189
2016-05-25,0.187
2016-05-24,0.184
2016-05-23,0.184
2016-05-20,0.185
2016-05-19,0.195
2016-05-18,0.186
2016-05-17,0.186
2016-05-16,0.186
2016-05-13,0.186
2016-05-12,0.185
2016-05-11,0.194
2016-05-10,0.185
2016-05-09,0.18
2016-05-06,0.18
2016-05-05,0.183
2016-05-04,0.184
2016-05-03,0.184
2016-05-02,0.183
2016-04-29,0.188
2016-04-28,0.191
2016-04-27,0.194
2016-04-26,0.195
2016-04-25,0.198
2016-04-22,0.2
2016-04-21,0.196
2016-04-20,0.2
2016-04-19,0.198
2016-04-18,0.199
2016-04-15,0.2
2016-04-13,0.204
2016-04-12,0.195
2016-04-11,0.205
2016-04-08,0.198
2016-04-07,0.193
2016-04-06,0.2
2016-04-05,0.196
2016-04-04,0.198
2016-04-01,0.2
2016-03-31,0.199
2016-03-30,0.199
2016-03-29,0.207
2016-03-24,0.199
2016-03-23,0.2
2016-03-22,0.199
2016-03-21,0.199
2016-03-18,0.201
2016-03-17,0.2
2016-03-16,0.201
2016-03-15,0.205
2016-03-14,0.208
2016-03-11,0.215
2016-03-10,0.215
2016-03-09,0.209
2016-03-08,0.201
2016-03-07,0.208
2016-03-04,0.207
2016-03-03,0.206
2016-03-02,0.206
2016-03-01,0.218
2016-02-29,0.21
2016-02-26,0.209
2016-02-25,0.208
2016-02-24,0.205
2016-02-23,0.197
2016-02-22,0.205
2016-02-19,0.205
2016-02-18,0.21
2016-02-17,0.21
2016-02-16,0.2
2016-02-15,0.208
2016-02-12,0.194
2016-02-11,0.194
2016-02-10,0.214
2016-02-09,0.194
2016-02-08,0.2
2016-02-05,0.195
2016-02-04,0.207
2016-02-03,0.207
2016-02-02,0.199
2016-02-01,0.2
2016-01-29,0.208
2016-01-28,0.2
2016-01-27,0.215
2016-01-26,0.214
2016-01-25,0.204
2016-01-22,0.205
2016-01-21,0.186
2016-01-20,0.185
2016-01-19,0.2
2016-01-18,0.199
2016-01-15,0.201
2016-01-14,0.206
2016-01-13,0.215
2016-01-12,0.21
2016-01-11,0.21
2016-01-08,0.215
2016-01-07,0.212
2016-01-06,0.221
2016-01-05,0.223
2016-01-04,0.226
2016-01-01,0.227
2015-12-31,0.227
2015-12-30,0.224
2015-12-29,0.218
2015-12-28,0.2
2015-12-25,0.21
2015-12-24,0.21
2015-12-23,0.227
2015-12-22,0.231
2015-12-21,0.244
2015-12-18,0.26
2015-12-17,0.248
2015-12-16,0.25
2015-12-15,0.251
2015-12-14,0.256
2015-12-11,0.26
2015-12-10,0.265
2015-12-09,0.266
2015-12-08,0.263
2015-12-07,0.263
2015-12-04,0.267
2015-12-03,0.269
2015-12-02,0.267
2015-12-01,0.267
2015-11-30,0.271
2015-11-27,0.268
2015-11-26,0.27
2015-11-25,0.266
2015-11-24,0.266
2015-11-23,0.268
2015-11-20,0.267
2015-11-19,0.266
2015-11-18,0.27
2015-11-17,0.275
2015-11-16,0.275
2015-11-13,0.275
2015-11-12,0.276
2015-11-11,0.281
2015-11-10,0.263
2015-11-09,0.275
2015-11-06,0.28
2015-11-05,0.284
2015-11-04,0.295
2015-11-03,0.288
2015-11-02,0.292
2015-10-30,0.285
2015-10-29,0.282
2015-10-28,0.283
2015-10-27,0.28
2015-10-26,0.295
2015-10-23,0.297
2015-10-22,0.282
2015-10-21,0.299
2015-10-20,0.282
2015-10-19,0.29
2015-10-16,0.29
2015-10-15,0.303
2015-10-14,0.294
2015-10-13,0.28
2015-10-12,0.28
2015-10-09,0.292
2015-10-08,0.28
2015-10-07,0.284
2015-10-06,0.265
2015-10-05,0.269
2015-10-02,0.262
2015-10-01,0.262
2015-09-30,0.262
2015-09-29,0.274
2015-09-28,0.26
2015-09-25,0.27
2015-09-24,0.26
2015-09-23,0.27
2015-09-22,0.253
2015-09-21,0.274
2015-09-18,0.265
2015-09-17,0.261
2015-09-16,0.27
2015-09-15,0.271
2015-09-14,0.27
2015-09-11,0.284
2015-09-10,0.274
2015-09-09,0.285
2015-09-08,0.286
2015-09-07,0.265
2015-09-04,0.268
2015-09-03,0.288
2015-09-02,0.275
2015-09-01,0.271
2015-08-31,0.278
2015-08-28,0.287
2015-08-27,0.283
2015-08-26,0.28
2015-08-25,0.284
2015-08-24,0.274
2015-08-21,0.279
2015-08-20,0.282
2015-08-19,0.287
2015-08-18,0.287
2015-08-17,0.279
2015-08-14,0.282
2015-08-13,0.284
2015-08-12,0.281
2015-08-11,0.301
2015-08-10,0.295
2015-08-07,0.288
2015-08-06,0.275
2015-08-05,0.296
2015-08-04,0.309
2015-08-03,0.299
2015-07-31,0.29
2015-07-30,0.305
2015-07-29,0.308
2015-07-28,0.296
2015-07-27,0.302
2015-07-24,0.302
2015-07-23,0.312
2015-07-22,0.302
2015-07-21,0.302
2015-07-20,0.3
2015-07-17,0.305
2015-07-16,0.31
2015-07-15,0.305
2015-07-14,0.311
2015-07-13,0.31
2015-07-10,0.309
2015-07-09,0.3
2015-07-08,0.278
2015-07-07,0.285
2015-07-06,0.28
2015-07-03,0.289
2015-07-02,0.296
2015-07-01,0.301
2015-06-30,0.309
2015-06-29,0.29
2015-06-26,0.33
2015-06-25,0.296
2015-06-24,0.302
2015-06-23,0.3
2015-06-22,0.295
2015-06-19,0.27
2015-06-18,0.288
2015-06-17,0.288
2015-06-16,0.28
2015-06-15,0.29
2015-06-12,0.304
2015-06-11,0.309
2015-06-10,0.306
2015-06-09,0.308
2015-06-08,0.296
2015-06-05,0.32
2015-06-04,0.315
2015-06-03,0.33
2015-06-02,0.332
2015-06-01,0.375
2015-05-29,0.382
2015-05-28,0.361
2015-05-27,0.32
2015-05-26,0.295
2015-05-25,0.292
2015-05-22,0.3
2015-05-21,0.291
2015-05-20,0.29
2015-05-19,0.295
2015-05-18,0.306
2015-05-15,0.323
2015-05-14,0.331
2015-05-13,0.333
2015-05-12,0.306
2015-05-11,0.297
2015-05-08,0.299
2015-05-07,0.28
2015-05-06,0.286
2015-05-05,0.3
2015-05-04,0.304
2015-05-01,0.31
2015-04-30,0.31
2015-04-29,0.305
2015-04-28,0.304
2015-04-27,0.305
2015-04-24,0.31
2015-04-23,0.304
2015-04-22,0.321
2015-04-21,0.33
2015-04-20,0.323
2015-04-17,0.329
2015-04-16,0.306
2015-04-15,0.342
2015-04-14,0.354
2015-04-13,0.375
2015-04-10,0.382
2015-04-09,0.423
2015-04-08,0.42
2015-04-07,0.427
2015-04-06,0.436
2015-04-03,0.436
2015-04-02,0.436
2015-04-01,0.437
2015-03-31,0.439
2015-03-30,0.41
2015-03-27,0.41
2015-03-26,0.423
2015-03-25,0.424
2015-03-24,0.411
2015-03-23,0.412
2015-03-20,0.404
2015-03-19,0.403
2015-03-18,0.413
2015-03-17,0.42
2015-03-16,0.435
2015-03-13,0.427
2015-03-12,0.39
2015-03-11,0.385
2015-03-10,0.376
2015-03-09,0.394
2015-03-06,0.398
2015-03-05,0.394
2015-03-04,0.36
2015-03-03,0.38
2015-03-02,0.4
2015-02-27,0.475
2015-02-26,0.407
2015-02-25,0.337
2015-02-24,0.28
2015-02-23,0.242
2015-02-20,0.245
2015-02-19,0.25
2015-02-18,0.245
2015-02-17,0.24
2015-02-16,0.23
2015-02-13,0.237
2015-02-12,0.233
2015-02-11,0.222
2015-02-10,0.226
2015-02-09,0.229
2015-02-06,0.221
2015-02-05,0.222
2015-02-04,0.229
2015-02-03,0.221
2015-02-02,0.22
2015-01-30,0.226
2015-01-29,0.215
2015-01-28,0.218
2015-01-27,0.22
2015-01-26,0.226
2015-01-23,0.23
2015-01-22,0.23
2015-01-21,0.23
2015-01-20,0.23
2015-01-19,0.22
2015-01-16,0.22
2015-01-15,0.221
2015-01-14,0.213
2015-01-13,0.203
2015-01-12,0.207
2015-01-09,0.2
2015-01-08,0.21
2015-01-07,0.195
2015-01-06,0.203
2015-01-05,0.206
2015-01-02,0.198
2015-01-01,0.187
2014-12-31,0.187
2014-12-30,0.191
2014-12-29,0.192
2014-12-26,0.199
2014-12-25,0.199
2014-12-24,0.199
2014-12-23,0.197
2014-12-22,0.194
2014-12-19,0.194
2014-12-18,0.197
2014-12-17,0.195
2014-12-16,0.193
2014-12-15,0.198
2014-12-12,0.197
2014-12-11,0.2
2014-12-10,0.201
2014-12-09,0.201
2014-12-08,0.201
2014-12-05,0.21
2014-12-04,0.201
2014-12-03,0.211
2014-12-02,0.2
2014-12-01,0.209
2014-11-28,0.243
2014-11-27,0.247
2014-11-26,0.253
2014-11-25,0.254
2014-11-24,0.251
2014-11-21,0.248
2014-11-20,0.24
2014-11-19,0.254
2014-11-18,0.276
2014-11-17,0.221
2014-11-14,0.197
2014-11-13,0.188
2014-11-12,0.19
2014-11-11,0.205
2014-11-10,0.2
2014-11-07,0.208
2014-11-06,0.215
2014-11-05,0.22
2014-11-04,0.229
2014-11-03,0.241
2014-10-31,0.265
2014-10-30,0.268
2014-10-29,0.278
2014-10-28,0.28
2014-10-27,0.279
2014-10-24,0.295
2014-10-23,0.31
2014-10-22,0.316
2014-10-21,0.339
2014-10-20,0.32
2014-10-17,0.35
2014-10-16,0.314
2014-10-15,0.322
2014-10-14,0.334
2014-10-13,0.356
2014-10-10,0.363
2014-10-09,0.37
2014-10-08,0.381
2014-10-07,0.384
2014-10-06,0.39
2014-10-03,0.399
2014-10-02,0.387
2014-10-01,0.381
2014-09-30,0.38
2014-09-29,0.38
2014-09-26,0.375
2014-09-25,0.375
2014-09-24,0.385
2014-09-23,0.395
2014-09-22,0.4
2014-09-19,0.398
2014-09-18,0.398
2014-09-17,0.4
2014-09-16,0.4
2014-09-15,0.401
2014-09-12,0.43
2014-09-11,0.427
2014-09-10,0.427
2014-09-09,0.426
2014-09-08,0.44
2014-09-05,0.445
2014-09-04,0.456
2014-09-03,0.44
2014-09-02,0.421
2014-09-01,0.428
2014-08-29,0.44
2014-08-28,0.43
2014-08-27,0.431
2014-08-26,0.43
2014-08-25,0.419
2014-08-22,0.411
2014-08-21,0.42
2014-08-20,0.426
2014-08-19,0.424
2014-08-18,0.431
2014-08-15,0.418
2014-08-14,0.421
2014-08-13,0.404
2014-08-12,0.395
2014-08-11,0.39
2014-08-08,0.389
2014-08-07,0.39
2014-08-06,0.42
2014-08-05,0.46
2014-08-04,0.465
2014-08-01,0.484
2014-07-31,0.505
2014-07-30,0.512
2014-07-29,0.525
2014-07-28,0.525
2014-07-25,0.531
2014-07-24,0.534
2014-07-23,0.547
2014-07-22,0.546
2014-07-21,0.543
2014-07-18,0.52
2014-07-17,0.549
2014-07-16,0.531
2014-07-15,0.51
2014-07-14,0.52
2014-07-11,0.54
2014-07-10,0.5
2014-07-09,0.54
2014-07-08,0.578
2014-07-07,0.597
2014-07-04,0.565
2014-07-03,0.59
2014-07-02,0.55
2014-07-01,0.56
2014-06-30,0.559
2014-06-27,0.59
2014-06-26,0.591
2014-06-25,0.64
2014-06-24,0.635
2014-06-23,0.635
2014-06-20,0.65
2014-06-19,0.662
2014-06-18,0.657
2014-06-17,0.675
2014-06-16,0.65
2014-06-13,0.656
2014-06-12,0.673
2014-06-11,0.67
2014-06-10,0.663
2014-06-09,0.664
2014-06-06,0.67
2014-06-05,0.663
2014-06-04,0.66
2014-06-03,0.683
2014-06-02,0.67
2014-05-30,0.699
2014-05-29,0.7
2014-05-28,0.695
2014-05-27,0.68
2014-05-26,0.67
2014-05-23,0.64
2014-05-22,0.63
2014-05-21,0.64
2014-05-20,0.68
2014-05-19,0.7
2014-05-16,0.7
2014-05-15,0.689
2014-05-14,0.727
2014-05-13,0.749
2014-05-12,0.775
2014-05-09,0.77
2014-05-08,0.798
2014-05-07,0.77
2014-05-06,0.766
2014-05-05,0.785
2014-05-02,0.77
2014-05-01,0.738
2014-04-30,0.738
2014-04-29,0.73
2014-04-28,0.734
2014-04-25,0.77
2014-04-24,0.786
2014-04-23,0.795
2014-04-22,0.8
2014-04-21,0.782
2014-04-18,0.782
2014-04-17,0.784
2014-04-16,0.783
2014-04-15,0.822
2014-04-14,0.85
2014-04-11,0.864
2014-04-10,0.861
2014-04-09,0.867
2014-04-08,0.859
2014-04-07,0.876
2014-04-04,0.89
2014-04-03,0.87
2014-04-02,0.88
2014-04-01,0.87
2014-03-31,0.88
2014-03-28,0.87
2014-03-27,0.84
2014-03-26,0.85
2014-03-25,0.84
2014-03-24,0.85
2014-03-21,0.86
2014-03-20,0.88
2014-03-19,0.85
2014-03-18,0.86
2014-03-17,0.87
2014-03-14,0.86
2014-03-13,0.88
2014-03-12,0.87
2014-03-11,0.89
2014-03-10,0.88
2014-03-07,0.9
2014-03-06,0.9
2014-03-05,0.91
2014-03-04,0.94
2014-03-03,0.88
2014-02-28,0.92
2014-02-27,0.91
2014-02-26,0.92
2014-02-25,0.94
2014-02-24,0.93
2014-02-21,0.92
2014-02-20,0.92
2014-02-19,0.92
2014-02-18,0.93
2014-02-17,0.94
2014-02-14,0.91
2014-02-13,0.89
2014-02-12,0.91
2014-02-11,0.94
2014-02-10,0.95
2014-02-07,0.94
2014-02-06,0.94
2014-02-05,0.94
2014-02-04,0.94
2014-02-03,0.93
2014-01-31,0.93
2014-01-30,0.94
2014-01-29,0.95
2014-01-28,0.97
2014-01-27,0.95
2014-01-24,0.98
2014-01-23,0.98
2014-01-22,0.99
2014-01-21,1.06
2014-01-20,1.11
2014-01-17,1.06
2014-01-16,1.14
2014-01-15,0.93
2014-01-14,0.87
2014-01-13,0.88
2014-01-10,0.83
2014-01-09,0.78
2014-01-08,0.79
2014-01-07,0.76
2014-01-06,0.76
2014-01-03,0.76
2014-01-02,0.72
2014-01-01,0.69
2013-12-31,0.69
2013-12-30,0.69
2013-12-27,0.69
2013-12-26,0.69
2013-12-25,0.69
2013-12-24,0.69
2013-12-23,0.7
2013-12-20,0.71
2013-12-19,0.72
2013-12-18,0.73
2013-12-17,0.73
2013-12-16,0.75
2013-12-13,0.74
2013-12-12,0.74
2013-12-11,0.79
2013-12-10,0.79
2013-12-09,0.8
2013-12-06,0.79
2013-12-05,0.79
2013-12-04,0.81
2013-12-03,0.83
2013-12-02,0.86
2013-11-29,0.82
2013-11-28,0.83
2013-11-27,0.85
2013-11-26,0.76
2013-11-25,0.7
2013-11-22,0.71
2013-11-21,0.69
2013-11-20,0.69
2013-11-19,0.74
2013-11-18,0.74
2013-11-15,0.73
2013-11-14,0.71
2013-11-13,0.72
2013-11-12,0.71
2013-11-11,0.72
2013-11-08,0.71
2013-11-07,0.71
2013-11-06,0.69
2013-11-05,0.66
2013-11-04,0.67
2013-11-01,0.66
2013-10-31,0.66
2013-10-30,0.66
2013-10-29,0.67
2013-10-28,0.66
2013-10-25,0.66
2013-10-24,0.69
2013-10-23,0.69
2013-10-22,0.69
2013-10-21,0.7
2013-10-18,0.68
2013-10-17,0.7
2013-10-16,0.72
2013-10-15,0.69
2013-10-14,0.68
2013-10-11,0.7
2013-10-10,0.69
2013-10-09,0.66
2013-10-08,0.57
2013-10-07,0.55
2013-10-04,0.53
2013-10-03,0.53
2013-10-02,0.55
2013-10-01,0.54
2013-09-30,0.52
2013-09-27,0.53
2013-09-26,0.53
2013-09-25,0.52
2013-09-24,0.53
2013-09-23,0.53
2013-09-20,0.52
2013-09-19,0.52
2013-09-18,0.53
2013-09-17,0.53
2013-09-16,0.52
2013-09-13,0.5
2013-09-12,0.5
2013-09-11,0.5
2013-09-10,0.5
2013-09-09,0.49
2013-09-06,0.49
2013-09-05,0.49
2013-09-04,0.5
2013-09-03,0.52
2013-09-02,0.5
2013-08-30,0.52
2013-08-29,0.52
2013-08-28,0.51
2013-08-27,0.52
2013-08-26,0.53
2013-08-23,0.53
2013-08-22,0.55
2013-08-21,0.54
2013-08-20,0.52
2013-08-19,0.53
2013-08-16,0.55
2013-08-15,0.54
2013-08-14,0.53
2013-08-13,0.5
2013-08-12,0.5
2013-08-09,0.49
2013-08-08,0.49
2013-08-07,0.48
2013-08-06,0.49
2013-08-05,0.47
2013-08-02,0.49
2013-08-01,0.5
2013-07-31,0.49
2013-07-30,0.5
2013-07-29,0.49
2013-07-26,0.5
2013-07-25,0.52
2013-07-24,0.51
2013-07-23,0.52
2013-07-22,0.52
2013-07-19,0.49
2013-07-18,0.5
2013-07-17,0.5
2013-07-16,0.52
2013-07-15,0.52
2013-07-12,0.51
2013-07-11,0.52
2013-07-10,0.54
2013-07-09,0.57
2013-07-08,0.58
2013-07-05,0.56
2013-07-04,0.56
2013-07-03,0.55
2013-07-02,0.59
2013-07-01,0.59
2013-06-28,0.59
2013-06-27,0.61
2013-06-26,0.61
2013-06-25,0.6
2013-06-24,0.57
2013-06-21,0.59
2013-06-20,0.62
2013-06-19,0.61
2013-06-18,0.61
2013-06-17,0.62
2013-06-14,0.64
2013-06-13,0.61
2013-06-12,0.64
2013-06-11,0.64
2013-06-10,0.64
2013-06-07,0.66
2013-06-06,0.64
2013-06-05,0.64
2013-06-04,0.65
2013-06-03,0.66
2013-05-31,0.72
2013-05-30,0.75
2013-05-29,0.72
2013-05-28,0.74
2013-05-27,0.71
2013-05-24,0.69
2013-05-23,0.71
2013-05-22,0.68
2013-05-21,0.69
2013-05-20,0.7
2013-05-17,0.68
2013-05-16,0.68
2013-05-15,0.7
2013-05-14,0.68
2013-05-13,0.69
2013-05-10,0.7
2013-05-09,0.7
2013-05-08,0.71
2013-05-07,0.73
2013-05-06,0.73
2013-05-03,0.72
2013-05-02,0.75
2013-05-01,0.74
2013-04-30,0.74
2013-04-29,0.72
2013-04-26,0.76
2013-04-25,0.77
2013-04-24,0.75
2013-04-23,0.71
2013-04-22,0.69
2013-04-19,0.67
2013-04-18,0.66
2013-04-17,0.67
2013-04-16,0.68
2013-04-15,0.64
2013-04-12,0.63
2013-04-11,0.6
2013-04-10,0.62
2013-04-09,0.58
2013-04-08,0.57
2013-04-05,0.59
2013-04-04,0.6
2013-04-03,0.57
2013-04-02,0.6
2013-04-01,0.64
2013-03-29,0.64
2013-03-28,0.64
2013-03-27,0.64
2013-03-26,0.66
2013-03-25,0.65
2013-03-22,0.64
2013-03-21,0.65
2013-03-20,0.65
2013-03-19,0.66
2013-03-18,0.68
2013-03-15,0.67
2013-03-14,0.67
2013-03-13,0.67
2013-03-12,0.67
2013-03-11,0.66
2013-03-08,0.68
2013-03-07,0.65
2013-03-06,0.64
2013-03-05,0.65
2013-03-04,0.65
2013-03-01,0.64
2013-02-28,0.66
2013-02-27,0.65
2013-02-26,0.64
2013-02-25,0.66
2013-02-22,0.68
2013-02-21,0.67
2013-02-20,0.69
2013-02-19,0.7
2013-02-18,0.69
2013-02-15,0.69
2013-02-14,0.7
2013-02-13,0.73
2013-02-12,0.72
2013-02-11,0.71
2013-02-08,0.69
2013-02-07,0.69
2013-02-06,0.69
2013-02-05,0.68
2013-02-04,0.7
2013-02-01,0.71
2013-01-31,0.69
2013-01-30,0.7
2013-01-29,0.73
2013-01-28,0.73
2013-01-25,0.75
2013-01-24,0.75
2013-01-23,0.78
2013-01-22,0.77
2013-01-21,0.78
2013-01-18,0.78
2013-01-17,0.78
2013-01-16,0.72
2013-01-15,0.75
2013-01-14,0.74
2013-01-11,0.7
2013-01-10,0.67
2013-01-09,0.62
2013-01-08,0.63
2013-01-07,0.62
2013-01-04,0.6
2013-01-03,0.59
2013-01-02,0.59
2013-01-01,0.56
2012-12-31,0.56
2012-12-28,0.56
2012-12-27,0.58
2012-12-26,0.6
2012-12-25,0.6
2012-12-24,0.6
2012-12-21,0.58
2012-12-20,0.6
2012-12-19,0.61
2012-12-18,0.56
2012-12-17,0.56
2012-12-14,0.54
2012-12-13,0.53
2012-12-12,0.53
2012-12-11,0.52
2012-12-10,0.52
2012-12-07,0.53
2012-12-06,0.53
2012-12-05,0.53
2012-12-04,0.53
2012-12-03,0.52
2012-11-30,0.51
2012-11-29,0.52
2012-11-28,0.52
2012-11-27,0.56
2012-11-26,0.54
2012-11-23,0.54
2012-11-22,0.54
2012-11-21,0.55
2012-11-20,0.54
2012-11-19,0.55
2012-11-16,0.56
2012-11-15,0.57
2012-11-14,0.58
2012-11-13,0.58
2012-11-12,0.6
2012-11-09,0.59
2012-11-08,0.6
2012-11-07,0.6
2012-11-06,0.6
2012-11-05,0.6
2012-11-02,0.6
2012-11-01,0.6
2012-10-31,0.6
2012-10-30,0.6
2012-10-29,0.6
2012-10-26,0.6
2012-10-25,0.6
2012-10-24,0.6
2012-10-23,0.6
2012-10-22,0.61
2012-10-19,0.63
2012-10-18,0.63
2012-10-17,0.63
2012-10-16,0.63
2012-10-15,0.63
2012-10-12,0.63
2012-10-11,0.64
2012-10-10,0.61
2012-10-09,0.61
2012-10-08,0.64
2012-10-05,0.59
2012-10-04,0.59
2012-10-03,0.59
2012-10-02,0.59
2012-10-01,0.58
2012-09-28,0.57
2012-09-27,0.57
2012-09-26,0.57
2012-09-25,0.57
2012-09-24,0.57
2012-09-21,0.57
2012-09-20,0.57
2012-09-19,0.57
2012-09-18,0.59
2012-09-17,0.58
2012-09-14,0.59
2012-09-13,0.59
2012-09-12,0.61
2012-09-11,0.54
2012-09-10,0.56
2012-09-07,0.54
2012-09-06,0.55
2012-09-05,0.55
2012-09-04,0.55
2012-09-03,0.55
2012-08-31,0.55
2012-08-30,0.55
2012-08-29,0.56
2012-08-28,0.55
2012-08-27,0.55
2012-08-24,0.56
2012-08-23,0.56
2012-08-22,0.56
2012-08-21,0.57
2012-08-20,0.57
2012-08-17,0.55
2012-08-16,0.54
2012-08-15,0.53
2012-08-14,0.53
2012-08-13,0.53
2012-08-10,0.53
2012-08-09,0.55
2012-08-08,0.55
2012-08-07,0.57
2012-08-06,0.57
2012-08-03,0.57
2012-08-02,0.57
2012-08-01,0.57
2012-07-31,0.59
2012-07-30,0.59
2012-07-27,0.59
2012-07-26,0.59
2012-07-25,0.59
2012-07-24,0.6
2012-07-23,0.63
2012-07-20,0.63
2012-07-19,0.62
2012-07-18,0.61
2012-07-17,0.62
2012-07-16,0.6
2012-07-13,0.6
2012-07-12,0.62
2012-07-11,0.6
2012-07-10,0.62
2012-07-09,0.62
2012-07-06,0.64
2012-07-05,0.65
2012-07-04,0.63
2012-07-03,0.66
2012-07-02,0.63
2012-06-29,0.65
2012-06-28,0.61
2012-06-27,0.61
2012-06-26,0.61
2012-06-25,0.61
2012-06-22,0.63
2012-06-21,0.61
2012-06-20,0.6
2012-06-19,0.59
2012-06-18,0.6
2012-06-15,0.61
2012-06-14,0.6
2012-06-13,0.61
2012-06-12,0.61
2012-06-11,0.61
2012-06-08,0.61
2012-06-07,0.62
2012-06-06,0.61
2012-06-05,0.62
2012-06-04,0.62
2012-06-01,0.61
2012-05-31,0.63
2012-05-30,0.62
2012-05-29,0.65
2012-05-28,0.62
2012-05-25,0.63
2012-05-24,0.63
2012-05-23,0.65
2012-05-22,0.66
2012-05-21,0.65
2012-05-18,0.74
2012-05-17,0.76
2012-05-16,0.79
2012-05-15,0.86
2012-05-14,0.87
2012-05-11,0.88
2012-05-10,0.89
2012-05-09,0.86
2012-05-08,0.89
2012-05-07,0.89
2012-05-04,0.93
2012-05-03,0.93
2012-05-02,0.93
2012-05-01,0.93
2012-04-30,0.93
2012-04-27,0.9
2012-04-26,0.93
2012-04-25,0.93
2012-04-24,0.93
2012-04-23,0.91
2012-04-20,0.93
2012-04-19,0.93
2012-04-18,0.93
2012-04-17,0.93
2012-04-16,0.93
2012-04-13,0.94
2012-04-12,0.93
2012-04-11,0.93
2012-04-10,0.94
2012-04-09,0.94
2012-04-06,0.94
2012-04-05,0.94
2012-04-04,0.91
2012-04-03,0.95
2012-04-02,0.93
2012-03-30,0.93
2012-03-29,0.94
2012-03-28,0.95
2012-03-27,0.95
2012-03-26,0.92
2012-03-23,0.93
2012-03-22,0.94
2012-03-21,0.93
2012-03-20,0.95
2012-03-19,0.95
2012-03-16,0.96
2012-03-15,0.91
2012-03-14,0.9
2012-03-13,0.96
2012-03-12,0.97
2012-03-09,0.96
2012-03-08,1.0
2012-03-07,1.01
2012-03-06,1.01
2012-03-05,1.03
2012-03-02,1.06
2012-03-01,1.06
2012-02-29,1.07
2012-02-28,1.07
2012-02-27,1.07
2012-02-24,1.06
2012-02-23,1.07
2012-02-22,1.07
2012-02-21,1.09
2012-02-20,1.07
2012-02-17,1.08
2012-02-16,1.1
2012-02-15,1.09
2012-02-14,1.09
2012-02-13,1.09
2012-02-10,1.1
2012-02-09,1.09
2012-02-08,1.11
2012-02-07,1.09
2012-02-06,1.1
2012-02-03,1.1
2012-02-02,1.1
2012-02-01,1.09
2012-01-31,1.12
2012-01-30,1.07
2012-01-27,1.09
2012-01-26,1.08
2012-01-25,1.09
2012-01-24,1.1
2012-01-23,1.1
2012-01-20,1.1
2012-01-19,1.13
2012-01-18,1.14
2012-01-17,1.13
2012-01-16,1.13
2012-01-13,1.13
2012-01-12,1.09
2012-01-11,1.12
2012-01-10,1.11
2012-01-09,1.12
2012-01-06,1.1
2012-01-05,1.1
2012-01-04,1.1
2012-01-03,1.09
2012-01-02,1.09
2011-12-30,1.08
2011-12-29,1.09
2011-12-28,1.11
2011-12-27,1.09
2011-12-26,1.1
2011-12-23,1.1
2011-12-22,1.09
2011-12-21,1.12
2011-12-20,1.09
2011-12-19,1.07
2011-12-16,1.07
2011-12-15,1.07
2011-12-14,1.07
2011-12-13,1.07
2011-12-12,1.07
2011-12-09,1.1
2011-12-08,1.1
2011-12-07,1.1
2011-12-06,1.07
2011-12-05,1.08
2011-12-02,1.11
2011-12-01,1.1
2011-11-30,1.08
2011-11-29,1.07
2011-11-28,1.07
2011-11-25,1.07
2011-11-24,1.07
2011-11-23,1.07
2011-11-22,1.07
2011-11-21,1.07
2011-11-18,1.07
2011-11-17,1.07
2011-11-16,1.07
2011-11-15,1.07
2011-11-14,1.07
2011-11-11,1.05
2011-11-10,1.08
2011-11-09,1.08
2011-11-08,1.07
2011-11-07,1.07
2011-11-04,1.07
2011-11-03,1.1
2011-11-02,1.08
2011-11-01,1.12
2011-10-31,1.12
2011-10-28,1.15
2011-10-27,1.16
2011-10-26,1.15
2011-10-25,1.17
2011-10-24,1.17
2011-10-21,1.21
2011-10-20,1.19
2011-10-19,1.19
2011-10-18,1.19
2011-10-17,1.21
2011-10-14,1.2
2011-10-13,1.22
2011-10-12,1.23
2011-10-11,1.22
2011-10-10,1.19
2011-10-07,1.19
2011-10-06,1.18
2011-10-05,1.18
2011-10-04,1.17
2011-10-03,1.19
2011-09-30,1.2
2011-09-29,1.24
2011-09-28,1.26
2011-09-27,1.22
2011-09-26,1.22
2011-09-23,1.22
2011-09-22,1.22
2011-09-21,1.26
2011-09-20,1.26
2011-09-19,1.28
2011-09-16,1.3
2011-09-15,1.3
2011-09-14,1.29
2011-09-13,1.25
2011-09-12,1.25
2011-09-09,1.24
2011-09-08,1.27
2011-09-07,1.24
2011-09-06,1.18
2011-09-05,1.18
2011-09-02,1.21
2011-09-01,1.21
2011-08-31,1.21
2011-08-30,1.18
2011-08-29,1.15
2011-08-26,1.15
2011-08-25,1.12
2011-08-24,1.14
2011-08-23,1.16
2011-08-22,1.15
2011-08-19,1.14
2011-08-18,1.18
2011-08-17,1.2
2011-08-16,1.11
2011-08-15,1.07
2011-08-12,1.07
2011-08-11,1.07
2011-08-10,1.09
2011-08-09,1.08
2011-08-08,1.06
2011-08-05,1.1
2011-08-04,1.11
2011-08-03,1.15
2011-08-02,1.13
2011-08-01,1.19
2011-07-29,1.2
2011-07-28,1.24
2011-07-27,1.24
2011-07-26,1.2
2011-07-25,1.22
2011-07-22,1.23
2011-07-21,1.21
2011-07-20,1.16
2011-07-19,1.17
2011-07-18,1.15
2011-07-15,1.18
2011-07-14,1.22
2011-07-13,1.25
2011-07-12,1.22
2011-07-11,1.23
2011-07-08,1.33
2011-07-07,1.3
2011-07-06,1.28
2011-07-05,1.38
2011-07-04,1.4
2011-07-01,1.38
2011-06-30,1.38
2011-06-29,1.35
2011-06-28,1.34
2011-06-27,1.37
2011-06-24,1.35
2011-06-23,1.33
2011-06-22,1.37
2011-06-21,1.38
2011-06-20,1.35
2011-06-17,1.27
2011-06-16,1.41
2011-06-15,1.43
2011-06-14,1.42
2011-06-13,1.43
2011-06-10,1.43
2011-06-09,1.46
2011-06-08,1.46
2011-06-07,1.5
2011-06-06,1.5
2011-06-03,1.44
2011-06-02,1.43
2011-06-01,1.43
2011-05-31,1.42
2011-05-30,1.43
2011-05-27,1.41
2011-05-26,1.39
2011-05-25,1.37
2011-05-24,1.33
2011-05-23,1.35
2011-05-20,1.33
2011-05-19,1.33
2011-05-18,1.33
2011-05-17,1.3
2011-05-16,1.32
2011-05-13,1.35
2011-05-12,1.33
2011-05-11,1.36
2011-05-10,1.36
2011-05-09,1.39
2011-05-06,1.41
2011-05-05,1.39
2011-05-04,1.42
2011-05-03,1.42
2011-05-02,1.41
2011-04-29,1.43
2011-04-28,1.39
2011-04-27,1.26
2011-04-26,1.25
2011-04-25,40.49
2011-04-21,1.25
2011-04-20,1.29
2011-04-19,1.32
2011-04-18,1.33
2011-04-15,1.35
2011-04-14,1.35
2011-04-13,1.37
2011-04-12,1.36
2011-04-11,1.38
2011-04-08,1.36
2011-04-07,1.36
2011-04-06,1.36
2011-04-05,1.33
2011-04-04,1.4
2011-04-01,1.4
2011-03-31,1.4
2011-03-30,1.41
2011-03-29,1.41
2011-03-28,1.41
2011-03-25,1.4
2011-03-24,1.4
2011-03-23,1.4
2011-03-22,1.41
2011-03-21,1.45
2011-03-18,1.47
2011-03-17,1.48
2011-03-16,1.45
2011-03-15,1.5
2011-03-14,1.38
2011-03-11,1.38
2011-03-10,1.38
2011-03-09,1.39
2011-03-08,1.38
2011-03-07,1.4
2011-03-04,1.4
2011-03-03,1.39
2011-03-02,1.39
2011-03-01,1.4
2011-02-28,1.38
2011-02-25,1.36
2011-02-24,1.34
2011-02-23,1.36
2011-02-22,1.36
2011-02-21,1.37
2011-02-18,1.38
2011-02-17,1.4
2011-02-16,1.43
2011-02-15,1.44
2011-02-14,1.45
2011-02-11,1.45
2011-02-10,1.45
2011-02-09,1.47
2011-02-08,1.46
2011-02-07,1.47
2011-02-04,1.47
2011-02-03,1.46
2011-02-02,1.46
2011-02-01,1.47
2011-01-31,1.46
2011-01-28,1.47
2011-01-27,1.46
2011-01-26,1.45
2011-01-25,1.47
2011-01-24,1.5
2011-01-21,1.49
2011-01-20,1.48
2011-01-19,1.48
2011-01-18,1.46
2011-01-17,1.44
2011-01-14,1.48
2011-01-13,1.48
2011-01-12,1.46
2011-01-11,1.46
2011-01-10,1.44
2011-01-07,1.36
2011-01-06,1.42
2011-01-05,1.43
2011-01-04,1.45
2011-01-03,1.47
2010-12-31,1.49
2010-12-30,1.45
2010-12-29,1.46
2010-12-28,1.5
2010-12-27,1.49
2010-12-24,1.49
2010-12-23,1.49
2010-12-22,1.47
2010-12-21,1.46
2010-12-20,1.44
2010-12-17,1.49
2010-12-16,1.5
2010-12-15,1.49
2010-12-14,1.49
2010-12-13,1.51
2010-12-10,1.45
2010-12-09,1.45
2010-12-08,1.44
2010-12-07,1.43
2010-12-06,1.44
2010-12-03,1.43
2010-12-02,1.42
2010-12-01,1.43
2010-11-30,1.37
2010-11-29,1.43
2010-11-26,1.45
2010-11-25,1.45
2010-11-24,1.45
2010-11-23,1.47
2010-11-22,1.5
2010-11-19,1.49
2010-11-18,1.49
2010-11-17,1.49
2010-11-16,1.48
2010-11-15,1.5
2010-11-12,1.5
2010-11-11,1.52
2010-11-10,1.52
2010-11-09,1.55
2010-11-08,1.56
2010-11-05,1.58
2010-11-04,1.61
2010-11-03,1.61
2010-11-02,1.62
2010-11-01,1.62
2010-10-29,1.6
2010-10-28,1.59
2010-10-27,1.59
2010-10-26,1.64
2010-10-25,1.58
2010-10-22,1.59
2010-10-21,1.59
2010-10-20,1.58
2010-10-19,1.57
2010-10-18,1.55
2010-10-15,1.52
2010-10-14,1.51
2010-10-13,1.51
2010-10-12,1.49
2010-10-11,1.53
2010-10-08,1.48
2010-10-07,1.49
2010-10-06,1.53
2010-10-05,1.54
2010-10-04,1.5
2010-10-01,1.52
2010-09-30,1.54
2010-09-29,1.55
2010-09-28,1.55
2010-09-27,1.61
2010-09-24,1.62
2010-09-23,1.63
2010-09-22,1.66
2010-09-21,1.66
2010-09-20,1.69
2010-09-17,1.67
2010-09-16,1.71
2010-09-15,1.74
2010-09-14,1.78
2010-09-13,1.75
2010-09-10,1.7
2010-09-09,1.75
2010-09-08,1.76
2010-09-07,1.77
2010-09-06,1.77
2010-09-03,1.78
2010-09-02,1.76
2010-09-01,1.77
2010-08-31,1.74
2010-08-30,1.76
2010-08-27,1.74
2010-08-26,1.75
2010-08-25,1.75
2010-08-24,1.77
2010-08-23,1.8
2010-08-20,1.79
2010-08-19,1.8
2010-08-18,1.82
2010-08-17,1.85
2010-08-16,1.83
2010-08-13,1.82
2010-08-12,1.82
2010-08-11,1.82
2010-08-10,1.88
2010-08-09,1.87
2010-08-06,1.86
2010-08-05,1.93
2010-08-04,1.93
2010-08-03,1.94
2010-08-02,1.87
2010-07-30,1.84
2010-07-29,1.86
2010-07-28,1.86
2010-07-27,1.85
2010-07-26,1.87
2010-07-23,1.84
2010-07-22,1.81
2010-07-21,1.8
2010-07-20,1.78
2010-07-19,1.8
2010-07-16,1.82
2010-07-15,1.84
2010-07-14,1.82
2010-07-13,1.84
2010-07-12,1.85
2010-07-09,1.84
2010-07-08,1.88
2010-07-07,1.85
2010-07-06,1.81
2010-07-05,1.77
2010-07-02,1.75
2010-07-01,1.74
2010-06-30,1.8
2010-06-29,1.78
2010-06-28,1.85
2010-06-25,1.85
2010-06-24,1.82
2010-06-23,1.9
2010-06-22,1.94
2010-06-21,1.97
2010-06-18,1.88
2010-06-17,1.83
2010-06-16,1.83
2010-06-15,1.86
2010-06-14,1.85
2010-06-11,1.74
2010-06-10,1.76
2010-06-09,1.67
2010-06-08,1.63
2010-06-07,1.69
2010-06-04,1.75
2010-06-03,1.81
2010-06-02,1.81
2010-06-01,1.84
2010-05-31,1.82
2010-05-28,1.84
2010-05-27,1.82
2010-05-26,1.83
2010-05-25,1.83
2010-05-24,1.88
2010-05-21,1.91
2010-05-20,1.95
2010-05-19,1.97
2010-05-18,2.04
2010-05-17,2.05
2010-05-14,2.09
2010-05-13,2.12
2010-05-12,2.17
2010-05-11,2.08
2010-05-10,2.11
2010-05-07,2.0
2010-05-06,2.03
2010-05-05,2.07
2010-05-04,2.13
2010-05-03,2.3
2010-04-30,2.37
2010-04-29,2.35
2010-04-28,2.2
2010-04-27,2.39
2010-04-26,2.51
2010-04-23,2.51
2010-04-22,2.49
2010-04-21,2.57
2010-04-20,2.59
2010-04-19,2.65
2010-04-16,2.71
2010-04-15,2.77
2010-04-14,2.79
2010-04-13,2.76
2010-04-12,2.85
2010-04-09,2.75
2010-04-08,2.74
2010-04-07,2.73
2010-04-06,2.8
2010-04-05,15.81
2010-04-01,2.8
2010-03-31,2.78
2010-03-30,2.8
2010-03-29,2.8
2010-03-26,2.84
2010-03-25,2.85
2010-03-24,2.8
2010-03-23,2.83
2010-03-22,2.82
2010-03-19,2.87
2010-03-18,2.9
2010-03-17,2.92
2010-03-16,2.92
2010-03-15,2.89
2010-03-12,2.92
2010-03-11,2.88
2010-03-10,2.92
2010-03-09,2.9
2010-03-08,2.95
2010-03-05,2.99
2010-03-04,2.89
2010-03-03,2.89
2010-03-02,2.88
2010-03-01,2.93
2010-02-26,2.95
2010-02-25,3.0
2010-02-24,3.04
2010-02-23,3.08
2010-02-22,3.12
2010-02-19,3.16
2010-02-18,3.15
2010-02-17,3.15
2010-02-16,3.06
2010-02-15,3.17
2010-02-12,3.2
2010-02-11,3.25
2010-02-10,3.24
2010-02-09,3.18
2010-02-08,3.06
2010-02-05,3.04
2010-02-04,3.11
2010-02-03,3.37
2010-02-02,3.36
2010-02-01,3.38
2010-01-29,3.42
2010-01-28,3.4
2010-01-27,3.38
2010-01-26,3.45
2010-01-25,3.44
2010-01-22,3.41
2010-01-21,3.45
2010-01-20,3.48
2010-01-19,3.57
2010-01-18,3.58
2010-01-15,3.53
2010-01-14,3.64
2010-01-13,3.69
2010-01-12,3.76
2010-01-11,3.74
2010-01-08,3.7
2010-01-07,3.69
2010-01-06,3.63
2010-01-05,3.64
2010-01-04,3.5
2009-12-31,3.34
2009-12-30,3.35
2009-12-29,3.36
2009-12-28,3.35
2009-12-24,3.4
2009-12-23,3.35
2009-12-22,3.36
2009-12-21,3.41
2009-12-18,3.39
2009-12-17,3.35
2009-12-16,3.35
2009-12-15,3.4
2009-12-14,3.39
2009-12-11,3.4
2009-12-10,3.46
2009-12-09,3.46
2009-12-08,3.45
2009-12-07,3.51
2009-12-04,3.56
2009-12-03,3.55
2009-12-02,3.53
2009-12-01,3.57
2009-11-30,3.44
2009-11-27,3.43
2009-11-26,3.45
2009-11-25,3.55
2009-11-24,3.56
2009-11-23,3.53
2009-11-20,3.6
2009-11-19,3.7
2009-11-18,3.78
2009-11-17,3.84
2009-11-16,3.88
2009-11-13,3.75
2009-11-12,3.7
2009-11-11,3.74
2009-11-10,3.78
2009-11-09,3.86
2009-11-06,3.85
2009-11-05,3.93
2009-11-04,3.9
2009-11-03,3.62
2009-11-02,3.72
2009-10-30,3.65
2009-10-29,3.77
2009-10-28,3.58
2009-10-27,3.8
2009-10-26,3.9
2009-10-23,4.17
2009-10-22,4.1
2009-10-21,4.12
2009-10-20,4.21
2009-10-19,4.17
2009-10-16,4.07
2009-10-15,4.08
2009-10-14,4.28
2009-10-13,4.36
2009-10-12,4.4
2009-10-09,4.07
2009-10-08,3.93
2009-10-07,3.65
2009-10-06,3.6
2009-10-05,3.56
2009-10-02,3.58
2009-10-01,3.61
2009-09-30,3.62
2009-09-29,3.62
2009-09-28,3.65
2009-09-25,3.63
2009-09-24,3.54
2009-09-23,3.52
2009-09-22,3.5
2009-09-21,3.49
2009-09-18,3.54
2009-09-17,3.61
2009-09-16,3.57
2009-09-15,3.33
2009-09-14,3.28
2009-09-11,3.27
2009-09-10,3.27
2009-09-09,3.25
2009-09-08,3.27
2009-09-07,3.27
2009-09-04,3.28
2009-09-03,3.27
2009-09-02,3.25
2009-09-01,3.27
2009-08-31,3.38
2009-08-28,3.48
2009-08-27,3.58
2009-08-26,3.6
2009-08-25,3.63
2009-08-24,3.64
2009-08-21,3.52
2009-08-20,3.44
2009-08-19,3.36
2009-08-18,3.38
2009-08-17,3.38
2009-08-14,3.46
2009-08-13,3.44
2009-08-12,3.4
2009-08-11,3.36
2009-08-10,3.31
2009-08-07,3.3
2009-08-06,3.31
2009-08-05,3.26
2009-08-04,3.26
2009-08-03,3.25
2009-07-31,3.25
2009-07-30,3.24
2009-07-29,3.21
2009-07-28,3.24
2009-07-27,3.27
2009-07-24,3.25
2009-07-23,3.25
2009-07-22,3.27
2009-07-21,3.25
2009-07-20,3.25
2009-07-17,3.21
2009-07-16,3.23
2009-07-15,3.2
2009-07-14,3.2
2009-07-13,3.19
2009-07-10,3.15
2009-07-09,3.25
2009-07-08,3.26
2009-07-07,3.34
2009-07-06,3.34
2009-07-03,3.43
2009-07-02,3.42
2009-07-01,3.53
2009-06-30,3.42
2009-06-29,3.44
2009-06-26,3.44
2009-06-25,3.42
2009-06-24,3.46
2009-06-23,3.4
2009-06-22,3.49
2009-06-19,3.52
2009-06-18,3.3
2009-06-17,3.35
2009-06-16,3.41
2009-06-15,3.45
2009-06-12,3.44
2009-06-11,3.32
2009-06-10,3.32
2009-06-09,3.3
2009-06-08,3.27
2009-06-05,3.34
2009-06-04,3.36
2009-06-03,3.43
2009-06-02,3.5
2009-06-01,3.55
2009-05-29,3.5
2009-05-28,3.68
2009-05-27,3.71
2009-05-26,3.65
2009-05-25,3.4
2009-05-22,3.26
2009-05-21,3.26
2009-05-20,3.34
2009-05-19,3.32
2009-05-18,3.28
2009-05-15,3.27
2009-05-14,3.17
2009-05-13,3.2
2009-05-12,3.36
2009-05-11,3.49
2009-05-08,3.48
2009-05-07,3.43
2009-05-06,3.43
2009-05-05,3.35
2009-05-04,3.32
2009-05-01,3.18
2009-04-30,3.18
2009-04-29,3.14
2009-04-28,3.14
2009-04-27,3.21
2009-04-24,3.3
2009-04-23,3.25
2009-04-22,3.22
2009-04-21,3.25
2009-04-20,3.24
2009-04-17,3.35
2009-04-16,3.08
2009-04-15,2.95
2009-04-14,2.92
2009-04-13,2.84
2009-04-10,2.84
2009-04-09,2.84
2009-04-08,2.8
2009-04-07,2.86
2009-04-06,2.88
2009-04-03,2.84
2009-04-02,2.75
2009-04-01,2.64
2009-03-31,2.58
2009-03-30,2.59
2009-03-27,2.61
2009-03-26,2.65
2009-03-25,2.65
2009-03-24,2.7
2009-03-23,2.7
2009-03-20,2.69
2009-03-19,2.76
2009-03-18,2.78
2009-03-17,2.8
2009-03-16,2.84
2009-03-13,2.86
2009-03-12,2.91
2009-03-11,2.93
2009-03-10,2.9
2009-03-09,2.82
2009-03-06,2.73
2009-03-05,2.74
2009-03-04,2.71
2009-03-03,2.65
2009-03-02,2.81
2009-02-27,2.87
2009-02-26,2.99
2009-02-25,3.0
2009-02-24,3.05
2009-02-23,3.1
2009-02-20,3.13
2009-02-19,3.14
2009-02-18,3.12
2009-02-17,3.18
2009-02-16,3.25
2009-02-13,3.29
2009-02-12,3.28
2009-02-11,3.3
2009-02-10,3.31
2009-02-09,3.32
2009-02-06,3.32
2009-02-05,3.28
2009-02-04,3.3
2009-02-03,3.31
2009-02-02,3.32
2009-01-30,3.36
2009-01-29,3.42
2009-01-28,3.44
2009-01-27,3.45
2009-01-26,3.46
2009-01-23,3.48
2009-01-22,3.53
2009-01-21,3.59
2009-01-20,3.62
2009-01-19,3.64
2009-01-16,3.65
2009-01-15,3.64
2009-01-14,3.61
2009-01-13,3.6
2009-01-12,3.56
2009-01-09,3.56
2009-01-08,3.59
2009-01-07,3.63
2009-01-06,3.65
2009-01-05,3.63
2009-01-02,3.69
2009-01-01,3.76
2008-12-31,3.76
2008-12-30,3.8
2008-12-29,3.81
2008-12-26,3.7
2008-12-25,3.7
2008-12-24,3.7
2008-12-23,3.71
2008-12-22,3.66
2008-12-19,3.69
2008-12-18,3.75
2008-12-17,3.52
2008-12-16,3.73
2008-12-15,3.7
2008-12-12,3.7
2008-12-11,3.95
2008-12-10,3.93
2008-12-09,3.97
2008-12-08,3.9
2008-12-05,3.71
2008-12-04,3.73
2008-12-03,3.68
2008-12-02,3.64
2008-12-01,3.62
2008-11-28,3.63
2008-11-27,3.6
2008-11-26,3.57
2008-11-25,3.57
2008-11-24,3.55
2008-11-21,3.5
2008-11-20,3.45
2008-11-19,3.37
2008-11-18,3.37
2008-11-17,3.52
2008-11-14,3.66
2008-11-13,3.64
2008-11-12,3.62
2008-11-11,3.63
2008-11-10,3.69
2008-11-07,3.72
2008-11-06,3.63
2008-11-05,3.6
2008-11-04,3.69
2008-11-03,3.54
2008-10-31,3.6
2008-10-30,3.7
2008-10-29,3.7
2008-10-28,3.75
2008-10-27,3.85
2008-10-24,3.89
2008-10-23,4.05
2008-10-22,4.38
2008-10-21,4.56
2008-10-20,4.68
2008-10-17,4.7
2008-10-16,4.7
2008-10-15,5.04
2008-10-14,5.2
2008-10-13,5.1
2008-10-10,4.65
2008-10-09,4.85
2008-10-08,4.65
2008-10-07,4.75
2008-10-06,4.93
2008-10-03,5.4
2008-10-02,5.54
2008-10-01,5.64
2008-09-30,5.58
2008-09-29,5.74
2008-09-26,5.82
2008-09-25,5.87
2008-09-24,5.88
2008-09-23,5.99
2008-09-22,6.04
2008-09-19,6.09
2008-09-18,5.95
2008-09-17,6.05
2008-09-16,5.97
2008-09-15,6.2
2008-09-12,6.25
2008-09-11,6.1
2008-09-10,6.25
2008-09-09,6.25
2008-09-08,6.3
2008-09-05,6.18
2008-09-04,6.29
2008-09-03,6.38
2008-09-02,6.32
2008-09-01,6.25
2008-08-29,6.24
2008-08-28,6.1
2008-08-27,6.15
2008-08-26,6.2
2008-08-25,6.15
2008-08-22,6.15
2008-08-21,5.85
2008-08-20,5.99
2008-08-19,6.15
2008-08-18,6.33
2008-08-15,6.29
2008-08-14,6.3
2008-08-13,6.35
2008-08-12,6.49
2008-08-11,6.3
2008-08-08,6.24
2008-08-07,6.05
2008-08-06,5.95
2008-08-05,5.87
2008-08-04,5.77
2008-08-01,5.78
2008-07-31,5.8
2008-07-30,5.5
2008-07-29,5.35
2008-07-28,5.5
2008-07-25,5.52
2008-07-24,5.5
2008-07-23,5.6
2008-07-22,5.63
2008-07-21,5.86
2008-07-18,5.97
2008-07-17,6.0
2008-07-16,5.95
2008-07-15,6.0
2008-07-14,6.22
2008-07-11,6.26
2008-07-10,6.19
2008-07-09,6.2
2008-07-08,6.09
2008-07-07,6.29
2008-07-04,6.37
2008-07-03,6.4
2008-07-02,6.37
2008-07-01,6.6
2008-06-30,6.97
2008-06-27,7.15
2008-06-26,6.99
2008-06-25,7.0
2008-06-24,6.92
2008-06-23,7.25
2008-06-20,7.45
2008-06-19,7.41
2008-06-18,7.42
2008-06-17,7.4
2008-06-16,7.39
2008-06-13,7.36
2008-06-12,7.2
2008-06-11,7.28
2008-06-10,7.4
2008-06-09,7.3
2008-06-06,7.39
2008-06-05,7.47
2008-06-04,7.73
2008-06-03,7.74
2008-06-02,7.74
2008-05-30,7.72
2008-05-29,7.67
2008-05-28,7.73
2008-05-27,7.85
2008-05-26,8.04
2008-05-23,8.34
2008-05-22,7.99
2008-05-21,8.14
2008-05-20,8.29
2008-05-19,8.49
2008-05-16,8.55
2008-05-15,9.0
2008-05-14,8.98
2008-05-13,8.97
2008-05-12,8.94
2008-05-09,8.95
2008-05-08,8.97
2008-05-07,8.9
2008-05-06,8.82
2008-05-05,8.9
2008-05-02,8.99
2008-05-01,15.48
2008-04-30,8.97
2008-04-29,9.0
2008-04-28,9.0
2008-04-25,8.98
2008-04-24,8.83
2008-04-23,8.8
2008-04-22,8.83
2008-04-21,8.75
2008-04-18,8.95
2008-04-17,8.98
2008-04-16,8.98
2008-04-15,8.8
2008-04-14,8.66
2008-04-11,8.74
2008-04-10,8.7
2008-04-09,8.71
2008-04-08,8.73
2008-04-07,8.75
2008-04-04,8.65
2008-04-03,8.5
2008-04-02,8.55
2008-04-01,8.5
2008-03-31,8.59
2008-03-28,8.6
2008-03-27,8.35
2008-03-26,7.99
2008-03-25,8.06
2008-03-24,15.52
2008-03-20,8.01
2008-03-19,7.94
2008-03-18,8.0
2008-03-17,7.98
2008-03-14,8.15
2008-03-13,8.3
2008-03-12,8.2
2008-03-11,8.48
2008-03-10,7.95
2008-03-07,7.9
2008-03-06,7.71
2008-03-05,7.73
2008-03-04,7.6
2008-03-03,7.7
2008-02-29,7.6
2008-02-28,7.21
2008-02-27,7.31
2008-02-26,7.4
2008-02-25,7.37
2008-02-22,7.15
2008-02-21,7.1
2008-02-20,7.22
2008-02-19,7.27
2008-02-18,7.34
2008-02-15,7.28
2008-02-14,7.4
2008-02-13,7.36
2008-02-12,7.28
2008-02-11,7.28
2008-02-08,7.37
2008-02-07,7.02
2008-02-06,7.03
2008-02-05,7.2
2008-02-04,7.26
2008-02-01,7.35
2008-01-31,7.25
2008-01-30,7.37
2008-01-29,7.39
2008-01-28,6.94
2008-01-25,6.65
2008-01-24,6.09
2008-01-23,6.05
2008-01-22,5.91
2008-01-21,5.9
2008-01-18,6.15
2008-01-17,6.3
2008-01-16,6.24
2008-01-15,6.7
2008-01-14,6.95
2008-01-11,7.07
2008-01-10,7.19
2008-01-09,7.26
2008-01-08,7.3
2008-01-07,7.46
2008-01-04,7.7
2008-01-03,8.07
2008-01-02,8.15
2007-12-31,8.15
2007-12-28,8.12
2007-12-27,8.16
2007-12-26,27.0
2007-12-24,8.12
2007-12-21,8.11
2007-12-20,8.3
2007-12-19,8.1
2007-12-18,8.3
2007-12-17,8.44
2007-12-14,8.39
2007-12-13,8.31
2007-12-12,8.55
2007-12-11,8.45
2007-12-10,8.5
2007-12-07,8.5
2007-12-06,8.48
2007-12-05,8.49
2007-12-04,8.4
2007-12-03,8.6
2007-11-30,8.65
2007-11-29,8.54
2007-11-28,8.4
2007-11-27,8.31
2007-11-26,8.47
2007-11-23,8.5
2007-11-22,8.4
2007-11-21,8.3
2007-11-20,8.52
2007-11-19,8.53
2007-11-16,8.7
2007-11-15,8.71
2007-11-14,8.71
2007-11-13,8.7
2007-11-12,8.75
2007-11-09,8.81
2007-11-08,9.0
2007-11-07,8.91
2007-11-06,8.98
2007-11-05,8.66
2007-11-02,8.71
2007-11-01,8.82
2007-10-31,8.86
2007-10-30,8.72
2007-10-29,8.84
2007-10-26,8.88
2007-10-25,8.94
2007-10-24,8.87
2007-10-23,8.96
2007-10-22,8.99
2007-10-19,9.31
2007-10-18,9.52
2007-10-17,9.5
2007-10-16,9.5
2007-10-15,9.6
2007-10-12,9.81
2007-10-11,9.87
2007-10-10,9.81
2007-10-09,9.9
2007-10-08,9.84
2007-10-05,9.74
2007-10-04,9.31
2007-10-03,9.15
2007-10-02,8.94
2007-10-01,8.8
2007-09-28,8.5
2007-09-27,8.44
2007-09-26,8.6
2007-09-25,8.81
2007-09-24,9.12
2007-09-21,9.19
2007-09-20,9.1
2007-09-19,9.17
2007-09-18,8.94
2007-09-17,9.04
2007-09-14,9.6
2007-09-13,9.85
2007-09-12,9.9
2007-09-11,9.75
2007-09-10,9.69
2007-09-07,9.76
2007-09-06,10.18
2007-09-05,9.95
2007-09-04,9.93
2007-09-03,9.97
2007-08-31,9.84
2007-08-30,9.84
2007-08-29,9.78
2007-08-28,9.86
2007-08-27,9.92
2007-08-24,9.86
2007-08-23,9.74
2007-08-22,9.66
2007-08-21,9.59
2007-08-20,9.68
2007-08-17,9.4
2007-08-16,9.1
2007-08-15,10.04
2007-08-14,10.14
2007-08-13,10.15
2007-08-10,10.15
2007-08-09,10.49
2007-08-08,10.49
2007-08-07,10.3
2007-08-06,10.25
2007-08-03,10.54
2007-08-02,10.57
2007-08-01,10.49
2007-07-31,10.75
2007-07-30,10.75
2007-07-27,10.8
2007-07-26,10.92
2007-07-25,11.1
2007-07-24,11.09
2007-07-23,11.15
2007-07-20,11.15
2007-07-19,10.92
2007-07-18,10.94
2007-07-17,10.97
2007-07-16,10.8
2007-07-13,10.8
2007-07-12,10.63
2007-07-11,10.62
2007-07-10,10.74
2007-07-09,10.63
2007-07-06,10.73
2007-07-05,10.7
2007-07-04,10.35
2007-07-03,10.03
2007-07-02,10.17
2007-06-29,10.35
2007-06-28,10.45
2007-06-27,10.5
2007-06-26,22.43
2007-06-25,21.98
2007-06-22,22.63
2007-06-21,22.98
2007-06-20,23.17
2007-06-19,23.36
2007-06-18,22.9
2007-06-15,22.81
2007-06-14,21.3
2007-06-13,20.89
2007-06-12,20.74
2007-06-11,21.2
2007-06-08,21.09
2007-06-07,20.07
2007-06-06,20.61
2007-06-05,20.65
2007-06-04,20.48
2007-06-01,20.29
2007-05-31,20.6
2007-05-30,19.53
2007-05-29,19.8
2007-05-25,19.35
2007-05-24,19.74
2007-05-23,19.82
2007-05-22,20.24
2007-05-21,20.53
2007-05-18,20.84
2007-05-17,20.99
2007-05-16,20.9
2007-05-15,20.86
2007-05-14,20.93
2007-05-11,20.71
2007-05-10,20.35
2007-05-09,20.45
2007-05-08,19.97
2007-05-07,17.98
2007-05-04,16.99
2007-05-03,17.0
2007-05-02,16.3
2007-05-01,15.61
2007-04-30,16.33
2007-04-27,16.86
2007-04-26,17.0
2007-04-25,16.98
2007-04-24,17.08
2007-04-23,16.95
2007-04-20,16.95
2007-04-19,16.84
2007-04-18,17.05
2007-04-17,16.7
2007-04-16,16.63
2007-04-13,16.67
2007-04-12,16.35
2007-04-11,15.6
2007-04-10,15.48
2007-04-09,15.2
2007-04-05,15.14
2007-04-04,15.15
2007-04-03,15.4
2007-04-02,15.28
2007-03-30,15.55
2007-03-29,15.17
2007-03-28,14.7
2007-03-27,14.53
2007-03-26,14.58
2007-03-23,14.64
2007-03-22,14.5
2007-03-21,14.32
2007-03-20,13.64
2007-03-19,13.46
2007-03-16,13.3
2007-03-15,13.24
2007-03-14,13.0
2007-03-13,13.1
2007-03-12,13.1
2007-03-09,13.26
2007-03-08,13.18
2007-03-07,13.15
2007-03-06,13.02
2007-03-05,12.95
2007-03-02,12.98
2007-03-01,13.02
2007-02-28,13.46
2007-02-27,13.49
2007-02-26,15.5
2007-02-23,15.45
2007-02-22,15.59
2007-02-21,15.64
2007-02-20,15.64
2007-02-16,15.39
2007-02-15,15.39
2007-02-14,15.44
2007-02-13,15.39
2007-02-12,15.28
2007-02-09,14.98
2007-02-08,14.8
2007-02-07,14.67
2007-02-06,14.6
2007-02-05,14.67
2007-02-02,14.85
2007-02-01,14.73
2007-01-31,14.49
2007-01-30,14.43
2007-01-29,14.34
2007-01-26,14.18
2007-01-25,14.05
2007-01-24,14.4
2007-01-23,14.29
2007-01-22,14.25
2007-01-19,14.21
2007-01-18,14.0
2007-01-17,14.29
2007-01-16,14.09
2007-01-12,12.9
2007-01-11,12.3
2007-01-10,11.78
2007-01-09,11.8
2007-01-08,11.7
2007-01-05,11.64
2007-01-04,11.61
2007-01-03,11.6
2006-12-29,11.58
2006-12-28,11.85
2006-12-27,11.85
2006-12-26,11.84
2006-12-22,12.1
2006-12-21,11.74
2006-12-20,11.84
2006-12-19,11.86
2006-12-18,11.85
2006-12-15,11.82
2006-12-14,11.78
2006-12-13,11.84
2006-12-12,12.2
2006-12-11,12.98
2006-12-08,12.65
2006-12-07,12.7
2006-12-06,12.61
2006-12-05,12.68
2006-12-04,12.62
2006-12-01,11.85
2006-11-30,11.3
2006-11-29,11.4
2006-11-28,11.3
2006-11-27,11.3
2006-11-24,11.19
2006-11-22,10.77
2006-11-21,10.25
2006-11-20,10.2
2006-11-17,10.15
2006-11-16,9.83
2006-11-15,9.68
2006-11-14,9.64
2006-11-13,9.82
2006-11-10,9.89
2006-11-09,9.78
2006-11-08,9.55
2006-11-07,9.49
2006-11-06,9.7
2006-11-03,9.67
2006-11-02,9.4
2006-11-01,9.31
2006-10-31,9.4
2006-10-30,9.39
2006-10-27,9.45
2006-10-26,9.39
2006-10-25,9.38
2006-10-24,9.32
2006-10-23,9.23
2006-10-20,9.23
2006-10-19,9.15
2006-10-18,8.96
2006-10-17,9.09
2006-10-16,9.0
2006-10-13,8.96
2006-10-12,8.97
2006-10-11,8.88
2006-10-10,8.97
2006-10-09,8.96
2006-10-06,8.96
2006-10-05,8.98
2006-10-04,9.02
2006-10-03,8.92
2006-10-02,8.98
2006-09-29,9.0
2006-09-28,8.99
2006-09-27,8.99
2006-09-26,8.98
2006-09-25,8.99
2006-09-22,8.99
2006-09-21,9.01
2006-09-20,8.89
2006-09-19,8.96
2006-09-18,9.03
2006-09-15,9.05
2006-09-14,8.92
2006-09-13,8.85
2006-09-12,8.75
2006-09-11,8.83
2006-09-08,9.58
2006-09-07,9.7
2006-09-06,9.8
2006-09-05,10.12
2006-09-01,9.84
2006-08-31,9.7
2006-08-30,9.58
2006-08-29,9.75
2006-08-28,9.8
2006-08-25,10.04
2006-08-24,9.97
2006-08-23,9.7
2006-08-22,9.83
2006-08-21,9.98
2006-08-18,9.33
2006-08-17,9.25
2006-08-16,9.25
2006-08-15,8.95
2006-08-14,9.0
2006-08-11,9.08
2006-08-10,9.05
2006-08-09,9.26
2006-08-08,9.26
2006-08-07,8.85
2006-08-04,8.87
2006-08-03,8.84
2006-08-02,8.72
2006-08-01,8.76
2006-07-31,8.76
2006-07-28,8.75
2006-07-27,8.74
2006-07-26,8.79
2006-07-25,8.78
2006-07-24,8.61
2006-07-21,8.43
2006-07-20,8.45
2006-07-19,8.44
2006-07-18,8.34
2006-07-17,8.39
2006-07-14,8.6
2006-07-13,8.56
2006-07-12,8.67
2006-07-11,8.61
2006-07-10,8.55
2006-07-07,8.3
2006-07-06,8.45
2006-07-05,8.55
2006-07-03,8.45
2006-06-30,8.26
2006-06-29,8.22
2006-06-28,8.29
2006-06-27,8.1
2006-06-26,8.14
2006-06-23,8.1
2006-06-22,8.1
2006-06-21,8.08
2006-06-20,8.05
2006-06-19,8.01
2006-06-16,8.1
2006-06-15,8.1
2006-06-14,8.12
2006-06-13,8.1
2006-06-12,8.14
2006-06-09,8.19
2006-06-08,8.11
2006-06-07,8.3
2006-06-06,8.19
2006-06-05,8.3
2006-06-02,8.37
2006-06-01,8.22
2006-05-31,8.16
2006-05-30,8.17
2006-05-26,8.39
2006-05-25,8.27
2006-05-24,8.03
2006-05-23,8.0
2006-05-22,8.17
2006-05-19,8.3
2006-05-18,8.25
2006-05-17,8.3
2006-05-16,8.39
2006-05-15,8.3
2006-05-12,8.69
2006-05-11,8.86
2006-05-10,9.0
2006-05-09,8.91
2006-05-08,8.62
2006-05-05,8.6
2006-05-04,8.46
2006-05-03,8.53
2006-05-02,8.75
2006-05-01,8.39
2006-04-28,8.51
2006-04-27,8.41
2006-04-26,8.35
2006-04-25,8.32
2006-04-24,8.34
2006-04-21,8.25
2006-04-20,8.1
2006-04-19,8.1
2006-04-18,8.16
2006-04-17,8.08
2006-04-13,7.76
2006-04-12,7.35
2006-04-11,7.44
2006-04-10,7.33
2006-04-07,7.36
2006-04-06,7.32
2006-04-05,7.16
2006-04-04,7.26
2006-04-03,7.26
2006-03-31,7.2
2006-03-30,7.25
2006-03-29,7.24
2006-03-28,7.23
2006-03-27,7.25
2006-03-24,7.25
2006-03-23,7.3
2006-03-22,7.32
2006-03-21,7.4
2006-03-20,7.48
2006-03-17,7.09
2006-03-16,6.8
2006-03-15,6.65
2006-03-14,6.44
2006-03-13,6.3
2006-03-10,6.27
2006-03-09,6.27
2006-03-08,6.39
2006-03-07,6.4
2006-03-06,6.4
2006-03-03,6.4
2006-03-02,6.45
2006-03-01,6.45
2006-02-28,6.5
2006-02-27,6.58
2006-02-24,6.6
2006-02-23,6.55
2006-02-22,6.53
2006-02-21,6.6
2006-02-17,6.65
2006-02-16,6.52
2006-02-15,6.57
2006-02-14,6.62
2006-02-13,6.65
2006-02-10,6.67
2006-02-09,6.69
2006-02-08,6.6
2006-02-07,6.65
2006-02-06,6.7
2006-02-03,6.73
2006-02-02,6.7
2006-02-01,6.5
2006-01-31,6.24
2006-01-30,6.2
2006-01-27,6.2
2006-01-26,6.29
2006-01-25,6.24
2006-01-24,6.28
2006-01-23,6.25
2006-01-20,6.29
2006-01-19,6.24
2006-01-18,6.24
2006-01-17,6.2
2006-01-13,6.1
2006-01-12,6.07
2006-01-11,6.04
2006-01-10,6.09
2006-01-09,6.24
2006-01-06,6.24
2006-01-05,6.2
2006-01-04,6.05
2006-01-03,6.1
2005-12-30,6.15
2005-12-29,6.3
2005-12-28,6.68
2005-12-27,6.53
2005-12-23,6.35
2005-12-22,6.23
2005-12-21,5.88
2005-12-20,5.78
2005-12-19,5.1
2005-12-16,4.95
2005-12-15,5.05
2005-12-14,5.0
2005-12-13,5.2
2005-12-12,5.2
2005-12-09,5.25
2005-12-08,5.35
2005-12-07,5.45
2005-12-06,5.55
2005-12-05,5.65
2005-12-02,5.6
2005-12-01,5.7
2005-11-30,5.1
2005-11-29,5.0
2005-11-28,5.1
2005-11-25,5.13
2005-11-23,5.13
2005-11-22,5.11
2005-11-21,5.06
2005-11-18,5.06
2005-11-17,5.1
2005-11-16,5.1
2005-11-15,5.2
2005-11-14,5.45
2005-11-11,5.45
2005-11-10,5.63
2005-11-09,5.8
2005-11-08,5.8
2005-11-07,5.9
2005-11-04,5.9
2005-11-03,5.88
2005-11-02,5.88
2005-11-01,5.95
2005-10-31,5.99
2005-10-28,6.03
2005-10-27,5.97
2005-10-26,5.94
2005-10-25,5.87
2005-10-24,5.85
2005-10-21,5.84
2005-10-20,5.76
2005-10-19,5.72
2005-10-18,5.64
2005-10-17,5.75
2005-10-14,5.85
2005-10-13,5.85
2005-10-12,5.85
2005-10-11,5.88
2005-10-10,5.95
2005-10-07,5.9
2005-10-06,5.9
2005-10-05,6.0
2005-10-04,6.1
2005-10-03,6.1
2005-09-30,6.1
2005-09-29,6.21
2005-09-28,6.1
2005-09-27,6.2
2005-09-26,6.25
2005-09-23,6.5
2005-09-22,6.46
2005-09-21,6.53
2005-09-20,6.5
2005-09-19,6.6
2005-09-16,6.64
2005-09-15,6.3
2005-09-14,6.3
2005-09-13,6.7
2005-09-12,6.87
2005-09-09,6.72
2005-09-08,6.64
2005-09-07,6.6
2005-09-06,6.62
2005-09-02,6.67
2005-09-01,6.62
2005-08-31,6.65
2005-08-30,6.44
2005-08-29,6.24
2005-08-26,6.3
2005-08-25,6.2
2005-08-24,6.32
2005-08-23,6.5
2005-08-22,6.6
2005-08-19,6.7
2005-08-18,6.8
2005-08-17,6.82
2005-08-16,6.81
2005-08-15,6.9
2005-08-12,6.89
2005-08-11,6.92
2005-08-10,6.9
2005-08-09,7.0
2005-08-08,7.0
2005-08-05,7.09
2005-08-04,7.16
2005-08-03,7.16
2005-08-02,7.1
2005-08-01,7.13
2005-07-29,7.2
2005-07-28,7.3
2005-07-27,7.05
2005-07-26,7.09
2005-07-25,7.1
2005-07-22,7.06
2005-07-21,7.14
2005-07-20,7.22
2005-07-19,7.22
2005-07-18,7.3
2005-07-15,7.3
2005-07-14,7.25
2005-07-13,7.23
2005-07-12,7.27
2005-07-11,7.3
2005-07-08,7.28
2005-07-07,7.3
2005-07-06,7.26
2005-07-05,7.28
2005-07-01,7.28
2005-06-30,7.31
2005-06-29,7.2
2005-06-28,7.23
2005-06-27,7.15
2005-06-24,7.1
2005-06-23,7.35
2005-06-22,7.39
2005-06-21,7.11
2005-06-20,7.0
2005-06-17,6.74
2005-06-16,6.7
2005-06-15,6.35
2005-06-14,6.42
2005-06-13,6.4
2005-06-10,6.4
2005-06-09,6.26
2005-06-08,6.26
2005-06-07,6.3
2005-06-06,6.41
2005-06-03,6.41
2005-06-02,6.42
2005-06-01,6.41
2005-05-31,6.35
2005-05-27,6.39
2005-05-26,6.44
2005-05-25,6.47
2005-05-24,6.49
2005-05-23,6.44
2005-05-20,6.4
2005-05-19,6.24
2005-05-18,6.3
2005-05-17,6.15
2005-05-16,6.16
2005-05-13,6.25
2005-05-12,6.23
2005-05-11,6.35
2005-05-10,6.35
2005-05-09,6.35
2005-05-06,6.45
2005-05-05,6.24
2005-05-04,6.29
2005-05-03,6.37
2005-05-02,6.35
2005-04-29,6.39
2005-04-28,6.41
2005-04-27,6.47
2005-04-26,6.57
2005-04-25,6.8
2005-04-22,6.94
2005-04-21,6.94
2005-04-20,6.98
2005-04-19,6.94
2005-04-18,6.96
2005-04-15,6.97
2005-04-14,6.98
2005-04-13,6.95
2005-04-12,7.15
2005-04-11,7.18
2005-04-08,7.2
2005-04-07,7.49
2005-04-06,7.49
2005-04-05,7.45
2005-04-04,7.45
2005-04-01,7.35
2005-03-31,7.36
2005-03-30,7.26
2005-03-29,7.23
2005-03-28,7.2
2005-03-24,7.25
2005-03-23,7.09
2005-03-22,7.38
2005-03-21,7.43
2005-03-18,7.48
2005-03-17,7.7
2005-03-16,7.6
2005-03-15,7.6
2005-03-14,7.45
2005-03-11,7.33
2005-03-10,7.45
2005-03-09,7.5
2005-03-08,7.65
2005-03-07,7.65
2005-03-04,7.14
2005-03-03,6.3
2005-03-02,6.2
2005-03-01,5.98
2005-02-28,6.1
2005-02-25,6.03
2005-02-24,6.1
2005-02-23,6.13
2005-02-22,6.1
2005-02-18,6.1
2005-02-17,6.16
2005-02-16,6.2
2005-02-15,6.28
2005-02-14,6.25
2005-02-11,6.2
2005-02-10,6.21
2005-02-09,6.23
2005-02-08,6.2
2005-02-07,6.29
2005-02-04,6.29
2005-02-03,6.3
2005-02-02,6.45
2005-02-01,6.4
2005-01-31,6.39
2005-01-28,6.4
2005-01-27,6.32
2005-01-26,6.3
2005-01-25,6.36
2005-01-24,6.4
2005-01-21,6.5
2005-01-20,6.6
2005-01-19,6.64
2005-01-18,6.7
2005-01-14,6.68
2005-01-13,6.8
2005-01-12,6.86
2005-01-11,7.14
2005-01-10,7.31
2005-01-07,7.49
2005-01-06,7.45
2005-01-05,7.55
2005-01-04,7.85
2005-01-03,7.85
2004-12-31,7.95
2004-12-30,7.95
2004-12-29,7.94
2004-12-28,7.94
2004-12-27,7.97
2004-12-23,7.97
2004-12-22,7.97
2004-12-21,8.0
2004-12-20,8.0
2004-12-17,8.05
2004-12-16,7.59
2004-12-15,7.52
2004-12-14,7.43
2004-12-13,7.49
2004-12-10,7.55
2004-12-09,7.7
2004-12-08,7.71
2004-12-07,7.78
2004-12-06,7.88
2004-12-03,7.88
2004-12-02,7.89
2004-12-01,7.89
2004-11-30,7.88
2004-11-29,7.9
2004-11-26,7.88
2004-11-24,7.9
2004-11-23,7.95
2004-11-22,7.99
2004-11-19,7.95
2004-11-18,7.9
2004-11-17,7.99
2004-11-16,7.97
2004-11-15,8.0
2004-11-12,8.02
2004-11-11,8.2
2004-11-10,8.91
2004-11-09,8.91
2004-11-08,9.0
2004-11-05,9.0
2004-11-04,9.0
2004-11-03,9.0
2004-11-02,9.1
2004-11-01,9.35
2004-10-29,9.33
2004-10-28,9.3
2004-10-27,9.38
2004-10-26,9.35
2004-10-25,9.35
2004-10-22,9.3
2004-10-21,9.29
2004-10-20,9.2
2004-10-19,9.45
2004-10-18,9.42
2004-10-15,9.45
2004-10-14,9.5
2004-10-13,9.5
2004-10-12,9.54
2004-10-11,9.5
2004-10-08,9.59
2004-10-07,9.58
2004-10-06,9.52
2004-10-05,9.5
2004-10-04,9.4
2004-10-01,9.31
2004-09-30,9.28
2004-09-29,9.25
2004-09-28,9.2
2004-09-27,9.1
2004-09-24,9.17
2004-09-23,9.2
2004-09-22,9.27
2004-09-21,9.3
2004-09-20,9.44
2004-09-17,9.49
2004-09-16,9.49
2004-09-15,9.38
2004-09-14,9.39
2004-09-13,9.29
2004-09-10,9.35
2004-09-09,9.33
2004-09-08,9.3
2004-09-07,9.25
2004-09-03,8.62
2004-09-02,8.55
2004-09-01,8.32
2004-08-31,8.35
2004-08-30,8.15
2004-08-27,8.38
2004-08-26,7.6
2004-08-25,7.5
2004-08-24,7.7
2004-08-23,7.6
2004-08-20,7.56
2004-08-19,7.68
2004-08-18,7.2
2004-08-17,7.1
2004-08-16,7.14
2004-08-13,7.01
2004-08-12,7.1
2004-08-11,7.04
2004-08-10,7.2
2004-08-09,7.1
2004-08-06,7.05
2004-08-05,7.05
2004-08-04,7.05
2004-08-03,7.15
2004-08-02,7.1
2004-07-30,7.1
2004-07-29,7.1
2004-07-28,6.99
2004-07-27,7.0
2004-07-26,7.15
2004-07-23,7.5
2004-07-22,7.7
2004-07-21,7.72
2004-07-20,7.72
2004-07-19,7.69
2004-07-16,7.69
2004-07-15,7.75
2004-07-14,7.75
2004-07-13,7.65
2004-07-12,7.57
2004-07-09,7.12
2004-07-08,6.98
2004-07-07,6.95
2004-07-06,7.0
2004-07-02,6.98
2004-07-01,7.0
2004-06-30,7.0
2004-06-29,6.97
2004-06-28,7.14
2004-06-25,7.09
2004-06-24,7.39
2004-06-23,7.5
2004-06-22,7.55
2004-06-21,7.65
2004-06-18,7.75
2004-06-17,7.8
2004-06-16,7.83
2004-06-15,7.95
2004-06-14,7.84
2004-06-10,7.84
2004-06-09,7.75
2004-06-08,7.75
2004-06-07,7.76
2004-06-04,7.75
2004-06-03,7.75
2004-06-02,7.55
2004-06-01,7.65
2004-05-28,7.65
2004-05-27,7.5
2004-05-26,7.45
2004-05-25,7.48
2004-05-24,7.62
2004-05-21,7.74
2004-05-20,7.74
2004-05-19,7.74
2004-05-18,7.8
2004-05-17,7.9
2004-05-14,7.99
2004-05-13,7.9
2004-05-12,8.0
2004-05-11,8.18
2004-05-10,8.18
2004-05-07,8.16
2004-05-06,8.15
2004-05-05,7.84
2004-05-04,7.81
2004-05-03,7.75
2004-04-30,7.5
2004-04-29,7.23
2004-04-28,7.3
2004-04-27,7.62
2004-04-26,7.85
2004-04-23,7.95
2004-04-22,7.94
2004-04-21,7.85
2004-04-20,7.9
2004-04-19,8.0
2004-04-16,8.1
2004-04-15,8.03
2004-04-14,8.15
2004-04-13,8.15
2004-04-12,8.2
2004-04-08,8.25
2004-04-07,8.45
2004-04-06,8.3
2004-04-05,8.33
2004-04-02,8.34
2004-04-01,8.3
2004-03-31,8.48
2004-03-30,8.5
2004-03-29,8.5
2004-03-26,8.55
2004-03-25,8.5
2004-03-24,8.5
2004-03-23,8.51
2004-03-22,8.63
2004-03-19,8.58
2004-03-18,8.62
2004-03-17,8.65
2004-03-16,8.55
2004-03-15,8.55
2004-03-12,8.3
2004-03-11,8.31
2004-03-10,8.55
2004-03-09,8.6
2004-03-08,8.45
2004-03-05,8.25
2004-03-04,8.0
2004-03-03,8.02
2004-03-02,8.0
2004-03-01,7.65
2004-02-27,7.58
2004-02-26,7.5
2004-02-25,7.47
2004-02-24,7.25
2004-02-23,7.32
2004-02-20,7.27
2004-02-19,7.3
2004-02-18,7.25
2004-02-17,7.25
2004-02-13,7.35
2004-02-12,7.15
2004-02-11,7.25
2004-02-10,7.2
2004-02-09,6.95
2004-02-06,6.92
2004-02-05,6.8
2004-02-04,7.02
2004-02-03,6.93
2004-02-02,6.95
2004-01-30,7.0
2004-01-29,6.95
2004-01-28,6.7
2004-01-27,6.65
2004-01-26,6.55
2004-01-23,6.55
2004-01-22,6.5
2004-01-21,6.4
2004-01-20,6.45
2004-01-16,6.5
2004-01-15,6.5
2004-01-14,6.55
2004-01-13,6.15
2004-01-12,6.05
2004-01-09,6.05
2004-01-08,6.1
2004-01-07,6.0
2004-01-06,6.25
2004-01-05,6.2
2004-01-02,6.18
2003-12-31,6.38
2003-12-30,6.34
2003-12-29,6.33
2003-12-26,6.25
2003-12-24,6.2
2003-12-23,6.15
2003-12-22,6.3
2003-12-19,6.33
2003-12-18,6.45
2003-12-17,6.36
2003-12-16,6.25
2003-12-15,6.15
2003-12-12,6.15
2003-12-11,6.2
2003-12-10,6.05
2003-12-09,6.0
2003-12-08,6.1
2003-12-05,6.1
2003-12-04,5.95
2003-12-03,6.0
2003-12-02,6.01
2003-12-01,5.95
2003-11-28,5.8
2003-11-26,5.75
2003-11-25,5.6
2003-11-24,5.85
2003-11-21,5.8
2003-11-20,5.4
2003-11-19,5.55
2003-11-18,5.7
2003-11-17,5.62
2003-11-14,5.73
2003-11-13,5.65
2003-11-12,5.74
2003-11-11,5.8
2003-11-10,6.0
2003-11-07,5.65
2003-11-06,5.65
2003-11-05,5.5
2003-11-04,5.45
2003-11-03,5.38
2003-10-31,5.3
2003-10-30,5.3
2003-10-29,5.05
2003-10-28,5.05
2003-10-27,5.09
2003-10-24,5.09
2003-10-23,5.05
2003-10-22,5.05
2003-10-21,5.0
2003-10-20,5.0
2003-10-17,5.0
2003-10-16,5.0
2003-10-15,5.0
2003-10-14,5.1
2003-10-13,5.1
2003-10-10,5.1
2003-10-09,5.0
2003-10-08,5.0
2003-10-07,5.0
2003-10-06,5.1
2003-10-03,5.1
2003-10-02,5.1
2003-10-01,5.1
2003-09-30,5.1
2003-09-29,5.0
2003-09-26,4.98
2003-09-25,5.0
2003-09-24,5.0
2003-09-23,5.15
2003-09-22,5.15
2003-09-19,4.98
2003-09-18,4.9
2003-09-17,4.9
2003-09-16,4.9
2003-09-15,4.8
2003-09-12,4.8
2003-09-11,4.8
2003-09-10,4.9
2003-09-09,4.9
2003-09-08,4.9
2003-09-05,4.88
2003-09-04,4.9
2003-09-03,4.8
2003-09-02,4.85
2003-08-29,4.85
2003-08-28,4.9
2003-08-27,4.85
2003-08-26,4.85
2003-08-25,4.7
2003-08-22,4.7
2003-08-21,4.4
2003-08-20,4.7
2003-08-19,4.28
2003-08-18,4.25
2003-08-15,4.4
2003-08-14,4.37
2003-08-13,4.25
2003-08-12,4.15
2003-08-11,4.05
2003-08-08,4.0
2003-08-07,3.9
2003-08-06,3.8
2003-08-05,3.99
2003-08-04,4.05
2003-08-01,3.8
2003-07-31,3.9
2003-07-30,4.0
2003-07-29,4.03
2003-07-28,3.9
2003-07-25,3.9
2003-07-24,4.17
2003-07-23,4.15
2003-07-22,4.2
2003-07-21,4.2
2003-07-18,4.15
2003-07-17,4.05
2003-07-16,3.9
2003-07-15,3.9
2003-07-14,4.0
2003-07-11,4.1
2003-07-10,4.05
2003-07-09,4.0
2003-07-08,4.0
2003-07-07,4.01
2003-07-03,4.0
2003-07-02,3.97
2003-07-01,4.1
2003-06-30,4.1
2003-06-27,4.35
2003-06-26,4.25
2003-06-25,4.4
2003-06-24,4.4
2003-06-23,4.4
2003-06-20,4.51
2003-06-19,4.51
2003-06-18,4.65
2003-06-17,4.55
2003-06-16,4.55
2003-06-13,4.3
2003-06-12,4.15
2003-06-11,4.2
2003-06-10,4.15
2003-06-09,3.9
2003-06-06,3.94
2003-06-05,3.97
2003-06-04,4.0
2003-06-03,4.4
2003-06-02,4.59
2003-05-30,4.75
2003-05-29,4.95
2003-05-28,4.95
2003-05-27,4.75
2003-05-23,4.9
2003-05-22,4.9
2003-05-21,4.9
2003-05-20,4.9
2003-05-19,5.0
2003-05-16,4.95
2003-05-15,5.0
2003-05-14,5.0
2003-05-13,5.25
2003-05-12,5.3
2003-05-09,5.25
2003-05-08,5.25
2003-05-07,5.1
2003-05-06,4.46
2003-05-05,4.44
2003-05-02,4.2
2003-05-01,4.2
2003-04-30,4.2
2003-04-29,4.3
2003-04-28,4.3
2003-04-25,4.2
2003-04-24,4.05
2003-04-23,4.0
2003-04-22,3.95
2003-04-21,3.94
2003-04-17,3.94
2003-04-16,3.86
2003-04-15,3.95
2003-04-14,4.02
2003-04-11,4.0
2003-04-10,4.0
2003-04-09,4.04
2003-04-08,4.05
2003-04-07,4.05
2003-04-04,4.0
2003-04-03,4.0
2003-04-02,3.9
2003-04-01,3.7
2003-03-31,3.4
2003-03-28,3.45
2003-03-27,3.45
2003-03-26,3.45
2003-03-25,3.5
2003-03-24,3.5
2003-03-21,3.5
2003-03-20,3.65
2003-03-19,3.55
2003-03-18,3.55
2003-03-17,3.4
2003-03-14,3.55
2003-03-13,3.45
2003-03-12,3.45
2003-03-11,3.45
2003-03-10,3.55
2003-03-07,3.55
2003-03-06,3.6
2003-03-05,3.75
2003-03-04,3.72
2003-03-03,3.8
2003-02-28,3.75
2003-02-27,3.65
2003-02-26,3.7
2003-02-25,3.64
2003-02-24,3.5
2003-02-21,3.25
2003-02-20,3.15
2003-02-19,3.15
2003-02-18,3.15
2003-02-14,3.32
2003-02-13,3.43
2003-02-12,3.35
2003-02-11,3.4
2003-02-10,3.38
2003-02-07,3.43
2003-02-06,3.5
2003-02-05,3.6
2003-02-04,3.5
2003-02-03,3.4
2003-01-31,3.5
2003-01-30,3.6
2003-01-29,3.2
2003-01-28,3.25
2003-01-27,3.25
2003-01-24,3.35
2003-01-23,3.4
2003-01-22,3.45
2003-01-21,3.5
2003-01-17,3.5
2003-01-16,3.48
2003-01-15,3.35
2003-01-14,3.1
2003-01-13,3.05
2003-01-10,3.0
2003-01-09,2.9
2003-01-08,2.95
2003-01-07,2.95
2003-01-06,2.9
2003-01-03,2.9
2003-01-02,2.8
2002-12-31,2.8
2002-12-30,2.8
2002-12-27,2.7
2002-12-26,2.55
2002-12-24,2.65
2002-12-23,2.65
2002-12-20,2.8
2002-12-19,2.6
2002-12-18,2.4
2002-12-17,2.4
2002-12-16,2.6
2002-12-13,2.6
2002-12-12,2.6
2002-12-11,2.45
2002-12-10,2.35
2002-12-09,2.4
2002-12-06,2.5
2002-12-05,2.5
2002-12-04,2.38
2002-12-03,2.5
2002-12-02,2.5
2002-11-29,2.45
2002-11-27,2.4
2002-11-26,2.4
2002-11-25,2.45
2002-11-22,2.45
2002-11-21,2.55
2002-11-20,2.55
2002-11-19,2.55
2002-11-18,2.55
2002-11-15,2.65
2002-11-14,2.6
2002-11-13,2.6
2002-11-12,2.65
2002-11-11,2.65
2002-11-08,2.65
2002-11-07,2.62
2002-11-06,2.74
2002-11-05,2.65
2002-11-04,2.7
2002-11-01,2.8
2002-10-31,2.8
2002-10-30,2.8
2002-10-29,2.8
2002-10-28,2.8
2002-10-25,2.8
2002-10-24,2.8
2002-10-23,2.79
2002-10-22,2.79
2002-10-21,2.9
2002-10-18,2.9
2002-10-17,2.9
2002-10-16,2.9
2002-10-15,2.7
2002-10-14,2.75
2002-10-11,2.75
2002-10-10,2.7
2002-10-09,2.7
2002-10-08,2.78
2002-10-07,2.75
2002-10-04,2.7
2002-10-03,2.7
2002-10-02,2.75
2002-10-01,2.86
2002-09-30,2.88
2002-09-27,3.0
2002-09-26,3.0
2002-09-25,3.0
2002-09-24,3.0
2002-09-23,3.0
2002-09-20,3.05
2002-09-19,3.0
2002-09-18,3.0
2002-09-17,3.0
2002-09-16,3.0
2002-09-13,3.0
2002-09-12,3.0
2002-09-11,3.0
2002-09-10,2.95
2002-09-09,3.0
2002-09-06,3.1
2002-09-05,3.1
2002-09-04,3.2
2002-09-03,3.2
2002-08-30,3.25
2002-08-29,3.18
2002-08-28,3.25
2002-08-27,3.2
2002-08-26,3.2
2002-08-23,3.21
2002-08-22,3.25
2002-08-21,3.25
2002-08-20,2.95
2002-08-19,3.17
2002-08-16,3.23
2002-08-15,3.24
2002-08-14,3.25
2002-08-13,3.05
2002-08-12,2.85
2002-08-09,2.95
2002-08-08,2.65
2002-08-07,2.53
2002-08-06,2.55
2002-08-05,2.59
2002-08-02,2.6
2002-08-01,2.55
2002-07-31,2.4
2002-07-30,2.26
2002-07-29,2.6
2002-07-26,2.8
2002-07-25,2.9
2002-07-24,3.02
2002-07-23,3.05
2002-07-22,2.95
2002-07-19,3.04
2002-07-18,3.09
2002-07-17,3.05
2002-07-16,2.98
2002-07-15,3.0
2002-07-12,3.1
2002-07-11,3.1
2002-07-10,3.15
2002-07-09,3.09
2002-07-08,3.24
2002-07-05,3.2
2002-07-03,3.24
2002-07-02,3.3
2002-07-01,3.35
2002-06-28,3.38
2002-06-27,3.36
2002-06-26,3.36
2002-06-25,3.35
2002-06-24,3.44
2002-06-21,3.45
2002-06-20,3.45
2002-06-19,3.35
2002-06-18,3.33
2002-06-17,3.32
2002-06-14,3.35
2002-06-13,3.3
2002-06-12,3.45
2002-06-11,3.49
2002-06-10,3.6
2002-06-07,3.6
2002-06-06,3.55
2002-06-05,3.45
2002-06-04,3.4
2002-06-03,3.35
2002-05-31,3.4
2002-05-30,3.4
2002-05-29,3.43
2002-05-28,3.45
2002-05-24,3.38
2002-05-23,3.38
2002-05-22,3.32
2002-05-21,3.47
2002-05-20,3.47
2002-05-17,3.47
2002-05-16,3.41
2002-05-15,3.47
2002-05-14,3.4
2002-05-13,3.4
2002-05-10,3.27
2002-05-09,3.28
2002-05-08,3.2
2002-05-07,3.28
2002-05-06,3.25
2002-05-03,3.33
2002-05-02,3.35
2002-05-01,3.35
2002-04-30,3.35
2002-04-29,3.3
2002-04-26,3.35
2002-04-25,3.3
2002-04-24,3.25
2002-04-23,3.3
2002-04-22,3.3
2002-04-19,3.25
2002-04-18,3.27
2002-04-17,3.27
2002-04-16,3.27
2002-04-15,3.27
2002-04-12,3.25
2002-04-11,3.25
2002-04-10,3.3
2002-04-09,3.4
2002-04-08,3.4
2002-04-05,3.45
2002-04-04,3.45
2002-04-03,3.4
2002-04-02,3.35
2002-04-01,3.29
2002-03-28,3.12
2002-03-27,3.3
2002-03-26,3.25
2002-03-25,3.25
2002-03-22,3.0
2002-03-21,3.1
2002-03-20,3.1
2002-03-19,3.15
2002-03-18,3.2
2002-03-15,3.2
2002-03-14,3.29
2002-03-13,3.2
2002-03-12,3.4
2002-03-11,3.38
2002-03-08,3.0
2002-03-07,3.0
2002-03-06,3.05
2002-03-05,3.0
2002-03-04,3.0
2002-03-01,3.0
2002-02-28,3.05
2002-02-27,3.05
2002-02-26,3.08
2002-02-25,3.0
2002-02-22,2.9
2002-02-21,3.0
2002-02-20,2.95
2002-02-19,2.95
2002-02-15,3.05
2002-02-14,3.15
2002-02-13,3.05
2002-02-12,3.05
2002-02-11,3.18
2002-02-08,3.15
2002-02-07,3.05
2002-02-06,2.82
2002-02-05,2.85
2002-02-04,2.8
2002-02-01,2.89
2002-01-31,2.85
2002-01-30,2.85
2002-01-29,2.75
2002-01-28,2.9
2002-01-25,2.85
2002-01-24,2.92
2002-01-23,2.85
2002-01-22,2.9
2002-01-18,2.9
2002-01-17,2.9
2002-01-16,2.75
2002-01-15,2.7
2002-01-14,2.65
2002-01-11,2.8
2002-01-10,2.8
2002-01-09,2.8
2002-01-08,2.89
2002-01-07,2.9
2002-01-04,2.9
2002-01-03,2.7
2002-01-02,2.6
2001-12-31,2.6
2001-12-28,2.68
2001-12-27,2.75
2001-12-26,2.7
2001-12-24,2.9
2001-12-21,2.9
2001-12-20,2.4
2001-12-19,2.73
2001-12-18,2.7
2001-12-17,2.7
2001-12-14,2.73
2001-12-13,2.71
2001-12-12,2.65
2001-12-11,2.9
2001-12-10,2.85
2001-12-07,2.75
2001-12-06,2.75
2001-12-05,2.85
2001-12-04,2.8
2001-12-03,2.85
2001-11-30,2.8
2001-11-29,2.8
2001-11-28,2.7
2001-11-27,3.0
2001-11-26,3.0
2001-11-23,2.99
2001-11-21,2.99
2001-11-20,2.85
2001-11-19,2.79
2001-11-16,3.05
2001-11-15,3.05
2001-11-14,2.9
2001-11-13,3.05
2001-11-12,3.05
2001-11-09,3.0
2001-11-08,3.02
2001-11-07,3.0
2001-11-06,3.0
2001-11-05,3.0
2001-11-02,3.0
2001-11-01,2.93
2001-10-31,3.05
2001-10-30,2.89
2001-10-29,2.89
2001-10-26,3.0
2001-10-25,2.98
2001-10-24,2.89
2001-10-23,2.7
2001-10-22,2.75
2001-10-19,2.89
2001-10-18,2.9
2001-10-17,2.9
2001-10-16,2.9
2001-10-15,2.98
2001-10-12,2.98
2001-10-11,2.95
2001-10-10,2.95
2001-10-09,3.0
2001-10-08,2.95
2001-10-05,3.09
2001-10-04,3.1
2001-10-03,3.06
2001-10-02,3.0
2001-10-01,3.0
2001-09-28,3.04
2001-09-27,3.0
2001-09-26,2.89
2001-09-25,2.85
2001-09-24,2.85
2001-09-21,2.78
2001-09-20,2.85
2001-09-19,2.73
2001-09-18,2.85
2001-09-17,2.69
2001-09-10,2.7
2001-09-07,2.75
2001-09-06,2.75
2001-09-05,2.65
2001-09-04,2.68
2001-08-31,2.79
2001-08-30,2.75
2001-08-29,2.91
2001-08-28,2.9
2001-08-27,2.92
2001-08-24,2.94
2001-08-23,3.0
2001-08-22,3.02
2001-08-21,3.0
2001-08-20,3.22
2001-08-17,3.22
2001-08-16,3.24
2001-08-15,3.12
2001-08-14,3.24
2001-08-13,3.1
2001-08-10,3.28
2001-08-09,3.29
2001-08-08,3.3
2001-08-07,3.3
2001-08-06,3.25
2001-08-03,3.24
2001-08-02,3.12
2001-08-01,3.1
2001-07-31,3.05
2001-07-30,3.17
2001-07-27,3.45
2001-07-26,3.4
2001-07-25,3.6
2001-07-24,3.6
2001-07-23,3.55
2001-07-20,3.58
2001-07-19,3.67
2001-07-18,3.75
2001-07-17,3.73
2001-07-16,3.7
2001-07-13,3.6
2001-07-12,3.6
2001-07-11,3.6
2001-07-10,3.7
2001-07-09,3.7
2001-07-06,3.65
2001-07-05,3.65
2001-07-03,3.7
2001-07-02,3.6
2001-06-29,3.69
2001-06-28,3.65
2001-06-27,3.7
2001-06-26,3.45
2001-06-25,3.35
2001-06-22,3.35
2001-06-21,3.35
2001-06-20,3.15
2001-06-19,3.3
2001-06-18,3.35
2001-06-15,3.4
2001-06-14,3.42
2001-06-13,3.49
2001-06-12,3.5
2001-06-11,3.5
2001-06-08,3.53
2001-06-07,3.53
2001-06-06,3.55
2001-06-05,3.55
2001-06-04,3.6
2001-06-01,3.65
2001-05-31,3.65
2001-05-30,3.6
2001-05-29,3.72
2001-05-25,3.7
2001-05-24,3.62
2001-05-23,3.85
2001-05-22,3.7
2001-05-21,3.73
2001-05-18,3.73
2001-05-17,3.65
2001-05-16,3.69
2001-05-15,3.69
2001-05-14,3.74
2001-05-11,3.74
2001-05-10,3.7
2001-05-09,3.75
2001-05-08,3.75
2001-05-07,3.74
2001-05-04,3.75
2001-05-03,3.57
2001-05-02,3.4
2001-05-01,3.6
2001-04-30,3.6
2001-04-27,3.39
2001-04-26,3.39
2001-04-25,3.45
2001-04-24,3.52
2001-04-23,3.44
2001-04-20,3.5
2001-04-19,3.4
2001-04-18,3.45
2001-04-17,3.3
2001-04-16,3.5
2001-04-12,3.5
2001-04-11,3.55
2001-04-10,3.55
2001-04-09,3.41
2001-04-06,3.6875
2001-04-05,3.75
2001-04-04,3.6875
2001-04-03,3.5625
2001-04-02,3.5625
2001-03-30,3.8125
2001-03-29,3.5
2001-03-28,3.5
2001-03-27,3.4375
2001-03-26,3.5
2001-03-23,3.4375
2001-03-22,3.8125
2001-03-21,3.3438
2001-03-20,3.375
2001-03-19,3.3125
2001-03-16,3.25
2001-03-15,3.125
2001-03-14,3.0938
2001-03-13,3.0625
2001-03-12,3.0625
2001-03-09,3.0469
2001-03-08,3.0469
2001-03-07,3.1875
2001-03-06,3.0625
2001-03-05,3.0625
2001-03-02,3.0
2001-03-01,2.875
2001-02-28,2.8125
2001-02-27,2.875
2001-02-26,2.8438
2001-02-23,2.75
2001-02-22,2.875
2001-02-21,2.875
2001-02-20,2.9063
2001-02-16,2.9375
2001-02-15,3.1875
2001-02-14,3.1875
2001-02-13,3.0
2001-02-12,3.2188
2001-02-09,3.0313
2001-02-08,2.875
2001-02-07,2.875
2001-02-06,2.9375
2001-02-05,2.9688
2001-02-02,3.0
2001-02-01,2.9375
2001-01-31,2.875
2001-01-30,3.0
2001-01-29,2.75
2001-01-26,2.6875
2001-01-25,2.9375
2001-01-24,2.75
2001-01-23,2.75
2001-01-22,2.3125
2001-01-19,2.3125
2001-01-18,2.3125
2001-01-17,2.3125
2001-01-16,2.0625
2001-01-12,2.25
2001-01-11,2.25
2001-01-10,2.25
2001-01-09,2.1875
2001-01-08,2.0625
2001-01-05,2.0625
2001-01-04,2.125
2001-01-03,2.125
2001-01-02,2.375
2000-12-29,2.4375
2000-12-28,1.9688
2000-12-27,1.5
2000-12-26,1.5
2000-12-22,1.5
2000-12-21,1.5
2000-12-20,1.375
2000-12-19,1.375
2000-12-18,1.375
2000-12-15,1.375
2000-12-14,1.375
2000-12-13,1.25
2000-12-12,1.25
2000-12-11,1.0938
2000-12-08,1.0156
2000-12-07,1.0
2000-12-06,1.0156
2000-12-05,1.0938
2000-12-04,1.0625
2000-12-01,1.0
2000-11-30,1.0
2000-11-29,1.0
2000-11-28,1.0313
2000-11-27,1.0313
2000-11-24,1.0313
2000-11-22,1.0
2000-11-21,1.0938
2000-11-20,1.1875
2000-11-17,1.1563
2000-11-16,1.125
2000-11-15,1.125
2000-11-14,1.0938
2000-11-13,1.0938
2000-11-10,1.0938
2000-11-09,1.2188
2000-11-08,1.25
2000-11-07,1.25
2000-11-06,1.3438
2000-11-03,1.375
2000-11-02,1.2813
2000-11-01,1.25
2000-10-31,1.2188
2000-10-30,1.1875
2000-10-27,1.0156
2000-10-26,0.7813
2000-10-25,0.9063
2000-10-24,0.9688
2000-10-23,0.8438
2000-10-20,0.6875
2000-10-19,0.6875
2000-10-18,0.7188
2000-10-17,0.6875
2000-10-16,0.8125
2000-10-13,0.7813
2000-10-12,0.7813
2000-10-11,0.8125
2000-10-10,0.8438
2000-10-09,0.875
2000-10-06,0.875
2000-10-05,1.0
2000-10-04,0.875
2000-10-03,0.875
2000-10-02,0.875
2000-09-29,0.875
2000-09-28,1.0
2000-09-27,0.875
2000-09-26,0.875
2000-09-25,1.0
2000-09-22,1.0
2000-09-21,1.0625
2000-09-20,1.0625
2000-09-19,1.125
2000-09-18,1.0625
2000-09-15,1.0625
2000-09-14,1.0625
2000-09-13,0.9375
2000-09-12,1.1875
2000-09-11,0.875
2000-09-08,0.875
2000-09-07,0.875
2000-09-06,0.9375
2000-09-05,0.9375
2000-09-01,1.0
2000-08-31,1.125
2000-08-30,1.0625
2000-08-29,1.0313
2000-08-28,1.0
2000-08-25,1.0
2000-08-24,1.0
2000-08-23,1.0
2000-08-22,1.0
2000-08-21,1.0
2000-08-18,1.0
2000-08-17,0.8125
2000-08-16,0.8125
2000-08-15,0.8125
2000-08-14,0.875
2000-08-11,0.875
2000-08-10,0.875
2000-08-09,1.0
2000-08-08,1.375
2000-08-07,1.375
2000-08-04,1.375
2000-08-03,1.25
2000-08-02,1.25
2000-08-01,1.1875
2000-07-31,1.25
2000-07-28,1.25
2000-07-27,1.3125
2000-07-26,1.3125
2000-07-25,1.375
2000-07-24,1.375
2000-07-21,1.375
2000-07-20,1.375
2000-07-19,1.375
2000-07-18,1.4375
2000-07-17,1.4375
2000-07-14,1.375
2000-07-13,1.4375
2000-07-12,1.4375
2000-07-11,1.3125
2000-07-10,0.9531
2000-07-07,0.875
2000-07-06,0.875
2000-07-05,0.875
2000-07-03,0.875
2000-06-30,0.75
2000-06-29,0.625
2000-06-28,0.625
2000-06-27,0.625
2000-06-26,0.6563
2000-06-23,0.6563
2000-06-22,0.6563
2000-06-21,0.625
2000-06-20,0.6563
2000-06-19,0.75
2000-06-16,0.75
2000-06-15,0.75
2000-06-14,0.6875
2000-06-13,0.625
2000-06-12,0.625
2000-06-09,0.625
2000-06-08,0.625
2000-06-07,0.625
2000-06-06,0.625
2000-06-05,0.625
2000-06-02,0.6875
2000-06-01,0.75
