,nba:pl
2018-11-23,2.38
2018-11-22,2.38
2018-11-21,2.39
2018-11-20,2.4
2018-11-19,2.43
2018-11-16,2.4
2018-11-15,2.4
2018-11-14,2.38
2018-11-13,2.39
2018-11-12,2.42
2018-11-09,2.42
2018-11-08,2.44
2018-11-07,2.53
2018-11-06,2.49
2018-11-05,2.48
2018-11-02,2.48
2018-11-01,2.48
2018-10-31,2.48
2018-10-30,2.48
2018-10-29,2.48
2018-10-26,2.46
2018-10-25,2.48
2018-10-24,2.46
2018-10-23,2.48
2018-10-22,2.5
2018-10-19,2.48
2018-10-18,2.4
2018-10-17,2.4
2018-10-16,2.39
2018-10-15,2.39
2018-10-12,2.4
2018-10-11,2.62
2018-10-10,2.64
2018-10-09,2.64
2018-10-08,2.65
2018-10-05,2.65
2018-10-04,2.65
2018-10-03,2.65
2018-10-02,2.66
2018-10-01,2.66
2018-09-28,2.67
2018-09-27,2.69
2018-09-26,2.66
2018-09-25,2.68
2018-09-24,2.67
2018-09-21,2.69
2018-09-20,2.67
2018-09-19,2.69
2018-09-18,2.68
2018-09-17,2.69
2018-09-14,2.72
2018-09-12,2.7
2018-09-11,2.72
2018-09-10,2.74
2018-09-07,2.67
2018-09-06,2.72
2018-09-05,2.69
2018-09-04,2.72
2018-09-03,2.72
2018-08-31,2.72
2018-08-30,2.71
2018-08-29,2.72
2018-08-28,2.72
2018-08-27,2.72
2018-08-24,2.7
2018-08-23,2.7
2018-08-22,2.68
2018-08-21,2.69
2018-08-20,2.69
2018-08-17,2.68
2018-08-16,2.68
2018-08-15,2.66
2018-08-14,2.67
2018-08-13,2.69
2018-08-10,2.71
2018-08-09,2.71
2018-08-08,2.67
2018-08-07,2.69
2018-08-06,2.69
2018-08-03,2.67
2018-08-02,2.69
2018-08-01,2.69
2018-07-31,2.71
2018-07-30,2.71
2018-07-27,2.71
2018-07-26,2.71
2018-07-25,2.73
2018-07-24,2.73
2018-07-23,2.76
2018-07-20,2.74
2018-07-19,2.74
2018-07-18,2.67
2018-07-17,2.68
2018-07-16,2.67
2018-07-13,2.67
2018-07-12,2.68
2018-07-11,2.71
2018-07-10,2.71
2018-07-09,2.74
2018-07-06,2.74
2018-07-05,2.75
2018-07-04,2.75
2018-07-03,2.74
2018-07-02,2.74
2018-06-29,2.72
2018-06-28,2.77
2018-06-27,2.77
2018-06-26,2.75
2018-06-25,2.77
2018-06-23,2.76
2018-06-22,2.76
2018-06-21,2.76
2018-06-20,2.76
2018-06-19,2.76
2018-06-18,2.76
2018-06-15,2.75
2018-06-14,2.76
2018-06-13,2.71
2018-06-12,2.75
2018-06-11,2.76
2018-06-08,2.78
2018-06-07,2.77
2018-06-06,2.75
2018-06-05,2.76
2018-06-04,2.74
2018-06-01,2.73
2018-05-31,2.85
2018-05-30,2.86
2018-05-29,2.8
2018-05-28,2.81
2018-05-25,2.8
2018-05-24,2.91
2018-05-23,2.93
2018-05-22,2.93
2018-05-21,2.93
2018-05-18,2.86
2018-05-17,2.86
2018-05-16,2.83
2018-05-15,2.82
2018-05-14,2.81
2018-05-07,2.75
2018-05-04,2.77
2018-05-03,2.76
2018-05-02,2.78
2018-04-30,2.77
2018-04-27,2.75
2018-04-26,2.75
2018-04-25,2.76
2018-04-24,2.75
2018-04-23,2.76
2018-04-20,2.8
2018-04-19,2.78
2018-04-18,2.76
2018-04-17,2.77
2018-04-16,2.77
2018-04-13,2.77
2018-04-12,2.78
2018-04-11,2.76
2018-04-10,2.76
2018-04-09,2.77
2018-04-06,2.74
2018-04-05,2.75
2018-04-04,2.72
2018-04-03,2.69
2018-03-29,2.73
2018-03-28,2.74
2018-03-27,2.75
2018-03-26,2.71
2018-03-23,2.77
2018-03-22,2.8
2018-03-21,2.77
2018-03-20,2.77
2018-03-19,2.78
2018-03-16,2.79
2018-03-15,2.8
2018-03-14,2.8
2018-03-13,2.8
2018-03-12,2.79
2018-03-09,2.78
2018-03-08,2.72
2018-03-07,2.79
2018-03-06,2.9
2018-03-05,2.93
2018-03-02,2.94
2018-03-01,2.92
2018-02-28,2.96
2018-02-27,2.96
2018-02-26,2.96
2018-02-23,2.97
2018-02-22,3.03
2018-02-21,3.03
2018-02-20,3.01
2018-02-19,3.03
2018-02-16,2.98
2018-02-15,2.99
2018-02-14,2.95
2018-02-13,2.96
2018-02-12,2.98
2018-02-09,2.93
2018-02-08,2.98
2018-02-07,2.91
2018-02-06,2.95
2018-02-05,3.03
2018-02-02,3.07
2018-02-01,3.07
2018-01-31,3.04
2018-01-30,3.09
2018-01-29,3.13
2018-01-26,3.14
2018-01-25,3.15
2018-01-24,3.15
2018-01-23,3.16
2018-01-22,3.16
2018-01-19,3.16
2018-01-18,3.14
2018-01-17,3.06
2018-01-16,3.07
2018-01-15,3.08
2018-01-12,3.09
2018-01-11,3.12
2018-01-10,3.1
2018-01-09,3.1
2018-01-08,3.1
2018-01-05,3.15
2018-01-04,3.17
2018-01-03,3.13
2018-01-02,3.1
2017-12-29,3.049
2017-12-28,3.04
2017-12-27,3.045
2017-12-22,3.057
2017-12-21,3.059
2017-12-20,3.054
2017-12-19,3.052
2017-12-18,3.03
2017-12-15,3.03
2017-12-14,3.02
2017-12-13,3.02
2017-12-12,3.02
2017-12-11,3.028
2017-12-08,3.005
2017-12-07,3.002
2017-12-06,3.001
2017-12-05,3.001
2017-12-04,3.047
2017-12-01,3.069
2017-11-30,3.01
2017-11-29,2.97
2017-11-28,2.926
2017-11-27,2.945
2017-11-24,3.062
2017-11-23,3.097
2017-11-22,3.11
2017-11-21,3.2
2017-11-20,3.18
2017-11-17,3.19
2017-11-16,3.198
2017-11-15,3.236
2017-11-14,3.249
2017-11-13,3.239
2017-11-10,3.592
2017-11-09,3.571
2017-11-08,3.581
2017-11-07,3.582
2017-11-06,3.635
2017-11-03,3.597
2017-11-02,3.586
2017-11-01,3.581
2017-10-31,3.58
2017-10-30,3.6
2017-10-27,3.598
2017-10-26,3.58
2017-10-25,3.58
2017-10-24,3.58
2017-10-23,3.6
2017-10-20,3.59
2017-10-19,3.596
2017-10-18,3.6
2017-10-17,3.58
2017-10-16,3.61
2017-10-13,3.619
2017-10-12,3.625
2017-10-11,3.619
2017-10-10,3.635
2017-10-09,3.639
2017-10-06,3.623
2017-10-05,3.61
2017-10-04,3.608
2017-10-03,3.617
2017-10-02,3.6
2017-09-29,3.63
2017-09-28,3.609
2017-09-27,3.2
2017-09-26,3.2
2017-09-25,3.206
2017-09-22,3.191
2017-09-21,3.2
2017-09-20,3.19
2017-09-19,3.196
2017-09-18,3.191
2017-09-15,3.18
2017-09-14,3.19
2017-09-13,3.194
2017-09-12,3.196
2017-09-11,3.2
2017-09-08,3.208
2017-09-07,3.206
2017-09-06,3.206
2017-09-05,3.205
2017-09-04,3.206
2017-09-01,3.19
2017-08-31,3.207
2017-08-30,3.207
2017-08-29,3.209
2017-08-28,3.2
2017-08-25,3.21
2017-08-24,3.207
2017-08-23,3.208
2017-08-22,3.18
2017-08-21,3.185
2017-08-18,3.205
2017-08-17,3.19
2017-08-16,3.208
2017-08-15,3.208
2017-08-14,3.2
2017-08-11,3.199
2017-08-10,3.186
2017-08-09,3.2
2017-08-08,3.208
2017-08-07,3.208
2017-08-04,3.208
2017-08-03,3.21
2017-08-02,3.19
2017-08-01,3.2
2017-07-31,3.19
2017-07-28,3.17
2017-07-27,3.149
2017-07-26,3.12
2017-07-25,3.17
2017-07-24,3.2
2017-07-21,3.179
2017-07-20,3.169
2017-07-19,3.169
2017-07-18,3.175
2017-07-17,3.17
2017-07-14,3.2
2017-07-13,3.2
2017-07-12,3.195
2017-07-11,3.196
2017-07-10,3.198
2017-07-07,3.17
2017-07-06,3.199
2017-07-05,3.2
2017-07-04,3.195
2017-07-03,3.205
2017-06-30,3.2
2017-06-29,3.2
2017-06-28,3.203
2017-06-27,3.2
2017-06-26,3.171
2017-06-23,3.21
2017-06-22,3.23
2017-06-21,3.21
2017-06-20,3.215
2017-06-19,3.2
2017-06-16,3.2
2017-06-15,3.2
2017-06-14,3.18
2017-06-13,3.224
2017-06-12,3.197
2017-06-09,3.2
2017-06-08,3.22
2017-06-07,3.22
2017-06-06,3.197
2017-06-05,3.194
2017-06-02,3.2
2017-06-01,3.239
2017-05-31,3.3
2017-05-30,3.193
2017-05-29,3.19
2017-05-26,3.25
2017-05-25,3.272
2017-05-24,3.397
2017-05-23,3.351
2017-05-22,3.222
2017-05-19,3.2
2017-05-18,3.175
2017-05-17,3.195
2017-05-16,3.179
2017-05-15,3.16
2017-05-12,3.177
2017-05-11,3.18
2017-05-10,3.175
2017-05-09,3.16
2017-05-08,3.179
2017-05-05,3.17
2017-05-04,3.18
2017-05-03,3.182
2017-05-02,3.18
2017-04-28,3.188
2017-04-27,3.16
2017-04-26,3.168
2017-04-25,3.141
2017-04-24,3.08
2017-04-21,3.064
2017-04-20,3.1
2017-04-19,3.076
2017-04-18,3.096
2017-04-13,3.1
2017-04-12,3.12
2017-04-11,3.125
2017-04-10,3.153
2017-04-07,3.15
2017-04-06,3.16
2017-04-05,3.195
2017-04-04,3.1
2017-04-03,3.079
2017-03-31,3.025
2017-03-30,3.024
2017-03-29,3.0
2017-03-28,2.981
2017-03-27,3.017
2017-03-24,3.015
2017-03-23,3.02
2017-03-22,2.999
2017-03-21,2.99
2017-03-20,3.05
2017-03-17,3.04
2017-03-16,2.911
2017-03-15,2.92
2017-03-14,2.93
2017-03-13,2.93
2017-03-10,2.945
2017-03-09,2.948
2017-03-08,2.949
2017-03-07,2.89
2017-03-06,2.82
2017-03-03,2.839
2017-03-02,2.811
2017-03-01,2.8
2017-02-28,2.849
2017-02-27,2.801
2017-02-24,2.72
2017-02-23,2.75
2017-02-22,2.715
2017-02-21,2.71
2017-02-20,2.739
2017-02-17,2.73
2017-02-16,2.64
2017-02-15,2.615
2017-02-14,2.58
2017-02-13,2.579
2017-02-10,2.577
2017-02-09,2.558
2017-02-08,2.55
2017-02-07,2.557
2017-02-06,2.54
2017-02-03,2.578
2017-02-02,2.544
2017-02-01,2.56
2017-01-31,2.56
2017-01-30,2.536
2017-01-27,2.579
2017-01-26,2.606
2017-01-25,2.62
2017-01-24,2.59
2017-01-23,2.657
2017-01-20,2.657
2017-01-19,2.659
2017-01-18,2.61
2017-01-17,2.6
2017-01-16,2.68
2017-01-13,2.627
2017-01-12,2.631
2017-01-11,2.61
2017-01-10,2.61
2017-01-09,2.725
2017-01-06,2.74
2017-01-05,2.73
2017-01-04,2.508
2017-01-03,2.48
2017-01-02,2.494
2016-12-31,2.242
2016-12-30,2.49
2016-12-29,2.44
2016-12-28,2.41
2016-12-27,2.4
2016-12-23,2.38
2016-12-22,2.38
2016-12-21,2.37
2016-12-20,2.4
2016-12-19,2.399
2016-12-16,2.38
2016-12-15,2.38
2016-12-14,2.35
2016-12-13,2.35
2016-12-12,2.355
2016-12-09,2.4
2016-12-08,2.361
2016-12-07,2.38
2016-12-06,2.38
2016-12-05,2.38
2016-12-02,2.38
2016-12-01,2.41
2016-11-30,2.4
2016-11-29,2.35
2016-11-28,2.35
2016-11-25,2.39
2016-11-24,2.38
2016-11-23,2.35
2016-11-22,2.35
2016-11-21,2.37
2016-11-18,2.316
2016-11-17,2.198
2016-11-16,2.209
2016-11-15,2.2
2016-11-11,2.22
2016-11-10,2.209
2016-11-09,2.22
2016-11-08,2.22
2016-11-07,2.259
2016-11-04,2.22
2016-11-03,2.26
2016-11-02,2.279
2016-11-01,2.289
2016-10-31,2.262
2016-10-28,2.26
2016-10-27,2.29
2016-10-26,2.29
2016-10-25,2.3
2016-10-24,2.297
2016-10-21,2.295
2016-10-20,2.3
2016-10-19,2.24
2016-10-18,2.16
2016-10-17,2.15
2016-10-14,2.235
2016-10-13,2.118
2016-10-12,2.004
2016-10-11,1.95
2016-10-10,1.95
2016-10-07,1.91
2016-10-04,1.94
2016-10-03,1.91
2016-09-30,1.99
2016-09-29,2.0
2016-09-28,1.98
2016-09-27,1.941
2016-09-26,1.97
2016-09-23,1.951
2016-09-22,1.938
2016-09-21,2.0
2016-09-20,2.02
2016-09-19,2.02
2016-09-16,2.03
2016-09-15,2.04
2016-09-14,2.03
2016-09-13,2.03
2016-09-12,2.029
2016-09-09,2.04
2016-09-08,2.04
2016-09-07,2.05
2016-09-06,2.05
2016-09-05,2.06
2016-09-01,2.05
2016-08-31,2.05
2016-08-30,2.04
2016-08-29,2.03
2016-08-26,2.035
2016-08-24,2.038
2016-08-23,2.038
2016-08-22,2.038
2016-08-19,2.04
2016-08-17,2.04
2016-08-15,2.04
2016-08-12,2.041
2016-08-11,2.038
2016-08-10,2.04
2016-08-09,2.04
2016-08-08,2.04
2016-08-05,2.04
2016-08-04,2.04
2016-08-03,2.04
2016-08-02,2.05
2016-07-29,2.04
2016-07-28,2.005
2016-07-27,2.01
2016-07-26,2.0
2016-07-25,2.019
2016-07-22,2.0
2016-07-21,2.0
2016-07-20,2.0
2016-07-19,1.995
2016-07-18,1.995
2016-07-15,1.992
2016-07-14,1.993
2016-07-13,1.991
2016-07-12,1.994
2016-07-11,1.97
2016-07-08,1.97
2016-07-07,1.999
2016-07-06,1.985
2016-07-05,1.995
2016-07-04,1.98
2016-07-01,1.997
2016-06-29,1.97
2016-06-28,1.979
2016-06-27,1.98
2016-06-24,1.97
2016-06-23,2.0
2016-06-22,2.0
2016-06-21,2.01
2016-06-20,2.03
2016-06-17,2.0
2016-06-16,2.0
2016-06-15,2.02
2016-06-14,2.02
2016-06-13,2.02
2016-06-10,2.009
2016-06-09,2.0
2016-06-08,2.044
2016-06-07,2.045
2016-06-06,2.045
2016-06-03,2.045
2016-06-02,2.049
2016-06-01,2.0
2016-05-31,2.052
2016-05-30,2.08
2016-05-27,2.09
2016-05-26,2.1
2016-05-25,2.099
2016-05-24,2.099
2016-05-23,2.1
2016-05-20,2.089
2016-05-19,2.079
2016-05-18,2.089
2016-05-17,2.06
2016-05-16,2.098
2016-05-13,2.05
2016-05-12,2.05
2016-05-11,2.15
2016-05-10,2.145
2016-05-09,2.137
2016-05-06,2.139
2016-05-05,2.139
2016-05-04,2.136
2016-05-03,2.14
2016-05-02,2.14
2016-04-29,2.139
2016-04-28,2.14
2016-04-27,2.139
2016-04-26,2.1
2016-04-25,2.15
2016-04-22,2.135
2016-04-21,2.15
2016-04-20,2.14
2016-04-19,2.15
2016-04-18,2.15
2016-04-15,2.145
2016-04-14,2.15
2016-04-13,2.149
2016-04-12,2.15
2016-04-11,2.15
2016-04-08,2.149
2016-04-07,2.149
2016-04-06,2.15
2016-04-05,2.15
2016-04-04,2.15
2016-04-01,2.15
2016-03-31,2.09
2016-03-30,2.096
2016-03-29,2.096
2016-03-24,2.11
2016-03-23,2.11
2016-03-22,2.092
2016-03-21,2.1
2016-03-18,2.098
2016-03-17,2.079
2016-03-16,2.067
2016-03-15,2.05
2016-03-14,2.02
2016-03-11,2.02
2016-03-10,2.015
2016-03-09,2.018
2016-03-08,2.009
2016-03-07,1.99
2016-03-04,1.941
2016-03-03,1.951
2016-03-02,1.96
2016-03-01,1.94
2016-02-29,1.934
2016-02-26,1.968
2016-02-25,2.0
2016-02-24,2.048
2016-02-23,2.05
2016-02-22,2.032
2016-02-19,2.049
2016-02-18,2.065
2016-02-17,2.049
2016-02-16,1.974
2016-02-15,1.951
2016-02-12,1.93
2016-02-11,1.879
2016-02-10,1.93
2016-02-09,1.939
2016-02-08,1.95
2016-02-05,1.95
2016-02-04,1.989
2016-02-03,1.95
2016-02-02,1.971
2016-02-01,2.013
2016-01-29,2.029
2016-01-28,2.03
2016-01-27,2.065
2016-01-26,2.06
2016-01-25,2.069
2016-01-22,2.05
2016-01-21,2.06
2016-01-20,2.081
2016-01-19,2.09
2016-01-18,2.104
2016-01-15,2.13
2016-01-14,2.13
2016-01-13,2.127
2016-01-12,2.09
2016-01-11,2.094
2016-01-08,2.098
2016-01-07,2.092
2016-01-06,2.095
2016-01-05,2.11
2016-01-04,2.06
2016-01-01,2.114
2015-12-31,2.114
2015-12-30,2.151
2015-12-29,2.169
2015-12-28,2.12
2015-12-25,2.19
2015-12-24,2.19
2015-12-23,2.24
2015-12-22,2.24
2015-12-21,2.259
2015-12-18,2.249
2015-12-17,2.239
2015-12-16,2.232
2015-12-15,2.2
2015-12-14,2.229
2015-12-11,2.23
2015-12-10,2.249
2015-12-09,2.261
2015-12-08,2.271
2015-12-07,2.271
2015-12-04,2.285
2015-12-03,2.288
2015-12-02,2.252
2015-12-01,2.24
2015-11-30,2.241
2015-11-27,2.288
2015-11-26,2.288
2015-11-25,2.284
2015-11-24,2.286
2015-11-23,2.27
2015-11-20,2.29
2015-11-19,2.288
2015-11-18,2.3
2015-11-17,2.299
2015-11-16,2.28
2015-11-13,2.29
2015-11-12,2.25
2015-11-11,2.289
2015-11-10,2.24
2015-11-09,2.267
2015-11-06,2.305
2015-11-05,2.319
2015-11-04,2.319
2015-11-03,2.3
2015-11-02,2.25
2015-10-30,2.228
2015-10-29,2.24
2015-10-28,2.237
2015-10-27,2.249
2015-10-26,2.25
2015-10-23,2.23
2015-10-22,2.23
2015-10-21,2.289
2015-10-20,2.247
2015-10-19,2.23
2015-10-16,2.23
2015-10-15,2.22
2015-10-14,2.21
2015-10-13,2.18
2015-10-12,2.168
2015-10-09,2.199
2015-10-08,2.138
2015-10-07,2.141
2015-10-06,2.07
2015-10-05,2.128
2015-10-02,2.198
2015-10-01,2.183
2015-09-30,2.148
2015-09-29,2.121
2015-09-28,2.2
2015-09-25,2.239
2015-09-24,2.239
2015-09-23,2.261
2015-09-22,2.261
2015-09-21,2.251
2015-09-18,2.27
2015-09-17,2.279
2015-09-16,2.27
2015-09-15,2.24
2015-09-14,2.257
2015-09-11,2.26
2015-09-10,2.289
2015-09-09,2.29
2015-09-08,2.269
2015-09-07,2.22
2015-09-04,2.239
2015-09-03,2.2
2015-09-02,2.21
2015-09-01,2.22
2015-08-31,2.279
2015-08-28,2.244
2015-08-27,2.29
2015-08-26,2.23
2015-08-25,2.22
2015-08-24,2.1
2015-08-21,2.33
2015-08-20,2.378
2015-08-19,2.386
2015-08-18,2.42
2015-08-17,2.45
2015-08-14,2.471
2015-08-13,2.471
2015-08-12,2.466
2015-08-11,2.461
2015-08-10,2.489
2015-08-07,2.489
2015-08-06,2.46
2015-08-05,2.482
2015-08-04,2.5
2015-08-03,2.509
2015-07-31,2.48
2015-07-30,2.44
2015-07-29,2.411
2015-07-28,2.43
2015-07-27,2.407
2015-07-24,2.39
2015-07-23,2.38
2015-07-22,2.38
2015-07-21,2.45
2015-07-20,2.49
2015-07-17,2.507
2015-07-16,2.51
2015-07-15,2.5
2015-07-14,2.48
2015-07-13,2.49
2015-07-10,2.501
2015-07-09,2.46
2015-07-08,2.445
2015-07-07,2.48
2015-07-06,2.46
2015-07-03,2.52
2015-07-02,2.535
2015-07-01,2.5
2015-06-30,2.5
2015-06-29,2.5
2015-06-26,2.54
2015-06-25,2.51
2015-06-24,2.532
2015-06-23,2.55
2015-06-22,2.51
2015-06-19,2.5
2015-06-18,2.51
2015-06-17,2.519
2015-06-16,2.5
2015-06-15,2.55
2015-06-12,2.55
2015-06-11,2.514
2015-06-10,2.515
2015-06-09,2.514
2015-06-08,2.55
2015-06-05,2.54
2015-06-04,2.548
2015-06-03,2.55
2015-06-02,2.58
2015-06-01,2.588
2015-05-29,2.575
2015-05-28,2.584
2015-05-27,2.575
2015-05-26,2.588
2015-05-25,2.619
2015-05-22,2.55
2015-05-21,2.52
2015-05-20,2.511
2015-05-19,2.51
2015-05-18,2.5
2015-05-15,2.5
2015-05-14,2.5
2015-05-13,2.57
2015-05-12,2.49
2015-05-11,2.459
2015-05-08,2.41
2015-05-07,2.4
2015-05-06,2.41
2015-05-05,2.45
2015-05-04,2.401
2015-05-01,2.414
2015-04-30,2.414
2015-04-29,2.528
2015-04-28,2.53
2015-04-27,2.59
2015-04-24,2.53
2015-04-23,2.4
2015-04-22,2.41
2015-04-21,2.419
2015-04-20,2.39
2015-04-17,2.39
2015-04-16,2.4
2015-04-15,2.379
2015-04-14,2.35
2015-04-13,2.35
2015-04-10,2.31
2015-04-09,2.35
2015-04-08,2.351
2015-04-07,2.369
2015-04-06,2.35
2015-04-03,2.35
2015-04-02,2.35
2015-04-01,2.35
2015-03-31,2.36
2015-03-30,2.35
2015-03-27,2.3
2015-03-26,2.349
2015-03-25,2.379
2015-03-24,2.35
2015-03-23,2.4
2015-03-20,2.385
2015-03-19,2.394
2015-03-18,2.4
2015-03-17,2.39
2015-03-16,2.48
2015-03-13,2.479
2015-03-12,2.529
2015-03-11,2.521
2015-03-10,2.499
2015-03-09,2.499
2015-03-06,2.479
2015-03-05,2.495
2015-03-04,2.481
2015-03-03,2.549
2015-03-02,2.56
2015-02-27,2.58
2015-02-26,2.58
2015-02-25,2.45
2015-02-24,2.42
2015-02-23,2.4
2015-02-20,2.338
2015-02-19,2.34
2015-02-18,2.36
2015-02-17,2.365
2015-02-16,2.35
2015-02-13,2.34
2015-02-12,2.38
2015-02-11,2.39
2015-02-10,2.35
2015-02-09,2.338
2015-02-06,2.31
2015-02-05,2.329
2015-02-04,2.292
2015-02-03,2.288
2015-02-02,2.283
2015-01-30,2.25
2015-01-29,2.23
2015-01-28,2.17
2015-01-27,2.19
2015-01-26,2.195
2015-01-23,2.21
2015-01-22,2.248
2015-01-21,2.27
2015-01-20,2.309
2015-01-19,2.319
2015-01-16,2.298
2015-01-15,2.25
2015-01-14,2.23
2015-01-13,2.269
2015-01-12,2.259
2015-01-09,2.268
2015-01-08,2.239
2015-01-07,2.199
2015-01-06,2.2
2015-01-05,2.2
2015-01-02,2.22
2015-01-01,2.214
2014-12-31,2.214
2014-12-30,2.2
2014-12-29,2.22
2014-12-26,2.2
2014-12-25,2.2
2014-12-24,2.2
2014-12-23,2.15
2014-12-22,2.2
2014-12-19,2.2
2014-12-18,2.19
2014-12-17,2.209
2014-12-16,2.225
2014-12-15,2.215
2014-12-12,2.215
2014-12-11,2.229
2014-12-10,2.22
2014-12-09,2.248
2014-12-08,2.22
2014-12-05,2.26
2014-12-04,2.25
2014-12-03,2.249
2014-12-02,2.284
2014-12-01,2.264
2014-11-28,2.27
2014-11-27,2.26
2014-11-26,2.264
2014-11-25,2.26
2014-11-24,2.21
2014-11-21,2.19
2014-11-20,2.109
2014-11-19,2.1
2014-11-18,2.12
2014-11-17,2.09
2014-11-14,2.169
2014-11-13,2.159
2014-11-12,2.179
2014-11-11,2.195
2014-11-10,2.198
2014-11-07,2.189
2014-11-06,2.399
2014-11-05,2.399
2014-11-04,2.4
2014-11-03,2.43
2014-10-31,2.4
2014-10-30,2.4
2014-10-29,2.439
2014-10-28,2.44
2014-10-27,2.399
2014-10-24,2.4
2014-10-23,2.4
2014-10-22,2.4
2014-10-21,2.4
2014-10-20,2.378
2014-10-17,2.378
2014-10-16,2.3
2014-10-15,2.429
2014-10-14,2.399
2014-10-13,2.409
2014-10-10,2.3
2014-10-09,2.4
2014-10-08,2.41
2014-10-07,2.468
2014-10-06,2.38
2014-10-03,2.4
2014-10-02,2.38
2014-10-01,2.4
2014-09-30,2.421
2014-09-29,2.439
2014-09-26,2.501
2014-09-25,2.551
2014-09-24,2.631
2014-09-23,2.763
2014-09-22,2.85
2014-09-19,2.9
2014-09-18,2.913
2014-09-17,2.969
2014-09-16,3.027
2014-09-15,3.069
2014-09-12,3.0
2014-09-11,2.999
2014-09-10,2.94
2014-09-09,3.0
2014-09-08,3.0
2014-09-05,3.015
2014-09-04,3.015
2014-09-03,3.0
2014-09-02,2.98
2014-09-01,3.015
2014-08-29,3.029
2014-08-28,3.039
2014-08-27,3.02
2014-08-26,3.02
2014-08-25,2.989
2014-08-22,2.949
2014-08-21,2.95
2014-08-20,2.95
2014-08-19,2.95
2014-08-18,3.02
2014-08-15,3.03
2014-08-14,3.04
2014-08-13,2.999
2014-08-12,2.929
2014-08-11,2.96
2014-08-08,2.94
2014-08-07,2.9
2014-08-06,2.939
2014-08-05,2.995
2014-08-04,3.0
2014-08-01,3.139
2014-07-31,3.199
2014-07-30,3.339
2014-07-29,3.37
2014-07-28,3.339
2014-07-25,3.34
2014-07-24,3.34
2014-07-23,3.299
2014-07-22,3.26
2014-07-21,3.34
2014-07-18,3.33
2014-07-17,3.339
2014-07-16,3.421
2014-07-15,3.405
2014-07-14,3.459
2014-07-11,3.445
2014-07-10,3.49
2014-07-09,3.489
2014-07-08,3.434
2014-07-07,3.5
2014-07-04,3.51
2014-07-03,3.48
2014-07-02,3.42
2014-07-01,3.52
2014-06-30,3.58
2014-06-27,3.639
2014-06-26,3.668
2014-06-25,3.696
2014-06-24,3.7
2014-06-23,3.75
2014-06-20,3.789
2014-06-19,3.8
2014-06-18,3.794
2014-06-17,3.83
2014-06-16,3.817
2014-06-13,3.88
2014-06-12,3.95
2014-06-11,3.99
2014-06-10,3.985
2014-06-09,3.98
2014-06-06,3.959
2014-06-05,3.95
2014-06-04,3.832
2014-06-03,3.909
2014-06-02,3.89
2014-05-30,4.1
2014-05-29,4.074
2014-05-28,4.039
2014-05-27,3.932
2014-05-26,3.94
2014-05-23,3.96
2014-05-22,3.91
2014-05-21,3.91
2014-05-20,3.88
2014-05-19,3.86
2014-05-16,3.81
2014-05-15,3.75
2014-05-14,3.89
2014-05-13,3.9
2014-05-12,3.9
2014-05-09,3.84
2014-05-08,3.96
2014-05-07,3.906
2014-05-06,3.929
2014-05-05,3.97
2014-05-02,3.97
2014-05-01,3.97
2014-04-30,3.97
2014-04-29,3.948
2014-04-28,3.94
2014-04-25,3.9
2014-04-24,3.889
2014-04-23,3.88
2014-04-22,3.9
2014-04-21,3.9
2014-04-18,3.9
2014-04-17,3.9
2014-04-16,3.8
2014-04-15,3.551
2014-04-14,3.84
2014-04-11,3.879
2014-04-10,3.97
2014-04-09,3.949
2014-04-08,3.93
2014-04-07,3.87
2014-04-04,3.9
2014-04-03,3.9
2014-04-02,3.94
2014-04-01,3.91
2014-03-31,3.92
2014-03-28,3.88
2014-03-27,3.88
2014-03-26,3.86
2014-03-25,3.87
2014-03-24,3.81
2014-03-21,3.9
2014-03-20,3.83
2014-03-19,3.89
2014-03-18,3.9
2014-03-17,3.88
2014-03-14,3.87
2014-03-13,3.9
2014-03-12,3.92
2014-03-11,3.94
2014-03-10,3.9
2014-03-07,3.85
2014-03-06,3.81
2014-03-05,3.84
2014-03-04,3.76
2014-03-03,3.65
2014-02-28,3.61
2014-02-27,3.61
2014-02-26,3.64
2014-02-25,3.65
2014-02-24,3.64
2014-02-21,3.7
2014-02-20,3.72
2014-02-19,3.6
2014-02-18,3.58
2014-02-17,3.6
2014-02-14,3.57
2014-02-13,3.56
2014-02-12,3.56
2014-02-11,3.56
2014-02-10,3.55
2014-02-07,3.59
2014-02-06,3.46
2014-02-05,3.38
2014-02-04,3.36
2014-02-03,3.36
2014-01-31,3.4
2014-01-30,3.4
2014-01-29,3.36
2014-01-28,3.38
2014-01-27,3.35
2014-01-24,3.4
2014-01-23,3.51
2014-01-22,3.57
2014-01-21,3.64
2014-01-20,3.38
2014-01-17,3.18
2014-01-16,3.17
2014-01-15,3.14
2014-01-14,3.14
2014-01-13,3.11
2014-01-10,3.0
2014-01-09,3.05
2014-01-08,2.94
2014-01-07,2.91
2014-01-06,2.84
2014-01-03,2.84
2014-01-02,2.79
2014-01-01,2.61
2013-12-31,2.61
2013-12-30,2.81
2013-12-27,2.86
2013-12-26,2.85
2013-12-25,2.85
2013-12-24,2.85
2013-12-23,2.85
2013-12-20,2.87
2013-12-19,2.83
2013-12-18,2.85
2013-12-17,2.82
2013-12-16,2.89
2013-12-13,2.85
2013-12-12,2.84
2013-12-11,2.86
2013-12-10,2.86
2013-12-09,2.86
2013-12-06,2.84
2013-12-05,2.87
2013-12-04,2.84
2013-12-03,2.87
2013-12-02,2.86
2013-11-29,2.87
2013-11-28,2.85
2013-11-27,2.81
2013-11-26,2.85
2013-11-25,2.85
2013-11-22,2.85
2013-11-21,2.83
2013-11-20,2.84
2013-11-19,2.85
2013-11-18,2.85
2013-11-15,2.85
2013-11-14,2.79
2013-11-13,2.78
2013-11-12,2.86
2013-11-11,2.87
2013-11-08,2.89
2013-11-07,2.9
2013-11-06,2.9
2013-11-05,2.9
2013-11-04,2.89
2013-11-01,2.9
2013-10-31,2.88
2013-10-30,2.88
2013-10-29,2.93
2013-10-28,2.93
2013-10-25,2.93
2013-10-24,2.93
2013-10-23,2.98
2013-10-22,2.95
2013-10-21,2.88
2013-10-18,2.85
2013-10-17,2.92
2013-10-16,2.84
2013-10-15,2.86
2013-10-14,2.79
2013-10-11,2.76
2013-10-10,2.71
2013-10-09,2.71
2013-10-08,2.7
2013-10-07,2.63
2013-10-04,3.11
2013-10-03,3.05
2013-10-02,3.07
2013-10-01,3.05
2013-09-30,3.08
2013-09-27,3.06
2013-09-26,2.85
2013-09-25,2.82
2013-09-24,2.85
2013-09-23,2.87
2013-09-20,2.88
2013-09-19,2.89
2013-09-18,2.87
2013-09-17,2.89
2013-09-16,2.89
2013-09-13,2.9
2013-09-12,2.9
2013-09-11,2.9
2013-09-10,2.9
2013-09-09,2.88
2013-09-06,2.87
2013-09-05,2.88
2013-09-04,2.9
2013-09-03,2.9
2013-09-02,2.86
2013-08-30,2.84
2013-08-29,2.88
2013-08-28,2.84
2013-08-27,2.87
2013-08-26,2.92
2013-08-23,2.93
2013-08-22,2.96
2013-08-21,2.91
2013-08-20,2.86
2013-08-19,2.89
2013-08-16,2.85
2013-08-15,2.85
2013-08-14,2.84
2013-08-13,2.8
2013-08-12,2.71
2013-08-09,2.66
2013-08-08,2.67
2013-08-07,2.65
2013-08-06,2.66
2013-08-05,2.64
2013-08-02,2.64
2013-08-01,2.63
2013-07-31,2.64
2013-07-30,2.6
2013-07-29,2.51
2013-07-26,2.51
2013-07-25,2.51
2013-07-24,2.5
2013-07-23,2.45
2013-07-22,2.44
2013-07-19,2.38
2013-07-18,2.43
2013-07-17,2.4
2013-07-16,2.37
2013-07-15,2.37
2013-07-12,2.37
2013-07-11,2.4
2013-07-10,2.42
2013-07-09,2.41
2013-07-08,2.4
2013-07-05,2.36
2013-07-04,2.35
2013-07-03,2.31
2013-07-02,2.46
2013-07-01,2.49
2013-06-28,2.49
2013-06-27,2.51
2013-06-26,2.45
2013-06-25,2.4
2013-06-24,2.38
2013-06-21,2.35
2013-06-20,2.43
2013-06-19,2.449
2013-06-18,2.47
2013-06-17,2.46
2013-06-14,2.45
2013-06-13,2.459
2013-06-12,2.45
2013-06-11,2.49
2013-06-10,2.51
2013-06-07,2.55
2013-06-06,2.67
2013-06-05,2.7
2013-06-04,2.71
2013-06-03,2.68
2013-05-31,2.772
2013-05-30,2.78
2013-05-29,2.77
2013-05-28,2.889
2013-05-27,2.88
2013-05-24,2.83
2013-05-23,2.86
2013-05-22,2.889
2013-05-21,2.889
2013-05-20,2.89
2013-05-17,2.896
2013-05-16,2.897
2013-05-15,2.879
2013-05-14,2.84
2013-05-13,2.85
2013-05-10,2.838
2013-05-09,2.84
2013-05-08,2.839
2013-05-07,2.829
2013-05-06,2.813
2013-05-03,2.809
2013-05-02,2.805
2013-05-01,2.845
2013-04-30,2.845
2013-04-29,2.841
2013-04-26,2.81
2013-04-25,2.825
2013-04-24,2.8
2013-04-23,2.777
2013-04-22,2.758
2013-04-19,2.778
2013-04-18,2.737
2013-04-17,2.721
2013-04-16,2.725
2013-04-15,2.758
2013-04-12,2.758
2013-04-11,2.79
2013-04-10,2.799
2013-04-09,2.7
2013-04-08,2.639
2013-04-05,2.6
2013-04-04,2.719
2013-04-03,2.624
2013-04-02,2.691
2013-04-01,2.839
2013-03-29,2.839
2013-03-28,2.839
2013-03-27,2.89
2013-03-26,2.968
2013-03-25,2.95
2013-03-22,2.98
2013-03-21,2.995
2013-03-20,2.986
2013-03-19,3.0
2013-03-18,3.0
2013-03-15,2.99
2013-03-14,2.99
2013-03-13,2.98
2013-03-12,2.98
2013-03-11,2.99
2013-03-08,2.98
2013-03-07,2.96
2013-03-06,2.96
2013-03-05,2.98
2013-03-04,2.98
2013-03-01,3.0
2013-02-28,2.98
2013-02-27,2.98
2013-02-26,2.99
2013-02-25,3.01
2013-02-22,2.91
2013-02-21,2.92
2013-02-20,2.92
2013-02-19,2.95
2013-02-18,2.95
2013-02-15,2.93
2013-02-14,3.0
2013-02-13,3.0
2013-02-12,2.96
2013-02-11,2.99
2013-02-08,2.99
2013-02-07,2.99
2013-02-06,3.0
2013-02-05,3.0
2013-02-04,2.97
2013-02-01,2.99
2013-01-31,2.8
2013-01-30,2.81
2013-01-29,2.83
2013-01-28,2.79
2013-01-25,2.7
2013-01-24,2.7
2013-01-23,2.7
2013-01-22,2.6
2013-01-21,2.55
2013-01-18,2.62
2013-01-17,2.43
2013-01-16,2.41
2013-01-15,2.38
2013-01-14,2.37
2013-01-11,2.35
2013-01-10,2.34
2013-01-09,2.31
2013-01-08,2.31
2013-01-07,2.31
2013-01-04,2.32
2013-01-03,2.31
2013-01-02,2.29
2013-01-01,2.3
2012-12-31,2.3
2012-12-28,2.27
2012-12-27,2.22
2012-12-26,2.21
2012-12-25,2.21
2012-12-24,2.21
2012-12-21,2.28
2012-12-20,2.26
2012-12-19,2.24
2012-12-18,2.25
2012-12-17,2.26
2012-12-14,2.23
2012-12-13,2.22
2012-12-12,2.21
2012-12-11,2.22
2012-12-10,2.22
2012-12-07,2.22
2012-12-06,2.17
2012-12-05,2.15
2012-12-04,2.28
2012-12-03,2.15
2012-11-30,2.16
2012-11-29,2.14
2012-11-28,2.13
2012-11-27,2.15
2012-11-26,2.17
2012-11-23,2.16
2012-11-22,2.13
2012-11-21,2.16
2012-11-20,2.16
2012-11-19,2.17
2012-11-16,2.14
2012-11-15,2.17
2012-11-14,2.17
2012-11-13,2.15
2012-11-12,2.19
2012-11-09,2.19
2012-11-08,2.18
2012-11-07,2.17
2012-11-06,2.16
2012-11-05,2.17
2012-11-02,2.1
2012-11-01,2.07
2012-10-31,2.07
2012-10-30,2.07
2012-10-29,2.12
2012-10-26,2.02
2012-10-25,2.14
2012-10-24,2.13
2012-10-23,2.11
2012-10-22,2.09
2012-10-19,2.09
2012-10-18,2.08
2012-10-17,2.08
2012-10-16,2.08
2012-10-15,2.08
2012-10-12,2.04
2012-10-11,2.03
2012-10-10,2.0
2012-10-09,2.0
2012-10-08,2.0
2012-10-05,2.03
2012-10-04,2.03
2012-10-03,2.04
2012-10-02,2.02
2012-10-01,2.05
2012-09-28,2.03
2012-09-27,2.03
2012-09-26,1.96
2012-09-25,2.0
2012-09-24,1.99
2012-09-21,1.99
2012-09-20,1.95
2012-09-19,1.98
2012-09-18,1.97
2012-09-17,1.97
2012-09-14,1.98
2012-09-13,1.95
2012-09-12,1.95
2012-09-11,1.95
2012-09-10,1.95
2012-09-07,1.92
2012-09-06,1.94
2012-09-05,1.92
2012-09-04,1.92
2012-09-03,1.89
2012-08-31,1.88
2012-08-30,1.87
2012-08-29,1.96
2012-08-28,1.99
2012-08-27,2.02
2012-08-24,2.02
2012-08-23,2.01
2012-08-22,2.01
2012-08-21,2.02
2012-08-20,2.02
2012-08-17,2.02
2012-08-16,2.01
2012-08-15,2.0
2012-08-14,1.99
2012-08-13,1.99
2012-08-10,1.93
2012-08-09,1.8
2012-08-08,1.82
2012-08-07,1.79
2012-08-06,1.83
2012-08-03,1.77
2012-08-02,1.78
2012-08-01,1.78
2012-07-31,1.75
2012-07-30,1.78
2012-07-27,1.78
2012-07-26,1.66
2012-07-25,1.83
2012-07-24,1.86
2012-07-20,1.89
2012-07-19,1.89
2012-07-18,1.88
2012-07-17,1.86
2012-07-16,1.86
2012-07-13,1.8
2012-07-12,1.8
2012-07-11,1.81
2012-07-10,1.82
2012-07-09,1.82
2012-07-06,1.82
2012-07-05,1.81
2012-07-04,1.81
2012-07-03,1.85
2012-07-02,1.85
2012-06-29,1.9
2012-06-28,1.89
2012-06-27,1.9
2012-06-26,1.92
2012-06-25,1.92
2012-06-22,1.93
2012-06-21,1.91
2012-06-20,1.91
2012-06-19,1.95
2012-06-18,1.94
2012-06-15,2.0
2012-06-14,2.02
2012-06-13,2.02
2012-06-12,2.03
2012-06-11,2.03
2012-06-08,2.0
2012-06-07,2.01
2012-06-06,2.03
2012-06-05,2.03
2012-06-04,2.04
2012-06-01,2.04
2012-05-31,2.0
2012-05-30,2.03
2012-05-29,2.06
2012-05-28,2.06
2012-05-25,2.07
2012-05-24,2.02
2012-05-23,2.06
2012-05-22,2.07
2012-05-21,2.12
2012-05-18,2.12
2012-05-17,2.11
2012-05-16,2.16
2012-05-15,2.16
2012-05-14,2.16
2012-05-11,2.16
2012-05-10,2.16
2012-05-09,2.15
2012-05-08,2.14
2012-05-07,2.16
2012-05-04,2.16
2012-05-03,2.17
2012-05-02,2.14
2012-05-01,2.14
2012-04-30,2.14
2012-04-27,2.16
2012-04-26,2.19
2012-04-25,2.23
2012-04-24,2.23
2012-04-23,2.24
2012-04-20,2.23
2012-04-19,2.24
2012-04-18,2.2
2012-04-17,2.21
2012-04-16,2.19
2012-04-13,2.2
2012-04-12,2.2
2012-04-11,2.2
2012-04-10,2.2
2012-04-09,2.2
2012-04-06,2.2
2012-04-05,2.2
2012-04-04,2.25
2012-04-03,2.29
2012-04-02,2.3
2012-03-30,2.32
2012-03-29,2.27
2012-03-28,2.27
2012-03-27,2.25
2012-03-26,2.25
2012-03-23,2.24
2012-03-22,2.23
2012-03-21,2.24
2012-03-20,2.24
2012-03-19,2.24
2012-03-16,2.24
2012-03-15,2.21
2012-03-14,2.21
2012-03-13,2.19
2012-03-12,2.19
2012-03-09,2.19
2012-03-08,2.16
2012-03-07,2.15
2012-03-06,2.14
2012-03-05,2.17
2012-03-02,2.16
2012-03-01,2.15
2012-02-29,2.13
2012-02-28,2.15
2012-02-27,2.12
2012-02-24,2.14
2012-02-23,2.16
2012-02-22,2.16
2012-02-21,2.2
2012-02-20,2.2
2012-02-17,2.16
2012-02-16,2.15
2012-02-15,2.17
2012-02-14,2.16
2012-02-13,2.17
2012-02-10,2.17
2012-02-09,2.12
2012-02-08,2.1
2012-02-07,2.06
2012-02-06,2.08
2012-02-03,2.07
2012-02-02,2.07
2012-02-01,2.1
2012-01-31,2.08
2012-01-30,2.08
2012-01-27,2.09
2012-01-26,2.03
2012-01-25,2.02
2012-01-24,2.05
2012-01-23,1.99
2012-01-20,2.0
2012-01-19,2.0
2012-01-18,2.0
2012-01-17,2.04
2012-01-16,2.08
2012-01-13,2.09
2012-01-12,2.06
2012-01-11,2.03
2012-01-10,2.04
2012-01-09,2.0
2012-01-06,2.0
2012-01-05,2.01
2012-01-04,2.0
2012-01-03,2.05
2012-01-02,2.09
2011-12-30,2.09
2011-12-29,2.02
2011-12-28,1.99
2011-12-27,2.02
2011-12-26,2.02
2011-12-23,2.02
2011-12-22,2.0
2011-12-21,1.99
2011-12-20,2.0
2011-12-19,1.98
2011-12-16,2.0
2011-12-15,2.0
2011-12-14,2.02
2011-12-13,1.98
2011-12-12,2.03
2011-12-09,2.02
2011-12-08,2.01
2011-12-07,2.0
2011-12-06,1.98
2011-12-05,1.9
2011-12-02,1.86
2011-12-01,1.77
2011-11-30,1.7
2011-11-29,1.7
2011-11-28,1.73
2011-11-25,1.8
2011-11-24,1.82
2011-11-23,1.84
2011-11-22,1.85
2011-11-21,1.84
2011-11-18,1.88
2011-11-17,1.87
2011-11-16,1.92
2011-11-15,1.92
2011-11-14,1.93
2011-11-11,1.95
2011-11-10,1.96
2011-11-09,1.99
2011-11-08,2.05
2011-11-07,2.07
2011-11-04,2.09
2011-11-03,2.14
2011-11-02,2.17
2011-11-01,2.19
2011-10-31,2.23
2011-10-28,2.23
2011-10-27,2.21
2011-10-26,2.21
2011-10-25,2.2
2011-10-24,2.23
2011-10-21,2.23
2011-10-20,2.16
2011-10-19,2.21
2011-10-18,2.2
2011-10-17,2.22
2011-10-14,2.18
2011-10-13,2.2
2011-10-12,2.24
2011-10-11,2.18
2011-10-10,2.23
2011-10-07,2.31
2011-10-06,2.32
2011-10-05,2.33
2011-10-04,2.32
2011-10-03,2.38
2011-09-30,2.45
2011-09-29,2.39
2011-09-28,2.36
2011-09-27,2.38
2011-09-26,2.38
2011-09-23,2.38
2011-09-22,2.4
2011-09-21,2.4
2011-09-20,2.41
2011-09-19,2.42
2011-09-16,2.42
2011-09-15,2.37
2011-09-14,2.26
2011-09-13,2.31
2011-09-12,2.34
2011-09-09,2.49
2011-09-08,2.53
2011-09-07,2.49
2011-09-06,2.5
2011-09-05,2.5
2011-09-02,2.54
2011-09-01,2.52
2011-08-31,2.54
2011-08-30,2.52
2011-08-29,2.52
2011-08-26,2.51
2011-08-25,2.51
2011-08-24,2.51
2011-08-23,2.51
2011-08-22,2.47
2011-08-19,2.45
2011-08-18,2.47
2011-08-17,2.46
2011-08-16,2.49
2011-08-15,2.48
2011-08-12,2.46
2011-08-11,2.45
2011-08-10,2.45
2011-08-09,2.4
2011-08-08,2.47
2011-08-05,2.58
2011-08-04,2.63
2011-08-03,2.66
2011-08-02,2.64
2011-08-01,2.66
2011-07-29,2.69
2011-07-28,2.72
2011-07-27,2.71
2011-07-26,2.74
2011-07-25,2.71
2011-07-22,2.67
2011-07-21,2.65
2011-07-20,2.62
2011-07-19,2.61
2011-07-18,2.6
2011-07-15,2.66
2011-07-14,2.7
2011-07-13,2.72
2011-07-12,2.7
2011-07-11,2.7
2011-07-08,2.71
2011-07-07,2.73
2011-07-06,2.72
2011-07-05,2.75
2011-07-04,2.75
2011-07-01,2.75
2011-06-30,2.75
2011-06-29,2.71
2011-06-28,2.7
2011-06-27,2.7
2011-06-24,2.74
2011-06-23,2.75
2011-06-22,2.75
2011-06-21,2.7
2011-06-20,2.69
2011-06-17,2.65
2011-06-16,2.65
2011-06-15,2.65
2011-06-14,2.65
2011-06-13,2.65
2011-06-10,2.65
2011-06-09,2.62
2011-06-08,2.6
2011-06-07,2.64
2011-06-06,2.58
2011-06-03,2.58
2011-06-02,2.62
2011-06-01,2.61
2011-05-31,2.72
2011-05-30,2.82
2011-05-27,2.84
2011-05-26,2.82
2011-05-25,2.8
2011-05-24,2.8
2011-05-23,2.78
2011-05-20,2.87
2011-05-19,2.84
2011-05-18,2.9
2011-05-17,2.92
2011-05-16,2.95
2011-05-13,2.97
2011-05-12,2.99
2011-05-11,3.03
2011-05-10,3.01
2011-05-09,3.03
2011-05-06,3.08
2011-05-05,3.09
2011-05-04,3.08
2011-05-03,3.06
2011-05-02,3.08
2011-04-29,3.1
2011-04-28,3.07
2011-04-27,3.09
2011-04-26,3.08
2011-04-25,3.07
2011-04-22,3.07
2011-04-21,3.07
2011-04-20,3.06
2011-04-19,3.08
2011-04-18,3.04
2011-04-15,3.06
2011-04-14,3.02
2011-04-13,3.08
2011-04-12,3.08
2011-04-11,3.08
2011-04-08,3.08
2011-04-07,3.08
2011-04-06,3.08
2011-04-05,3.08
2011-04-04,3.09
2011-04-01,3.1
2011-03-31,3.1
2011-03-30,3.1
2011-03-29,3.06
2011-03-28,3.11
2011-03-25,3.09
2011-03-24,3.08
2011-03-23,3.08
2011-03-22,3.09
2011-03-21,3.08
2011-03-18,3.05
2011-03-17,3.07
2011-03-16,3.07
2011-03-15,3.05
2011-03-14,3.03
2011-03-11,3.02
2011-03-10,2.99
2011-03-09,3.05
2011-03-08,3.03
2011-03-07,3.03
2011-03-04,3.02
2011-03-03,3.05
2011-03-02,2.96
2011-03-01,3.03
2011-02-28,3.06
2011-02-25,3.05
2011-02-24,3.05
2011-02-23,3.03
2011-02-22,3.07
2011-02-21,3.08
2011-02-18,3.15
2011-02-17,3.15
2011-02-16,3.21
2011-02-15,3.13
2011-02-14,3.04
2011-02-11,2.96
2011-02-10,2.93
2011-02-09,2.93
2011-02-08,2.83
2011-02-07,2.85
2011-02-04,2.83
2011-02-03,2.86
2011-02-02,2.79
2011-02-01,2.78
2011-01-31,2.7
2011-01-28,2.79
2011-01-27,2.78
2011-01-26,2.75
2011-01-25,2.77
2011-01-24,2.84
2011-01-21,2.8
2011-01-20,2.76
2011-01-19,2.71
2011-01-18,2.78
2011-01-17,2.74
2011-01-14,2.75
2011-01-13,2.75
2011-01-12,2.66
2011-01-11,2.66
2011-01-10,2.66
2011-01-07,2.75
2011-01-06,2.85
2011-01-05,2.85
2011-01-04,2.9
2011-01-03,2.9
2010-12-31,2.9
2010-12-30,2.85
2010-12-29,2.82
2010-12-28,2.82
2010-12-27,2.91
2010-12-24,2.91
2010-12-23,2.9
2010-12-22,2.89
2010-12-21,2.91
2010-12-20,2.88
2010-12-17,2.95
2010-12-16,2.94
2010-12-15,2.95
2010-12-14,2.94
2010-12-13,2.95
2010-12-10,2.92
2010-12-09,2.99
2010-12-08,3.01
2010-12-07,3.01
2010-12-06,3.01
2010-12-03,3.01
2010-12-02,3.03
2010-12-01,3.13
2010-11-30,2.94
2010-11-29,2.92
2010-11-26,3.01
2010-11-25,3.03
2010-11-24,3.03
2010-11-23,3.09
2010-11-22,3.21
2010-11-19,3.26
2010-11-18,3.32
2010-11-17,3.29
2010-11-16,3.27
2010-11-15,3.3
2010-11-12,3.25
2010-11-11,3.22
2010-11-10,3.26
2010-11-09,3.31
2010-11-08,3.3
2010-11-05,3.15
2010-11-04,3.3
2010-11-03,3.33
2010-11-02,3.35
2010-11-01,3.29
2010-10-29,3.34
2010-10-28,3.33
2010-10-27,3.27
2010-10-26,3.37
2010-10-25,3.35
2010-10-22,3.32
2010-10-21,3.19
2010-10-20,3.17
2010-10-19,3.2
2010-10-18,3.08
2010-10-15,2.98
2010-10-14,3.02
2010-10-13,2.86
2010-10-12,2.79
2010-10-11,2.83
2010-10-08,2.87
2010-10-07,2.89
2010-10-06,2.97
2010-10-05,2.96
2010-10-04,3.06
2010-10-01,3.17
2010-09-30,3.2
2010-09-29,3.17
2010-09-28,3.17
2010-09-27,3.21
2010-09-24,3.35
2010-09-23,3.2
2010-09-22,3.29
2010-09-21,3.33
2010-09-20,3.3
2010-09-17,3.29
2010-09-16,3.37
2010-09-15,3.38
2010-09-14,3.38
2010-09-13,3.3
2010-09-10,3.3
2010-09-09,3.27
2010-09-08,3.33
2010-09-07,3.4
2010-09-06,3.42
2010-09-03,3.39
2010-09-02,3.36
2010-09-01,3.32
2010-08-31,3.32
2010-08-30,3.34
2010-08-27,3.3
2010-08-26,3.29
2010-08-25,3.25
2010-08-24,3.37
2010-08-23,3.41
2010-08-20,3.4
2010-08-19,3.42
2010-08-18,3.43
2010-08-17,3.39
2010-08-16,3.46
2010-08-13,3.28
2010-08-12,3.27
2010-08-11,3.26
2010-08-10,3.26
2010-08-09,3.31
2010-08-06,3.29
2010-08-05,3.32
2010-08-04,3.31
2010-08-03,3.31
2010-08-02,3.31
2010-07-30,3.28
2010-07-29,3.24
2010-07-28,3.23
2010-07-27,3.21
2010-07-26,3.21
2010-07-23,3.23
2010-07-22,3.23
2010-07-21,3.22
2010-07-20,3.24
2010-07-19,3.26
2010-07-16,3.27
2010-07-15,3.27
2010-07-14,3.27
2010-07-13,3.25
2010-07-12,3.25
2010-07-09,3.22
2010-07-08,3.2
2010-07-07,3.28
2010-07-06,3.26
2010-07-05,3.24
2010-07-02,3.34
2010-07-01,3.38
2010-06-30,3.44
2010-06-29,3.43
2010-06-28,3.47
2010-06-25,3.55
2010-06-24,3.51
2010-06-23,3.52
2010-06-22,3.52
2010-06-21,3.65
2010-06-18,3.6
2010-06-17,3.49
2010-06-16,3.46
2010-06-15,3.49
2010-06-14,3.49
2010-06-11,3.45
2010-06-10,3.39
2010-06-09,3.4
2010-06-08,3.34
2010-06-07,3.39
2010-06-04,3.34
2010-06-03,3.46
2010-06-02,3.4
2010-06-01,3.42
2010-05-31,3.49
2010-05-28,3.51
2010-05-27,3.51
2010-05-26,3.7
2010-05-25,4.0
2010-05-24,4.04
2010-05-21,3.98
2010-05-20,3.96
2010-05-19,4.02
2010-05-18,4.01
2010-05-17,4.04
2010-05-14,4.05
2010-05-13,4.01
2010-05-12,4.06
2010-05-11,3.99
2010-05-10,3.91
2010-05-07,3.76
2010-05-06,3.89
2010-05-05,3.94
2010-05-04,4.0
2010-05-03,4.18
2010-04-30,4.03
2010-04-29,3.99
2010-04-28,3.73
2010-04-27,3.91
2010-04-26,4.11
2010-04-23,4.2
2010-04-22,4.3
2010-04-21,4.35
2010-04-20,4.36
2010-04-19,4.38
2010-04-16,4.4
2010-04-15,4.44
2010-04-14,4.45
2010-04-13,4.45
2010-04-12,4.41
2010-04-09,4.42
2010-04-08,4.38
2010-04-07,4.42
2010-04-06,4.43
2010-04-05,4.34
2010-04-02,4.34
2010-04-01,4.34
2010-03-31,4.3
2010-03-30,4.29
2010-03-29,4.27
2010-03-26,4.28
2010-03-25,4.29
2010-03-24,4.29
2010-03-23,4.3
2010-03-22,4.3
2010-03-19,4.27
2010-03-18,4.36
2010-03-17,4.38
2010-03-16,4.45
2010-03-15,4.45
2010-03-12,4.5
2010-03-11,4.5
2010-03-10,4.52
2010-03-09,4.5
2010-03-08,4.57
2010-03-05,4.63
2010-03-04,4.58
2010-03-03,4.54
2010-03-02,4.53
2010-03-01,4.5
2010-02-26,4.45
2010-02-25,4.49
2010-02-24,4.48
2010-02-23,4.47
2010-02-22,4.42
2010-02-19,4.41
2010-02-18,4.41
2010-02-17,4.42
2010-02-16,4.38
2010-02-15,4.31
2010-02-12,4.44
2010-02-11,4.45
2010-02-10,4.44
2010-02-09,4.19
2010-02-08,3.9
2010-02-05,4.05
2010-02-04,4.0
2010-02-03,4.22
2010-02-02,4.22
2010-02-01,4.25
2010-01-29,4.18
2010-01-28,4.13
2010-01-27,4.15
2010-01-26,4.24
2010-01-25,4.3
2010-01-22,4.29
2010-01-21,4.36
2010-01-20,4.4
2010-01-19,4.41
2010-01-18,4.41
2010-01-15,4.38
2010-01-14,4.43
2010-01-13,4.36
2010-01-12,4.4
2010-01-11,4.38
2010-01-08,4.35
2010-01-07,4.33
2010-01-06,4.32
2010-01-05,4.32
2010-01-04,4.35
2009-12-31,4.44
2009-12-30,4.33
2009-12-29,4.4
2009-12-28,4.4
2009-12-24,4.37
2009-12-23,4.39
2009-12-22,4.39
2009-12-21,4.4
2009-12-18,4.48
2009-12-17,4.49
2009-12-16,4.43
2009-12-15,4.49
2009-12-14,4.5
2009-12-11,4.48
2009-12-10,4.56
2009-12-09,4.69
2009-12-08,4.7
2009-12-07,4.5
2009-12-04,4.56
2009-12-03,4.49
2009-12-02,4.49
2009-12-01,4.54
2009-11-30,4.5
2009-11-27,4.53
2009-11-26,4.66
2009-11-25,4.66
2009-11-24,4.67
2009-11-23,4.7
2009-11-20,4.7
2009-11-19,4.7
2009-11-18,4.7
2009-11-17,4.71
2009-11-16,4.7
2009-11-13,4.7
2009-11-12,4.69
2009-11-11,4.7
2009-11-10,4.7
2009-11-09,4.72
2009-11-06,4.75
2009-11-05,4.73
2009-11-04,4.75
2009-11-03,4.75
2009-11-02,4.78
2009-10-30,4.89
2009-10-29,4.9
2009-10-28,4.8
2009-10-27,4.8
2009-10-26,4.8
2009-10-23,4.87
2009-10-22,4.88
2009-10-21,4.89
2009-10-20,4.9
2009-10-19,4.96
2009-10-16,4.85
2009-10-15,4.84
2009-10-14,4.85
2009-10-13,4.82
2009-10-12,4.89
2009-10-09,4.84
2009-10-08,4.84
2009-10-07,4.77
2009-10-06,4.78
2009-10-05,4.78
2009-10-02,4.76
2009-10-01,4.75
2009-09-30,4.8
2009-09-29,4.84
2009-09-28,4.83
2009-09-25,4.69
2009-09-24,4.66
2009-09-23,4.7
2009-09-22,4.78
2009-09-21,4.74
2009-09-18,4.74
2009-09-17,4.73
2009-09-16,4.74
2009-09-15,4.67
2009-09-14,4.65
2009-09-11,4.67
2009-09-10,4.65
2009-09-09,4.64
2009-09-08,4.56
2009-09-07,4.64
2009-09-04,4.64
2009-09-03,4.56
2009-09-02,4.6
2009-09-01,4.6
2009-08-31,4.66
2009-08-28,4.63
2009-08-27,4.65
2009-08-26,4.65
2009-08-25,4.63
2009-08-24,4.64
2009-08-21,4.6
2009-08-20,4.62
2009-08-19,4.58
2009-08-18,4.52
2009-08-17,4.52
2009-08-14,4.51
2009-08-13,4.55
2009-08-12,4.56
2009-08-11,4.49
2009-08-10,4.46
2009-08-07,4.58
2009-08-06,4.58
2009-08-05,4.59
2009-08-04,4.6
2009-08-03,4.7
2009-07-31,4.7
2009-07-30,4.78
2009-07-29,4.69
2009-07-28,4.59
2009-07-27,4.68
2009-07-24,4.68
2009-07-23,4.73
2009-07-22,4.78
2009-07-21,4.75
2009-07-20,4.78
2009-07-17,4.77
2009-07-16,4.72
2009-07-15,4.76
2009-07-14,4.73
2009-07-13,4.69
2009-07-10,4.63
2009-07-09,4.61
2009-07-08,4.54
2009-07-07,4.64
2009-07-06,4.61
2009-07-03,4.61
2009-07-02,4.73
2009-07-01,4.9
2009-06-30,4.86
2009-06-29,4.89
2009-06-26,4.91
2009-06-25,4.89
2009-06-24,4.89
2009-06-23,4.91
2009-06-22,4.9
2009-06-19,5.0
2009-06-18,4.74
2009-06-17,4.75
2009-06-16,4.91
2009-06-15,4.93
2009-06-12,4.95
2009-06-11,4.97
2009-06-10,4.96
2009-06-09,4.96
2009-06-08,4.98
2009-06-05,5.0
2009-06-04,5.05
2009-06-03,5.04
2009-06-02,5.04
2009-06-01,4.96
2009-05-29,4.95
2009-05-28,4.86
2009-05-27,4.81
2009-05-26,4.8
2009-05-25,4.83
2009-05-22,4.76
2009-05-21,4.76
2009-05-20,4.79
2009-05-19,4.75
2009-05-18,4.66
2009-05-15,4.59
2009-05-14,4.6
2009-05-13,4.69
2009-05-12,4.65
2009-05-11,4.67
2009-05-08,4.67
2009-05-07,4.71
2009-05-06,4.71
2009-05-05,4.61
2009-05-04,4.8
2009-05-01,4.92
2009-04-30,4.92
2009-04-29,4.79
2009-04-28,4.76
2009-04-27,4.9
2009-04-24,4.95
2009-04-23,4.66
2009-04-22,4.5
2009-04-21,4.55
2009-04-20,4.51
2009-04-17,4.5
2009-04-16,4.35
2009-04-15,4.3
2009-04-14,4.29
2009-04-13,4.25
2009-04-10,4.25
2009-04-09,4.25
2009-04-08,4.16
2009-04-07,4.1
2009-04-06,4.09
2009-04-03,4.12
2009-04-02,4.14
2009-04-01,4.12
2009-03-31,4.15
2009-03-30,3.96
2009-03-27,4.04
2009-03-26,4.1
2009-03-25,4.15
2009-03-24,4.2
2009-03-23,4.21
2009-03-20,4.01
2009-03-19,3.95
2009-03-18,3.8
2009-03-17,3.88
2009-03-16,3.85
2009-03-13,3.8
2009-03-12,3.9
2009-03-11,3.98
2009-03-10,3.9
2009-03-09,3.79
2009-03-06,3.82
2009-03-05,3.69
2009-03-04,3.8
2009-03-03,3.5
2009-03-02,3.84
2009-02-27,3.9
2009-02-26,3.9
2009-02-25,3.9
2009-02-24,4.0
2009-02-23,4.0
2009-02-20,3.96
2009-02-19,3.96
2009-02-18,4.0
2009-02-17,3.98
2009-02-16,3.85
2009-02-13,4.1
2009-02-12,4.07
2009-02-11,4.15
2009-02-10,4.15
2009-02-09,4.12
2009-02-06,4.1
2009-02-05,4.0
2009-02-04,4.05
2009-02-03,3.85
2009-02-02,3.58
2009-01-30,3.5
2009-01-29,3.29
2009-01-28,3.27
2009-01-27,3.33
2009-01-26,3.55
2009-01-23,3.6
2009-01-22,3.72
2009-01-21,3.7
2009-01-20,3.92
2009-01-19,3.98
2009-01-16,4.02
2009-01-15,4.04
2009-01-14,4.14
2009-01-13,4.26
2009-01-12,4.29
2009-01-09,4.31
2009-01-08,4.36
2009-01-07,4.37
2009-01-06,4.37
2009-01-05,4.41
2009-01-02,4.42
2009-01-01,4.59
2008-12-31,4.59
2008-12-30,4.55
2008-12-29,4.5
2008-12-26,4.54
2008-12-25,4.54
2008-12-24,4.54
2008-12-23,4.41
2008-12-22,4.43
2008-12-19,4.41
2008-12-18,4.43
2008-12-17,4.42
2008-12-16,4.42
2008-12-15,4.39
2008-12-12,4.43
2008-12-11,4.45
2008-12-10,4.39
2008-12-09,4.4
2008-12-08,4.43
2008-12-05,4.3
2008-12-04,4.39
2008-12-03,4.3
2008-12-02,4.3
2008-12-01,4.43
2008-11-28,4.4
2008-11-27,4.4
2008-11-26,4.35
2008-11-25,4.29
2008-11-24,4.45
2008-11-21,4.24
2008-11-20,4.32
2008-11-19,4.41
2008-11-18,4.47
2008-11-17,4.48
2008-11-14,4.48
2008-11-13,4.45
2008-11-12,4.48
2008-11-11,4.54
2008-11-10,4.6
2008-11-07,4.49
2008-11-06,4.25
2008-11-05,4.07
2008-11-04,4.4
2008-11-03,4.49
2008-10-31,4.54
2008-10-30,4.52
2008-10-29,4.57
2008-10-28,4.38
2008-10-27,4.46
2008-10-24,4.49
2008-10-23,4.59
2008-10-22,4.5
2008-10-21,4.5
2008-10-20,4.6
2008-10-17,4.75
2008-10-16,4.53
2008-10-15,4.58
2008-10-14,4.7
2008-10-13,4.64
2008-10-10,4.34
2008-10-09,4.48
2008-10-08,4.52
2008-10-07,4.65
2008-10-06,4.69
2008-10-03,4.8
2008-10-02,4.9
2008-10-01,4.92
2008-09-30,4.93
2008-09-29,4.94
2008-09-26,4.96
2008-09-25,4.96
2008-09-24,4.97
2008-09-23,4.98
2008-09-22,4.98
2008-09-19,5.0
2008-09-18,4.83
2008-09-17,4.93
2008-09-16,4.93
2008-09-15,4.94
2008-09-12,4.96
2008-09-11,4.89
2008-09-10,4.95
2008-09-09,5.01
2008-09-08,5.01
2008-09-05,4.99
2008-09-04,5.02
2008-09-03,5.03
2008-09-02,5.0
2008-09-01,4.98
2008-08-29,4.98
2008-08-28,4.98
2008-08-27,4.96
2008-08-26,4.88
2008-08-25,4.93
2008-08-22,4.95
2008-08-21,5.0
2008-08-20,4.99
2008-08-19,5.0
2008-08-18,4.99
2008-08-15,4.98
2008-08-14,4.92
2008-08-13,4.9
2008-08-12,5.0
2008-08-11,5.02
2008-08-08,5.07
2008-08-07,5.03
2008-08-06,4.99
2008-08-05,5.0
2008-08-04,5.0
2008-08-01,5.0
2008-07-31,5.0
2008-07-30,4.85
2008-07-29,4.83
2008-07-28,4.85
2008-07-25,4.8
2008-07-24,4.75
2008-07-23,4.71
2008-07-22,4.67
2008-07-21,4.75
2008-07-18,4.6
2008-07-17,4.38
2008-07-16,4.19
2008-07-15,4.05
2008-07-14,4.05
2008-07-11,3.95
2008-07-10,3.9
2008-07-09,3.79
2008-07-08,3.74
2008-07-07,3.6
2008-07-04,3.78
2008-07-03,3.8
2008-07-02,3.8
2008-07-01,3.76
2008-06-30,4.2
2008-06-27,4.31
2008-06-26,4.36
2008-06-25,4.35
2008-06-24,4.27
2008-06-23,4.37
2008-06-20,4.31
2008-06-19,4.5
2008-06-18,4.62
2008-06-17,4.7
2008-06-16,4.66
2008-06-13,4.59
2008-06-12,4.6
2008-06-11,4.67
2008-06-10,4.63
2008-06-09,4.66
2008-06-06,4.71
2008-06-05,4.59
2008-06-04,4.55
2008-06-03,4.51
2008-06-02,4.44
2008-05-30,4.41
2008-05-29,4.32
2008-05-28,4.29
2008-05-27,4.25
2008-05-26,4.28
2008-05-23,4.27
2008-05-22,4.46
2008-05-21,4.52
2008-05-20,4.53
2008-05-19,4.58
2008-05-16,4.55
2008-05-15,4.46
2008-05-14,4.48
2008-05-13,4.47
2008-05-12,4.37
2008-05-09,4.46
2008-05-08,4.58
2008-05-07,4.69
2008-05-06,4.79
2008-05-05,4.76
2008-05-02,4.67
2008-05-01,4.6
2008-04-30,4.6
2008-04-29,4.43
2008-04-28,4.45
2008-04-25,4.5
2008-04-24,4.5
2008-04-23,4.58
2008-04-22,4.5
2008-04-21,4.5
2008-04-18,4.39
2008-04-17,4.38
2008-04-16,4.37
2008-04-15,4.35
2008-04-14,4.2
2008-04-11,4.1
2008-04-10,3.94
2008-04-09,3.94
2008-04-08,3.71
2008-04-07,3.62
2008-04-04,3.56
2008-04-03,3.48
2008-04-02,3.45
2008-04-01,3.4
2008-03-31,3.16
2008-03-28,3.38
2008-03-27,3.27
2008-03-26,3.22
2008-03-25,3.2
2008-03-24,3.16
2008-03-21,3.16
2008-03-20,3.16
2008-03-19,3.11
2008-03-18,3.1
2008-03-17,3.05
2008-03-14,3.12
2008-03-13,3.2
2008-03-12,3.16
2008-03-11,3.15
2008-03-10,3.2
2008-03-07,3.33
2008-03-06,3.48
2008-03-05,3.41
2008-03-04,3.39
2008-03-03,3.18
2008-02-29,3.08
2008-02-28,3.05
2008-02-27,3.08
2008-02-26,3.07
2008-02-25,3.05
2008-02-22,2.97
2008-02-21,2.8
2008-02-20,2.73
2008-02-19,2.66
2008-02-18,2.61
2008-02-15,2.6
2008-02-14,2.62
2008-02-13,2.67
2008-02-12,2.54
2008-02-11,2.52
2008-02-08,2.5
2008-02-07,2.47
2008-02-06,2.5
2008-02-05,2.53
2008-02-04,2.63
2008-02-01,2.52
2008-01-31,2.5
2008-01-30,2.49
2008-01-29,2.53
2008-01-28,2.48
2008-01-25,2.49
2008-01-24,2.4
2008-01-23,2.1
2008-01-22,2.18
2008-01-21,2.12
2008-01-18,2.39
2008-01-17,2.43
2008-01-16,2.5
2008-01-15,2.82
2008-01-14,2.8
2008-01-11,2.79
2008-01-10,2.79
2008-01-09,2.96
2008-01-08,3.06
2008-01-07,3.02
2008-01-04,3.15
2008-01-03,3.24
2008-01-02,3.26
2008-01-01,3.27
2007-12-31,3.27
2007-12-28,3.34
2007-12-27,3.35
2007-12-26,3.38
2007-12-25,3.38
2007-12-24,3.38
2007-12-21,3.45
2007-12-20,3.52
2007-12-19,3.66
2007-12-18,3.75
2007-12-17,3.69
2007-12-14,3.66
2007-12-13,3.66
2007-12-12,3.65
2007-12-11,3.77
2007-12-10,3.8
2007-12-07,3.84
2007-12-06,3.89
2007-12-05,3.88
2007-12-04,3.9
2007-12-03,3.93
2007-11-30,3.9
2007-11-29,3.88
2007-11-28,3.96
2007-11-27,3.97
2007-11-26,3.99
2007-11-23,4.02
2007-11-22,4.06
2007-11-21,4.06
2007-11-20,4.04
2007-11-19,4.2
2007-11-16,4.25
2007-11-15,4.36
2007-11-14,4.36
2007-11-13,4.31
2007-11-12,4.39
2007-11-09,4.4
2007-11-08,4.35
2007-11-07,4.39
2007-11-06,4.4
2007-11-05,4.35
2007-11-02,4.35
2007-11-01,4.33
2007-10-31,4.34
2007-10-30,4.28
2007-10-29,4.28
2007-10-26,4.36
2007-10-25,4.4
2007-10-24,4.4
2007-10-23,4.4
2007-10-22,4.4
2007-10-19,4.5
2007-10-18,4.5
2007-10-17,4.5
2007-10-16,4.51
2007-10-15,4.52
2007-10-12,4.54
2007-10-11,4.56
2007-10-10,4.47
2007-10-09,4.53
2007-10-08,4.55
2007-10-05,4.5
2007-10-04,4.37
2007-10-03,4.38
2007-10-02,4.29
2007-10-01,4.19
2007-09-28,4.04
2007-09-27,4.08
2007-09-26,4.1
2007-09-25,4.24
2007-09-24,4.45
2007-09-21,4.52
2007-09-20,4.45
2007-09-19,4.57
2007-09-18,4.32
2007-09-17,4.41
2007-09-14,4.6
2007-09-13,4.73
2007-09-12,4.74
2007-09-11,4.7
2007-09-10,4.67
2007-09-07,4.73
2007-09-06,4.84
2007-09-05,4.68
2007-09-04,4.64
2007-09-03,4.61
2007-08-31,4.65
2007-08-30,4.6
2007-08-29,4.55
2007-08-28,4.61
2007-08-27,4.68
2007-08-24,4.69
2007-08-23,4.64
2007-08-22,4.59
2007-08-21,4.5
2007-08-20,4.53
2007-08-17,4.43
2007-08-16,4.49
2007-08-15,4.8
2007-08-14,4.85
2007-08-13,4.79
2007-08-10,4.76
2007-08-09,4.85
2007-08-08,4.9
2007-08-07,4.89
2007-08-06,4.91
2007-08-03,4.94
2007-08-02,4.96
2007-08-01,4.9
2007-07-31,4.92
2007-07-30,4.9
2007-07-27,4.92
2007-07-26,5.0
2007-07-25,5.0
2007-07-24,5.01
2007-07-23,5.02
2007-07-20,5.0
2007-07-19,5.02
2007-07-18,5.02
2007-07-17,5.05
2007-07-16,5.04
2007-07-13,5.02
2007-07-12,5.0
2007-07-11,4.95
2007-07-10,5.0
2007-07-09,5.0
2007-07-06,4.98
2007-07-05,4.85
2007-07-04,4.81
2007-07-03,4.75
2007-07-02,4.76
2007-06-29,4.73
2007-06-28,4.78
2007-06-27,4.74
2007-06-26,4.86
2007-06-25,4.58
2007-06-22,4.67
2007-06-21,4.71
2007-06-20,4.73
2007-06-19,4.74
2007-06-18,4.8
2007-06-15,4.85
2007-06-14,4.88
2007-06-13,4.86
2007-06-12,4.8
2007-06-11,4.79
2007-06-08,4.75
2007-06-07,4.82
2007-06-06,4.91
2007-06-05,4.95
2007-06-04,4.97
2007-06-01,4.94
2007-05-31,4.94
2007-05-30,4.94
2007-05-29,4.98
2007-05-28,5.0
2007-05-25,5.01
2007-05-24,5.02
2007-05-23,5.02
2007-05-22,5.03
2007-05-21,5.06
2007-05-18,5.02
2007-05-17,5.07
2007-05-16,5.08
2007-05-15,5.1
2007-05-14,5.02
2007-05-11,5.02
2007-05-10,5.02
2007-05-09,5.07
2007-05-08,5.05
2007-05-07,5.09
2007-05-04,5.11
2007-05-03,5.13
2007-05-02,5.08
2007-05-01,5.16
2007-04-30,5.16
2007-04-27,5.18
2007-04-26,5.18
2007-04-25,5.24
2007-04-24,5.13
2007-04-23,5.18
2007-04-20,5.16
2007-04-19,5.11
2007-04-18,5.08
2007-04-17,5.12
2007-04-16,5.09
2007-04-13,5.1
2007-04-12,5.09
2007-04-11,5.14
2007-04-10,5.12
2007-04-09,5.08
2007-04-06,5.08
2007-04-05,5.08
2007-04-04,5.12
2007-04-03,5.16
2007-04-02,5.17
2007-03-30,4.88
2007-03-29,4.92
2007-03-28,4.92
2007-03-27,4.95
2007-03-26,4.92
2007-03-23,4.95
2007-03-22,4.94
2007-03-21,4.95
2007-03-20,4.95
2007-03-19,4.93
2007-03-16,4.94
2007-03-15,4.94
2007-03-14,4.89
2007-03-13,4.91
2007-03-12,4.97
2007-03-09,4.98
2007-03-08,5.06
2007-03-07,4.99
2007-03-06,4.96
2007-03-05,4.83
2007-03-02,5.0
2007-03-01,5.06
2007-02-28,5.0
2007-02-27,5.11
2007-02-26,5.29
2007-02-23,5.33
2007-02-22,5.35
2007-02-21,5.38
2007-02-20,5.39
2007-02-19,5.4
2007-02-16,5.3
2007-02-15,5.37
2007-02-14,5.42
2007-02-13,5.38
2007-02-12,5.44
2007-02-09,5.56
2007-02-08,5.68
2007-02-07,5.87
2007-02-06,5.86
2007-02-05,5.91
2007-02-02,5.82
2007-02-01,5.75
2007-01-31,5.62
2007-01-30,5.53
2007-01-29,5.54
2007-01-26,5.53
2007-01-25,5.53
2007-01-24,5.53
2007-01-23,5.5
2007-01-22,5.59
2007-01-19,5.6
2007-01-18,5.61
2007-01-17,5.59
2007-01-16,5.54
2007-01-15,5.42
2007-01-12,5.4
2007-01-11,5.4
2007-01-10,5.37
2007-01-09,5.38
2007-01-08,5.39
2007-01-05,5.34
2007-01-04,5.4
2007-01-03,5.48
2007-01-02,5.47
2007-01-01,5.5
2006-12-29,5.5
2006-12-28,5.47
2006-12-27,5.48
2006-12-26,5.5
2006-12-25,5.5
2006-12-22,5.5
2006-12-21,5.5
2006-12-20,5.5
2006-12-19,5.53
2006-12-18,5.57
2006-12-15,5.52
2006-12-14,5.48
2006-12-13,5.56
2006-12-12,5.55
2006-12-11,5.59
2006-12-08,5.57
2006-12-07,5.56
2006-12-06,5.59
2006-12-05,5.58
2006-12-04,5.46
2006-12-01,5.48
2006-11-30,5.53
2006-11-29,5.43
2006-11-28,5.29
2006-11-27,5.32
2006-11-24,5.32
2006-11-23,5.25
2006-11-22,5.22
2006-11-21,5.32
2006-11-20,5.38
2006-11-17,5.46
2006-11-16,5.49
2006-11-15,5.51
2006-11-14,5.48
2006-11-13,5.52
2006-11-10,5.55
2006-11-09,5.56
2006-11-08,5.55
2006-11-07,5.56
2006-11-06,5.57
2006-11-03,5.61
2006-11-02,5.59
2006-11-01,5.71
2006-10-31,5.71
2006-10-30,5.73
2006-10-27,5.77
2006-10-26,5.74
2006-10-25,5.79
2006-10-24,5.76
2006-10-23,5.72
2006-10-20,5.74
2006-10-19,5.77
2006-10-18,5.86
2006-10-17,5.77
2006-10-16,5.75
2006-10-13,5.79
2006-10-12,5.79
2006-10-11,5.77
2006-10-10,5.78
2006-10-09,5.79
2006-10-06,5.77
2006-10-05,5.76
2006-10-04,5.77
2006-10-03,5.72
2006-10-02,5.69
2006-09-29,5.7
2006-09-28,5.7
2006-09-27,5.73
2006-09-26,5.79
2006-09-25,5.77
2006-09-22,5.79
2006-09-21,5.82
2006-09-20,5.83
2006-09-19,5.83
2006-09-18,5.83
2006-09-15,5.85
2006-09-14,5.83
2006-09-13,5.84
2006-09-12,5.85
2006-09-11,5.79
2006-09-08,5.81
2006-09-07,5.79
2006-09-06,5.87
2006-09-05,5.92
2006-09-04,5.91
2006-09-01,5.92
2006-08-31,5.9
2006-08-30,5.91
2006-08-29,5.92
2006-08-28,5.88
2006-08-25,5.87
2006-08-24,5.88
2006-08-23,5.87
2006-08-22,5.87
2006-08-21,5.81
2006-08-18,5.78
2006-08-17,5.85
2006-08-16,5.89
2006-08-15,5.94
2006-08-14,5.94
2006-08-11,5.92
2006-08-10,5.81
2006-08-09,5.77
2006-08-08,5.6
2006-08-07,5.52
2006-08-04,5.52
2006-08-03,5.5
2006-08-02,5.52
2006-08-01,5.52
2006-07-31,5.53
2006-07-28,5.5
2006-07-27,5.55
2006-07-26,5.58
2006-07-25,5.55
2006-07-24,5.6
2006-07-21,5.59
2006-07-20,5.62
2006-07-19,5.6
2006-07-18,5.51
2006-07-17,5.5
2006-07-14,5.55
2006-07-13,5.68
2006-07-12,5.7
2006-07-11,5.7
2006-07-10,5.7
2006-07-07,5.65
2006-07-06,5.7
2006-07-05,5.73
2006-07-04,5.75
2006-07-03,5.73
2006-06-30,5.77
2006-06-29,5.74
2006-06-28,5.75
2006-06-27,5.81
2006-06-26,5.75
2006-06-23,5.72
2006-06-22,5.7
2006-06-21,5.68
2006-06-20,5.65
2006-06-19,5.75
2006-06-16,5.76
2006-06-15,5.76
2006-06-14,5.76
2006-06-13,5.79
2006-06-12,5.95
2006-06-09,5.95
2006-06-08,5.84
2006-06-07,5.8
2006-06-06,5.72
2006-06-05,5.85
2006-06-02,5.95
2006-06-01,6.0
2006-05-31,5.97
2006-05-30,6.01
2006-05-29,6.1
2006-05-26,5.87
2006-05-25,5.7
2006-05-24,5.8
2006-05-23,5.9
2006-05-22,5.88
2006-05-19,6.05
2006-05-18,6.35
2006-05-17,6.55
2006-05-16,6.67
2006-05-15,6.7
2006-05-12,6.82
2006-05-11,6.86
2006-05-10,6.93
2006-05-09,6.83
2006-05-08,6.84
2006-05-05,6.89
2006-05-04,6.94
2006-05-03,6.9
2006-05-02,6.96
2006-05-01,6.65
2006-04-28,7.09
2006-04-27,7.19
2006-04-26,7.2
2006-04-25,7.2
2006-04-24,7.18
2006-04-21,7.15
2006-04-20,7.03
2006-04-19,7.09
2006-04-18,7.1
2006-04-17,7.2
2006-04-14,7.2
2006-04-13,7.2
2006-04-12,7.25
2006-04-11,7.21
2006-04-10,7.27
2006-04-07,7.25
2006-04-06,7.23
2006-04-05,7.22
2006-04-04,7.2
2006-04-03,7.24
2006-03-31,7.14
2006-03-30,7.1
2006-03-29,7.08
2006-03-28,7.05
2006-03-27,7.1
2006-03-24,7.11
2006-03-23,7.0
2006-03-22,6.89
2006-03-21,6.84
2006-03-20,6.78
2006-03-17,6.71
2006-03-16,6.71
2006-03-15,6.61
2006-03-14,6.6
2006-03-13,6.62
2006-03-10,6.57
2006-03-09,6.63
2006-03-08,6.63
2006-03-07,6.66
2006-03-06,6.66
2006-03-03,6.58
2006-03-02,6.57
2006-03-01,6.51
2006-02-28,6.5
2006-02-27,6.51
2006-02-24,6.49
2006-02-23,6.39
2006-02-22,6.43
2006-02-21,6.41
2006-02-20,6.39
2006-02-17,6.49
2006-02-16,6.48
2006-02-15,6.49
2006-02-14,6.66
2006-02-13,6.62
2006-02-10,6.51
2006-02-09,6.56
2006-02-08,6.57
2006-02-07,6.37
2006-02-06,6.41
2006-02-03,6.33
2006-02-02,6.31
2006-02-01,6.29
2006-01-31,6.26
2006-01-30,6.28
2006-01-27,6.24
2006-01-26,6.26
2006-01-25,6.28
2006-01-24,6.29
2006-01-23,6.3
2006-01-20,6.38
2006-01-19,6.35
2006-01-18,6.35
2006-01-17,6.35
2006-01-16,6.34
2006-01-13,6.27
2006-01-12,6.32
2006-01-11,6.36
2006-01-10,6.3
2006-01-09,6.33
2006-01-06,6.25
2006-01-05,6.24
2006-01-04,6.22
2006-01-03,6.3
2006-01-02,6.33
2005-12-30,6.35
2005-12-29,6.34
2005-12-28,6.34
2005-12-27,6.39
2005-12-26,6.43
2005-12-23,6.43
2005-12-22,6.37
2005-12-21,6.33
2005-12-20,6.35
2005-12-19,6.4
2005-12-16,6.34
2005-12-15,6.48
2005-12-14,6.35
2005-12-13,6.3
2005-12-12,6.37
2005-12-09,6.4
2005-12-08,6.39
2005-12-07,6.4
2005-12-06,6.38
2005-12-05,6.36
2005-12-02,6.42
2005-12-01,6.42
2005-11-30,6.39
2005-11-29,6.42
2005-11-28,6.42
2005-11-25,6.42
2005-11-24,6.39
2005-11-23,6.37
2005-11-22,6.39
2005-11-21,6.4
2005-11-18,6.4
2005-11-17,6.41
2005-11-16,6.39
2005-11-15,6.39
2005-11-14,6.39
2005-11-11,6.39
2005-11-10,6.49
2005-11-09,6.34
2005-11-08,6.3
2005-11-07,6.25
2005-11-04,6.29
2005-11-03,6.22
2005-11-02,6.3
2005-11-01,6.32
2005-10-31,6.24
2005-10-28,6.3
2005-10-27,6.28
2005-10-26,6.41
2005-10-25,6.47
2005-10-24,6.32
2005-10-21,6.33
2005-10-20,6.37
2005-10-19,6.4
2005-10-18,6.46
2005-10-17,6.47
2005-10-14,6.56
2005-10-13,6.58
2005-10-12,6.75
2005-10-11,6.78
2005-10-10,6.76
2005-10-07,6.75
2005-10-06,6.82
2005-10-05,6.96
2005-10-04,6.85
2005-10-03,6.75
2005-09-30,6.65
2005-09-29,6.54
2005-09-28,6.42
2005-09-27,6.4
2005-09-26,6.23
2005-09-23,6.26
2005-09-22,6.23
2005-09-21,6.22
2005-09-20,6.22
2005-09-19,6.24
2005-09-16,6.23
2005-09-15,6.16
2005-09-14,6.16
2005-09-13,6.17
2005-09-12,6.16
2005-09-09,6.13
2005-09-08,6.13
2005-09-07,6.17
2005-09-06,6.14
2005-09-05,6.15
2005-09-02,6.12
2005-09-01,6.13
2005-08-31,6.13
2005-08-30,6.1
2005-08-29,6.1
2005-08-26,6.11
2005-08-25,6.1
2005-08-24,6.1
2005-08-23,6.1
2005-08-22,6.1
2005-08-19,6.09
2005-08-18,6.09
2005-08-17,6.1
2005-08-16,6.07
2005-08-15,6.07
2005-08-12,6.02
2005-08-11,6.0
2005-08-10,6.03
2005-08-09,6.03
2005-08-08,6.05
2005-08-05,6.07
2005-08-04,6.1
2005-08-03,6.1
2005-08-02,6.12
2005-08-01,6.12
2005-07-29,5.9
2005-07-28,6.04
2005-07-27,5.9
2005-07-26,5.88
2005-07-25,5.89
2005-07-22,5.88
2005-07-21,5.89
2005-07-20,5.88
2005-07-19,5.88
2005-07-18,5.86
2005-07-15,5.89
2005-07-14,5.88
2005-07-13,5.9
2005-07-12,5.88
2005-07-11,5.91
2005-07-08,5.75
2005-07-07,5.65
2005-07-06,5.68
2005-07-05,5.71
2005-07-04,5.74
2005-07-01,5.75
2005-06-30,5.68
2005-06-29,5.74
2005-06-28,5.72
2005-06-27,5.73
2005-06-24,5.76
2005-06-23,5.78
2005-06-22,5.76
2005-06-21,5.74
2005-06-20,5.83
2005-06-17,5.8
2005-06-16,5.83
2005-06-15,5.76
2005-06-14,5.7
2005-06-13,5.68
2005-06-10,5.55
2005-06-09,5.45
2005-06-08,5.5
2005-06-07,5.6
2005-06-06,5.56
2005-06-03,5.84
2005-06-02,5.84
2005-06-01,5.9
2005-05-31,5.95
2005-05-30,5.92
2005-05-27,5.95
2005-05-26,5.97
2005-05-25,5.95
2005-05-24,5.97
2005-05-23,6.06
2005-05-20,6.1
2005-05-19,6.16
2005-05-18,6.16
2005-05-17,6.1
2005-05-16,6.09
2005-05-13,6.08
2005-05-12,6.1
2005-05-11,6.08
2005-05-10,6.08
2005-05-09,6.11
2005-05-06,6.13
2005-05-05,6.08
2005-05-04,6.1
2005-05-03,6.09
2005-05-02,6.09
2005-04-29,6.1
2005-04-28,6.1
2005-04-27,6.11
2005-04-26,6.15
2005-04-25,6.15
2005-04-22,6.09
2005-04-21,6.1
2005-04-20,6.08
2005-04-19,6.1
2005-04-18,6.08
2005-04-15,6.17
2005-04-14,6.23
2005-04-13,6.23
2005-04-12,6.23
2005-04-11,6.33
2005-04-08,6.32
2005-04-07,6.17
2005-04-06,6.1
2005-04-05,6.06
2005-04-04,6.09
2005-04-01,6.08
2005-03-31,6.06
2005-03-30,6.12
2005-03-29,6.0
2005-03-28,6.02
2005-03-25,6.02
2005-03-24,6.02
2005-03-23,6.01
2005-03-22,6.0
2005-03-21,6.0
2005-03-18,6.01
2005-03-17,6.03
2005-03-16,6.02
2005-03-15,6.03
2005-03-14,6.0
2005-03-11,6.03
2005-03-10,6.04
2005-03-09,6.06
2005-03-08,6.09
2005-03-07,6.11
2005-03-04,6.12
2005-03-03,6.06
2005-03-02,6.08
2005-03-01,6.09
2005-02-28,6.09
2005-02-25,6.09
2005-02-24,6.07
2005-02-23,5.91
2005-02-22,5.91
2005-02-21,5.98
2005-02-18,6.0
2005-02-17,6.07
2005-02-16,6.09
2005-02-15,6.12
2005-02-14,6.11
2005-02-11,6.12
2005-02-10,6.11
2005-02-09,6.12
2005-02-08,6.13
2005-02-07,6.14
2005-02-04,6.16
2005-02-03,6.15
2005-02-02,6.16
2005-02-01,6.16
2005-01-31,6.13
2005-01-28,6.13
2005-01-27,6.11
2005-01-26,6.16
2005-01-25,6.12
2005-01-24,6.1
2005-01-21,6.13
2005-01-20,6.1
2005-01-19,6.1
2005-01-18,6.12
2005-01-17,6.12
2005-01-14,6.16
2005-01-13,6.16
2005-01-12,6.1
2005-01-11,6.07
2005-01-10,6.08
2005-01-07,6.15
2005-01-06,6.18
2005-01-05,6.16
2005-01-04,6.21
2005-01-03,6.27
2004-12-31,6.27
2004-12-30,6.3
2004-12-29,6.24
2004-12-28,6.2
2004-12-27,6.24
2004-12-24,6.09
2004-12-23,6.08
2004-12-22,6.07
2004-12-21,6.09
2004-12-20,6.09
2004-12-17,6.09
2004-12-16,6.12
2004-12-15,6.12
2004-12-14,5.94
2004-12-13,5.95
2004-12-10,6.0
2004-12-09,6.04
2004-12-08,6.09
2004-12-07,6.06
2004-12-06,6.08
2004-12-03,6.06
2004-12-02,6.06
2004-12-01,6.02
2004-11-30,6.05
2004-11-29,6.08
2004-11-26,6.12
2004-11-25,6.14
2004-11-24,6.14
2004-11-23,6.16
2004-11-22,6.11
2004-11-19,6.1
2004-11-18,6.12
2004-11-17,6.12
2004-11-16,6.16
2004-11-15,6.13
2004-11-12,6.18
2004-11-11,6.23
2004-11-10,6.26
2004-11-09,6.29
2004-11-08,6.3
2004-11-05,6.29
2004-11-04,6.12
2004-11-03,6.05
2004-11-02,5.99
2004-11-01,5.89
2004-10-29,5.74
2004-10-28,5.7
2004-10-27,5.68
2004-10-26,5.68
2004-10-25,5.7
2004-10-22,5.74
2004-10-21,5.7
2004-10-20,5.7
2004-10-19,5.72
2004-10-18,5.72
2004-10-15,5.7
2004-10-14,5.8
2004-10-13,5.77
2004-10-12,5.7
2004-10-11,5.78
2004-10-08,5.78
2004-10-07,5.73
2004-10-06,5.8
2004-10-05,5.8
2004-10-04,5.75
2004-10-01,5.7
2004-09-30,5.7
2004-09-29,5.67
2004-09-28,5.68
2004-09-27,5.69
2004-09-24,5.65
2004-09-23,5.64
2004-09-22,5.64
2004-09-21,5.61
2004-09-20,5.61
2004-09-17,5.6
2004-09-16,5.62
2004-09-15,5.7
2004-09-14,5.7
2004-09-13,5.66
2004-09-10,5.6
2004-09-09,5.55
2004-09-08,5.49
2004-09-07,5.5
2004-09-06,5.5
2004-09-03,5.5
2004-09-02,5.47
2004-09-01,5.5
2004-08-31,5.45
2004-08-30,5.38
2004-08-27,5.34
2004-08-26,5.25
2004-08-25,5.19
2004-08-24,5.15
2004-08-23,5.2
2004-08-20,5.2
2004-08-19,5.23
2004-08-18,5.22
2004-08-17,5.15
2004-08-16,5.19
2004-08-13,5.16
2004-08-12,5.15
2004-08-11,5.15
2004-08-10,5.12
2004-08-09,5.15
2004-08-06,5.15
2004-08-05,5.22
2004-08-04,5.22
2004-08-03,5.2
2004-08-02,5.18
2004-07-30,5.22
2004-07-29,5.21
2004-07-28,5.1
2004-07-27,5.14
2004-07-26,5.15
2004-07-23,5.17
2004-07-22,5.18
2004-07-21,5.18
2004-07-20,5.19
2004-07-19,5.2
2004-07-16,5.26
2004-07-15,5.3
2004-07-14,5.24
2004-07-13,5.24
2004-07-12,5.01
2004-07-09,5.03
2004-07-08,5.09
2004-07-07,5.19
2004-07-06,5.19
2004-07-05,5.19
2004-07-02,5.48
2004-07-01,5.56
2004-06-30,5.6
2004-06-29,5.92
2004-06-28,5.95
2004-06-25,5.95
2004-06-24,5.95
2004-06-23,5.98
2004-06-22,5.98
2004-06-21,5.94
2004-06-18,6.0
2004-06-17,6.04
2004-06-16,6.02
2004-06-15,6.1
2004-06-14,6.06
2004-06-11,5.9
2004-06-10,5.77
2004-06-09,5.75
2004-06-08,5.65
2004-06-07,5.74
2004-06-04,5.78
2004-06-03,5.84
2004-06-02,5.83
2004-06-01,5.8
2004-05-31,5.97
2004-05-28,5.99
2004-05-27,6.0
2004-05-26,6.0
2004-05-25,6.05
2004-05-24,6.05
2004-05-21,6.06
2004-05-20,6.04
2004-05-19,6.14
2004-05-18,6.07
2004-05-17,6.1
2004-05-14,6.29
2004-05-13,6.25
2004-05-12,6.36
2004-05-11,6.3
2004-05-10,6.29
2004-05-07,6.35
2004-05-06,6.35
2004-05-05,6.33
2004-05-04,6.17
2004-05-03,6.09
2004-04-30,6.12
2004-04-29,6.28
2004-04-28,6.28
2004-04-27,6.38
2004-04-26,6.57
2004-04-23,6.6
2004-04-22,6.66
2004-04-21,6.7
2004-04-20,6.74
2004-04-19,6.78
2004-04-16,6.83
2004-04-15,6.87
2004-04-14,6.85
2004-04-13,6.93
2004-04-12,6.97
2004-04-09,6.97
2004-04-08,6.97
2004-04-07,6.9
2004-04-06,6.92
2004-04-05,6.85
2004-04-02,6.78
2004-04-01,6.78
2004-03-31,6.7
2004-03-30,6.77
2004-03-29,6.74
2004-03-26,6.8
2004-03-25,6.69
2004-03-24,6.59
2004-03-23,6.63
2004-03-22,6.8
2004-03-19,6.95
2004-03-18,6.88
2004-03-17,6.99
2004-03-16,6.87
2004-03-15,6.97
2004-03-12,7.01
2004-03-11,7.15
2004-03-10,7.5
2004-03-09,7.7
2004-03-08,7.8
2004-03-05,7.65
2004-03-04,7.7
2004-03-03,7.57
2004-03-02,7.41
2004-03-01,7.49
2004-02-27,7.35
2004-02-26,7.25
2004-02-25,7.19
2004-02-24,7.34
2004-02-23,7.35
2004-02-20,7.17
2004-02-19,7.01
2004-02-18,6.95
2004-02-17,6.86
2004-02-16,6.85
2004-02-13,6.85
2004-02-12,6.9
2004-02-11,6.8
2004-02-10,6.79
2004-02-09,6.72
2004-02-06,6.7
2004-02-05,6.68
2004-02-04,6.7
2004-02-03,6.71
2004-02-02,6.61
2004-01-30,6.64
2004-01-29,6.6
2004-01-28,6.66
2004-01-27,6.67
2004-01-26,6.62
2004-01-23,6.59
2004-01-22,6.69
2004-01-21,6.71
2004-01-20,6.66
2004-01-19,6.72
2004-01-16,6.5
2004-01-15,6.39
2004-01-14,6.39
2004-01-13,6.15
2004-01-12,6.14
2004-01-09,6.14
2004-01-08,6.0
2004-01-07,5.99
2004-01-06,5.99
2004-01-05,5.97
2004-01-02,5.98
2004-01-01,5.9
2003-12-31,5.9
2003-12-30,5.96
2003-12-29,5.85
2003-12-26,5.96
2003-12-25,5.96
2003-12-24,5.96
2003-12-23,5.92
2003-12-22,5.97
2003-12-19,5.93
2003-12-18,5.93
2003-12-17,5.95
2003-12-16,5.98
2003-12-15,5.95
2003-12-12,5.92
2003-12-11,5.98
2003-12-10,5.91
2003-12-09,5.91
2003-12-08,5.96
2003-12-05,5.95
2003-12-04,5.95
2003-12-03,5.95
2003-12-02,5.99
2003-12-01,5.99
2003-11-28,5.95
2003-11-27,5.94
2003-11-26,5.89
2003-11-25,5.9
2003-11-24,5.9
2003-11-21,5.9
2003-11-20,5.9
2003-11-19,5.9
2003-11-18,5.85
2003-11-17,5.85
2003-11-14,5.88
2003-11-13,5.86
2003-11-12,5.85
2003-11-11,5.8
2003-11-10,5.85
2003-11-07,5.85
2003-11-06,5.86
2003-11-05,5.84
2003-11-04,5.85
2003-11-03,5.79
2003-10-31,5.8
2003-10-30,5.8
2003-10-29,5.84
2003-10-28,5.84
2003-10-27,5.84
2003-10-24,5.86
2003-10-23,5.81
2003-10-22,5.81
2003-10-21,5.84
2003-10-20,5.91
2003-10-17,5.95
2003-10-16,5.92
2003-10-15,5.95
2003-10-14,5.95
2003-10-13,5.94
2003-10-10,5.87
2003-10-09,5.86
2003-10-08,5.82
2003-10-07,5.8
2003-10-06,5.82
2003-10-03,5.78
2003-10-02,5.75
2003-10-01,5.79
2003-09-30,5.89
2003-09-29,5.86
2003-09-26,5.79
2003-09-25,5.78
2003-09-24,5.82
2003-09-23,5.86
2003-09-22,5.88
2003-09-19,5.85
2003-09-18,5.85
2003-09-17,5.85
2003-09-16,5.89
2003-09-15,5.9
2003-09-12,5.9
2003-09-11,5.92
2003-09-10,5.9
2003-09-09,5.85
2003-09-08,5.9
2003-09-05,5.9
2003-09-04,5.94
2003-09-03,5.79
2003-09-02,5.7
2003-09-01,5.7
2003-08-29,5.7
2003-08-28,5.75
2003-08-27,5.7
2003-08-26,5.73
2003-08-25,5.69
2003-08-22,5.65
2003-08-21,5.6
2003-08-20,5.6
2003-08-19,5.6
2003-08-18,5.59
2003-08-15,5.6
2003-08-14,5.45
2003-08-13,5.5
2003-08-12,5.5
2003-08-11,5.5
2003-08-08,5.55
2003-08-07,5.6
2003-08-06,5.6
2003-08-05,5.6
2003-08-04,5.6
2003-08-01,5.5
2003-07-31,5.81
2003-07-30,5.9
2003-07-29,5.9
2003-07-28,5.98
2003-07-25,6.1
2003-07-24,6.12
2003-07-23,6.12
2003-07-22,6.12
2003-07-21,6.14
2003-07-18,6.14
2003-07-17,6.13
2003-07-16,6.13
2003-07-15,6.12
2003-07-14,6.1
2003-07-11,6.13
2003-07-10,6.16
2003-07-09,6.13
2003-07-08,6.15
2003-07-07,6.15
2003-07-04,6.19
2003-07-03,6.18
2003-07-02,6.16
2003-07-01,6.26
2003-06-30,6.24
2003-06-27,6.22
2003-06-26,6.18
2003-06-25,6.19
2003-06-24,6.2
2003-06-23,6.2
2003-06-20,6.23
2003-06-19,6.24
2003-06-18,6.24
2003-06-17,6.26
2003-06-16,6.2
2003-06-13,6.2
2003-06-12,6.2
2003-06-11,6.21
2003-06-10,6.24
2003-06-09,6.15
2003-06-06,6.15
2003-06-05,6.05
2003-06-04,6.03
2003-06-03,5.95
2003-06-02,5.84
2003-05-30,5.78
2003-05-29,5.75
2003-05-28,5.78
2003-05-27,5.75
2003-05-26,5.73
2003-05-23,5.76
2003-05-22,5.75
2003-05-21,5.7
2003-05-20,5.73
2003-05-19,5.74
2003-05-16,5.75
2003-05-15,5.7
2003-05-14,5.69
2003-05-13,5.69
2003-05-12,5.69
2003-05-09,5.68
2003-05-08,5.68
2003-05-07,5.67
2003-05-06,5.67
2003-05-05,5.68
2003-05-02,5.69
2003-05-01,5.6
2003-04-30,5.6
2003-04-29,5.65
2003-04-28,5.67
2003-04-25,5.82
2003-04-24,5.83
2003-04-23,5.84
2003-04-22,5.81
2003-04-21,5.85
2003-04-18,5.85
2003-04-17,5.85
2003-04-16,5.85
2003-04-15,5.8
2003-04-14,5.78
2003-04-11,5.78
2003-04-10,5.76
2003-04-09,5.76
2003-04-08,5.8
2003-04-07,5.85
2003-04-04,5.6
2003-04-03,5.59
2003-04-02,5.65
2003-04-01,5.59
2003-03-31,5.6
2003-03-28,5.6
2003-03-27,5.68
2003-03-26,5.65
2003-03-25,5.6
2003-03-24,5.6
2003-03-21,5.6
2003-03-20,5.34
2003-03-19,5.42
2003-03-18,5.39
2003-03-17,5.44
2003-03-14,5.34
2003-03-13,5.21
2003-03-12,5.1
2003-03-11,5.19
2003-03-10,5.2
2003-03-07,5.27
2003-03-06,5.22
2003-03-05,5.27
2003-03-04,5.27
2003-03-03,5.25
2003-02-28,5.25
2003-02-27,5.2
2003-02-26,5.2
2003-02-25,5.28
2003-02-24,5.35
2003-02-21,5.37
2003-02-20,5.35
2003-02-19,5.45
2003-02-18,5.5
2003-02-17,5.41
2003-02-14,5.37
2003-02-13,5.42
2003-02-12,5.5
2003-02-11,5.55
2003-02-10,5.58
2003-02-07,5.6
2003-02-06,5.63
2003-02-05,5.64
2003-02-04,5.66
2003-02-03,5.68
2003-01-31,5.69
2003-01-30,5.7
2003-01-29,5.65
2003-01-28,5.69
2003-01-27,5.67
2003-01-24,5.7
2003-01-23,5.71
2003-01-22,5.73
2003-01-21,5.7
2003-01-20,5.8
2003-01-17,5.9
2003-01-16,5.96
2003-01-15,6.05
2003-01-14,6.06
2003-01-13,6.05
2003-01-10,6.0
2003-01-09,6.07
2003-01-08,6.04
2003-01-07,6.04
2003-01-06,6.04
2003-01-03,5.93
2003-01-02,5.85
2003-01-01,5.8
2002-12-31,5.8
2002-12-30,5.76
2002-12-27,5.65
2002-12-26,5.69
2002-12-25,5.69
2002-12-24,5.69
2002-12-23,5.69
2002-12-20,5.68
2002-12-19,5.7
2002-12-18,5.76
2002-12-17,5.79
2002-12-16,5.84
2002-12-13,5.74
2002-12-12,5.79
2002-12-11,5.75
2002-12-10,5.79
2002-12-09,5.71
2002-12-06,5.74
2002-12-05,5.6
2002-12-04,5.5
2002-12-03,5.48
2002-12-02,5.42
2002-11-29,5.15
2002-11-28,4.97
2002-11-27,4.95
2002-11-26,4.91
2002-11-25,4.87
2002-11-22,4.82
2002-11-21,4.84
2002-11-20,4.85
2002-11-19,4.82
2002-11-18,4.85
2002-11-15,4.85
2002-11-14,4.7
2002-11-13,4.65
2002-11-12,4.77
2002-11-11,4.77
2002-11-08,4.8
2002-11-07,4.88
2002-11-06,4.7
2002-11-05,4.45
2002-11-04,4.37
2002-11-01,4.28
2002-10-31,4.28
2002-10-30,4.28
2002-10-29,4.31
2002-10-28,4.2
2002-10-25,4.2
2002-10-24,4.25
2002-10-23,4.33
2002-10-22,4.32
2002-10-21,4.26
2002-10-18,4.26
2002-10-17,4.25
2002-10-16,4.2
2002-10-15,4.18
2002-10-14,4.2
2002-10-11,4.18
2002-10-10,4.1
2002-10-09,4.06
2002-10-08,4.2
2002-10-07,4.3
2002-10-04,4.4
2002-10-03,4.53
2002-10-02,4.55
2002-10-01,4.5
2002-09-30,4.52
2002-09-27,4.65
2002-09-26,4.6
2002-09-25,4.5
2002-09-24,4.45
2002-09-23,4.5
2002-09-20,4.6
2002-09-19,4.65
2002-09-18,4.79
2002-09-17,4.95
2002-09-16,5.04
2002-09-13,5.13
2002-09-12,5.17
2002-09-11,5.2
2002-09-10,5.22
2002-09-09,5.2
2002-09-06,5.22
2002-09-05,5.27
2002-09-04,5.34
2002-09-03,5.3
2002-09-02,5.4
2002-08-30,5.49
2002-08-29,5.5
2002-08-28,5.48
2002-08-27,5.6
2002-08-26,5.7
2002-08-23,5.68
2002-08-22,5.7
2002-08-21,5.41
2002-08-20,5.38
2002-08-19,5.37
2002-08-16,5.4
2002-08-15,5.44
2002-08-14,5.44
2002-08-13,5.44
2002-08-12,5.4
2002-08-09,5.4
2002-08-08,5.4
2002-08-07,5.37
2002-08-06,5.32
2002-08-05,5.6
2002-08-02,5.6
2002-08-01,5.8
2002-07-31,5.71
2002-07-30,5.71
2002-07-29,5.79
2002-07-26,5.65
2002-07-25,5.6
2002-07-24,5.55
2002-07-23,5.6
2002-07-22,5.68
2002-07-19,5.75
2002-07-18,5.81
2002-07-17,5.87
2002-07-16,5.85
2002-07-15,5.85
2002-07-11,5.89
2002-07-10,5.8
2002-07-09,5.8
2002-07-08,5.81
2002-07-05,5.91
2002-07-04,5.97
2002-07-03,5.99
2002-07-02,6.27
2002-07-01,6.49
2002-06-28,6.59
2002-06-27,6.65
2002-06-26,6.75
2002-06-25,6.8
2002-06-24,6.7
2002-06-21,6.89
2002-06-20,7.04
2002-06-19,7.13
2002-06-18,7.17
2002-06-17,7.17
2002-06-14,7.15
2002-06-13,7.23
2002-06-12,7.21
2002-06-11,7.3
2002-06-07,7.2
2002-06-06,7.3
2002-06-05,7.4
2002-06-04,7.44
2002-06-03,7.55
2002-05-31,7.51
2002-05-29,7.62
2002-05-28,7.73
2002-05-27,7.67
2002-05-24,7.64
2002-05-23,7.7
2002-05-22,8.0
2002-05-21,8.03
2002-05-20,8.07
2002-05-17,8.1
2002-05-16,8.09
2002-05-15,8.1
2002-05-14,8.2
2002-05-13,8.11
2002-05-10,8.15
2002-05-09,8.16
2002-05-08,8.15
2002-05-07,8.03
2002-05-06,8.1
2002-05-03,8.2
2002-05-02,8.29
2002-04-30,8.33
2002-04-29,8.34
2002-04-26,8.3
2002-04-24,8.33
2002-04-23,8.3
2002-04-22,8.28
2002-04-19,8.3
2002-04-18,8.35
2002-04-17,8.34
2002-04-16,8.31
2002-04-15,8.31
2002-04-12,8.39
2002-04-11,8.34
2002-04-10,8.23
2002-04-09,8.23
2002-04-08,8.2
2002-04-05,8.22
2002-04-04,8.2
2002-04-03,8.2
2002-04-02,8.32
2002-03-27,8.4
2002-03-26,8.34
2002-03-25,8.37
2002-03-22,8.35
2002-03-21,8.3
2002-03-20,8.3
2002-03-19,8.34
2002-03-18,8.33
2002-03-15,8.3
2002-03-14,8.3
2002-03-13,8.35
2002-03-12,8.3
2002-03-11,8.4
2002-03-08,8.42
2002-03-07,8.31
2002-03-06,8.08
2002-03-05,8.13
2002-03-04,8.0
2002-03-01,7.91
2002-02-28,7.85
2002-02-27,7.84
2002-02-26,7.84
2002-02-25,7.75
2002-02-22,7.75
2002-02-21,8.0
2002-02-20,7.99
2002-02-19,7.95
2002-02-18,8.03
2002-02-15,8.02
2002-02-14,8.14
2002-02-13,8.15
2002-02-11,8.2
2002-02-08,8.2
2002-02-07,8.25
2002-02-06,8.19
2002-02-05,8.15
2002-02-04,8.24
2002-02-01,8.24
2002-01-31,8.23
2002-01-30,8.16
2002-01-29,8.19
2002-01-28,8.16
2002-01-25,8.17
2002-01-24,8.16
2002-01-23,8.1
2002-01-22,8.09
2002-01-21,8.07
2002-01-18,8.1
2002-01-17,8.19
2002-01-16,8.16
2002-01-15,8.15
2002-01-14,8.13
2002-01-11,8.2
2002-01-10,8.13
2002-01-09,8.24
2002-01-08,8.29
2002-01-07,8.28
2002-01-04,8.28
2002-01-03,8.29
2002-01-02,8.29
2001-12-28,8.39
2001-12-27,8.4
2001-12-21,8.1
2001-12-20,8.05
2001-12-19,8.14
2001-12-18,8.1
2001-12-17,8.18
2001-12-14,8.15
2001-12-13,8.14
2001-12-12,8.18
2001-12-11,8.15
2001-12-10,8.2
2001-12-07,8.18
2001-12-06,8.15
2001-12-05,8.05
2001-12-04,7.98
2001-12-03,8.06
2001-11-30,8.05
2001-11-29,8.0
2001-11-28,7.91
2001-11-27,7.9
2001-11-26,7.88
2001-11-23,7.91
2001-11-22,8.21
2001-11-21,8.4
2001-11-20,8.8
2001-11-19,8.85
2001-11-16,8.8
2001-11-15,8.85
2001-11-14,8.9
2001-11-13,8.82
2001-11-12,8.76
2001-11-09,8.84
2001-11-08,9.07
2001-11-07,9.0
2001-11-06,8.9
2001-11-05,8.88
2001-11-02,8.75
2001-10-31,8.56
2001-10-30,8.52
2001-10-29,8.56
2001-10-25,8.44
2001-10-24,8.82
2001-10-23,8.3
2001-10-22,7.63
2001-10-19,7.57
2001-10-18,7.59
2001-10-17,7.64
2001-10-15,7.33
2001-10-12,7.42
2001-10-11,7.35
2001-10-10,7.23
2001-10-09,7.04
2001-10-08,7.0
2001-10-04,7.2
2001-10-03,7.11
2001-10-02,7.2
2001-10-01,7.28
2001-09-27,7.29
2001-09-26,7.0
2001-09-25,6.87
2001-09-24,6.6
2001-09-21,6.53
2001-09-20,6.89
2001-09-19,6.98
2001-09-18,7.0
2001-09-17,7.01
2001-09-14,7.5
2001-09-13,7.73
2001-09-12,7.61
2001-09-11,8.3
2001-09-10,8.7
2001-09-07,9.23
2001-09-06,9.4
2001-09-05,9.7
2001-09-04,9.6
2001-09-03,9.59
2001-08-31,9.66
2001-08-30,9.74
2001-08-29,9.78
2001-08-28,9.8
2001-08-27,9.8
2001-08-24,9.88
2001-08-23,9.75
2001-08-22,9.89
2001-08-21,9.78
2001-08-20,9.8
2001-08-17,9.84
2001-08-16,9.77
2001-08-14,9.75
2001-08-13,9.7
2001-08-10,9.59
2001-08-09,9.61
2001-08-08,9.64
2001-08-07,9.6
2001-08-06,9.6
2001-08-03,9.6
2001-08-02,9.6
2001-08-01,9.62
2001-07-31,9.59
2001-07-30,9.7
2001-07-27,9.76
2001-07-26,9.77
2001-07-25,9.3
2001-07-24,9.4
2001-07-23,9.45
2001-07-20,9.27
2001-07-19,9.32
2001-07-18,9.4
2001-07-17,9.5
2001-07-16,9.68
2001-07-12,9.65
2001-07-11,9.75
2001-07-10,10.0
2001-07-09,9.99
2001-07-06,10.0
2001-07-05,10.63
2001-07-04,10.5
2001-07-03,10.59
2001-07-02,10.5
2001-06-29,10.6
2001-06-28,10.6
2001-06-27,10.6
2001-06-26,10.8
2001-06-25,10.95
2001-06-22,10.91
2001-06-21,10.9
2001-06-20,10.9
2001-06-19,10.95
2001-06-18,11.24
2001-06-15,11.36
2001-06-13,11.0
2001-06-12,11.4
2001-06-11,11.6
2001-06-08,11.85
2001-06-07,11.88
2001-06-06,11.95
2001-06-05,11.9
2001-06-04,12.0
2001-06-01,11.95
2001-05-31,12.0
2001-05-30,12.0
2001-05-29,11.99
2001-05-28,12.0
2001-05-25,12.0
2001-05-24,12.0
2001-05-23,12.0
2001-05-22,12.05
2001-05-21,12.04
2001-05-18,12.05
2001-05-17,12.1
2001-05-16,12.14
2001-05-15,12.15
2001-05-14,11.85
2001-05-11,11.75
2001-05-10,11.75
2001-05-09,11.5
2001-05-08,11.38
2001-05-04,11.2
2001-05-03,11.0
2001-05-02,11.0
2001-04-30,11.0
2001-04-27,10.7
2001-04-26,10.51
2001-04-24,10.3
2001-04-23,10.39
2001-04-20,10.5
2001-04-19,10.72
2001-04-18,10.7
2001-04-17,10.0
2001-04-12,10.03
2001-04-11,10.1
2001-04-10,10.09
2001-04-09,10.0
2001-04-06,10.01
2001-04-05,10.03
2001-04-04,10.0
2001-04-03,10.0
2001-04-02,10.75
2001-03-30,11.1
2001-03-29,11.1
2001-03-28,11.2
2001-03-27,11.2
2001-03-26,11.2
2001-03-23,11.2
2001-03-22,10.89
2001-03-21,11.0
2001-03-20,11.55
2001-03-19,11.84
2001-03-16,12.2
2001-03-15,12.5
2001-03-13,12.65
2001-03-12,12.8
2001-03-09,12.85
2001-03-08,13.02
2001-03-07,13.4
2001-03-06,13.05
2001-03-05,13.0
2001-03-02,13.0
2001-03-01,13.15
2001-02-28,13.14
2001-02-26,13.1
2001-02-23,13.15
2001-02-22,13.15
2001-02-21,13.35
2001-02-20,13.53
2001-02-19,13.6
2001-02-16,13.65
2001-02-15,13.9
2001-02-14,13.6
2001-02-13,13.8
2001-02-12,13.8
2001-02-09,13.6
2001-02-08,13.75
2001-02-07,13.7
2001-02-06,13.77
2001-02-05,13.4
2001-02-02,13.65
2001-02-01,13.8
2001-01-31,13.9
2001-01-30,13.79
2001-01-29,13.7
2001-01-25,13.9
2001-01-23,13.2
2001-01-22,13.25
2001-01-19,13.45
2001-01-18,13.5
2001-01-17,13.5
2001-01-16,13.4
2001-01-15,13.41
2001-01-12,13.45
2001-01-11,13.19
2001-01-09,12.7
2001-01-08,12.53
2001-01-05,12.75
2001-01-04,13.0
2001-01-03,12.6
2001-01-02,12.65
2000-12-29,12.8
2000-12-28,12.75
2000-12-27,12.51
2000-12-22,12.45
2000-12-21,12.5
2000-12-20,12.52
2000-12-19,12.52
2000-12-18,12.55
2000-12-15,12.5
2000-12-14,12.5
2000-12-13,12.44
2000-12-12,11.78
2000-12-11,12.0
2000-12-07,12.01
2000-12-06,12.29
2000-12-05,12.45
2000-12-04,12.7
2000-11-30,12.77
2000-11-29,12.7
2000-11-28,12.92
2000-11-27,12.96
2000-11-24,12.98
2000-11-23,13.0
2000-11-22,12.99
2000-11-21,13.01
2000-11-20,13.4
2000-11-17,13.7
2000-11-16,13.6
2000-11-15,13.65
2000-11-14,13.57
2000-11-13,13.0
2000-11-10,13.72
2000-11-09,13.97
2000-11-08,13.85
2000-11-07,13.9
2000-11-06,13.86
2000-11-03,14.0
2000-11-02,14.2
2000-11-01,13.9
2000-10-31,13.9
2000-10-30,13.9
2000-10-27,13.9
2000-10-26,13.57
2000-10-25,13.53
2000-10-24,12.7
2000-10-23,12.05
2000-10-20,12.3
2000-10-19,12.24
2000-10-18,12.04
2000-10-17,12.01
2000-10-16,12.3
2000-10-13,12.25
2000-10-12,12.85
2000-10-11,12.87
2000-10-10,13.5
2000-10-09,13.2
2000-10-06,14.02
2000-10-05,14.35
2000-10-04,14.35
2000-10-03,14.69
2000-10-02,14.5
2000-09-29,14.6
2000-09-28,14.75
2000-09-27,14.65
2000-09-26,14.49
2000-09-25,14.85
2000-09-22,13.65
2000-09-21,13.65
2000-09-20,13.65
2000-09-19,13.45
2000-09-18,13.7
2000-09-15,13.71
2000-09-14,13.7
2000-09-13,13.3
2000-09-12,13.45
2000-09-11,13.6
2000-09-08,12.76
2000-09-07,12.6
2000-09-06,12.6
2000-09-05,12.49
2000-09-04,12.61
2000-09-01,12.4
2000-08-31,12.1
2000-08-30,11.83
2000-08-29,11.87
2000-08-28,11.92
2000-08-25,11.9
2000-08-24,11.81
2000-08-23,11.72
2000-08-22,11.95
2000-08-21,12.05
2000-08-18,12.07
2000-08-17,12.03
2000-08-16,12.08
2000-08-15,12.2
2000-08-14,12.2
2000-08-11,12.0
2000-08-10,11.99
2000-08-09,11.8
2000-08-08,11.33
2000-08-07,11.4
2000-08-04,11.3
2000-08-03,11.2
2000-08-02,11.41
2000-08-01,11.29
2000-07-31,11.16
2000-07-28,11.25
2000-07-27,11.2
2000-07-26,11.2
2000-07-25,11.29
2000-07-24,11.35
2000-07-21,11.35
2000-07-20,11.47
2000-07-19,11.18
2000-07-18,11.04
2000-07-17,11.34
2000-07-14,11.35
2000-07-13,10.38
2000-07-12,10.12
2000-07-11,10.21
2000-07-10,10.3
2000-07-07,9.59
2000-07-06,9.59
