,nos:pl
2018-11-23,5.06
2018-11-22,5.07
2018-11-21,5.045
2018-11-20,4.946
2018-11-19,5.105
2018-11-16,5.085
2018-11-15,5.155
2018-11-14,5.165
2018-11-13,5.165
2018-11-12,5.13
2018-11-09,5.195
2018-11-08,5.155
2018-11-07,5.19
2018-11-06,5.12
2018-11-05,5.12
2018-11-02,5.04
2018-11-01,5.06
2018-10-31,4.96
2018-10-30,5.005
2018-10-29,4.94
2018-10-26,4.88
2018-10-25,5.005
2018-10-24,4.998
2018-10-23,5.055
2018-10-22,5.15
2018-10-19,5.14
2018-10-18,5.26
2018-10-17,5.13
2018-10-16,5.085
2018-10-15,4.87
2018-10-12,4.9
2018-10-11,4.878
2018-10-10,4.882
2018-10-09,4.936
2018-10-08,4.98
2018-10-05,5.09
2018-10-04,5.085
2018-10-03,5.13
2018-10-02,5.07
2018-10-01,5.16
2018-09-28,5.16
2018-09-27,5.19
2018-09-26,5.14
2018-09-25,5.165
2018-09-24,5.15
2018-09-21,5.135
2018-09-20,5.04
2018-09-19,5.085
2018-09-18,5.105
2018-09-17,5.095
2018-09-14,5.105
2018-09-13,5.145
2018-09-12,4.952
2018-09-11,4.886
2018-09-10,4.88
2018-09-07,4.868
2018-09-06,4.864
2018-09-05,4.854
2018-09-04,4.884
2018-08-31,4.916
2018-08-30,4.93
2018-08-29,4.93
2018-08-28,4.944
2018-08-27,4.96
2018-08-24,4.958
2018-08-23,4.968
2018-08-22,4.992
2018-08-21,4.962
2018-08-20,4.958
2018-08-17,4.924
2018-08-16,4.926
2018-08-15,4.874
2018-08-14,4.926
2018-08-13,4.916
2018-08-10,4.958
2018-08-09,4.944
2018-08-08,4.932
2018-08-07,4.912
2018-08-06,4.9
2018-08-03,4.91
2018-08-02,4.97
2018-08-01,4.96
2018-07-31,4.982
2018-07-30,4.972
2018-07-27,4.922
2018-07-26,4.912
2018-07-25,4.87
2018-07-24,4.944
2018-07-23,4.952
2018-07-20,4.76
2018-07-19,4.778
2018-07-18,4.798
2018-07-17,4.82
2018-07-16,4.85
2018-07-13,4.902
2018-07-12,4.93
2018-07-11,4.944
2018-07-10,4.958
2018-07-09,4.91
2018-07-06,4.868
2018-07-05,4.758
2018-07-04,4.712
2018-07-03,4.676
2018-07-02,4.69
2018-06-29,4.694
2018-06-28,4.71
2018-06-27,4.722
2018-06-26,4.736
2018-06-25,4.696
2018-06-23,4.8
2018-06-22,4.8
2018-06-21,4.676
2018-06-20,4.716
2018-06-19,4.692
2018-06-18,4.7
2018-06-15,4.718
2018-06-14,4.794
2018-06-13,4.714
2018-06-12,4.722
2018-06-11,4.66
2018-06-08,4.646
2018-06-07,4.662
2018-06-06,4.66
2018-06-05,4.658
2018-06-04,4.68
2018-06-01,4.624
2018-05-31,4.59
2018-05-30,4.566
2018-05-29,4.552
2018-05-28,4.716
2018-05-25,4.706
2018-05-24,4.714
2018-05-23,4.7
2018-05-22,4.958
2018-05-21,4.938
2018-05-18,4.878
2018-05-17,4.936
2018-05-16,4.826
2018-05-15,4.852
2018-05-14,4.946
2018-05-11,4.984
2018-05-10,4.856
2018-05-09,4.876
2018-05-08,4.89
2018-05-07,4.884
2018-05-04,4.892
2018-05-03,4.9
2018-05-02,4.9
2018-04-30,4.926
2018-04-27,4.92
2018-04-26,4.954
2018-04-25,4.892
2018-04-24,4.928
2018-04-23,4.93
2018-04-20,4.95
2018-04-19,4.948
2018-04-18,5.025
2018-04-17,4.868
2018-04-16,4.88
2018-04-13,4.876
2018-04-12,4.884
2018-04-11,4.87
2018-04-10,4.808
2018-04-09,4.85
2018-04-06,4.83
2018-04-05,4.858
2018-04-04,4.78
2018-04-03,4.8
2018-03-29,4.79
2018-03-28,4.75
2018-03-27,4.746
2018-03-26,4.748
2018-03-23,4.774
2018-03-22,4.728
2018-03-21,4.744
2018-03-20,4.706
2018-03-19,4.76
2018-03-16,4.826
2018-03-15,4.896
2018-03-14,4.9
2018-03-13,4.846
2018-03-12,5.1
2018-03-09,5.085
2018-03-08,4.988
2018-03-07,4.936
2018-03-06,4.908
2018-03-05,4.882
2018-03-02,4.804
2018-03-01,4.99
2018-02-28,5.03
2018-02-27,5.04
2018-02-26,5.03
2018-02-23,5.06
2018-02-22,4.986
2018-02-21,5.0
2018-02-20,5.02
2018-02-19,5.055
2018-02-16,5.085
2018-02-15,4.998
2018-02-14,4.98
2018-02-13,4.966
2018-02-12,5.015
2018-02-09,4.902
2018-02-08,5.04
2018-02-07,5.055
2018-02-06,5.075
2018-02-05,5.165
2018-02-02,5.315
2018-02-01,5.41
2018-01-31,5.485
2018-01-30,5.455
2018-01-29,5.42
2018-01-26,5.5
2018-01-25,5.47
2018-01-24,5.535
2018-01-23,5.55
2018-01-22,5.505
2018-01-19,5.535
2018-01-18,5.565
2018-01-17,5.535
2018-01-16,5.515
2018-01-15,5.49
2018-01-12,5.5
2018-01-11,5.555
2018-01-10,5.58
2018-01-09,5.575
2018-01-08,5.57
2018-01-05,5.58
2018-01-04,5.59
2018-01-03,5.58
2018-01-02,5.565
2017-12-29,5.481
2017-12-28,5.433
2017-12-27,5.443
2017-12-22,5.452
2017-12-21,5.5
2017-12-20,5.536
2017-12-19,5.522
2017-12-18,5.629
2017-12-15,5.63
2017-12-14,5.635
2017-12-13,5.576
2017-12-12,5.636
2017-12-11,5.577
2017-12-08,5.584
2017-12-07,5.611
2017-12-06,5.673
2017-12-05,5.631
2017-12-04,5.604
2017-12-01,5.66
2017-11-30,5.71
2017-11-29,5.669
2017-11-28,5.55
2017-11-27,5.569
2017-11-24,5.549
2017-11-23,5.541
2017-11-22,5.572
2017-11-21,5.546
2017-11-20,5.469
2017-11-17,5.446
2017-11-16,5.394
2017-11-15,5.341
2017-11-14,5.27
2017-11-13,5.162
2017-11-10,5.193
2017-11-09,5.224
2017-11-08,4.995
2017-11-07,5.031
2017-11-06,5.053
2017-11-03,5.037
2017-11-02,5.076
2017-11-01,5.125
2017-10-31,5.144
2017-10-30,5.162
2017-10-27,5.118
2017-10-26,5.149
2017-10-25,5.116
2017-10-24,5.155
2017-10-23,5.224
2017-10-20,5.263
2017-10-19,5.296
2017-10-18,5.34
2017-10-17,5.297
2017-10-16,5.311
2017-10-13,5.246
2017-10-12,5.31
2017-10-11,5.312
2017-10-10,5.318
2017-10-09,5.311
2017-10-06,5.38
2017-10-05,5.309
2017-10-04,5.3
2017-10-03,5.399
2017-10-02,5.332
2017-09-29,5.24
2017-09-28,5.213
2017-09-27,5.194
2017-09-26,5.263
2017-09-25,5.29
2017-09-22,5.3
2017-09-21,5.328
2017-09-20,5.354
2017-09-19,5.365
2017-09-18,5.358
2017-09-15,5.274
2017-09-14,5.309
2017-09-13,5.274
2017-09-12,5.258
2017-09-11,5.27
2017-09-08,5.266
2017-09-07,5.319
2017-09-06,5.335
2017-09-05,5.359
2017-09-04,5.357
2017-09-01,5.39
2017-08-31,5.379
2017-08-30,5.345
2017-08-29,5.306
2017-08-28,5.317
2017-08-25,5.357
2017-08-24,5.369
2017-08-23,5.37
2017-08-22,5.407
2017-08-21,5.391
2017-08-18,5.42
2017-08-17,5.5
2017-08-16,5.551
2017-08-15,5.567
2017-08-14,5.57
2017-08-11,5.525
2017-08-10,5.524
2017-08-09,5.468
2017-08-08,5.491
2017-08-07,5.529
2017-08-04,5.518
2017-08-03,5.476
2017-08-02,5.443
2017-08-01,5.477
2017-07-31,5.38
2017-07-28,5.399
2017-07-27,5.439
2017-07-26,5.424
2017-07-25,5.42
2017-07-24,5.403
2017-07-21,5.44
2017-07-20,5.421
2017-07-19,5.459
2017-07-18,5.416
2017-07-17,5.439
2017-07-14,5.456
2017-07-13,5.469
2017-07-12,5.282
2017-07-11,5.271
2017-07-10,5.311
2017-07-07,5.323
2017-07-06,5.251
2017-07-05,5.249
2017-07-04,5.253
2017-07-03,5.262
2017-06-30,5.314
2017-06-29,5.317
2017-06-28,5.416
2017-06-27,5.452
2017-06-26,5.541
2017-06-23,5.504
2017-06-22,5.475
2017-06-21,5.45
2017-06-20,5.45
2017-06-19,5.415
2017-06-16,5.395
2017-06-15,5.4
2017-06-14,5.474
2017-06-13,5.404
2017-06-12,5.403
2017-06-09,5.447
2017-06-08,5.439
2017-06-07,5.5
2017-06-06,5.498
2017-06-05,5.498
2017-06-02,5.53
2017-06-01,5.501
2017-05-31,5.427
2017-05-30,5.436
2017-05-29,5.49
2017-05-26,5.415
2017-05-25,5.356
2017-05-24,5.339
2017-05-23,5.497
2017-05-22,5.462
2017-05-19,5.489
2017-05-18,5.309
2017-05-17,5.35
2017-05-16,5.43
2017-05-15,5.5
2017-05-12,5.457
2017-05-11,5.429
2017-05-10,5.515
2017-05-09,5.525
2017-05-08,5.525
2017-05-05,5.534
2017-05-04,5.535
2017-05-03,5.413
2017-05-02,5.371
2017-04-28,5.258
2017-04-27,5.434
2017-04-26,5.341
2017-04-25,5.269
2017-04-24,5.249
2017-04-21,5.044
2017-04-20,5.094
2017-04-19,5.099
2017-04-18,5.085
2017-04-13,5.15
2017-04-12,5.161
2017-04-11,5.115
2017-04-10,5.042
2017-04-07,5.048
2017-04-06,5.09
2017-04-05,5.17
2017-04-04,5.125
2017-04-03,5.136
2017-03-31,5.11
2017-03-30,5.054
2017-03-29,4.95
2017-03-28,4.97
2017-03-27,4.941
2017-03-24,4.968
2017-03-23,4.977
2017-03-22,4.918
2017-03-21,4.931
2017-03-20,4.945
2017-03-17,4.93
2017-03-16,4.865
2017-03-15,4.83
2017-03-14,4.927
2017-03-13,5.068
2017-03-10,5.132
2017-03-09,5.137
2017-03-08,5.08
2017-03-07,5.095
2017-03-06,5.068
2017-03-03,5.364
2017-03-02,5.55
2017-03-01,5.624
2017-02-28,5.59
2017-02-27,5.579
2017-02-24,5.582
2017-02-23,5.583
2017-02-22,5.511
2017-02-21,5.567
2017-02-20,5.433
2017-02-17,5.381
2017-02-16,5.321
2017-02-15,5.243
2017-02-14,5.233
2017-02-13,5.248
2017-02-10,5.25
2017-02-09,5.28
2017-02-08,5.221
2017-02-07,5.2
2017-02-06,5.19
2017-02-03,5.27
2017-02-02,5.242
2017-02-01,5.207
2017-01-31,5.209
2017-01-30,5.221
2017-01-27,5.29
2017-01-26,5.2
2017-01-25,5.171
2017-01-24,5.23
2017-01-23,5.172
2017-01-20,5.214
2017-01-19,5.26
2017-01-18,5.32
2017-01-17,5.369
2017-01-16,5.331
2017-01-15,5.331
2017-01-13,5.342
2017-01-12,5.31
2017-01-11,5.317
2017-01-10,5.416
2017-01-09,5.416
2017-01-06,5.4
2017-01-05,5.512
2017-01-04,5.638
2017-01-03,5.754
2017-01-02,5.731
2016-12-31,5.89
2016-12-30,5.638
2016-12-29,5.653
2016-12-28,5.618
2016-12-27,5.615
2016-12-23,5.543
2016-12-22,5.517
2016-12-21,5.626
2016-12-20,5.625
2016-12-19,5.602
2016-12-16,5.605
2016-12-15,5.466
2016-12-14,5.529
2016-12-13,5.538
2016-12-12,5.555
2016-12-09,5.545
2016-12-08,5.39
2016-12-07,5.37
2016-12-06,5.247
2016-12-05,5.209
2016-12-02,5.185
2016-12-01,5.318
2016-11-30,5.742
2016-11-29,5.352
2016-11-28,5.385
2016-11-25,5.471
2016-11-24,5.555
2016-11-23,5.542
2016-11-22,5.496
2016-11-21,5.522
2016-11-18,5.561
2016-11-17,5.536
2016-11-16,5.584
2016-11-15,5.57
2016-11-14,5.674
2016-11-11,5.619
2016-11-10,5.745
2016-11-09,5.85
2016-11-08,5.89
2016-11-07,5.844
2016-11-04,5.763
2016-11-03,5.858
2016-11-02,5.91
2016-11-01,5.98
2016-10-31,6.052
2016-10-28,6.084
2016-10-27,6.062
2016-10-26,6.108
2016-10-25,6.11
2016-10-24,6.076
2016-10-21,5.913
2016-10-20,5.906
2016-10-19,5.871
2016-10-18,5.794
2016-10-17,5.791
2016-10-14,5.89
2016-10-13,5.738
2016-10-12,5.811
2016-10-11,5.897
2016-10-10,5.939
2016-10-07,5.9
2016-10-06,6.026
2016-10-05,6.087
2016-10-04,6.126
2016-10-03,6.018
2016-09-30,6.072
2016-09-29,6.162
2016-09-28,6.14
2016-09-27,6.015
2016-09-26,6.113
2016-09-23,6.158
2016-09-22,6.144
2016-09-21,6.119
2016-09-20,6.051
2016-09-19,6.028
2016-09-16,5.971
2016-09-15,5.986
2016-09-14,6.002
2016-09-13,5.981
2016-09-12,5.99
2016-09-09,6.03
2016-09-08,6.15
2016-09-07,6.128
2016-09-06,6.114
2016-09-05,6.223
2016-09-02,6.267
2016-09-01,6.15
2016-08-31,6.065
2016-08-30,5.956
2016-08-29,5.958
2016-08-26,5.882
2016-08-25,5.794
2016-08-24,5.816
2016-08-23,5.793
2016-08-22,5.783
2016-08-19,5.779
2016-08-18,5.85
2016-08-17,5.851
2016-08-16,5.895
2016-08-15,5.97
2016-08-12,6.014
2016-08-11,5.983
2016-08-10,5.995
2016-08-09,5.949
2016-08-08,5.855
2016-08-05,5.882
2016-08-04,5.818
2016-08-03,5.761
2016-08-02,5.922
2016-08-01,5.993
2016-07-29,5.965
2016-07-28,6.098
2016-07-27,6.075
2016-07-26,5.739
2016-07-25,5.75
2016-07-22,5.678
2016-07-21,5.744
2016-07-20,5.611
2016-07-19,5.613
2016-07-18,5.559
2016-07-15,5.565
2016-07-14,5.589
2016-07-13,5.471
2016-07-12,5.607
2016-07-11,5.499
2016-07-08,5.463
2016-07-07,5.377
2016-07-06,5.238
2016-07-05,5.336
2016-07-04,5.519
2016-07-01,5.569
2016-06-30,5.45
2016-06-29,5.453
2016-06-28,5.468
2016-06-27,5.377
2016-06-24,5.526
2016-06-23,6.043
2016-06-22,5.925
2016-06-21,5.985
2016-06-20,5.961
2016-06-17,5.845
2016-06-16,5.756
2016-06-15,5.848
2016-06-14,5.853
2016-06-13,6.066
2016-06-10,6.258
2016-06-09,6.336
2016-06-08,6.341
2016-06-07,6.362
2016-06-06,6.42
2016-06-03,6.322
2016-06-02,6.5
2016-06-01,6.498
2016-05-31,6.674
2016-05-30,6.652
2016-05-27,6.606
2016-05-26,6.61
2016-05-25,6.583
2016-05-24,6.57
2016-05-23,6.52
2016-05-20,6.447
2016-05-19,6.23
2016-05-18,6.374
2016-05-17,6.186
2016-05-16,6.336
2016-05-13,6.427
2016-05-12,6.471
2016-05-11,6.28
2016-05-10,6.426
2016-05-09,6.411
2016-05-06,6.426
2016-05-05,6.462
2016-05-04,6.44
2016-05-03,6.306
2016-05-02,6.351
2016-04-29,6.218
2016-04-28,6.234
2016-04-27,6.18
2016-04-26,6.12
2016-04-25,6.173
2016-04-22,6.193
2016-04-21,6.14
2016-04-20,6.115
2016-04-19,6.11
2016-04-18,6.059
2016-04-15,6.113
2016-04-14,6.073
2016-04-13,5.954
2016-04-12,5.85
2016-04-11,5.853
2016-04-08,5.853
2016-04-07,5.826
2016-04-06,5.8
2016-04-05,5.825
2016-04-04,5.9
2016-04-01,5.889
2016-03-31,5.939
2016-03-30,5.957
2016-03-29,5.842
2016-03-24,5.878
2016-03-23,5.998
2016-03-22,6.026
2016-03-21,6.11
2016-03-18,6.107
2016-03-17,6.094
2016-03-16,6.121
2016-03-15,6.137
2016-03-14,6.241
2016-03-11,6.103
2016-03-10,6.024
2016-03-09,5.937
2016-03-08,5.983
2016-03-07,6.06
2016-03-04,6.102
2016-03-03,6.01
2016-03-02,6.187
2016-03-01,6.501
2016-02-29,6.388
2016-02-26,6.176
2016-02-25,6.122
2016-02-24,6.007
2016-02-23,6.027
2016-02-22,6.075
2016-02-19,6.033
2016-02-18,6.004
2016-02-17,5.94
2016-02-16,5.806
2016-02-15,5.812
2016-02-12,5.663
2016-02-11,5.72
2016-02-10,5.979
2016-02-09,5.617
2016-02-08,6.031
2016-02-05,6.433
2016-02-04,6.514
2016-02-03,6.582
2016-02-02,6.658
2016-02-01,6.617
2016-01-29,6.61
2016-01-28,6.611
2016-01-27,6.575
2016-01-26,6.59
2016-01-25,6.631
2016-01-22,6.734
2016-01-21,6.493
2016-01-20,6.41
2016-01-19,6.453
2016-01-18,6.395
2016-01-15,6.553
2016-01-14,6.827
2016-01-13,7.064
2016-01-12,7.081
2016-01-11,7.048
2016-01-08,7.096
2016-01-07,7.074
2016-01-06,7.1
2016-01-05,7.1
2016-01-04,7.176
2016-01-01,7.246
2015-12-31,7.246
2015-12-30,7.299
2015-12-29,7.38
2015-12-28,7.284
2015-12-25,7.352
2015-12-24,7.352
2015-12-23,7.335
2015-12-22,7.232
2015-12-21,7.255
2015-12-18,7.335
2015-12-17,7.227
2015-12-16,7.169
2015-12-15,7.169
2015-12-14,7.021
2015-12-11,7.037
2015-12-10,7.133
2015-12-09,7.09
2015-12-08,7.152
2015-12-07,7.212
2015-12-04,7.177
2015-12-03,7.233
2015-12-02,7.45
2015-12-01,7.378
2015-11-30,7.307
2015-11-27,7.397
2015-11-26,7.375
2015-11-25,7.384
2015-11-24,7.36
2015-11-23,7.395
2015-11-20,7.448
2015-11-19,7.385
2015-11-18,7.309
2015-11-17,7.427
2015-11-16,7.14
2015-11-13,7.151
2015-11-12,7.21
2015-11-11,7.241
2015-11-10,7.129
2015-11-09,7.137
2015-11-06,7.447
2015-11-05,7.536
2015-11-04,7.445
2015-11-03,7.575
2015-11-02,7.569
2015-10-30,7.559
2015-10-29,7.563
2015-10-28,7.398
2015-10-27,7.453
2015-10-26,7.468
2015-10-23,7.4
2015-10-22,7.224
2015-10-21,7.178
2015-10-20,7.242
2015-10-19,7.222
2015-10-16,7.166
2015-10-15,7.17
2015-10-14,7.128
2015-10-13,7.213
2015-10-12,7.278
2015-10-09,7.339
2015-10-08,7.361
2015-10-07,7.253
2015-10-06,7.458
2015-10-05,7.459
2015-10-02,7.374
2015-10-01,7.329
2015-09-30,7.371
2015-09-29,7.26
2015-09-28,7.312
2015-09-25,7.32
2015-09-24,7.104
2015-09-23,7.084
2015-09-22,7.105
2015-09-21,7.216
2015-09-18,7.132
2015-09-17,7.21
2015-09-16,7.287
2015-09-15,7.21
2015-09-14,7.189
2015-09-11,7.13
2015-09-10,7.215
2015-09-09,7.235
2015-09-08,7.135
2015-09-07,7.09
2015-09-04,7.091
2015-09-03,7.101
2015-09-02,7.005
2015-09-01,7.051
2015-08-31,7.205
2015-08-28,7.162
2015-08-27,7.249
2015-08-26,7.25
2015-08-25,7.375
2015-08-24,7.08
2015-08-21,7.43
2015-08-20,7.461
2015-08-19,7.565
2015-08-18,7.539
2015-08-17,7.548
2015-08-14,7.533
2015-08-13,7.525
2015-08-12,7.363
2015-08-11,7.502
2015-08-10,7.586
2015-08-07,7.479
2015-08-06,7.55
2015-08-05,7.699
2015-08-04,7.796
2015-08-03,7.783
2015-07-31,7.716
2015-07-30,7.714
2015-07-29,7.9
2015-07-28,7.521
2015-07-27,7.5
2015-07-24,7.617
2015-07-23,7.651
2015-07-22,7.635
2015-07-21,7.57
2015-07-20,7.465
2015-07-17,7.51
2015-07-16,7.55
2015-07-15,7.622
2015-07-14,7.452
2015-07-13,7.473
2015-07-10,7.2
2015-07-09,7.019
2015-07-08,6.903
2015-07-07,6.847
2015-07-06,6.955
2015-07-03,7.188
2015-07-02,7.278
2015-07-01,7.268
2015-06-30,7.174
2015-06-29,7.08
2015-06-26,7.251
2015-06-25,7.255
2015-06-24,7.282
2015-06-23,7.301
2015-06-22,7.056
2015-06-19,6.836
2015-06-18,6.708
2015-06-17,6.67
2015-06-16,6.649
2015-06-15,6.65
2015-06-12,6.712
2015-06-11,6.798
2015-06-10,6.665
2015-06-09,6.534
2015-06-08,6.65
2015-06-05,6.829
2015-06-04,6.869
2015-06-03,6.93
2015-06-02,6.83
2015-06-01,6.823
2015-05-29,6.725
2015-05-28,6.762
2015-05-27,6.62
2015-05-26,6.582
2015-05-25,6.659
2015-05-22,6.737
2015-05-21,6.76
2015-05-20,6.796
2015-05-19,6.787
2015-05-18,6.75
2015-05-15,6.726
2015-05-14,6.75
2015-05-13,6.751
2015-05-12,6.77
2015-05-11,6.825
2015-05-08,6.704
2015-05-07,6.484
2015-05-06,6.5
2015-05-05,6.365
2015-05-04,6.585
2015-05-01,6.5
2015-04-30,6.5
2015-04-29,6.45
2015-04-28,6.59
2015-04-27,6.671
2015-04-24,6.552
2015-04-23,6.66
2015-04-22,6.757
2015-04-21,6.704
2015-04-20,6.457
2015-04-17,6.443
2015-04-16,6.617
2015-04-15,6.797
2015-04-14,6.805
2015-04-13,6.932
2015-04-10,6.856
2015-04-09,6.892
2015-04-08,6.671
2015-04-07,6.684
2015-04-06,6.612
2015-04-03,6.612
2015-04-02,6.612
2015-04-01,6.582
2015-03-31,6.741
2015-03-30,6.7
2015-03-27,6.615
2015-03-26,6.568
2015-03-25,6.582
2015-03-24,6.861
2015-03-23,6.7
2015-03-20,6.515
2015-03-19,6.499
2015-03-18,6.08
2015-03-17,6.076
2015-03-16,6.119
2015-03-13,6.081
2015-03-12,6.027
2015-03-11,5.999
2015-03-10,5.957
2015-03-09,6.019
2015-03-06,6.015
2015-03-05,5.949
2015-03-04,5.85
2015-03-03,5.85
2015-03-02,5.88
2015-02-27,5.921
2015-02-26,5.985
2015-02-25,5.76
2015-02-24,5.86
2015-02-23,5.789
2015-02-20,5.742
2015-02-19,5.796
2015-02-18,5.799
2015-02-17,5.728
2015-02-16,5.66
2015-02-13,5.72
2015-02-12,5.627
2015-02-11,5.501
2015-02-10,5.476
2015-02-09,5.419
2015-02-06,5.54
2015-02-05,5.6
2015-02-04,5.541
2015-02-03,5.527
2015-02-02,5.519
2015-01-30,5.638
2015-01-29,5.58
2015-01-28,5.59
2015-01-27,5.631
2015-01-26,5.668
2015-01-23,5.655
2015-01-22,5.542
2015-01-21,5.42
2015-01-20,5.427
2015-01-19,5.42
2015-01-16,5.47
2015-01-15,5.46
2015-01-14,5.299
2015-01-13,5.285
2015-01-12,5.211
2015-01-09,5.172
2015-01-08,5.099
2015-01-07,4.98
2015-01-06,4.947
2015-01-05,5.051
2015-01-02,5.236
2015-01-01,5.236
2014-12-31,5.236
2014-12-30,5.248
2014-12-29,5.382
2014-12-26,5.29
2014-12-25,5.29
2014-12-24,5.29
2014-12-23,5.293
2014-12-22,5.25
2014-12-19,5.236
2014-12-18,5.163
2014-12-17,4.95
2014-12-16,5.018
2014-12-15,4.937
2014-12-12,4.983
2014-12-11,5.03
2014-12-10,5.05
2014-12-09,5.1
2014-12-08,5.154
2014-12-05,5.136
2014-12-04,4.998
2014-12-03,4.971
2014-12-02,4.999
2014-12-01,4.989
2014-11-28,4.973
2014-11-27,4.995
2014-11-26,4.97
2014-11-25,4.944
2014-11-24,4.723
2014-11-21,4.79
2014-11-20,4.642
2014-11-19,4.6
2014-11-18,4.57
2014-11-17,4.6
2014-11-14,4.615
2014-11-13,4.589
2014-11-12,4.635
2014-11-11,4.75
2014-11-10,4.745
2014-11-07,4.74
2014-11-06,4.669
2014-11-05,4.583
2014-11-04,4.567
2014-11-03,4.747
2014-10-31,4.573
2014-10-30,4.385
2014-10-29,4.437
2014-10-28,4.377
2014-10-27,4.376
2014-10-24,4.442
2014-10-23,4.51
2014-10-22,4.49
2014-10-21,4.498
2014-10-20,4.51
2014-10-17,4.433
2014-10-16,4.269
2014-10-15,4.39
2014-10-14,4.701
2014-10-13,4.651
2014-10-10,4.6
2014-10-09,4.688
2014-10-08,4.795
2014-10-07,4.915
2014-10-06,4.871
2014-10-03,4.868
2014-10-02,4.79
2014-10-01,4.859
2014-09-30,4.774
2014-09-29,4.685
2014-09-26,4.72
2014-09-25,4.728
2014-09-24,4.704
2014-09-23,4.77
2014-09-22,4.73
2014-09-19,4.686
2014-09-18,4.643
2014-09-17,4.65
2014-09-16,4.543
2014-09-15,4.48
2014-09-12,4.553
2014-09-11,4.557
2014-09-10,4.52
2014-09-09,4.5
2014-09-08,4.565
2014-09-05,4.559
2014-09-04,4.544
2014-09-03,4.415
2014-09-02,4.414
2014-09-01,4.427
2014-08-29,4.44
2014-08-28,4.47
2014-08-27,4.537
2014-08-26,4.418
2014-08-25,4.355
2014-08-22,4.331
2014-08-21,4.31
2014-08-20,4.26
2014-08-19,4.24
2014-08-18,4.23
2014-08-15,4.093
2014-08-14,4.12
2014-08-13,4.097
2014-08-12,3.994
2014-08-11,3.98
2014-08-08,3.977
2014-08-07,3.98
2014-08-06,4.0
2014-08-05,4.197
2014-08-04,4.28
2014-08-01,4.297
2014-07-31,4.462
2014-07-30,4.366
2014-07-29,4.44
2014-07-28,4.5
2014-07-25,4.5
2014-07-24,4.494
2014-07-23,4.47
2014-07-22,4.47
2014-07-21,4.54
2014-07-18,4.607
2014-07-17,4.639
2014-07-16,4.558
2014-07-15,4.53
2014-07-14,4.572
2014-07-11,4.458
2014-07-10,4.408
2014-07-09,4.645
2014-07-08,4.72
2014-07-07,4.86
2014-07-04,4.865
2014-07-03,4.846
2014-07-02,4.745
2014-07-01,4.76
2014-06-30,4.8
2014-06-27,4.708
2014-06-26,4.745
2014-06-25,4.738
2014-06-24,4.815
2014-06-23,4.83
2014-06-20,4.793
2014-06-19,4.871
2014-06-18,4.878
2014-06-17,4.85
2014-06-16,4.9
2014-06-13,5.046
2014-06-12,5.12
2014-06-11,5.115
2014-06-10,5.21
2014-06-09,5.07
2014-06-06,4.99
2014-06-05,4.973
2014-06-04,4.95
2014-06-03,4.94
2014-06-02,4.97
2014-05-30,4.98
2014-05-29,4.889
2014-05-28,4.942
2014-05-27,4.87
2014-05-26,4.84
2014-05-23,4.838
2014-05-22,4.815
2014-05-21,4.79
2014-05-20,4.766
2014-05-19,4.793
2014-05-16,4.836
2014-05-15,4.923
2014-05-14,4.99
2014-05-13,5.077
2014-05-12,5.125
2014-05-09,5.08
2014-05-08,5.2
2014-05-07,5.195
2014-05-06,5.294
2014-05-05,5.299
2014-05-02,5.199
2014-05-01,5.199
2014-04-30,5.199
2014-04-29,5.013
2014-04-28,5.0
2014-04-25,4.94
2014-04-24,5.016
2014-04-23,5.095
2014-04-22,5.135
2014-04-21,5.149
2014-04-18,5.149
2014-04-17,5.149
2014-04-16,5.194
2014-04-15,4.9
2014-04-14,4.976
2014-04-11,5.1
2014-04-10,5.13
2014-04-09,5.274
2014-04-08,5.241
2014-04-07,5.365
2014-04-04,5.442
2014-04-03,5.56
2014-04-02,5.592
2014-04-01,5.76
2014-03-31,5.7
2014-03-28,5.58
2014-03-27,5.63
2014-03-26,5.572
2014-03-25,5.573
2014-03-24,5.578
2014-03-21,5.679
2014-03-20,5.76
2014-03-19,5.741
2014-03-18,5.69
2014-03-17,5.599
2014-03-14,5.529
2014-03-13,5.465
2014-03-12,5.484
2014-03-11,5.495
2014-03-10,5.464
2014-03-07,5.575
2014-03-06,5.54
2014-03-05,5.62
2014-03-04,5.75
2014-03-03,5.57
2014-02-28,5.67
2014-02-27,5.191
2014-02-26,5.284
2014-02-25,5.345
2014-02-24,5.4
2014-02-21,5.41
2014-02-20,5.35
2014-02-19,5.3
2014-02-18,5.342
2014-02-17,5.406
2014-02-14,5.376
2014-02-13,5.24
2014-02-12,5.22
2014-02-11,5.22
2014-02-10,5.099
2014-02-07,5.069
2014-02-06,5.0
2014-02-05,4.88
2014-02-04,4.87
2014-02-03,4.93
2014-01-31,4.965
2014-01-30,5.039
2014-01-29,4.933
2014-01-28,4.869
2014-01-27,4.9
2014-01-24,4.969
2014-01-23,5.01
2014-01-22,5.04
2014-01-21,5.16
2014-01-20,5.19
2014-01-17,5.269
2014-01-16,5.293
2014-01-15,5.4
2014-01-14,5.36
2014-01-13,5.464
2014-01-10,5.445
2014-01-09,5.536
2014-01-08,5.581
2014-01-07,5.521
2014-01-06,5.53
2014-01-03,5.5
2014-01-02,5.48
2014-01-01,5.4
2013-12-31,5.4
2013-12-30,5.382
2013-12-27,5.24
2013-12-26,5.23
2013-12-25,5.23
2013-12-24,5.23
2013-12-23,5.226
2013-12-20,5.26
2013-12-19,5.318
2013-12-18,5.395
2013-12-17,5.421
2013-12-16,5.409
2013-12-13,5.414
2013-12-12,5.341
2013-12-11,5.408
2013-12-10,5.284
2013-12-09,5.252
2013-12-06,5.27
2013-12-05,5.273
2013-12-04,5.368
2013-12-03,5.451
2013-12-02,5.437
2013-11-29,5.338
2013-11-28,5.33
2013-11-27,5.393
2013-11-26,5.355
2013-11-25,5.3
2013-11-22,5.196
2013-11-21,5.174
2013-11-20,4.97
2013-11-19,5.145
2013-11-18,5.105
2013-11-15,5.1
2013-11-14,5.15
2013-11-13,4.814
2013-11-12,5.021
2013-11-11,5.12
2013-11-08,5.08
2013-11-07,5.165
2013-11-06,5.17
2013-11-05,5.16
2013-11-04,5.17
2013-11-01,5.06
2013-10-31,5.066
2013-10-30,5.12
2013-10-29,5.12
2013-10-28,4.92
2013-10-25,5.019
2013-10-24,5.18
2013-10-23,5.054
2013-10-22,5.199
2013-10-21,5.276
2013-10-18,5.24
2013-10-17,5.15
2013-10-16,4.939
2013-10-15,4.92
2013-10-14,4.91
2013-10-11,4.803
2013-10-10,4.78
2013-10-09,4.75
2013-10-08,4.715
2013-10-07,4.7
2013-10-04,4.71
2013-10-03,4.682
2013-10-02,4.676
2013-10-01,4.53
2013-09-30,4.4
2013-09-27,4.369
2013-09-26,4.38
2013-09-25,4.395
2013-09-24,4.34
2013-09-23,4.362
2013-09-20,4.379
2013-09-19,4.199
2013-09-18,4.199
2013-09-17,4.199
2013-09-16,4.199
2013-09-13,4.199
2013-09-12,4.213
2013-09-11,4.22
2013-09-10,4.259
2013-09-09,4.27
2013-09-06,4.236
2013-09-05,4.291
2013-09-04,4.27
2013-09-03,4.2
2013-09-02,4.21
2013-08-30,4.163
2013-08-29,4.178
2013-08-28,4.15
2013-08-27,4.156
2013-08-26,4.23
2013-08-23,4.278
2013-08-22,4.199
2013-08-21,4.2
2013-08-20,4.242
2013-08-19,4.31
2013-08-16,4.435
2013-08-15,4.472
2013-08-14,4.52
2013-08-13,4.514
2013-08-12,4.523
2013-08-09,4.461
2013-08-08,4.404
2013-08-07,4.319
2013-08-06,4.35
2013-08-05,4.358
2013-08-02,4.35
2013-08-01,4.395
2013-07-31,4.4
2013-07-30,4.314
2013-07-29,4.199
2013-07-26,4.15
2013-07-25,4.04
2013-07-24,4.06
2013-07-23,4.053
2013-07-22,4.158
2013-07-19,4.02
2013-07-18,4.089
2013-07-17,3.84
2013-07-16,3.7
2013-07-15,3.706
2013-07-12,3.699
2013-07-11,3.708
2013-07-10,3.759
2013-07-09,3.791
2013-07-08,3.82
2013-07-05,3.7
2013-07-04,3.74
2013-07-03,3.7
2013-07-02,3.87
2013-07-01,3.86
2013-06-28,3.71
2013-06-27,3.698
2013-06-26,3.58
2013-06-25,3.43
2013-06-24,3.45
2013-06-21,3.61
2013-06-20,3.838
2013-06-19,3.895
2013-06-18,3.93
2013-06-17,3.778
2013-06-14,3.59
2013-06-13,3.507
2013-06-12,3.519
2013-06-11,3.402
2013-06-10,3.425
2013-06-07,3.457
2013-06-06,3.361
2013-06-05,3.433
2013-06-04,3.5
2013-06-03,3.462
2013-05-31,3.5
2013-05-30,3.52
2013-05-29,3.5
2013-05-28,3.526
2013-05-27,3.5
2013-05-24,3.482
2013-05-23,3.42
2013-05-22,3.456
2013-05-21,3.385
2013-05-20,3.462
2013-05-17,3.494
2013-05-16,3.47
2013-05-15,3.49
2013-05-14,3.5
2013-05-13,3.473
2013-05-10,3.473
2013-05-09,3.5
2013-05-08,3.47
2013-05-07,3.454
2013-05-06,3.42
2013-05-03,3.412
2013-05-02,3.42
2013-05-01,3.41
2013-04-30,3.41
2013-04-29,3.413
2013-04-26,3.383
2013-04-25,3.393
2013-04-24,3.311
2013-04-23,3.294
2013-04-22,3.202
2013-04-19,3.231
2013-04-18,3.14
2013-04-17,3.141
2013-04-16,3.241
2013-04-15,3.249
2013-04-12,3.237
2013-04-11,3.286
2013-04-10,3.18
2013-04-09,3.104
2013-04-08,3.1
2013-04-05,3.13
2013-04-04,3.196
2013-04-03,3.244
2013-04-02,3.321
2013-04-01,3.294
2013-03-29,3.294
2013-03-28,3.294
2013-03-27,3.216
2013-03-26,3.295
2013-03-25,3.32
2013-03-22,3.38
2013-03-21,3.4
2013-03-20,3.45
2013-03-19,3.323
2013-03-18,3.422
2013-03-15,3.46
2013-03-14,3.527
2013-03-13,3.381
2013-03-12,3.382
2013-03-11,3.403
2013-03-08,3.414
2013-03-07,3.401
2013-03-06,3.416
2013-03-05,3.495
2013-03-04,3.497
2013-03-01,3.45
2013-02-28,3.44
2013-02-27,3.443
2013-02-26,3.421
2013-02-25,3.486
2013-02-22,3.455
2013-02-21,3.5
2013-02-20,3.495
2013-02-19,3.503
2013-02-18,3.5
2013-02-15,3.471
2013-02-14,3.498
2013-02-13,3.55
2013-02-12,3.359
2013-02-11,3.375
2013-02-08,3.283
2013-02-07,3.267
2013-02-06,3.236
2013-02-05,3.23
2013-02-04,3.203
2013-02-01,3.273
2013-01-31,3.152
2013-01-30,3.152
2013-01-29,3.132
2013-01-28,3.154
2013-01-25,3.15
2013-01-24,3.16
2013-01-23,3.242
2013-01-22,3.25
2013-01-21,3.271
2013-01-18,3.2
2013-01-17,3.15
2013-01-16,3.14
2013-01-15,3.152
2013-01-14,3.138
2013-01-11,3.148
2013-01-10,3.15
2013-01-09,3.171
2013-01-08,3.202
2013-01-07,3.204
2013-01-04,3.14
2013-01-03,3.08
2013-01-02,3.04
2013-01-01,2.97
2012-12-31,2.97
2012-12-28,2.985
2012-12-27,3.005
2012-12-26,2.997
2012-12-25,2.997
2012-12-24,2.997
2012-12-21,3.0
2012-12-20,2.971
2012-12-19,2.98
2012-12-18,2.951
2012-12-17,2.987
2012-12-14,2.814
2012-12-13,2.826
2012-12-12,2.835
2012-12-11,2.8
2012-12-10,2.786
2012-12-07,2.797
2012-12-06,2.816
2012-12-05,2.886
2012-12-04,2.71
2012-12-03,2.646
2012-11-30,2.635
2012-11-29,2.62
2012-11-28,2.64
2012-11-27,2.644
2012-11-26,2.66
2012-11-23,2.645
2012-11-22,2.62
2012-11-21,2.633
2012-11-20,2.566
2012-11-19,2.561
2012-11-16,2.513
2012-11-15,2.57
2012-11-14,2.565
2012-11-13,2.553
2012-11-12,2.528
2012-11-09,2.537
2012-11-08,2.57
2012-11-07,2.538
2012-11-06,2.573
2012-11-05,2.56
2012-11-02,2.554
2012-11-01,2.47
2012-10-31,2.447
2012-10-30,2.43
2012-10-29,2.413
2012-10-26,2.385
2012-10-25,2.365
2012-10-24,2.32
2012-10-23,2.3
2012-10-22,2.314
2012-10-19,2.3
2012-10-18,2.31
2012-10-17,2.325
2012-10-16,2.299
2012-10-15,2.276
2012-10-12,2.276
2012-10-11,2.283
2012-10-10,2.272
2012-10-09,2.27
2012-10-08,2.262
2012-10-05,2.274
2012-10-04,2.208
2012-10-03,2.17
2012-10-02,2.176
2012-10-01,2.172
2012-09-28,2.185
2012-09-27,2.239
2012-09-26,2.262
2012-09-25,2.338
2012-09-24,2.32
2012-09-21,2.384
2012-09-20,2.184
2012-09-19,2.199
2012-09-18,2.2
2012-09-17,2.278
2012-09-14,2.3
2012-09-13,2.298
2012-09-12,2.28
2012-09-11,2.27
2012-09-10,2.299
2012-09-07,2.32
2012-09-06,2.25
2012-09-05,2.2
2012-09-04,2.2
2012-09-03,2.208
2012-08-31,2.22
2012-08-30,2.19
2012-08-29,2.185
2012-08-28,2.17
2012-08-27,2.167
2012-08-24,2.15
2012-08-23,2.14
2012-08-22,2.189
2012-08-21,2.158
2012-08-20,2.15
2012-08-17,2.1
2012-08-16,2.076
2012-08-15,2.059
2012-08-14,2.062
2012-08-13,2.08
2012-08-10,2.09
2012-08-09,2.092
2012-08-08,2.12
2012-08-07,2.109
2012-08-06,2.039
2012-08-03,2.025
2012-08-02,1.98
2012-08-01,2.034
2012-07-31,2.061
2012-07-30,2.082
2012-07-27,2.089
2012-07-26,2.077
2012-07-25,1.987
2012-07-24,2.029
2012-07-23,2.051
2012-07-20,2.13
2012-07-19,2.172
2012-07-18,2.183
2012-07-17,2.17
2012-07-16,2.18
2012-07-13,2.192
2012-07-12,2.166
2012-07-11,2.187
2012-07-10,2.24
2012-07-09,2.208
2012-07-06,2.22
2012-07-05,2.265
2012-07-04,2.306
2012-07-03,2.33
2012-07-02,2.319
2012-06-29,2.337
2012-06-28,2.295
2012-06-27,2.303
2012-06-26,2.226
2012-06-25,2.308
2012-06-22,2.338
2012-06-21,2.31
2012-06-20,2.28
2012-06-19,2.191
2012-06-18,2.141
2012-06-15,2.099
2012-06-14,2.05
2012-06-13,2.01
2012-06-12,2.0
2012-06-11,2.038
2012-06-08,2.051
2012-06-07,2.081
2012-06-06,2.099
2012-06-05,2.08
2012-06-04,2.064
2012-06-01,2.054
2012-05-31,2.1
2012-05-30,2.045
2012-05-29,2.077
2012-05-28,2.109
2012-05-25,2.118
2012-05-24,2.115
2012-05-23,2.115
2012-05-22,2.14
2012-05-21,2.287
2012-05-18,2.3
2012-05-17,2.31
2012-05-16,2.468
2012-05-15,2.499
2012-05-14,2.55
2012-05-11,2.55
2012-05-10,2.55
2012-05-09,2.61
2012-05-08,2.574
2012-05-07,2.594
2012-05-04,2.534
2012-05-03,2.599
2012-05-02,2.556
2012-05-01,2.55
2012-04-30,2.55
2012-04-27,2.49
2012-04-26,2.487
2012-04-25,2.479
2012-04-24,2.457
2012-04-23,2.464
2012-04-20,2.515
2012-04-19,2.489
2012-04-18,2.485
2012-04-17,2.505
2012-04-16,2.444
2012-04-13,2.462
2012-04-12,2.49
2012-04-11,2.474
2012-04-10,2.489
2012-04-09,2.516
2012-04-06,2.516
2012-04-05,2.516
2012-04-04,2.495
2012-04-03,2.574
2012-04-02,2.598
2012-03-30,2.55
2012-03-29,2.481
2012-03-28,2.522
2012-03-27,2.566
2012-03-26,2.541
2012-03-23,2.478
2012-03-22,2.463
2012-03-21,2.468
2012-03-20,2.394
2012-03-19,2.415
2012-03-16,2.416
2012-03-15,2.409
2012-03-14,2.391
2012-03-13,2.379
2012-03-12,2.319
2012-03-09,2.391
2012-03-08,2.291
2012-03-07,2.26
2012-03-06,2.293
2012-03-05,2.385
2012-03-02,2.403
2012-03-01,2.399
2012-02-29,2.33
2012-02-28,2.391
2012-02-27,2.438
2012-02-24,2.483
2012-02-23,2.429
2012-02-22,2.451
2012-02-21,2.507
2012-02-20,2.543
2012-02-17,2.549
2012-02-16,2.483
2012-02-15,2.54
2012-02-14,2.588
2012-02-13,2.712
2012-02-10,2.615
2012-02-09,2.61
2012-02-08,2.6
2012-02-07,2.593
2012-02-06,2.591
2012-02-03,2.513
2012-02-02,2.464
2012-02-01,2.441
2012-01-31,2.462
2012-01-30,2.438
2012-01-27,2.556
2012-01-26,2.53
2012-01-25,2.473
2012-01-24,2.546
2012-01-23,2.592
2012-01-20,2.605
2012-01-19,2.629
2012-01-18,2.62
2012-01-17,2.53
2012-01-16,2.502
2012-01-13,2.505
2012-01-12,2.494
2012-01-11,2.46
2012-01-10,2.438
2012-01-09,2.411
2012-01-06,2.405
2012-01-05,2.376
2012-01-04,2.445
2012-01-03,2.62
2012-01-02,2.47
2011-12-30,2.322
2011-12-29,2.278
2011-12-28,2.265
2011-12-27,2.27
2011-12-26,2.109
2011-12-23,2.109
2011-12-22,2.076
2011-12-21,2.071
2011-12-20,2.096
2011-12-19,2.062
2011-12-16,2.071
2011-12-15,2.108
2011-12-14,2.075
2011-12-13,2.14
2011-12-12,2.142
2011-12-09,2.2
2011-12-08,2.071
2011-12-07,2.165
2011-12-06,2.176
2011-12-05,2.269
2011-12-02,2.21
2011-12-01,2.142
2011-11-30,2.151
2011-11-29,2.05
2011-11-28,2.001
2011-11-25,1.871
2011-11-24,1.9
2011-11-23,1.881
2011-11-22,1.779
2011-11-21,1.849
2011-11-18,1.899
2011-11-17,1.878
2011-11-16,1.915
2011-11-15,1.885
2011-11-14,1.96
2011-11-11,2.01
2011-11-10,1.947
2011-11-09,1.992
2011-11-08,2.006
2011-11-07,2.033
2011-11-04,2.079
2011-11-03,2.114
2011-11-02,2.127
2011-11-01,2.172
2011-10-31,2.266
2011-10-28,2.282
2011-10-27,2.324
2011-10-26,2.3
2011-10-25,2.353
2011-10-24,2.38
2011-10-21,2.384
2011-10-20,2.287
2011-10-19,2.34
2011-10-18,2.363
2011-10-17,2.375
2011-10-14,2.42
2011-10-13,2.4
2011-10-12,2.5
2011-10-11,2.5
2011-10-10,2.502
2011-10-07,2.4
2011-10-06,2.337
2011-10-05,2.291
2011-10-04,2.24
2011-10-03,2.28
2011-09-30,2.276
2011-09-29,2.387
2011-09-28,2.414
2011-09-27,2.43
2011-09-26,2.447
2011-09-23,2.343
2011-09-22,2.374
2011-09-21,2.47
2011-09-20,2.535
2011-09-19,2.55
2011-09-16,2.55
2011-09-15,2.46
2011-09-14,2.44
2011-09-13,2.405
2011-09-12,2.494
2011-09-09,2.63
2011-09-08,2.64
2011-09-07,2.633
2011-09-06,2.59
2011-09-05,2.605
2011-09-02,2.666
2011-09-01,2.652
2011-08-31,2.589
2011-08-30,2.51
2011-08-29,2.478
2011-08-26,2.416
2011-08-25,2.406
2011-08-24,2.436
2011-08-23,2.394
2011-08-22,2.388
2011-08-19,2.351
2011-08-18,2.39
2011-08-17,2.496
2011-08-16,2.47
2011-08-15,2.477
2011-08-12,2.447
2011-08-11,2.367
2011-08-10,2.377
2011-08-09,2.506
2011-08-08,2.563
2011-08-05,2.58
2011-08-04,2.654
2011-08-03,2.768
2011-08-02,2.78
2011-08-01,2.737
2011-07-29,2.859
2011-07-28,2.922
2011-07-27,2.92
2011-07-26,3.003
2011-07-25,3.013
2011-07-22,3.056
2011-07-21,3.03
2011-07-20,2.989
2011-07-19,2.879
2011-07-18,2.875
2011-07-15,2.967
2011-07-14,3.079
2011-07-13,3.158
2011-07-12,3.159
2011-07-11,3.149
2011-07-08,3.145
2011-07-07,3.17
2011-07-06,3.122
2011-07-05,3.239
2011-07-04,3.307
2011-07-01,3.21
2011-06-30,3.201
2011-06-29,3.175
2011-06-28,3.09
2011-06-27,3.126
2011-06-24,3.181
2011-06-23,3.188
2011-06-22,3.221
2011-06-21,3.252
2011-06-20,3.334
2011-06-17,3.43
2011-06-16,3.465
2011-06-15,3.5
2011-06-14,3.494
2011-06-13,3.501
2011-06-10,3.516
2011-06-09,3.539
2011-06-08,3.505
2011-06-07,3.566
2011-06-06,3.55
2011-06-03,3.577
2011-06-02,3.53
2011-06-01,3.469
2011-05-31,3.42
2011-05-30,3.472
2011-05-27,3.501
2011-05-26,3.494
2011-05-25,3.5
2011-05-24,3.499
2011-05-23,3.549
2011-05-20,3.58
2011-05-19,3.604
2011-05-18,3.575
2011-05-17,3.61
2011-05-16,3.623
2011-05-13,3.69
2011-05-12,3.711
2011-05-11,3.66
2011-05-10,3.69
2011-05-09,3.694
2011-05-06,3.74
2011-05-05,3.709
2011-05-04,3.67
2011-05-03,3.664
2011-05-02,3.831
2011-04-29,3.826
2011-04-28,3.89
2011-04-27,3.924
2011-04-26,3.884
2011-04-25,3.876
2011-04-22,3.876
2011-04-21,3.876
2011-04-20,3.852
2011-04-19,3.818
2011-04-18,3.771
2011-04-15,3.85
2011-04-14,3.829
2011-04-13,3.845
2011-04-12,3.798
2011-04-11,3.79
2011-04-08,3.767
2011-04-07,3.7
2011-04-06,3.7
2011-04-05,3.684
2011-04-04,3.696
2011-04-01,3.721
2011-03-31,3.7
2011-03-30,3.67
2011-03-29,3.69
2011-03-28,3.657
2011-03-25,3.6
2011-03-24,3.596
2011-03-23,3.545
2011-03-22,3.597
2011-03-21,3.591
2011-03-18,3.55
2011-03-17,3.55
2011-03-16,3.55
2011-03-15,3.571
2011-03-14,3.602
2011-03-11,3.56
2011-03-10,3.62
2011-03-09,3.701
2011-03-08,3.776
2011-03-07,3.773
2011-03-04,3.788
2011-03-03,3.779
2011-03-02,3.803
2011-03-01,3.818
2011-02-28,3.8
2011-02-25,3.793
2011-02-24,3.778
2011-02-23,3.8
2011-02-22,3.8
2011-02-21,3.752
2011-02-18,3.839
2011-02-17,3.779
2011-02-16,3.765
2011-02-15,3.75
2011-02-14,3.78
2011-02-11,3.75
2011-02-10,3.75
2011-02-09,3.828
2011-02-08,3.8
2011-02-07,3.722
2011-02-04,3.731
2011-02-03,3.68
2011-02-02,3.7
2011-02-01,3.727
2011-01-31,3.61
2011-01-28,3.56
2011-01-27,3.569
2011-01-26,3.45
2011-01-25,3.398
2011-01-24,3.385
2011-01-21,3.38
2011-01-20,3.333
2011-01-19,3.287
2011-01-18,3.344
2011-01-17,3.296
2011-01-14,3.293
2011-01-13,3.309
2011-01-12,3.35
2011-01-11,3.32
2011-01-10,3.025
2011-01-07,3.206
2011-01-06,3.362
2011-01-05,3.429
2011-01-04,3.418
2011-01-03,3.419
2010-12-31,3.39
2010-12-30,3.379
2010-12-29,3.268
2010-12-28,3.291
2010-12-27,3.338
2010-12-24,3.4
2010-12-23,3.4
2010-12-22,3.477
2010-12-21,3.477
2010-12-20,3.43
2010-12-17,3.386
2010-12-16,3.329
2010-12-15,3.425
2010-12-14,3.5
2010-12-13,3.578
2010-12-10,3.585
2010-12-09,3.61
2010-12-08,3.599
2010-12-07,3.396
2010-12-06,3.248
2010-12-03,3.26
2010-12-02,3.229
2010-12-01,3.15
2010-11-30,2.985
2010-11-29,3.05
2010-11-26,3.122
2010-11-25,3.169
2010-11-24,3.186
2010-11-23,3.231
2010-11-22,3.348
2010-11-19,3.385
2010-11-18,3.419
2010-11-17,3.41
2010-11-16,3.42
2010-11-15,3.489
2010-11-12,3.476
2010-11-11,3.36
2010-11-10,3.45
2010-11-09,3.5
2010-11-08,3.458
2010-11-05,3.564
2010-11-04,3.66
2010-11-03,3.665
2010-11-02,3.849
2010-11-01,3.831
2010-10-29,3.825
2010-10-28,3.879
2010-10-27,3.864
2010-10-26,3.801
2010-10-25,3.639
2010-10-22,3.4
2010-10-21,3.369
2010-10-20,3.27
2010-10-19,3.241
2010-10-18,3.23
2010-10-15,3.17
2010-10-14,3.087
2010-10-13,3.117
2010-10-12,3.093
2010-10-11,3.152
2010-10-08,3.166
2010-10-07,3.064
2010-10-06,2.995
2010-10-05,2.933
2010-10-04,2.91
2010-10-01,2.92
2010-09-30,2.9
2010-09-29,2.82
2010-09-28,2.796
2010-09-27,2.85
2010-09-24,2.84
2010-09-23,2.874
2010-09-22,2.902
2010-09-21,2.957
2010-09-20,2.948
2010-09-17,2.985
2010-09-16,2.93
2010-09-15,2.992
2010-09-14,3.04
2010-09-13,3.03
2010-09-10,3.03
2010-09-09,3.066
2010-09-08,3.077
2010-09-07,3.11
2010-09-06,3.13
2010-09-03,3.152
2010-09-02,3.193
2010-09-01,3.2
2010-08-31,3.18
2010-08-30,3.22
2010-08-27,3.195
2010-08-26,3.17
2010-08-25,3.133
2010-08-24,3.2
2010-08-23,3.238
2010-08-20,3.21
2010-08-19,3.25
2010-08-18,3.275
2010-08-17,3.285
2010-08-16,3.211
2010-08-13,3.203
2010-08-12,3.211
2010-08-11,3.219
2010-08-10,3.28
2010-08-09,3.32
2010-08-06,3.28
2010-08-05,3.31
2010-08-04,3.355
2010-08-03,3.34
2010-08-02,3.31
2010-07-30,3.185
2010-07-29,3.179
2010-07-28,3.22
2010-07-27,3.201
2010-07-26,3.217
2010-07-23,3.235
2010-07-22,3.297
2010-07-21,3.258
2010-07-20,3.259
2010-07-19,3.235
2010-07-16,3.244
2010-07-15,3.276
2010-07-14,3.3
2010-07-13,3.377
2010-07-12,3.39
2010-07-09,3.393
2010-07-08,3.416
2010-07-07,3.352
2010-07-06,3.307
2010-07-05,3.253
2010-07-02,3.24
2010-07-01,3.19
2010-06-30,3.182
2010-06-29,3.15
2010-06-28,3.252
2010-06-25,3.221
2010-06-24,3.215
2010-06-23,3.33
2010-06-22,3.36
2010-06-21,3.37
2010-06-18,3.348
2010-06-17,3.254
2010-06-16,3.266
2010-06-15,3.293
2010-06-14,3.245
2010-06-11,3.253
2010-06-10,3.23
2010-06-09,3.173
2010-06-08,3.17
2010-06-07,3.211
2010-06-04,3.15
2010-06-03,3.297
2010-06-02,3.17
2010-06-01,3.264
2010-05-31,3.207
2010-05-28,3.222
2010-05-27,3.149
2010-05-26,3.028
2010-05-25,2.932
2010-05-24,3.012
2010-05-21,3.008
2010-05-20,2.949
2010-05-19,3.012
2010-05-18,3.103
2010-05-17,3.058
2010-05-14,3.067
2010-05-13,3.27
2010-05-12,3.333
2010-05-11,3.245
2010-05-10,3.322
2010-05-07,3.184
2010-05-06,3.261
2010-05-05,3.231
2010-05-04,3.251
2010-05-03,3.411
2010-04-30,3.311
2010-04-29,3.362
2010-04-28,3.2
2010-04-27,3.343
2010-04-26,3.615
2010-04-23,3.735
2010-04-22,3.677
2010-04-21,3.761
2010-04-20,3.827
2010-04-19,3.819
2010-04-16,3.87
2010-04-15,3.923
2010-04-14,3.935
2010-04-13,3.912
2010-04-12,3.924
2010-04-09,3.9
2010-04-08,3.829
2010-04-07,3.81
2010-04-06,3.822
2010-04-05,3.809
2010-04-02,3.809
2010-04-01,3.809
2010-03-31,3.796
2010-03-30,3.818
2010-03-29,3.847
2010-03-26,3.825
2010-03-25,3.792
2010-03-24,3.753
2010-03-23,3.777
2010-03-22,3.747
2010-03-19,3.76
2010-03-18,3.825
2010-03-17,3.832
2010-03-16,3.828
2010-03-15,3.787
2010-03-12,3.788
2010-03-11,3.8
2010-03-10,3.825
2010-03-09,3.821
2010-03-08,3.859
2010-03-05,3.871
2010-03-04,3.83
2010-03-03,3.86
2010-03-02,3.79
2010-03-01,3.75
2010-02-26,3.729
2010-02-25,3.682
2010-02-24,3.7
2010-02-23,3.705
2010-02-22,3.78
2010-02-19,3.76
2010-02-18,3.781
2010-02-17,3.711
2010-02-16,3.703
2010-02-15,3.766
2010-02-12,3.828
2010-02-11,3.826
2010-02-10,3.855
2010-02-09,3.809
2010-02-08,3.843
2010-02-05,3.848
2010-02-04,3.877
2010-02-03,4.022
2010-02-02,4.068
2010-02-01,4.125
2010-01-29,4.1
2010-01-28,4.023
2010-01-27,4.183
2010-01-26,4.254
2010-01-25,4.271
2010-01-22,4.198
2010-01-21,4.38
2010-01-20,4.328
2010-01-19,4.401
2010-01-18,4.427
2010-01-15,4.482
2010-01-14,4.47
2010-01-13,4.5
2010-01-12,4.497
2010-01-11,4.542
2010-01-07,4.499
2010-01-06,4.445
2010-01-05,4.402
2010-01-04,4.396
2009-12-31,4.338
2009-12-30,4.35
2009-12-29,4.362
2009-12-28,4.37
2009-12-24,4.427
2009-12-23,4.35
2009-12-22,4.45
2009-12-21,4.422
2009-12-18,4.194
2009-12-17,4.182
2009-12-16,4.212
2009-12-15,4.199
2009-12-14,4.2
2009-12-11,4.179
2009-12-10,4.167
2009-12-09,4.166
2009-12-08,4.27
2009-12-07,4.31
2009-12-04,4.315
2009-12-03,4.34
2009-12-02,4.342
2009-12-01,4.34
2009-11-30,4.255
2009-11-27,4.265
2009-11-26,4.226
2009-11-25,4.328
2009-11-24,4.337
2009-11-23,4.359
2009-11-20,4.317
2009-11-19,4.316
2009-11-18,4.38
2009-11-17,4.395
2009-11-16,4.44
2009-11-13,4.316
2009-11-12,4.283
2009-11-11,4.3
2009-11-10,4.28
2009-11-09,4.32
2009-11-06,4.28
2009-11-05,4.3
2009-11-04,4.25
2009-11-03,4.207
2009-11-02,4.27
2009-10-30,4.319
2009-10-29,4.37
2009-10-28,4.285
2009-10-27,4.41
2009-10-26,4.49
2009-10-23,4.64
2009-10-22,4.63
2009-10-21,4.7
2009-10-20,4.754
2009-10-19,4.85
2009-10-16,4.85
2009-10-15,4.93
2009-10-14,4.95
2009-10-13,4.853
2009-10-12,4.922
2009-10-09,4.86
2009-10-08,4.859
2009-10-07,4.85
2009-10-06,4.703
2009-10-05,4.634
2009-10-02,4.564
2009-10-01,4.628
2009-09-30,4.634
2009-09-29,4.601
2009-09-28,4.62
2009-09-25,4.588
2009-09-24,4.58
2009-09-23,4.616
2009-09-22,4.6
2009-09-21,4.545
2009-09-18,4.59
2009-09-17,4.62
2009-09-16,4.653
2009-09-15,4.701
2009-09-14,4.6
2009-09-11,4.54
2009-09-10,4.55
2009-09-09,4.427
2009-09-08,4.18
2009-09-07,4.15
2009-09-04,4.087
2009-09-03,4.07
2009-09-02,4.09
2009-09-01,4.111
2009-08-31,4.169
2009-08-28,4.2
2009-08-27,4.189
2009-08-26,4.238
2009-08-25,4.186
2009-08-24,4.2
2009-08-21,4.2
2009-08-20,4.17
2009-08-19,4.026
2009-08-18,4.02
2009-08-17,3.98
2009-08-14,4.015
2009-08-13,4.015
2009-08-12,4.015
2009-08-11,4.0
2009-08-10,4.015
2009-08-07,3.999
2009-08-06,3.959
2009-08-05,3.96
2009-08-04,3.96
2009-08-03,3.98
2009-07-31,3.989
2009-07-30,3.982
2009-07-29,3.955
2009-07-28,3.991
2009-07-27,4.005
2009-07-24,3.969
2009-07-23,4.012
2009-07-22,3.98
2009-07-21,3.84
2009-07-20,3.82
2009-07-17,3.802
2009-07-16,3.8
2009-07-15,3.79
2009-07-14,3.76
2009-07-13,3.79
2009-07-10,3.703
2009-07-09,3.779
2009-07-08,3.7
2009-07-07,3.76
2009-07-06,3.773
2009-07-03,3.827
2009-07-02,3.819
2009-07-01,3.852
2009-06-30,3.793
2009-06-29,3.732
2009-06-26,3.707
2009-06-25,3.736
2009-06-24,3.764
2009-06-23,3.65
2009-06-22,3.75
2009-06-19,3.786
2009-06-18,3.757
2009-06-17,3.726
2009-06-16,3.78
2009-06-15,3.79
2009-06-12,3.806
2009-06-11,3.83
2009-06-10,3.82
2009-06-09,3.816
2009-06-08,3.801
2009-06-05,3.9
2009-06-04,3.87
2009-06-03,3.96
2009-06-02,3.99
2009-06-01,4.025
2009-05-29,4.023
2009-05-28,3.99
2009-05-27,4.03
2009-05-26,4.04
2009-05-25,4.226
2009-05-22,4.193
2009-05-21,4.131
2009-05-20,4.095
2009-05-19,4.08
2009-05-18,4.0
2009-05-15,3.91
2009-05-14,3.94
2009-05-13,4.16
2009-05-12,4.185
2009-05-11,4.302
2009-05-08,4.281
2009-05-07,4.268
2009-05-06,4.383
2009-05-05,4.28
2009-05-04,4.267
2009-05-01,4.15
2009-04-30,4.15
2009-04-29,4.094
2009-04-28,4.045
2009-04-27,4.091
2009-04-24,4.12
2009-04-23,4.1
2009-04-22,4.109
2009-04-21,4.03
2009-04-20,4.185
2009-04-17,4.25
2009-04-16,4.17
2009-04-15,4.138
2009-04-14,4.113
2009-04-13,4.15
2009-04-10,4.15
2009-04-09,4.15
2009-04-08,4.08
2009-04-07,4.12
2009-04-06,4.14
2009-04-03,4.07
2009-04-02,4.15
2009-04-01,3.95
2009-03-31,4.01
2009-03-30,3.97
2009-03-27,3.88
2009-03-26,3.942
2009-03-25,3.97
2009-03-24,3.891
2009-03-23,4.045
2009-03-20,3.975
2009-03-19,3.911
2009-03-18,3.8
2009-03-17,3.71
2009-03-16,3.764
2009-03-13,3.733
2009-03-12,3.72
2009-03-11,3.739
2009-03-10,3.772
2009-03-09,3.651
2009-03-06,3.699
2009-03-05,3.751
2009-03-04,3.779
2009-03-03,3.615
2009-03-02,3.66
2009-02-27,3.78
2009-02-26,3.87
2009-02-25,3.91
2009-02-24,4.069
2009-02-23,4.068
2009-02-20,3.955
2009-02-19,4.08
2009-02-18,4.13
2009-02-17,4.08
2009-02-16,4.1
2009-02-13,4.093
2009-02-12,4.128
2009-02-11,4.129
2009-02-10,4.085
2009-02-09,4.12
2009-02-06,4.15
2009-02-05,4.11
2009-02-04,4.11
2009-02-03,4.13
2009-02-02,4.051
2009-01-30,4.22
2009-01-29,4.1
2009-01-28,4.09
2009-01-27,4.095
2009-01-26,4.099
2009-01-23,4.035
2009-01-22,4.08
2009-01-21,3.99
2009-01-20,3.96
2009-01-19,4.018
2009-01-16,4.0
2009-01-15,4.0
2009-01-14,3.997
2009-01-13,4.05
2009-01-12,4.049
2009-01-09,4.0
2009-01-08,3.98
2009-01-07,4.019
2009-01-06,3.92
2009-01-05,3.86
2009-01-02,3.76
2009-01-01,3.71
2008-12-31,3.71
2008-12-30,3.79
2008-12-29,3.739
2008-12-26,3.67
2008-12-25,3.67
2008-12-24,3.67
2008-12-23,3.651
2008-12-22,3.67
2008-12-19,3.64
2008-12-18,3.618
2008-12-17,3.68
2008-12-16,3.64
2008-12-15,3.675
2008-12-12,3.69
2008-12-11,3.702
2008-12-10,3.709
2008-12-09,3.69
2008-12-08,3.715
2008-12-05,3.73
2008-12-04,3.98
2008-12-03,3.945
2008-12-02,3.893
2008-12-01,3.765
2008-11-28,3.819
2008-11-27,3.75
2008-11-26,3.65
2008-11-25,3.61
2008-11-24,3.875
2008-11-21,3.649
2008-11-20,3.569
2008-11-19,3.73
2008-11-18,3.857
2008-11-17,3.824
2008-11-14,3.861
2008-11-13,3.753
2008-11-12,3.841
2008-11-11,3.934
2008-11-10,4.136
2008-11-07,4.09
2008-11-06,4.001
2008-11-05,4.177
2008-11-04,4.26
2008-11-03,4.115
2008-10-31,3.999
2008-10-30,3.866
2008-10-29,3.84
2008-10-28,3.67
2008-10-27,3.687
2008-10-24,3.81
2008-10-23,4.038
2008-10-22,4.09
2008-10-21,4.36
2008-10-20,4.514
2008-10-17,4.642
2008-10-16,4.78
2008-10-15,4.98
2008-10-14,4.83
2008-10-13,4.59
2008-10-10,4.1
2008-10-09,4.117
2008-10-08,4.094
2008-10-07,4.428
2008-10-06,4.9
2008-10-03,5.1
2008-10-02,5.14
2008-10-01,5.15
2008-09-30,5.19
2008-09-29,5.202
2008-09-26,5.28
2008-09-25,5.29
2008-09-24,5.41
2008-09-23,5.412
2008-09-22,5.58
2008-09-19,5.245
2008-09-18,4.76
2008-09-17,5.02
2008-09-16,5.12
2008-09-15,5.03
2008-09-12,5.208
2008-09-11,5.206
2008-09-10,5.152
2008-09-09,5.218
2008-09-08,5.225
2008-09-05,5.175
2008-09-04,5.44
2008-09-03,5.54
2008-09-02,5.34
2008-09-01,5.268
2008-08-29,5.36
2008-08-28,5.38
2008-08-27,5.18
2008-08-26,5.28
2008-08-25,5.32
2008-08-22,5.27
2008-08-21,5.1
2008-08-20,5.16
2008-08-19,5.33
2008-08-18,5.59
2008-08-15,5.72
2008-08-14,5.76
2008-08-13,5.89
2008-08-12,6.07
2008-08-11,6.02
2008-08-08,5.86
2008-08-07,5.88
2008-08-06,5.88
2008-08-05,6.03
2008-08-04,6.1
2008-08-01,6.21
2008-07-31,6.23
2008-07-30,6.15
2008-07-29,6.16
2008-07-28,6.22
2008-07-25,6.25
2008-07-24,6.29
2008-07-23,6.25
2008-07-22,6.26
2008-07-21,5.98
2008-07-18,5.91
2008-07-17,5.78
2008-07-16,5.44
2008-07-15,5.21
2008-07-14,5.2
2008-07-11,5.2
2008-07-10,5.49
2008-07-09,5.72
2008-07-08,5.07
2008-07-07,4.75
2008-07-04,4.69
2008-07-03,4.69
2008-07-02,4.79
2008-07-01,4.77
2008-06-30,5.28
2008-06-27,5.45
2008-06-26,5.93
2008-06-25,6.18
2008-06-24,6.17
2008-06-23,6.28
2008-06-20,6.3
2008-06-19,6.55
2008-06-18,6.79
2008-06-17,6.81
2008-06-16,6.55
2008-06-13,6.61
2008-06-12,6.41
2008-06-11,6.24
2008-06-10,6.43
2008-06-09,6.67
2008-06-06,6.78
2008-06-05,6.72
2008-06-04,6.67
2008-06-03,6.75
2008-06-02,6.79
2008-05-30,6.99
2008-05-29,7.05
2008-05-28,7.07
2008-05-27,7.07
2008-05-26,7.11
2008-05-23,7.12
2008-05-22,7.22
2008-05-21,7.37
2008-05-20,7.44
2008-05-19,7.77
2008-05-16,7.83
2008-05-15,7.8
2008-05-14,8.72
2008-05-13,8.78
2008-05-12,8.93
2008-05-09,8.93
2008-05-08,8.96
2008-05-07,8.95
2008-05-06,8.94
2008-05-05,8.82
2008-05-02,8.79
2008-05-01,8.58
2008-04-30,8.58
2008-04-29,8.57
2008-04-28,8.67
2008-04-25,8.7
2008-04-24,8.63
2008-04-23,8.44
2008-04-22,8.38
2008-04-21,8.18
2008-04-18,8.05
2008-04-17,7.82
2008-04-16,7.77
2008-04-15,7.7
2008-04-14,7.76
2008-04-11,7.74
2008-04-10,7.77
2008-04-09,7.78
2008-04-08,7.75
2008-04-07,7.5
2008-04-04,7.4
2008-04-03,7.72
2008-04-02,7.62
2008-04-01,7.22
2008-03-31,7.51
2008-03-28,7.39
2008-03-27,7.31
2008-03-26,7.29
2008-03-25,7.3
2008-03-24,7.08
2008-03-21,7.08
2008-03-20,7.08
2008-03-19,7.27
2008-03-18,7.32
2008-03-17,7.0
2008-03-14,7.09
2008-03-13,7.22
2008-03-12,7.49
2008-03-11,7.54
2008-03-10,7.57
2008-03-07,7.72
2008-03-06,7.87
2008-03-05,8.1
2008-03-04,7.66
2008-03-03,7.85
2008-02-29,8.2
2008-02-28,8.3
2008-02-27,8.45
2008-02-26,8.65
2008-02-25,8.72
2008-02-22,8.86
2008-02-21,8.76
2008-02-20,8.95
2008-02-19,8.8
2008-02-18,8.88
2008-02-15,8.81
2008-02-14,8.88
2008-02-13,9.05
2008-02-12,9.09
2008-02-11,8.91
2008-02-08,8.85
2008-02-07,8.83
2008-02-06,9.0
2008-02-05,9.06
2008-02-04,9.1
2008-02-01,9.0
2008-01-31,8.95
2008-01-30,9.0
2008-01-29,9.0
2008-01-28,8.76
2008-01-25,8.78
2008-01-24,8.82
2008-01-23,8.7
2008-01-22,8.95
2008-01-21,8.83
2008-01-18,9.14
2008-01-17,9.0
2008-01-16,9.0
2008-01-15,8.9
2008-01-14,9.02
2008-01-11,9.0
2008-01-10,9.05
2008-01-09,9.05
2008-01-08,9.06
2008-01-07,9.14
2008-01-04,9.25
2008-01-03,9.23
2008-01-02,9.32
2008-01-01,9.55
2007-12-31,9.55
2007-12-28,9.23
2007-12-27,9.4
2007-12-26,9.5
2007-12-25,9.5
2007-12-24,9.5
2007-12-21,9.38
2007-12-20,9.42
2007-12-19,9.39
2007-12-18,9.39
2007-12-17,9.5
2007-12-14,9.68
2007-12-13,9.52
2007-12-12,9.51
2007-12-11,9.37
2007-12-10,9.17
2007-12-07,9.22
2007-12-06,9.18
2007-12-05,9.31
2007-12-04,9.3
2007-12-03,9.29
2007-11-30,9.48
2007-11-29,9.29
2007-11-28,9.25
2007-11-27,9.0
2007-11-26,9.16
2007-11-23,9.23
2007-11-22,9.2
2007-11-21,9.11
2007-11-20,8.74
2007-11-19,8.64
2007-11-16,8.85
2007-11-15,9.0
2007-11-14,9.18
2007-11-13,9.3
2007-11-12,9.33
2007-11-09,9.71
2007-11-08,9.75
2007-11-07,9.35
2007-11-06,9.2
2007-11-05,9.3
2007-11-02,9.4
2007-11-01,9.43
2007-10-31,9.39
2007-10-30,9.24
2007-10-29,9.83
2007-10-26,9.88
2007-10-25,10.05
2007-10-24,10.0
2007-10-23,10.25
2007-10-22,10.2
2007-10-19,10.33
2007-10-18,10.25
2007-10-17,10.3
2007-10-16,10.23
2007-10-15,10.28
2007-10-12,10.5
2007-10-11,10.45
2007-10-10,10.37
2007-10-09,10.6
2007-10-08,10.64
2007-10-05,10.67
2007-10-04,10.6
2007-10-03,10.72
2007-10-02,10.44
2007-10-01,10.67
2007-09-28,10.44
2007-09-27,9.83
2007-09-26,10.4
2007-09-25,10.98
2007-09-24,11.79
2007-09-21,11.9
2007-09-20,11.9
2007-09-19,11.92
2007-09-18,11.91
2007-09-17,11.84
2007-09-14,11.9
2007-09-13,11.9
2007-09-12,11.9
2007-09-11,11.9
2007-09-10,11.9
2007-09-07,11.9
2007-09-06,12.14
2007-09-05,12.2
2007-09-04,12.2
2007-09-03,12.03
2007-08-31,12.0
2007-08-30,11.88
2007-08-29,11.9
2007-08-28,11.93
2007-08-27,11.99
2007-08-24,12.03
2007-08-23,12.16
2007-08-22,11.86
2007-08-21,11.85
2007-08-20,11.85
2007-08-17,11.85
2007-08-16,11.74
2007-08-15,11.85
2007-08-14,11.85
2007-08-13,11.9
2007-08-10,11.85
2007-08-09,12.2
2007-08-08,11.94
2007-08-07,11.81
2007-08-06,11.81
2007-08-03,11.81
2007-08-02,11.79
2007-08-01,11.81
2007-07-31,11.81
2007-07-30,11.81
2007-07-27,11.85
2007-07-26,11.81
2007-07-25,11.81
2007-07-24,11.81
2007-07-23,11.88
2007-07-20,11.84
2007-07-19,11.81
2007-07-18,11.85
2007-07-17,11.81
2007-07-16,11.85
2007-07-13,11.85
2007-07-12,11.76
2007-07-11,11.76
2007-07-10,11.83
2007-07-09,11.81
2007-07-06,11.81
2007-07-05,11.81
2007-07-04,11.81
2007-07-03,11.83
2007-07-02,11.81
2007-06-29,11.91
2007-06-28,11.81
2007-06-27,11.8
2007-06-26,11.82
2007-06-25,11.81
2007-06-22,11.81
2007-06-21,11.77
2007-06-20,11.76
2007-06-19,11.8
2007-06-18,11.83
2007-06-15,11.7
2007-06-14,11.75
2007-06-13,11.7
2007-06-12,11.7
2007-06-11,11.7
2007-06-08,11.5
2007-06-07,11.6
2007-06-06,11.6
2007-06-05,11.93
2007-06-04,12.12
2007-06-01,12.15
2007-05-31,12.15
2007-05-30,12.15
2007-05-29,12.39
2007-05-28,12.44
2007-05-25,12.55
2007-05-24,12.6
2007-05-23,12.45
2007-05-22,12.27
2007-05-21,12.07
2007-05-18,11.98
2007-05-17,12.0
2007-05-16,12.06
2007-05-15,12.1
2007-05-14,12.3
2007-05-11,12.34
2007-05-10,12.3
2007-05-09,12.29
2007-05-08,12.3
2007-05-07,12.3
2007-05-04,12.29
2007-05-03,12.14
2007-05-02,12.2
2007-05-01,12.26
2007-04-30,12.26
2007-04-27,12.1
2007-04-26,12.14
2007-04-25,12.14
2007-04-24,12.02
2007-04-23,12.02
2007-04-20,12.0
2007-04-19,11.8
2007-04-18,11.5
2007-04-17,11.15
2007-04-16,11.09
2007-04-13,11.07
2007-04-12,11.07
2007-04-11,11.04
2007-04-10,11.1
2007-04-09,11.06
2007-04-06,11.06
2007-04-05,11.06
2007-04-04,11.08
2007-04-03,11.07
2007-04-02,11.08
2007-03-30,11.1
2007-03-29,11.06
2007-03-28,11.05
2007-03-27,11.13
2007-03-26,11.14
2007-03-23,11.0
2007-03-22,11.03
2007-03-21,11.0
2007-03-20,10.84
2007-03-19,10.85
2007-03-16,10.92
2007-03-15,10.8
2007-03-14,10.8
2007-03-13,11.06
2007-03-12,11.1
2007-03-09,11.09
2007-03-08,11.17
2007-03-07,10.96
2007-03-06,11.17
2007-03-05,10.96
2007-03-02,10.62
2007-03-01,10.6
2007-02-28,10.81
2007-02-27,11.0
2007-02-26,11.0
2007-02-23,11.0
2007-02-22,11.1
2007-02-21,10.94
2007-02-20,10.9
2007-02-19,11.0
2007-02-16,10.85
2007-02-15,10.36
2007-02-14,10.42
2007-02-13,10.33
2007-02-12,10.33
2007-02-09,10.33
2007-02-08,10.23
2007-02-07,10.21
2007-02-06,10.11
2007-02-05,10.12
2007-02-02,10.1
2007-02-01,10.2
2007-01-31,10.27
2007-01-30,10.19
2007-01-29,10.2
2007-01-26,10.3
2007-01-25,10.3
2007-01-24,10.3
2007-01-23,10.34
2007-01-22,10.32
2007-01-19,10.32
2007-01-18,10.43
2007-01-17,10.35
2007-01-16,10.24
2007-01-15,10.3
2007-01-12,10.35
2007-01-11,10.25
2007-01-10,9.86
2007-01-09,9.87
2007-01-08,9.9
2007-01-05,9.83
2007-01-04,9.8
2007-01-03,9.74
2007-01-02,9.74
2007-01-01,9.76
2006-12-29,9.76
2006-12-28,9.67
2006-12-27,9.7
2006-12-26,9.72
2006-12-25,9.72
2006-12-22,9.72
2006-12-21,9.72
2006-12-20,9.7
2006-12-19,9.7
2006-12-18,9.7
2006-12-15,9.63
2006-12-14,9.65
2006-12-13,9.61
2006-12-12,9.62
2006-12-11,9.62
2006-12-08,9.66
2006-12-07,9.65
2006-12-06,9.65
2006-12-05,9.55
2006-12-04,9.68
2006-12-01,9.67
2006-11-30,9.67
2006-11-29,9.7
2006-11-28,9.68
2006-11-27,9.66
2006-11-24,9.73
2006-11-23,9.78
2006-11-22,9.82
2006-11-21,9.84
2006-11-20,9.71
2006-11-17,9.64
2006-11-16,9.57
2006-11-15,9.54
2006-11-14,9.52
2006-11-13,9.57
2006-11-10,9.57
2006-11-09,9.57
2006-11-08,9.55
2006-11-07,9.54
2006-11-06,9.54
2006-11-03,9.55
2006-11-02,9.54
2006-11-01,9.48
2006-10-31,9.5
2006-10-30,9.48
2006-10-27,9.48
2006-10-26,9.45
2006-10-25,9.48
2006-10-24,9.5
2006-10-23,9.48
2006-10-20,9.53
2006-10-19,9.52
2006-10-18,9.5
2006-10-17,9.55
2006-10-16,9.55
2006-10-13,9.57
2006-10-12,9.58
2006-10-11,9.52
2006-10-10,9.54
2006-10-09,9.54
2006-10-06,9.54
2006-10-05,9.55
2006-10-04,9.55
2006-10-03,9.55
2006-10-02,9.58
2006-09-29,9.55
2006-09-28,9.61
2006-09-27,9.51
2006-09-26,9.5
2006-09-25,9.48
2006-09-22,9.52
2006-09-21,9.52
2006-09-20,9.52
2006-09-19,9.47
2006-09-18,9.47
2006-09-15,9.44
2006-09-14,9.54
2006-09-13,9.5
2006-09-12,9.54
2006-09-11,9.54
2006-09-08,9.52
2006-09-07,9.55
2006-09-06,9.6
2006-09-05,9.59
2006-09-04,9.59
2006-09-01,9.59
2006-08-31,9.65
2006-08-30,9.6
2006-08-29,9.55
2006-08-28,9.6
2006-08-25,9.56
2006-08-24,9.55
2006-08-23,9.6
2006-08-22,9.65
2006-08-21,9.59
2006-08-18,9.6
2006-08-17,9.6
2006-08-16,9.62
2006-08-15,9.54
2006-08-14,9.58
2006-08-11,9.6
2006-08-10,9.54
2006-08-09,9.48
2006-08-08,9.46
2006-08-07,9.46
2006-08-04,9.57
2006-08-03,9.41
2006-08-02,9.2
2006-08-01,9.1
2006-07-31,9.05
2006-07-28,9.04
2006-07-27,9.09
2006-07-26,9.09
2006-07-25,9.07
2006-07-24,9.05
2006-07-21,9.02
2006-07-20,9.02
2006-07-19,9.02
2006-07-18,9.02
2006-07-17,9.05
2006-07-14,9.06
2006-07-13,9.06
2006-07-12,9.01
2006-07-11,9.01
2006-07-10,9.0
2006-07-07,9.02
2006-07-06,8.97
2006-07-05,9.0
2006-07-04,9.0
2006-07-03,8.99
2006-06-30,9.05
2006-06-29,8.97
2006-06-28,8.94
2006-06-27,8.96
2006-06-26,9.0
2006-06-23,9.03
2006-06-22,9.02
2006-06-21,8.96
2006-06-20,8.92
2006-06-19,8.86
2006-06-16,8.82
2006-06-15,8.82
2006-06-14,8.82
2006-06-13,8.82
2006-06-12,8.94
2006-06-09,9.0
2006-06-08,9.04
2006-06-07,9.09
2006-06-06,8.99
2006-06-05,8.94
2006-06-02,8.95
2006-06-01,8.93
2006-05-31,8.75
2006-05-30,8.87
2006-05-29,8.9
2006-05-26,8.9
2006-05-25,8.8
2006-05-24,8.8
2006-05-23,8.83
2006-05-22,8.87
2006-05-19,8.81
2006-05-18,8.97
2006-05-17,9.0
2006-05-16,9.0
2006-05-15,9.04
2006-05-12,9.07
2006-05-11,9.47
2006-05-10,9.54
2006-05-09,9.55
2006-05-08,9.7
2006-05-05,9.71
2006-05-04,9.83
2006-05-03,9.82
2006-05-02,9.65
2006-05-01,16.88
2006-04-28,9.68
2006-04-27,9.62
2006-04-26,9.69
2006-04-25,9.73
2006-04-24,9.75
2006-04-21,9.74
2006-04-20,9.7
2006-04-19,9.7
2006-04-18,9.67
2006-04-17,9.71
2006-04-14,9.71
2006-04-13,9.71
2006-04-12,9.73
2006-04-11,9.74
2006-04-10,9.73
2006-04-07,9.83
2006-04-06,9.85
2006-04-05,9.96
2006-04-04,9.99
2006-04-03,10.01
2006-03-31,10.1
2006-03-30,9.95
2006-03-29,10.07
2006-03-28,10.09
2006-03-27,10.15
2006-03-24,10.2
2006-03-23,10.2
2006-03-22,10.17
2006-03-21,10.2
2006-03-20,10.4
2006-03-17,10.42
2006-03-16,10.48
2006-03-15,10.41
2006-03-14,10.44
2006-03-13,10.51
2006-03-10,10.35
2006-03-09,10.36
2006-03-08,10.4
2006-03-07,10.54
2006-03-06,10.6
2006-03-03,10.35
2006-03-02,10.17
2006-03-01,10.21
2006-02-28,10.17
2006-02-27,10.31
2006-02-24,10.41
2006-02-23,10.44
2006-02-22,10.39
2006-02-21,10.4
2006-02-20,10.26
2006-02-17,10.28
2006-02-16,10.29
2006-02-15,10.16
2006-02-14,9.97
2006-02-13,9.9
2006-02-10,9.88
2006-02-09,9.96
2006-02-08,9.93
2006-02-07,9.9
2006-02-06,9.62
2006-02-03,9.61
2006-02-02,9.6
2006-02-01,9.67
2006-01-31,9.69
2006-01-30,9.65
2006-01-27,9.68
2006-01-26,9.66
2006-01-25,9.6
2006-01-24,9.6
2006-01-23,9.63
2006-01-20,9.7
2006-01-19,9.7
2006-01-18,9.71
2006-01-17,9.77
2006-01-16,9.73
2006-01-13,9.77
2006-01-12,9.65
2006-01-11,9.82
2006-01-10,9.68
2006-01-09,9.7
2006-01-06,9.7
2006-01-05,9.49
2006-01-04,9.44
2006-01-03,9.51
2006-01-02,9.55
2005-12-30,9.65
2005-12-29,9.68
2005-12-28,9.65
2005-12-27,9.65
2005-12-26,9.62
2005-12-23,9.62
2005-12-22,9.59
2005-12-21,9.55
2005-12-20,9.52
2005-12-19,9.48
2005-12-16,9.48
2005-12-15,9.3
2005-12-14,9.4
2005-12-13,9.48
2005-12-12,9.45
2005-12-09,9.52
2005-12-08,9.55
2005-12-07,9.62
2005-12-06,9.64
2005-12-05,9.55
2005-12-02,9.61
2005-12-01,9.66
2005-11-30,9.7
2005-11-29,9.72
2005-11-28,9.73
2005-11-25,9.76
2005-11-24,9.81
2005-11-23,9.8
2005-11-22,9.74
2005-11-21,9.66
2005-11-18,9.64
2005-11-17,9.51
2005-11-16,9.51
2005-11-15,9.56
2005-11-14,9.62
2005-11-11,9.6
2005-11-10,9.5
2005-11-09,9.35
2005-11-08,9.2
2005-11-07,9.08
2005-11-04,9.0
2005-11-03,9.04
2005-11-02,8.96
2005-11-01,8.94
2005-10-31,8.92
2005-10-28,8.75
2005-10-27,8.76
2005-10-26,8.72
2005-10-25,8.8
2005-10-24,8.8
2005-10-21,8.7
2005-10-20,8.8
2005-10-19,8.83
2005-10-18,8.88
2005-10-17,8.9
2005-10-14,8.94
2005-10-13,8.9
2005-10-12,8.97
2005-10-11,8.99
2005-10-10,8.92
2005-10-07,8.94
2005-10-06,9.0
2005-10-05,9.06
2005-10-04,8.9
2005-10-03,8.84
2005-09-30,8.8
2005-09-29,9.1
2005-09-28,8.9
2005-09-27,8.26
2005-09-26,8.05
2005-09-23,7.96
2005-09-22,7.9
2005-09-21,7.93
2005-09-20,7.89
2005-09-19,7.8
2005-09-16,7.88
2005-09-15,7.94
2005-09-14,7.94
2005-09-13,7.96
2005-09-12,7.84
2005-09-09,7.88
2005-09-08,7.87
2005-09-07,7.98
2005-09-06,7.98
2005-09-05,7.92
2005-09-02,7.9
2005-09-01,8.02
2005-08-31,7.9
2005-08-30,7.65
2005-08-29,7.81
2005-08-26,8.0
2005-08-25,7.98
2005-08-24,8.17
2005-08-23,8.24
2005-08-22,8.24
2005-08-19,8.26
2005-08-18,8.26
2005-08-17,8.33
2005-08-16,8.33
2005-08-15,8.33
2005-08-12,8.31
2005-08-11,8.35
2005-08-10,8.28
2005-08-09,8.25
2005-08-08,8.23
2005-08-05,8.16
2005-08-04,8.22
2005-08-03,8.25
2005-08-02,8.23
2005-08-01,8.25
2005-07-29,8.33
2005-07-28,8.33
2005-07-27,8.4
2005-07-26,8.37
2005-07-25,8.4
2005-07-22,8.49
2005-07-21,8.43
2005-07-20,8.47
2005-07-19,8.57
2005-07-18,8.47
2005-07-15,8.44
2005-07-14,8.52
2005-07-13,8.5
2005-07-12,8.59
2005-07-11,8.66
2005-07-08,8.66
2005-07-07,8.68
2005-07-06,8.76
2005-07-05,8.67
2005-07-04,8.7
2005-07-01,8.72
2005-06-30,8.69
2005-06-29,8.56
2005-06-28,8.54
2005-06-27,8.56
2005-06-24,8.5
2005-06-23,8.62
2005-06-22,8.55
2005-06-21,8.42
2005-06-20,8.42
2005-06-17,8.52
2005-06-16,8.55
2005-06-15,8.42
2005-06-14,8.43
2005-06-13,16.85
2005-06-10,16.78
2005-06-09,16.72
2005-06-08,16.73
2005-06-07,16.81
2005-06-06,16.71
2005-06-03,17.06
2005-06-02,17.06
2005-06-01,17.4
2005-05-31,17.27
2005-05-30,17.6
2005-05-27,17.63
2005-05-26,17.95
2005-05-25,17.98
2005-05-24,18.5
2005-05-23,18.5
2005-05-20,18.3
2005-05-19,18.2
2005-05-18,18.11
2005-05-17,18.25
2005-05-16,18.16
2005-05-13,18.03
2005-05-12,18.15
2005-05-11,18.08
2005-05-10,18.12
2005-05-09,18.1
2005-05-06,18.15
2005-05-05,18.1
2005-05-04,18.2
2005-05-03,18.18
2005-05-02,18.21
2005-04-29,18.38
2005-04-28,18.18
2005-04-27,18.23
2005-04-26,18.52
2005-04-25,18.7
2005-04-22,18.55
2005-04-21,18.72
2005-04-20,18.71
2005-04-19,18.75
2005-04-18,18.6
2005-04-15,18.98
2005-04-14,19.25
2005-04-13,19.35
2005-04-12,19.25
2005-04-11,19.15
2005-04-08,19.22
2005-04-07,19.11
2005-04-06,19.25
2005-04-05,19.23
2005-04-04,19.06
2005-04-01,19.26
2005-03-31,19.25
2005-03-30,19.28
2005-03-29,19.13
2005-03-28,19.26
2005-03-25,19.26
2005-03-24,19.26
2005-03-23,19.2
2005-03-22,19.29
2005-03-21,19.2
2005-03-18,19.11
2005-03-17,19.05
2005-03-16,19.2
2005-03-15,19.15
2005-03-14,19.22
2005-03-11,19.38
2005-03-10,19.39
2005-03-09,19.41
2005-03-08,19.6
2005-03-07,19.75
2005-03-04,19.76
2005-03-03,19.62
2005-03-02,19.41
2005-03-01,19.69
2005-02-28,19.8
2005-02-25,19.55
2005-02-24,19.05
2005-02-23,19.05
2005-02-22,19.14
2005-02-21,19.41
2005-02-18,19.68
2005-02-17,19.84
2005-02-16,19.95
2005-02-15,19.96
2005-02-14,20.0
2005-02-11,19.95
2005-02-10,19.99
2005-02-09,20.06
2005-02-08,20.08
2005-02-07,20.01
2005-02-04,20.05
2005-02-03,20.0
2005-02-02,19.99
2005-02-01,20.09
2005-01-31,20.03
2005-01-28,19.68
2005-01-27,19.5
2005-01-26,19.48
2005-01-25,19.4
2005-01-24,19.36
2005-01-21,19.4
2005-01-20,19.35
2005-01-19,19.34
2005-01-18,19.26
2005-01-17,19.09
2005-01-14,19.01
2005-01-13,19.06
2005-01-12,19.0
2005-01-11,19.03
2005-01-10,19.05
2005-01-07,19.09
2005-01-06,19.0
2005-01-05,19.0
2005-01-04,18.75
2005-01-03,18.5
2004-12-31,18.49
2004-12-30,18.6
2004-12-29,18.67
2004-12-28,18.15
2004-12-27,17.75
2004-12-24,17.73
2004-12-23,17.78
2004-12-22,17.74
2004-12-21,17.73
2004-12-20,17.79
2004-12-17,17.66
2004-12-16,17.8
2004-12-15,17.94
2004-12-14,17.78
2004-12-13,17.7
2004-12-10,17.7
2004-12-09,17.67
2004-12-08,17.79
2004-12-07,17.7
2004-12-06,17.66
2004-12-03,17.86
2004-12-02,17.92
2004-12-01,17.75
2004-11-30,17.9
2004-11-29,17.9
2004-11-26,17.89
2004-11-25,17.88
2004-11-24,17.96
2004-11-23,17.95
2004-11-22,17.85
2004-11-19,17.94
2004-11-18,18.3
2004-11-17,18.58
2004-11-16,18.63
2004-11-15,18.7
2004-11-12,18.55
2004-11-11,18.75
2004-11-10,18.6
2004-11-09,18.55
2004-11-08,18.6
2004-11-05,18.5
2004-11-04,18.56
2004-11-03,18.59
2004-11-02,18.6
2004-11-01,18.52
2004-10-29,18.28
2004-10-28,18.56
2004-10-27,18.56
2004-10-26,18.3
2004-10-25,18.2
2004-10-22,18.32
2004-10-21,18.26
2004-10-20,18.4
2004-10-19,18.49
2004-10-18,18.26
2004-10-15,18.6
2004-10-14,18.7
2004-10-13,18.6
2004-10-12,18.29
2004-10-11,18.31
2004-10-08,18.45
2004-10-07,18.4
2004-10-06,18.32
2004-10-05,18.35
2004-10-04,18.24
2004-10-01,18.05
2004-09-30,17.95
2004-09-29,18.02
2004-09-28,17.81
2004-09-27,17.66
2004-09-24,17.52
2004-09-23,17.55
2004-09-22,17.75
2004-09-21,17.84
2004-09-20,17.77
2004-09-17,17.85
2004-09-16,17.82
2004-09-15,17.7
2004-09-14,17.95
2004-09-13,18.5
2004-09-10,18.27
2004-09-09,18.11
2004-09-08,18.22
2004-09-07,18.2
2004-09-06,18.1
2004-09-03,17.89
2004-09-02,17.84
2004-09-01,17.84
2004-08-31,17.75
2004-08-30,17.69
2004-08-27,17.69
2004-08-26,17.65
2004-08-25,17.4
2004-08-24,17.2
2004-08-23,17.17
2004-08-20,16.91
2004-08-19,17.0
2004-08-18,16.89
2004-08-17,16.87
2004-08-16,16.78
2004-08-13,16.62
2004-08-12,16.66
2004-08-11,16.6
2004-08-10,16.5
2004-08-09,16.6
2004-08-06,16.98
2004-08-05,17.5
2004-08-04,17.4
2004-08-03,17.63
2004-08-02,17.82
2004-07-30,17.89
2004-07-29,18.0
2004-07-28,17.88
2004-07-27,17.75
2004-07-26,17.87
2004-07-23,17.87
2004-07-22,17.95
2004-07-21,18.03
2004-07-20,17.75
2004-07-19,17.46
2004-07-16,17.5
2004-07-15,17.5
2004-07-14,17.6
2004-07-13,17.6
2004-07-12,17.49
2004-07-09,17.2
2004-07-08,17.03
2004-07-07,17.21
2004-07-06,17.22
2004-07-05,17.39
2004-07-02,17.5
2004-07-01,17.62
2004-06-30,18.0
2004-06-29,18.1
2004-06-28,18.08
2004-06-25,17.92
2004-06-24,18.0
2004-06-23,17.9
2004-06-22,18.03
2004-06-21,18.02
2004-06-18,18.0
2004-06-17,18.0
2004-06-16,17.8
2004-06-15,17.58
2004-06-14,17.44
2004-06-11,17.4
2004-06-10,17.25
2004-06-09,17.15
2004-06-08,17.23
2004-06-07,17.14
2004-06-04,17.07
2004-06-03,17.1
2004-06-02,16.98
2004-06-01,17.17
2004-05-31,17.19
2004-05-28,17.2
2004-05-27,17.45
2004-05-26,17.41
2004-05-25,17.5
2004-05-24,17.55
2004-05-21,17.45
2004-05-20,17.5
2004-05-19,17.51
2004-05-18,16.79
2004-05-17,16.58
2004-05-14,17.41
2004-05-13,17.68
2004-05-12,17.65
2004-05-11,17.75
2004-05-10,17.52
2004-05-07,18.3
2004-05-06,18.47
2004-05-05,18.86
2004-05-04,18.9
2004-05-03,18.85
2004-04-30,18.96
2004-04-29,19.23
2004-04-28,19.27
2004-04-27,19.43
2004-04-26,19.26
2004-04-23,19.15
2004-04-22,19.05
2004-04-21,18.81
2004-04-20,18.95
2004-04-19,18.95
2004-04-16,18.74
2004-04-15,18.65
2004-04-14,18.72
2004-04-13,19.0
2004-04-12,18.98
2004-04-09,18.98
2004-04-08,18.98
2004-04-07,19.09
2004-04-06,18.84
2004-04-05,18.95
2004-04-02,18.45
2004-04-01,18.31
2004-03-31,18.01
2004-03-30,17.95
2004-03-29,18.12
2004-03-26,18.05
2004-03-25,18.0
2004-03-24,17.6
2004-03-23,17.61
2004-03-22,17.5
2004-03-19,18.18
2004-03-18,18.28
2004-03-17,18.38
2004-03-16,18.07
2004-03-15,18.0
2004-03-12,17.75
2004-03-11,18.0
2004-03-10,18.95
2004-03-09,19.48
2004-03-08,19.48
2004-03-05,19.23
2004-03-04,19.3
2004-03-03,19.2
2004-03-02,19.24
2004-03-01,18.87
2004-02-27,18.48
2004-02-26,18.27
2004-02-25,18.16
2004-02-24,17.94
2004-02-23,17.86
2004-02-20,17.58
2004-02-19,17.53
2004-02-18,17.5
2004-02-17,17.54
2004-02-16,17.65
2004-02-13,17.6
2004-02-12,17.66
2004-02-11,17.85
2004-02-10,17.7
2004-02-09,17.61
2004-02-06,17.67
2004-02-05,17.37
2004-02-04,17.37
2004-02-03,17.35
2004-02-02,17.65
2004-01-30,17.37
2004-01-29,17.3
2004-01-28,17.49
2004-01-27,17.47
2004-01-26,17.43
2004-01-23,17.16
2004-01-22,17.11
2004-01-21,16.88
2004-01-20,16.99
2004-01-19,17.2
2004-01-16,17.12
2004-01-15,17.25
2004-01-14,16.77
2004-01-13,16.57
2004-01-12,16.42
2004-01-09,16.34
2004-01-08,16.18
2004-01-07,15.91
2004-01-06,15.82
2004-01-05,15.76
2004-01-02,15.58
2004-01-01,15.4
2003-12-31,15.4
2003-12-30,15.5
2003-12-29,15.1
2003-12-26,15.28
2003-12-25,15.28
2003-12-24,15.28
2003-12-23,15.19
2003-12-22,15.28
2003-12-19,15.28
2003-12-18,15.15
2003-12-17,15.15
2003-12-16,15.15
2003-12-15,15.2
2003-12-12,15.15
2003-12-11,15.2
2003-12-10,15.25
2003-12-09,15.39
2003-12-08,15.2
2003-12-05,15.35
2003-12-04,15.4
2003-12-03,15.42
2003-12-02,15.3
2003-12-01,15.44
2003-11-28,15.21
2003-11-27,15.47
2003-11-26,15.2
2003-11-25,15.0
2003-11-24,15.0
2003-11-21,15.0
2003-11-20,14.99
2003-11-19,15.05
2003-11-18,15.0
2003-11-17,14.9
2003-11-14,15.1
2003-11-13,15.0
2003-11-12,14.95
2003-11-11,14.95
2003-11-10,14.99
2003-11-07,14.98
2003-11-06,14.99
2003-11-05,15.0
2003-11-04,15.0
2003-11-03,14.91
2003-10-31,14.74
2003-10-30,14.74
2003-10-29,14.48
2003-10-28,14.28
2003-10-27,14.29
2003-10-24,14.29
2003-10-23,14.25
2003-10-22,14.3
2003-10-21,14.4
2003-10-20,14.48
2003-10-17,14.45
2003-10-16,14.4
2003-10-15,14.45
2003-10-14,14.3
2003-10-13,14.35
2003-10-10,14.45
2003-10-09,14.44
2003-10-08,14.38
2003-10-07,14.41
2003-10-06,14.66
2003-10-03,14.6
2003-10-02,14.31
2003-10-01,14.34
2003-09-30,14.32
2003-09-29,14.48
2003-09-26,14.64
2003-09-25,14.4
2003-09-24,14.4
2003-09-23,14.37
2003-09-22,14.4
2003-09-19,14.61
2003-09-18,14.78
2003-09-17,14.76
2003-09-16,14.57
2003-09-15,14.67
2003-09-12,14.43
2003-09-11,14.54
2003-09-10,14.7
2003-09-09,14.66
2003-09-08,14.7
2003-09-05,14.75
2003-09-04,14.85
2003-09-03,14.97
2003-09-02,15.13
2003-09-01,15.19
2003-08-29,14.92
2003-08-28,14.9
2003-08-27,14.6
2003-08-26,14.29
2003-08-25,14.42
2003-08-22,14.55
2003-08-21,14.52
2003-08-20,14.4
2003-08-19,14.6
2003-08-18,14.3
2003-08-15,14.13
2003-08-14,13.87
2003-08-13,13.59
2003-08-12,13.3
2003-08-11,13.2
2003-08-08,13.52
2003-08-07,13.51
2003-08-06,13.6
2003-08-05,13.85
2003-08-04,14.05
2003-08-01,14.01
2003-07-31,14.19
2003-07-30,14.24
2003-07-29,14.35
2003-07-28,14.4
2003-07-25,14.53
2003-07-24,14.38
2003-07-23,14.31
2003-07-22,14.51
2003-07-21,14.87
2003-07-18,14.95
2003-07-17,15.05
2003-07-16,14.86
2003-07-15,15.11
2003-07-14,15.2
2003-07-11,15.04
2003-07-10,15.02
2003-07-09,15.1
2003-07-08,15.2
2003-07-07,15.25
2003-07-04,15.06
2003-07-03,15.1
2003-07-02,15.15
2003-07-01,15.2
2003-06-30,15.25
2003-06-27,15.5
2003-06-26,15.3
2003-06-25,15.75
2003-06-24,14.53
2003-06-23,14.5
2003-06-20,14.92
2003-06-19,14.99
2003-06-18,15.11
2003-06-17,15.14
2003-06-16,15.11
2003-06-13,15.42
2003-06-12,15.48
2003-06-11,15.55
2003-06-10,15.5
2003-06-09,15.56
2003-06-06,15.62
2003-06-05,15.5
2003-06-04,15.44
2003-06-03,15.2
2003-06-02,15.4
2003-05-30,15.5
2003-05-29,15.43
2003-05-28,15.56
2003-05-27,15.55
2003-05-26,15.45
2003-05-23,15.6
2003-05-22,15.46
2003-05-21,15.17
2003-05-20,15.1
2003-05-19,14.75
2003-05-16,15.02
2003-05-15,15.62
2003-05-14,15.59
2003-05-13,15.25
2003-05-12,14.85
2003-05-09,15.01
2003-05-08,15.5
2003-05-07,15.1
2003-05-06,14.69
2003-05-05,16.5
2003-05-02,14.85
2003-05-01,7.09
2003-04-30,14.05
2003-04-29,13.1
2003-04-28,13.0
2003-04-25,12.8
2003-04-24,12.76
2003-04-23,12.9
2003-04-22,12.78
2003-04-21,7.0
2003-04-18,7.0
2003-04-17,12.73
2003-04-16,12.81
2003-04-15,12.76
2003-04-14,12.4
2003-04-11,12.26
2003-04-10,11.94
2003-04-09,12.03
2003-04-08,12.01
2003-04-07,12.3
2003-04-04,12.2
2003-04-03,11.89
2003-04-02,11.35
2003-04-01,10.82
2003-03-31,10.9
2003-03-28,10.93
2003-03-27,10.92
2003-03-26,11.05
2003-03-25,10.86
2003-03-24,10.92
2003-03-21,11.09
2003-03-20,11.19
2003-03-19,11.48
2003-03-18,11.3
2003-03-17,10.7
2003-03-14,10.41
2003-03-13,10.19
2003-03-12,10.0
2003-03-11,10.28
2003-03-10,10.6
2003-03-07,10.88
2003-03-06,10.91
2003-03-05,10.85
2003-03-04,11.06
2003-03-03,10.95
2003-02-28,11.0
2003-02-27,10.91
2003-02-26,10.8
2003-02-25,10.91
2003-02-24,11.3
2003-02-21,11.35
2003-02-20,11.38
2003-02-19,11.18
2003-02-18,11.12
2003-02-17,11.05
2003-02-14,10.98
2003-02-13,11.0
2003-02-12,10.9
2003-02-11,11.13
2003-02-10,11.29
2003-02-07,11.39
2003-02-06,11.37
2003-02-05,11.2
2003-02-04,10.86
2003-02-03,10.99
2003-01-31,11.05
2003-01-30,11.03
2003-01-29,10.9
2003-01-28,11.52
2003-01-27,11.83
2003-01-24,11.96
2003-01-23,12.0
2003-01-22,11.55
2003-01-21,11.9
2003-01-20,12.0
2003-01-17,11.9
2003-01-16,12.11
2003-01-15,12.43
2003-01-14,12.5
2003-01-13,12.0
2003-01-10,11.45
2003-01-09,11.42
2003-01-08,11.44
2003-01-07,10.95
2003-01-06,11.21
2003-01-03,10.6
2003-01-02,10.25
2003-01-01,6.95
2002-12-31,10.02
2002-12-30,10.0
2002-12-27,9.95
2002-12-26,7.29
2002-12-25,7.29
2002-12-24,7.29
2002-12-23,9.95
2002-12-20,9.9
2002-12-19,9.9
2002-12-18,9.95
2002-12-17,9.95
2002-12-16,9.85
2002-12-13,9.65
2002-12-12,9.55
2002-12-11,9.55
2002-12-10,9.25
2002-12-09,9.0
2002-12-06,9.03
2002-12-05,8.95
2002-12-04,8.93
2002-12-03,8.9
2002-12-02,9.0
2002-11-29,9.0
2002-11-28,9.0
2002-11-27,8.9
2002-11-26,8.68
2002-11-25,8.61
2002-11-22,8.36
2002-11-21,8.36
2002-11-20,8.0
2002-11-19,7.91
2002-11-18,8.05
2002-11-15,8.0
2002-11-14,8.03
2002-11-13,7.7
2002-11-12,7.8
2002-11-11,7.82
2002-11-08,7.8
2002-11-07,7.9
2002-11-06,7.97
2002-11-05,8.0
2002-11-04,8.05
2002-11-01,6.05
2002-10-31,8.0
2002-10-30,7.88
2002-10-29,7.7
2002-10-28,7.95
2002-10-25,8.03
2002-10-24,7.9
2002-10-23,7.76
2002-10-22,7.77
2002-10-21,7.45
2002-10-18,7.53
2002-10-17,7.49
2002-10-16,6.55
2002-10-15,6.44
2002-10-14,6.01
2002-10-11,6.2
2002-10-10,6.09
2002-10-09,6.11
2002-10-08,6.1
2002-10-07,6.09
2002-10-04,6.08
2002-10-03,5.99
2002-10-02,5.97
2002-10-01,6.02
2002-09-30,6.05
2002-09-27,6.36
2002-09-26,6.48
2002-09-25,6.34
2002-09-24,6.46
2002-09-23,6.46
2002-09-20,6.55
2002-09-19,6.69
2002-09-18,6.85
2002-09-17,7.09
2002-09-16,7.24
2002-09-13,7.29
2002-09-12,7.28
2002-09-11,7.39
2002-09-10,7.2
2002-09-09,7.15
2002-09-06,7.19
2002-09-05,7.1
2002-09-04,7.19
2002-09-03,7.11
2002-09-02,7.12
2002-08-30,7.15
2002-08-29,7.2
2002-08-28,7.19
2002-08-27,7.35
2002-08-26,7.35
2002-08-23,7.45
2002-08-22,7.49
2002-08-21,7.32
2002-08-20,7.22
2002-08-19,7.23
2002-08-16,7.26
2002-08-15,6.02
2002-08-14,7.2
2002-08-13,7.18
2002-08-12,7.13
2002-08-09,7.17
2002-08-08,7.08
2002-08-07,7.03
2002-08-06,7.15
2002-08-05,7.17
2002-08-02,7.24
2002-08-01,7.3
2002-07-31,7.13
2002-07-30,7.32
2002-07-29,7.4
2002-07-26,7.15
2002-07-25,7.33
2002-07-24,7.09
2002-07-23,7.45
2002-07-22,7.45
2002-07-19,7.7
2002-07-18,7.86
2002-07-17,7.99
2002-07-16,7.93
2002-07-15,7.95
2002-07-12,7.38
2002-07-11,8.05
2002-07-10,8.24
2002-07-09,8.32
2002-07-08,8.48
2002-07-05,8.52
2002-07-04,8.12
2002-07-03,8.03
2002-07-02,8.05
2002-07-01,8.48
2002-06-28,8.95
2002-06-27,8.74
2002-06-26,8.06
2002-06-25,8.4
2002-06-24,8.3
2002-06-21,8.71
2002-06-20,8.88
2002-06-19,9.0
2002-06-18,9.22
2002-06-17,9.21
2002-06-14,8.87
2002-06-13,9.22
2002-06-12,9.35
2002-06-11,9.4
2002-06-10,7.26
2002-06-07,9.15
2002-06-06,9.41
2002-06-05,9.33
2002-06-04,9.27
2002-06-03,9.31
2002-05-31,9.4
2002-05-30,7.6
2002-05-29,9.28
2002-05-28,9.3
2002-05-27,9.05
2002-05-24,8.87
2002-05-23,9.0
2002-05-22,9.5
2002-05-21,8.87
2002-05-20,8.55
2002-05-17,8.6
2002-05-16,8.6
2002-05-15,8.2
2002-05-14,8.12
2002-05-13,8.03
2002-05-10,8.05
2002-05-09,8.08
2002-05-08,8.12
2002-05-07,7.75
2002-05-06,7.76
2002-05-03,7.81
2002-05-02,7.96
2002-05-01,9.25
2002-04-30,8.0
2002-04-29,8.04
2002-04-26,8.17
2002-04-25,9.0
2002-04-24,8.2
2002-04-23,8.28
2002-04-22,8.3
2002-04-19,8.09
2002-04-18,8.02
2002-04-17,8.05
2002-04-16,7.98
2002-04-15,7.78
2002-04-12,7.7
2002-04-11,7.7
2002-04-10,7.73
2002-04-09,7.72
2002-04-08,7.61
2002-04-05,7.78
2002-04-04,7.65
2002-04-03,7.65
2002-04-02,7.69
2002-04-01,8.99
2002-03-29,8.99
2002-03-28,8.99
2002-03-27,7.54
2002-03-26,7.5
2002-03-25,7.65
2002-03-22,7.75
2002-03-21,7.85
2002-03-20,7.83
2002-03-19,7.85
2002-03-18,7.96
2002-03-15,7.92
2002-03-14,7.85
2002-03-13,7.86
2002-03-12,7.79
2002-03-11,8.01
2002-03-08,7.92
2002-03-07,7.99
2002-03-06,7.92
2002-03-05,7.85
2002-03-04,7.85
2002-03-01,7.56
2002-02-28,7.53
2002-02-27,7.51
2002-02-26,7.65
2002-02-25,7.59
2002-02-22,7.56
2002-02-21,7.55
2002-02-20,7.38
2002-02-19,7.35
2002-02-18,7.39
2002-02-15,7.37
2002-02-14,7.45
2002-02-13,7.46
2002-02-12,7.9
2002-02-11,7.51
2002-02-08,7.53
2002-02-07,7.4
2002-02-06,7.5
2002-02-05,7.3
2002-02-04,7.51
2002-02-01,7.61
2002-01-31,7.64
2002-01-30,7.56
2002-01-29,7.84
2002-01-28,7.95
2002-01-25,7.91
2002-01-24,7.95
2002-01-23,7.88
2002-01-22,7.95
2002-01-21,8.0
2002-01-18,8.05
2002-01-17,8.18
2002-01-16,8.0
2002-01-15,8.14
2002-01-14,7.85
2002-01-11,8.0
2002-01-10,8.0
2002-01-09,8.02
2002-01-08,8.1
2002-01-07,8.17
2002-01-04,8.27
2002-01-03,8.35
2002-01-02,8.02
2002-01-01,9.25
2001-12-31,9.25
2001-12-28,7.8
2001-12-27,8.2
2001-12-26,9.0
2001-12-25,9.0
2001-12-24,9.0
2001-12-21,7.9
2001-12-20,7.86
2001-12-19,8.09
2001-12-18,8.13
2001-12-17,8.19
2001-12-14,8.17
2001-12-13,8.23
2001-12-12,8.34
2001-12-11,8.35
2001-12-10,8.22
2001-12-07,8.22
2001-12-06,8.42
2001-12-05,8.31
2001-12-04,7.72
2001-12-03,7.54
2001-11-30,7.55
2001-11-29,7.74
2001-11-28,7.98
2001-11-27,8.38
2001-11-26,8.49
2001-11-23,8.27
2001-11-22,8.3
2001-11-21,8.27
2001-11-20,8.56
2001-11-19,8.55
2001-11-16,8.46
2001-11-15,8.54
2001-11-14,8.51
2001-11-13,8.65
2001-11-12,8.33
2001-11-09,8.44
2001-11-08,8.75
2001-11-07,8.55
2001-11-06,8.12
2001-11-05,8.0
2001-11-02,7.81
2001-11-01,7.44
2001-10-31,7.81
2001-10-30,7.47
2001-10-29,7.74
2001-10-26,7.5
2001-10-25,7.41
2001-10-24,8.08
2001-10-23,8.44
2001-10-22,8.05
2001-10-19,6.97
2001-10-18,6.85
2001-10-17,6.8
2001-10-16,6.38
2001-10-15,6.34
2001-10-12,6.25
2001-10-11,6.01
2001-10-10,6.0
2001-10-09,5.82
2001-10-08,5.77
2001-10-05,5.75
2001-10-04,5.91
2001-10-03,5.67
2001-10-02,5.75
2001-10-01,5.75
2001-09-28,6.2
2001-09-27,5.9
2001-09-26,5.99
2001-09-25,6.1
2001-09-24,5.49
2001-09-21,4.92
2001-09-20,5.14
2001-09-19,5.42
2001-09-18,5.33
2001-09-17,5.45
2001-09-14,5.55
2001-09-13,6.2
2001-09-12,6.25
2001-09-11,6.55
2001-09-10,7.3
2001-09-07,7.6
2001-09-06,7.91
2001-09-05,8.15
2001-09-04,8.34
2001-09-03,8.25
2001-08-31,8.71
2001-08-30,9.0
2001-08-29,8.98
2001-08-28,9.0
2001-08-27,9.21
2001-08-24,9.2
2001-08-23,9.03
2001-08-22,9.09
2001-08-21,9.18
2001-08-20,9.0
2001-08-17,9.29
2001-08-16,9.25
2001-08-15,7.86
2001-08-14,9.51
2001-08-13,9.33
2001-08-10,9.23
2001-08-09,9.03
2001-08-08,9.25
2001-08-07,9.4
2001-08-06,9.6
2001-08-03,9.85
2001-08-02,10.24
2001-08-01,10.55
2001-07-31,10.45
2001-07-30,10.21
2001-07-27,9.95
2001-07-26,9.75
2001-07-25,9.82
2001-07-24,9.9
2001-07-23,9.45
2001-07-20,9.25
2001-07-19,9.5
2001-07-18,9.3
2001-07-17,9.4
2001-07-16,9.89
2001-07-13,7.42
2001-07-12,10.38
2001-07-11,10.25
2001-07-10,10.5
2001-07-09,10.9
2001-07-06,11.42
2001-07-05,11.75
2001-07-04,11.83
2001-07-03,12.1
2001-07-02,11.89
2001-06-29,11.8
2001-06-28,12.14
2001-06-27,12.2
2001-06-26,12.55
2001-06-25,13.8
2001-06-22,14.0
2001-06-21,14.2
2001-06-20,14.1
2001-06-19,14.6
2001-06-18,15.0
2001-06-15,15.75
2001-06-14,7.81
2001-06-13,16.05
2001-06-12,16.38
2001-06-11,16.41
2001-06-08,16.2
2001-06-07,16.44
2001-06-06,16.21
2001-06-05,16.45
2001-06-04,16.22
2001-06-01,16.25
2001-05-31,16.08
2001-05-30,16.0
2001-05-29,15.9
2001-05-28,15.95
2001-05-25,15.8
2001-05-24,15.18
2001-05-23,15.0
2001-05-22,15.0
2001-05-21,15.32
2001-05-18,14.3
2001-05-17,14.24
2001-05-16,14.4
2001-05-15,14.49
2001-05-14,14.68
2001-05-11,15.1
2001-05-10,15.42
2001-05-09,15.35
2001-05-08,15.28
2001-05-07,7.79
2001-05-04,15.4
2001-05-03,15.75
2001-05-02,15.67
2001-05-01,7.8
2001-04-30,15.8
2001-04-27,15.45
2001-04-26,15.04
2001-04-25,7.78
2001-04-24,15.5
2001-04-23,15.75
2001-04-20,16.04
2001-04-19,16.45
2001-04-18,16.35
2001-04-17,16.0
2001-04-16,8.0
2001-04-13,8.0
2001-04-12,16.45
2001-04-11,16.8
2001-04-10,16.5
2001-04-09,16.3
2001-04-06,16.16
2001-04-05,16.42
2001-04-04,16.34
2001-04-03,15.7
2001-04-02,16.02
2001-03-30,16.95
2001-03-29,16.85
2001-03-28,16.4
2001-03-27,16.82
2001-03-26,17.0
2001-03-23,16.59
2001-03-22,15.75
2001-03-21,16.35
2001-03-20,17.01
2001-03-19,17.35
2001-03-16,17.76
2001-03-15,18.3
2001-03-14,14.23
2001-03-13,18.9
2001-03-12,19.09
2001-03-09,20.1
2001-03-08,20.53
2001-03-07,20.62
2001-03-06,20.43
2001-03-05,19.95
2001-03-02,19.38
2001-03-01,19.33
2001-02-28,19.74
2001-02-27,10.8
2001-02-26,20.0
2001-02-23,19.84
2001-02-22,20.15
2001-02-21,20.45
2001-02-20,20.5
2001-02-19,20.6
2001-02-16,20.59
2001-02-15,21.1
2001-02-14,21.14
2001-02-13,21.46
2001-02-12,21.51
2001-02-09,21.61
2001-02-08,22.2
2001-02-07,22.32
2001-02-06,22.4
2001-02-05,22.32
2001-02-02,22.84
2001-02-01,23.01
2001-01-31,23.29
2001-01-30,23.0
2001-01-29,23.2
2001-01-26,14.4375
2001-01-25,23.3
2001-01-24,14.375
2001-01-23,22.9
2001-01-22,23.29
2001-01-19,23.99
2001-01-18,22.71
2001-01-17,21.5
2001-01-16,21.0
2001-01-15,22.0
2001-01-12,22.2
2001-01-11,22.47
2001-01-10,11.22
2001-01-09,21.5
2001-01-08,23.4
2001-01-05,25.0
2001-01-04,26.53
2001-01-03,24.5
2001-01-02,25.3
2001-01-01,11.0
2000-12-29,25.0
2000-12-28,26.5
2000-12-27,27.1
2000-12-26,13.1875
2000-12-22,27.65
2000-12-21,27.65
2000-12-20,28.41
2000-12-19,30.5
2000-12-18,30.94
2000-12-15,30.0
2000-12-14,29.66
2000-12-13,30.55
2000-12-12,29.6
2000-12-11,29.41
2000-12-08,12.68
2000-12-07,27.75
2000-12-06,27.3
2000-12-05,25.86
2000-12-04,25.33
2000-12-01,12.75
2000-11-30,26.56
2000-11-29,27.05
2000-11-28,27.19
2000-11-27,28.0
2000-11-24,27.57
2000-11-23,27.2
2000-11-22,27.28
2000-11-21,28.0
2000-11-20,28.25
2000-11-17,29.07
2000-11-16,29.5
2000-11-15,30.6
2000-11-14,30.88
2000-11-13,29.4
2000-11-10,31.0
2000-11-09,32.0
2000-11-08,32.35
2000-11-07,34.09
2000-11-06,33.3
2000-11-03,33.3
2000-11-02,33.5
2000-11-01,32.35
2000-10-31,32.35
2000-10-30,32.35
2000-10-27,32.5
2000-10-26,32.04
2000-10-25,33.1
2000-10-24,34.0
2000-10-23,33.3
2000-10-20,35.01
2000-10-19,35.65
2000-10-18,33.75
2000-10-17,34.61
2000-10-16,36.5
2000-10-13,35.8
2000-10-12,36.01
2000-10-11,37.31
2000-10-10,39.0
2000-10-09,38.13
2000-10-06,39.35
2000-10-05,40.2
2000-10-04,40.2
2000-10-03,40.86
2000-10-02,41.3
2000-09-29,41.5
2000-09-28,40.82
2000-09-27,40.9
2000-09-26,41.17
2000-09-25,42.4
2000-09-22,41.7
2000-09-21,41.0
2000-09-20,41.65
2000-09-19,41.82
2000-09-18,42.0
2000-09-15,43.16
2000-09-14,43.99
2000-09-13,42.1
2000-09-12,43.0
2000-09-11,43.72
2000-09-08,44.56
2000-09-07,45.0
2000-09-06,45.06
2000-09-05,45.4
2000-09-04,46.1
2000-09-01,47.0
2000-08-31,42.9
2000-08-30,41.6
2000-08-29,40.61
2000-08-28,41.3
2000-08-25,39.9
2000-08-24,39.85
2000-08-23,40.35
2000-08-22,40.5
2000-08-21,41.12
2000-08-18,40.5
2000-08-17,40.66
2000-08-16,41.3
2000-08-15,42.01
2000-08-14,42.01
2000-08-11,41.5
2000-08-10,43.2
2000-08-09,44.05
2000-08-08,44.01
2000-08-07,44.65
2000-08-04,44.9
2000-08-03,45.0
2000-08-02,45.8
2000-08-01,46.65
2000-07-31,46.5
2000-07-28,46.0
2000-07-27,47.7
2000-07-26,47.7
2000-07-25,48.7
2000-07-24,50.68
2000-07-21,50.68
2000-07-20,51.21
2000-07-19,49.46
2000-07-18,50.36
2000-07-17,51.75
2000-07-14,49.99
2000-07-13,47.2
2000-07-12,47.41
2000-07-11,47.1
2000-07-10,48.25
2000-07-07,48.4
2000-07-06,48.4
2000-07-05,49.01
2000-07-04,50.8
2000-07-03,50.84
2000-06-30,52.0
2000-06-29,48.5
2000-06-28,51.98
2000-06-27,52.5
2000-06-26,54.15
2000-06-23,56.0
2000-06-22,57.61
2000-06-21,57.61
2000-06-20,56.24
2000-06-19,57.89
2000-06-16,57.89
2000-06-15,58.45
2000-06-14,58.75
2000-06-13,58.65
2000-06-12,57.6
2000-06-09,58.4
2000-06-08,58.29
2000-06-07,56.0
2000-06-06,59.5
2000-06-05,61.05
2000-06-02,63.4
2000-06-01,57.48
2000-05-31,53.85
2000-05-30,60.01
2000-05-29,55.01
2000-05-26,55.01
2000-05-25,55.9
2000-05-24,55.6
2000-05-23,57.17
2000-05-22,55.0
2000-05-19,61.11
2000-05-18,67.75
2000-05-17,68.98
2000-05-16,71.5
2000-05-15,69.7
2000-05-12,72.5
2000-05-11,73.47
2000-05-10,69.5
2000-05-09,74.85
2000-05-08,74.85
2000-05-05,75.9
2000-05-04,75.06
2000-05-03,75.21
2000-05-02,79.7
2000-05-01,76.75
2000-04-28,76.75
2000-04-27,75.35
2000-04-26,79.5
2000-04-25,78.3
2000-04-24,78.3
2000-04-21,78.3
2000-04-20,78.3
2000-04-19,78.0
2000-04-18,79.5
2000-04-17,81.0
2000-04-14,76.3
2000-04-13,83.22
2000-04-12,83.5
2000-04-11,82.03
2000-04-10,96.5
2000-04-07,97.02
2000-04-06,90.15
2000-04-05,78.45
2000-04-04,75.71
2000-04-03,95.0
2000-03-31,93.0
2000-03-30,93.51
2000-03-29,99.0
2000-03-28,104.62
2000-03-27,107.0
2000-03-24,104.0
2000-03-23,92.25
2000-03-22,100.05
2000-03-21,109.0
2000-03-20,113.5
2000-03-17,118.0
2000-03-16,113.01
2000-03-15,120.0
2000-03-14,127.36
2000-03-13,139.0
2000-03-10,139.0
2000-03-09,138.5
2000-03-08,135.0
2000-03-07,123.0
2000-03-06,123.0
2000-03-03,120.97
2000-03-02,123.41
2000-03-01,132.0
2000-02-29,132.1
2000-02-28,131.85
2000-02-25,134.99
2000-02-24,133.31
2000-02-23,133.0
2000-02-22,122.65
2000-02-21,116.9
2000-02-18,114.75
2000-02-17,114.9
2000-02-16,108.0
2000-02-15,100.75
2000-02-14,99.5
2000-02-11,96.5
2000-02-10,89.1
2000-02-09,89.0
2000-02-08,86.5
2000-02-07,75.1
2000-02-04,74.93
2000-02-03,72.99
2000-02-02,66.75
2000-02-01,64.9
2000-01-31,64.5
2000-01-28,64.66
2000-01-27,65.62
2000-01-26,64.99
2000-01-25,64.12
2000-01-24,66.79
2000-01-21,65.31
2000-01-20,67.31
2000-01-19,66.8
2000-01-18,68.0
2000-01-17,62.0
2000-01-14,58.71
2000-01-13,57.0
2000-01-12,54.98
2000-01-11,55.35
2000-01-10,55.6
2000-01-07,52.3
2000-01-06,51.8
2000-01-05,51.35
2000-01-04,53.94
2000-01-03,56.8
