,pti:pl
2018-11-23,3.644
2018-11-22,3.772
2018-11-21,3.838
2018-11-20,3.828
2018-11-19,3.918
2018-11-16,3.914
2018-11-15,3.95
2018-11-14,4.002
2018-11-13,4.03
2018-11-12,4.034
2018-11-09,4.114
2018-11-08,4.126
2018-11-07,4.142
2018-11-06,4.15
2018-11-05,4.122
2018-11-02,4.17
2018-11-01,4.21
2018-10-31,4.4
2018-10-30,4.4
2018-10-29,4.328
2018-10-26,4.222
2018-10-25,4.234
2018-10-24,4.042
2018-10-23,4.052
2018-10-22,4.142
2018-10-19,4.102
2018-10-18,4.25
2018-10-17,4.218
2018-10-16,4.2
2018-10-15,4.094
2018-10-12,4.1
2018-10-11,4.16
2018-10-10,3.9
2018-10-09,4.2
2018-10-08,4.13
2018-10-05,4.22
2018-10-04,4.298
2018-10-03,4.328
2018-10-02,4.402
2018-10-01,4.32
2018-09-28,4.218
2018-09-27,4.288
2018-09-26,4.174
2018-09-25,4.184
2018-09-24,4.258
2018-09-21,4.318
2018-09-20,4.376
2018-09-19,4.36
2018-09-18,4.31
2018-09-17,4.242
2018-09-14,4.256
2018-09-13,4.27
2018-09-12,4.286
2018-09-11,4.134
2018-09-10,4.132
2018-09-07,4.08
2018-09-06,4.126
2018-09-05,4.172
2018-09-04,4.212
2018-09-03,4.298
2018-08-31,4.304
2018-08-30,4.33
2018-08-29,4.394
2018-08-28,4.438
2018-08-27,4.424
2018-08-24,4.432
2018-08-23,4.42
2018-08-22,4.436
2018-08-21,4.436
2018-08-20,4.364
2018-08-17,4.352
2018-08-16,4.476
2018-08-15,4.296
2018-08-14,4.496
2018-08-13,4.602
2018-08-10,4.988
2018-08-09,5.045
2018-08-08,5.03
2018-08-07,4.986
2018-08-06,4.998
2018-08-03,4.904
2018-08-02,4.866
2018-08-01,4.914
2018-07-31,4.884
2018-07-30,4.964
2018-07-27,4.928
2018-07-26,4.968
2018-07-25,5.015
2018-07-24,4.954
2018-07-23,4.988
2018-07-20,5.005
2018-07-19,5.085
2018-07-18,5.085
2018-07-17,5.08
2018-07-16,5.09
2018-07-13,5.075
2018-07-12,5.13
2018-07-11,5.08
2018-07-10,5.1
2018-07-09,5.07
2018-07-06,5.025
2018-07-05,4.982
2018-07-04,4.97
2018-07-03,5.0
2018-07-02,5.055
2018-06-29,5.1
2018-06-28,5.135
2018-06-27,5.18
2018-06-26,5.17
2018-06-25,5.1
2018-06-23,5.19
2018-06-22,5.19
2018-06-21,4.926
2018-06-20,5.17
2018-06-19,5.315
2018-06-18,5.345
2018-06-15,5.415
2018-06-14,5.82
2018-06-13,5.985
2018-06-12,5.93
2018-06-11,5.94
2018-06-08,5.9
2018-06-07,5.695
2018-06-06,5.64
2018-06-05,5.595
2018-06-04,5.565
2018-06-01,5.445
2018-05-31,5.34
2018-05-30,5.28
2018-05-29,5.225
2018-05-28,5.32
2018-05-25,5.36
2018-05-24,5.34
2018-05-23,5.37
2018-05-22,5.43
2018-05-21,5.415
2018-05-18,5.335
2018-05-17,5.415
2018-05-16,5.375
2018-05-15,5.24
2018-05-14,4.98
2018-05-08,4.95
2018-05-07,4.98
2018-05-04,4.846
2018-05-03,4.88
2018-05-02,4.884
2018-04-30,4.84
2018-04-27,4.88
2018-04-26,4.828
2018-04-25,4.82
2018-04-24,4.854
2018-04-23,4.788
2018-04-20,4.77
2018-04-19,4.79
2018-04-18,4.764
2018-04-17,4.724
2018-04-16,4.68
2018-04-13,4.73
2018-04-12,4.706
2018-04-11,4.69
2018-04-10,4.7
2018-04-09,4.72
2018-04-06,4.728
2018-04-05,4.786
2018-04-04,4.718
2018-04-03,4.756
2018-03-29,4.788
2018-03-28,4.77
2018-03-27,4.84
2018-03-26,4.72
2018-03-23,4.74
2018-03-22,4.784
2018-03-21,4.822
2018-03-20,4.768
2018-03-19,4.734
2018-03-16,4.658
2018-03-15,4.584
2018-03-14,4.596
2018-03-13,4.588
2018-03-12,4.524
2018-03-09,4.504
2018-03-08,4.558
2018-03-07,4.46
2018-03-06,4.43
2018-03-05,4.334
2018-03-02,4.298
2018-03-01,4.378
2018-02-28,4.454
2018-02-27,4.468
2018-02-26,4.476
2018-02-23,4.42
2018-02-22,4.514
2018-02-21,4.512
2018-02-20,4.416
2018-02-19,4.244
2018-02-16,4.236
2018-02-15,4.21
2018-02-14,4.142
2018-02-13,4.116
2018-02-12,4.088
2018-02-09,4.02
2018-02-08,4.134
2018-02-07,4.234
2018-02-06,4.218
2018-02-05,4.216
2018-02-02,4.346
2018-02-01,4.44
2018-01-31,4.522
2018-01-30,4.542
2018-01-29,4.542
2018-01-26,4.544
2018-01-25,4.54
2018-01-24,4.572
2018-01-23,4.64
2018-01-22,4.656
2018-01-19,4.652
2018-01-18,4.606
2018-01-17,4.55
2018-01-16,4.594
2018-01-15,4.59
2018-01-12,4.556
2018-01-11,4.562
2018-01-10,4.586
2018-01-09,4.58
2018-01-08,4.522
2018-01-05,4.472
2018-01-04,4.49
2018-01-03,4.442
2018-01-02,4.366
2017-12-29,4.252
2017-12-28,4.266
2017-12-27,4.299
2017-12-22,4.33
2017-12-21,4.353
2017-12-20,4.359
2017-12-19,4.404
2017-12-18,4.417
2017-12-15,4.334
2017-12-14,4.33
2017-12-13,4.319
2017-12-12,4.259
2017-12-11,4.273
2017-12-08,4.25
2017-12-07,4.267
2017-12-06,4.222
2017-12-05,4.222
2017-12-04,4.201
2017-12-01,4.17
2017-11-30,4.182
2017-11-29,4.215
2017-11-28,4.21
2017-11-27,4.164
2017-11-24,4.1
2017-11-23,4.132
2017-11-22,4.135
2017-11-21,4.155
2017-11-20,4.175
2017-11-17,4.091
2017-11-16,4.125
2017-11-15,4.068
2017-11-14,4.112
2017-11-13,4.142
2017-11-10,4.189
2017-11-09,4.212
2017-11-08,4.318
2017-11-07,4.357
2017-11-06,4.381
2017-11-03,4.51
2017-11-02,4.518
2017-11-01,4.48
2017-10-31,4.379
2017-10-30,4.361
2017-10-27,4.387
2017-10-26,4.394
2017-10-25,4.287
2017-10-24,4.334
2017-10-23,4.348
2017-10-20,4.337
2017-10-19,4.323
2017-10-18,4.33
2017-10-17,4.34
2017-10-16,4.338
2017-10-13,4.324
2017-10-12,4.372
2017-10-11,4.302
2017-10-10,4.34
2017-10-09,4.32
2017-10-06,4.256
2017-10-05,4.29
2017-10-04,4.246
2017-10-03,4.221
2017-10-02,4.134
2017-09-29,4.124
2017-09-28,4.093
2017-09-27,4.036
2017-09-26,4.051
2017-09-25,4.102
2017-09-22,4.017
2017-09-21,4.048
2017-09-20,4.004
2017-09-19,3.97
2017-09-18,3.96
2017-09-15,3.789
2017-09-14,3.735
2017-09-13,3.729
2017-09-12,3.678
2017-09-11,3.655
2017-09-08,3.566
2017-09-07,3.588
2017-09-06,3.632
2017-09-05,3.561
2017-09-04,3.613
2017-09-01,3.623
2017-08-31,3.585
2017-08-30,3.581
2017-08-29,3.55
2017-08-28,3.619
2017-08-25,3.646
2017-08-24,3.651
2017-08-23,3.691
2017-08-22,3.678
2017-08-21,3.657
2017-08-18,3.65
2017-08-17,3.707
2017-08-16,3.694
2017-08-15,3.609
2017-08-14,3.652
2017-08-11,3.636
2017-08-10,3.664
2017-08-09,3.691
2017-08-08,3.7
2017-08-07,3.707
2017-08-04,3.65
2017-08-03,3.559
2017-08-02,3.616
2017-08-01,3.646
2017-07-31,3.64
2017-07-28,3.62
2017-07-27,3.73
2017-07-26,3.674
2017-07-25,3.698
2017-07-24,3.704
2017-07-21,3.751
2017-07-20,3.77
2017-07-19,3.731
2017-07-18,3.74
2017-07-17,3.787
2017-07-14,3.756
2017-07-13,3.741
2017-07-12,3.73
2017-07-11,3.719
2017-07-10,3.728
2017-07-07,3.729
2017-07-06,3.754
2017-07-05,3.747
2017-07-04,3.693
2017-07-03,3.695
2017-06-30,3.781
2017-06-29,3.758
2017-06-28,3.858
2017-06-27,3.907
2017-06-26,3.945
2017-06-23,3.932
2017-06-22,3.952
2017-06-21,3.974
2017-06-20,4.003
2017-06-19,4.0
2017-06-16,3.9
2017-06-15,3.904
2017-06-14,3.984
2017-06-13,3.994
2017-06-12,3.889
2017-06-09,3.964
2017-06-08,3.937
2017-06-07,4.02
2017-06-06,3.993
2017-06-05,3.943
2017-06-02,3.974
2017-06-01,4.072
2017-05-31,4.03
2017-05-30,4.022
2017-05-29,4.037
2017-05-26,3.996
2017-05-25,4.013
2017-05-24,3.996
2017-05-23,4.0
2017-05-22,3.95
2017-05-19,3.935
2017-05-18,3.857
2017-05-17,3.93
2017-05-16,4.032
2017-05-15,4.045
2017-05-12,3.997
2017-05-11,3.97
2017-05-10,3.983
2017-05-09,4.018
2017-05-08,3.99
2017-05-05,3.95
2017-05-04,3.984
2017-05-03,3.985
2017-05-02,3.97
2017-04-28,3.886
2017-04-27,3.82
2017-04-26,3.845
2017-04-25,3.796
2017-04-24,3.769
2017-04-21,3.687
2017-04-20,3.716
2017-04-19,3.698
2017-04-18,3.709
2017-04-13,3.777
2017-04-12,3.78
2017-04-11,3.795
2017-04-10,3.795
2017-04-07,3.783
2017-04-06,3.803
2017-04-05,3.783
2017-04-04,3.787
2017-04-03,3.742
2017-03-31,3.766
2017-03-30,3.72
2017-03-29,3.701
2017-03-28,3.601
2017-03-27,3.55
2017-03-24,3.588
2017-03-23,3.566
2017-03-22,3.6
2017-03-21,3.595
2017-03-20,3.619
2017-03-17,3.6
2017-03-16,3.572
2017-03-15,3.553
2017-03-14,3.57
2017-03-13,3.573
2017-03-10,3.563
2017-03-09,3.559
2017-03-08,3.56
2017-03-07,3.562
2017-03-06,3.57
2017-03-03,3.601
2017-03-02,3.636
2017-03-01,3.649
2017-02-28,3.567
2017-02-27,3.576
2017-02-24,3.565
2017-02-23,3.583
2017-02-22,3.53
2017-02-21,3.515
2017-02-20,3.45
2017-02-17,3.466
2017-02-16,3.475
2017-02-15,3.467
2017-02-14,3.464
2017-02-13,3.469
2017-02-10,3.5
2017-02-09,3.5
2017-02-08,3.41
2017-02-07,3.462
2017-02-06,3.413
2017-02-03,3.469
2017-02-02,3.477
2017-02-01,3.431
2017-01-31,3.369
2017-01-30,3.387
2017-01-27,3.46
2017-01-26,3.434
2017-01-25,3.307
2017-01-24,3.298
2017-01-23,3.264
2017-01-20,3.3
2017-01-19,3.288
2017-01-18,3.297
2017-01-17,3.282
2017-01-16,3.29
2017-01-15,3.29
2017-01-13,3.334
2017-01-12,3.32
2017-01-11,3.275
2017-01-10,3.29
2017-01-09,3.28
2017-01-06,3.316
2017-01-05,3.33
2017-01-04,3.345
2017-01-03,3.334
2017-01-02,3.344
2016-12-30,3.265
2016-12-29,3.28
2016-12-28,3.265
2016-12-27,3.268
2016-12-23,3.23
2016-12-22,3.217
2016-12-21,3.239
2016-12-20,3.266
2016-12-19,3.209
2016-12-16,3.25
2016-12-15,3.181
2016-12-14,3.166
2016-12-13,3.131
2016-12-12,3.11
2016-12-09,3.129
2016-12-08,3.176
2016-12-07,3.095
2016-12-06,2.998
2016-12-05,2.941
2016-12-02,2.944
2016-12-01,2.983
2016-11-30,2.934
2016-11-29,2.911
2016-11-28,2.917
2016-11-25,2.926
2016-11-24,2.854
2016-11-23,2.758
2016-11-22,2.748
2016-11-21,2.697
2016-11-18,2.685
2016-11-17,2.659
2016-11-16,2.645
2016-11-15,2.658
2016-11-14,2.654
2016-11-11,2.631
2016-11-10,2.633
2016-11-09,2.624
2016-11-08,2.634
2016-11-07,2.625
2016-11-04,2.562
2016-11-03,2.582
2016-11-02,2.589
2016-11-01,2.639
2016-10-31,2.67
2016-10-28,2.69
2016-10-27,2.671
2016-10-26,2.68
2016-10-25,2.656
2016-10-24,2.673
2016-10-21,2.633
2016-10-20,2.65
2016-10-19,2.643
2016-10-18,2.61
2016-10-17,2.574
2016-10-14,2.581
2016-10-13,2.526
2016-10-12,2.573
2016-10-11,2.6
2016-10-10,2.595
2016-10-07,2.57
2016-10-06,2.624
2016-10-05,2.627
2016-10-04,2.63
2016-10-03,2.594
2016-09-30,2.56
2016-09-29,2.611
2016-09-28,2.632
2016-09-27,2.612
2016-09-26,2.648
2016-09-23,2.651
2016-09-22,2.679
2016-09-21,2.662
2016-09-20,2.65
2016-09-16,2.631
2016-09-15,2.598
2016-09-14,2.649
2016-09-13,2.649
2016-09-12,2.837
2016-09-09,2.95
2016-09-08,3.001
2016-09-07,3.001
2016-09-06,2.99
2016-09-05,3.038
2016-09-02,3.013
2016-09-01,2.971
2016-08-31,2.97
2016-08-30,2.967
2016-08-29,2.97
2016-08-26,2.966
2016-08-25,2.957
2016-08-24,2.981
2016-08-23,2.97
2016-08-22,2.97
2016-08-19,2.96
2016-08-18,2.991
2016-08-17,2.971
2016-08-16,2.976
2016-08-15,2.981
2016-08-12,2.984
2016-08-11,2.974
2016-08-10,2.962
2016-08-09,2.948
2016-08-08,2.902
2016-08-05,2.855
2016-08-04,2.81
2016-08-03,2.769
2016-08-02,2.768
2016-08-01,2.812
2016-07-29,2.839
2016-07-28,2.803
2016-07-27,2.859
2016-07-26,2.844
2016-07-25,2.825
2016-07-22,2.828
2016-07-21,2.772
2016-07-20,2.688
2016-07-19,2.684
2016-07-18,2.66
2016-07-15,2.62
2016-07-14,2.645
2016-07-13,2.59
2016-07-12,2.58
2016-07-11,2.555
2016-07-08,2.499
2016-07-07,2.426
2016-07-06,2.421
2016-07-05,2.48
2016-07-04,2.588
2016-07-01,2.59
2016-06-30,2.514
2016-06-29,2.556
2016-06-28,2.538
2016-06-27,2.498
2016-06-24,2.676
2016-06-23,2.779
2016-06-22,2.68
2016-06-21,2.722
2016-06-20,2.74
2016-06-17,2.646
2016-06-16,2.541
2016-06-15,2.6
2016-06-14,2.676
2016-06-13,2.708
2016-06-10,2.877
2016-06-09,2.98
2016-06-08,2.906
2016-06-07,2.892
2016-06-06,2.827
2016-06-03,2.807
2016-06-02,2.87
2016-06-01,2.875
2016-05-31,2.91
2016-05-30,2.958
2016-05-27,2.919
2016-05-26,2.9
2016-05-25,2.89
2016-05-24,2.831
2016-05-23,2.74
2016-05-20,2.678
2016-05-19,2.67
2016-05-18,2.716
2016-05-17,2.76
2016-05-16,2.79
2016-05-13,2.783
2016-05-12,2.841
2016-05-11,2.878
2016-05-10,2.893
2016-05-09,2.916
2016-05-06,2.921
2016-05-05,2.924
2016-05-04,2.863
2016-05-03,2.922
2016-05-02,3.012
2016-04-29,3.115
2016-04-28,3.13
2016-04-27,3.136
2016-04-26,3.12
2016-04-25,3.091
2016-04-22,3.14
2016-04-21,3.151
2016-04-20,3.189
2016-04-19,3.161
2016-04-18,3.18
2016-04-15,3.212
2016-04-14,3.23
2016-04-13,3.256
2016-04-12,3.094
2016-04-11,3.085
2016-04-08,3.066
2016-04-07,3.028
2016-04-06,3.08
2016-04-05,3.07
2016-04-04,3.117
2016-04-01,3.156
2016-03-31,3.225
2016-03-30,3.298
2016-03-29,3.3
2016-03-24,3.32
2016-03-23,3.272
2016-03-22,3.25
2016-03-21,3.274
2016-03-18,3.259
2016-03-17,3.25
2016-03-16,3.257
2016-03-15,3.23
2016-03-14,3.263
2016-03-11,3.151
2016-03-10,3.084
2016-03-09,3.1
2016-03-08,3.093
2016-03-07,3.109
2016-03-04,3.114
2016-03-03,3.073
2016-03-02,3.09
2016-03-01,3.125
2016-02-29,3.091
2016-02-26,3.027
2016-02-25,2.993
2016-02-24,2.964
2016-02-23,2.917
2016-02-22,2.998
2016-02-19,2.967
2016-02-18,2.955
2016-02-17,2.94
2016-02-16,2.847
2016-02-15,2.88
2016-02-12,2.744
2016-02-11,2.705
2016-02-10,2.711
2016-02-09,2.687
2016-02-08,2.8
2016-02-05,2.949
2016-02-04,2.997
2016-02-03,3.014
2016-02-02,3.03
2016-02-01,3.13
2016-01-29,3.09
2016-01-28,3.032
2016-01-27,3.092
2016-01-26,3.08
2016-01-25,3.07
2016-01-22,3.063
2016-01-21,2.986
2016-01-20,2.9
2016-01-19,3.096
2016-01-18,2.995
2016-01-15,3.181
2016-01-14,3.328
2016-01-13,3.477
2016-01-12,3.504
2016-01-11,3.376
2016-01-08,3.457
2016-01-07,3.492
2016-01-06,3.544
2016-01-05,3.53
2016-01-04,3.59
2016-01-01,3.596
2015-12-31,3.596
2015-12-30,3.622
2015-12-29,3.577
2015-12-28,3.529
2015-12-25,3.571
2015-12-24,3.571
2015-12-23,3.56
2015-12-22,3.643
2015-12-21,3.57
2015-12-18,3.694
2015-12-17,3.682
2015-12-16,3.646
2015-12-15,3.646
2015-12-14,3.533
2015-12-11,3.575
2015-12-10,3.666
2015-12-09,3.674
2015-12-08,3.74
2015-12-07,3.827
2015-12-04,3.824
2015-12-03,3.83
2015-12-02,3.921
2015-12-01,3.877
2015-11-30,3.78
2015-11-27,3.858
2015-11-26,3.852
2015-11-25,3.825
2015-11-24,3.836
2015-11-23,3.804
2015-11-20,3.83
2015-11-19,3.825
2015-11-18,3.791
2015-11-17,3.802
2015-11-16,3.774
2015-11-13,3.7
2015-11-12,3.699
2015-11-11,3.764
2015-11-10,3.777
2015-11-09,3.715
2015-11-06,3.81
2015-11-05,3.847
2015-11-04,3.885
2015-11-03,3.856
2015-11-02,3.82
2015-10-30,3.705
2015-10-29,3.672
2015-10-28,3.636
2015-10-27,3.558
2015-10-26,3.68
2015-10-23,3.648
2015-10-22,3.606
2015-10-21,3.534
2015-10-20,3.535
2015-10-19,3.535
2015-10-16,3.519
2015-10-15,3.6
2015-10-14,3.394
2015-10-13,3.247
2015-10-12,3.279
2015-10-09,3.389
2015-10-08,3.327
2015-10-07,3.334
2015-10-06,3.359
2015-10-05,3.223
2015-10-02,3.126
2015-10-01,3.088
2015-09-30,3.1
2015-09-29,3.07
2015-09-28,3.124
2015-09-25,3.165
2015-09-24,3.134
2015-09-23,3.166
2015-09-22,3.084
2015-09-21,3.154
2015-09-18,3.045
2015-09-17,3.07
2015-09-16,3.085
2015-09-15,3.073
2015-09-14,3.08
2015-09-11,3.124
2015-09-10,3.141
2015-09-09,3.164
2015-09-08,3.164
2015-09-07,3.137
2015-09-04,3.1
2015-09-03,3.143
2015-09-02,3.088
2015-09-01,3.138
2015-08-31,3.202
2015-08-28,3.217
2015-08-27,3.258
2015-08-26,3.209
2015-08-25,3.205
2015-08-24,3.06
2015-08-21,3.291
2015-08-20,3.43
2015-08-19,3.458
2015-08-18,3.534
2015-08-17,3.546
2015-08-14,3.564
2015-08-13,3.581
2015-08-12,3.498
2015-08-11,3.643
2015-08-10,3.752
2015-08-07,3.695
2015-08-06,3.687
2015-08-05,3.66
2015-08-04,3.58
2015-08-03,3.565
2015-07-31,3.475
2015-07-30,3.576
2015-07-29,3.608
2015-07-28,3.613
2015-07-27,3.605
2015-07-24,3.663
2015-07-23,3.704
2015-07-22,3.703
2015-07-21,3.771
2015-07-20,3.809
2015-07-17,3.777
2015-07-16,3.818
2015-07-15,3.694
2015-07-14,3.66
2015-07-13,3.62
2015-07-10,3.537
2015-07-09,3.49
2015-07-08,3.335
2015-07-07,3.3
2015-07-06,3.351
2015-07-03,3.48
2015-07-02,3.509
2015-07-01,3.552
2015-06-30,3.45
2015-06-29,3.469
2015-06-26,3.601
2015-06-25,3.574
2015-06-24,3.592
2015-06-23,3.655
2015-06-22,3.508
2015-06-19,3.47
2015-06-18,3.385
2015-06-17,3.402
2015-06-16,3.454
2015-06-15,3.42
2015-06-12,3.546
2015-06-11,3.628
2015-06-10,3.564
2015-06-09,3.517
2015-06-08,3.523
2015-06-05,3.626
2015-06-04,3.687
2015-06-03,3.816
2015-06-02,3.76
2015-06-01,3.759
2015-05-29,3.776
2015-05-28,3.883
2015-05-27,3.883
2015-05-26,3.805
2015-05-25,3.988
2015-05-22,4.069
2015-05-21,4.053
2015-05-20,4.087
2015-05-19,4.05
2015-05-18,3.966
2015-05-15,3.947
2015-05-14,3.955
2015-05-13,3.948
2015-05-12,3.945
2015-05-11,4.015
2015-05-08,4.044
2015-05-07,4.37
2015-05-06,4.365
2015-05-05,4.375
2015-05-04,4.499
2015-05-01,4.371
2015-04-30,4.371
2015-04-29,4.41
2015-04-28,4.54
2015-04-27,4.61
2015-04-24,4.57
2015-04-23,4.509
2015-04-22,4.57
2015-04-21,4.627
2015-04-20,4.592
2015-04-17,4.62
2015-04-16,4.667
2015-04-15,4.735
2015-04-14,4.664
2015-04-13,4.665
2015-04-10,4.654
2015-04-09,4.682
2015-04-08,4.546
2015-04-07,4.432
2015-04-06,4.22
2015-04-03,4.22
2015-04-02,4.22
2015-04-01,4.215
2015-03-31,4.169
2015-03-30,4.155
2015-03-27,4.19
2015-03-26,4.137
2015-03-25,4.199
2015-03-24,4.22
2015-03-23,4.21
2015-03-20,4.205
2015-03-19,4.122
2015-03-18,4.118
2015-03-17,4.14
2015-03-16,4.169
2015-03-13,4.177
2015-03-12,4.15
2015-03-11,4.117
2015-03-10,3.977
2015-03-09,3.98
2015-03-06,3.972
2015-03-05,3.937
2015-03-04,3.88
2015-03-03,3.908
2015-03-02,3.945
2015-02-27,3.945
2015-02-26,3.89
2015-02-25,3.9
2015-02-24,3.808
2015-02-23,3.735
2015-02-20,3.7
2015-02-19,3.685
2015-02-18,3.684
2015-02-17,3.671
2015-02-16,3.68
2015-02-13,3.719
2015-02-12,3.737
2015-02-11,3.71
2015-02-10,3.678
2015-02-09,3.66
2015-02-06,3.687
2015-02-05,3.674
2015-02-04,3.646
2015-02-03,3.597
2015-02-02,3.534
2015-01-30,3.592
2015-01-29,3.625
2015-01-28,3.505
2015-01-27,3.448
2015-01-26,3.504
2015-01-23,3.461
2015-01-22,3.398
2015-01-21,3.324
2015-01-20,3.27
2015-01-19,3.25
2015-01-16,3.262
2015-01-15,3.26
2015-01-14,3.201
2015-01-13,3.163
2015-01-12,3.109
2015-01-09,3.095
2015-01-08,3.145
2015-01-07,2.946
2015-01-06,2.981
2015-01-05,3.028
2015-01-02,3.06
2015-01-01,3.085
2014-12-31,3.085
2014-12-30,3.045
2014-12-29,3.089
2014-12-26,3.09
2014-12-25,3.09
2014-12-24,3.09
2014-12-23,3.06
2014-12-22,3.031
2014-12-19,2.977
2014-12-18,2.98
2014-12-17,2.9
2014-12-16,2.9
2014-12-15,2.856
2014-12-12,2.905
2014-12-11,2.948
2014-12-10,2.978
2014-12-09,2.983
2014-12-08,3.09
2014-12-05,3.071
2014-12-04,2.988
2014-12-03,2.993
2014-12-02,2.98
2014-12-01,2.976
2014-11-28,2.791
2014-11-27,2.84
2014-11-26,2.897
2014-11-25,2.903
2014-11-24,2.901
2014-11-21,2.883
2014-11-20,2.85
2014-11-19,2.842
2014-11-18,2.853
2014-11-17,2.777
2014-11-14,2.777
2014-11-13,2.795
2014-11-12,2.804
2014-11-11,2.886
2014-11-10,2.88
2014-11-07,2.886
2014-11-06,2.909
2014-11-05,2.94
2014-11-04,2.909
2014-11-03,2.941
2014-10-31,2.966
2014-10-30,2.902
2014-10-29,2.942
2014-10-28,2.983
2014-10-27,2.934
2014-10-24,2.998
2014-10-23,3.043
2014-10-22,2.995
2014-10-21,2.925
2014-10-20,2.828
2014-10-17,2.785
2014-10-16,2.701
2014-10-15,2.825
2014-10-14,2.883
2014-10-13,2.872
2014-10-10,2.847
2014-10-09,2.92
2014-10-08,2.965
2014-10-07,3.063
2014-10-06,3.114
2014-10-03,3.196
2014-10-02,3.09
2014-10-01,3.181
2014-09-30,3.154
2014-09-29,3.002
2014-09-26,3.042
2014-09-25,3.02
2014-09-24,3.02
2014-09-23,3.096
2014-09-22,3.17
2014-09-19,3.149
2014-09-18,3.182
2014-09-17,3.181
2014-09-16,3.202
2014-09-15,3.24
2014-09-12,3.275
2014-09-11,3.268
2014-09-10,3.254
2014-09-09,3.243
2014-09-08,3.298
2014-09-05,3.294
2014-09-04,3.273
2014-09-03,3.249
2014-09-02,3.249
2014-09-01,3.251
2014-08-29,3.283
2014-08-28,3.329
2014-08-27,3.339
2014-08-26,3.315
2014-08-25,3.328
2014-08-22,3.292
2014-08-21,3.313
2014-08-20,3.255
2014-08-19,3.3
2014-08-18,3.281
2014-08-15,3.255
2014-08-14,3.248
2014-08-13,3.231
2014-08-12,3.191
2014-08-11,3.165
2014-08-08,3.182
2014-08-07,3.213
2014-08-06,3.31
2014-08-05,3.401
2014-08-04,3.351
2014-08-01,3.346
2014-07-31,3.43
2014-07-30,3.471
2014-07-29,3.465
2014-07-28,3.44
2014-07-25,3.393
2014-07-24,3.39
2014-07-23,3.399
2014-07-22,3.447
2014-07-21,3.381
2014-07-18,3.379
2014-07-17,3.414
2014-07-16,3.41
2014-07-15,3.375
2014-07-14,3.32
2014-07-11,3.3
2014-07-10,3.244
2014-07-09,3.337
2014-07-08,3.373
2014-07-07,3.423
2014-07-04,3.439
2014-07-03,3.481
2014-07-02,3.381
2014-07-01,3.375
2014-06-30,3.421
2014-06-27,3.427
2014-06-26,3.423
2014-06-25,3.432
2014-06-24,3.445
2014-06-23,3.418
2014-06-20,3.397
2014-06-19,3.489
2014-06-18,3.544
2014-06-17,3.513
2014-06-16,3.474
2014-06-13,3.465
2014-06-12,3.514
2014-06-11,3.555
2014-06-10,3.59
2014-06-09,3.594
2014-06-06,3.762
2014-06-05,3.76
2014-06-04,3.75
2014-06-03,3.7
2014-06-02,3.651
2014-05-30,3.625
2014-05-29,3.57
2014-05-28,3.598
2014-05-27,3.561
2014-05-26,3.573
2014-05-23,3.505
2014-05-22,3.448
2014-05-21,3.432
2014-05-20,3.438
2014-05-19,3.421
2014-05-16,3.369
2014-05-15,3.388
2014-05-14,3.534
2014-05-13,3.542
2014-05-12,3.557
2014-05-09,3.448
2014-05-08,3.47
2014-05-07,3.43
2014-05-06,3.451
2014-05-05,3.469
2014-05-02,3.415
2014-05-01,3.415
2014-04-30,3.415
2014-04-29,3.32
2014-04-28,3.236
2014-04-25,3.216
2014-04-24,3.246
2014-04-23,3.186
2014-04-22,3.218
2014-04-21,3.161
2014-04-18,3.161
2014-04-17,3.161
2014-04-16,3.186
2014-04-15,3.141
2014-04-14,3.195
2014-04-11,3.231
2014-04-10,3.258
2014-04-09,3.351
2014-04-08,3.332
2014-04-07,3.34
2014-04-04,3.389
2014-04-03,3.387
2014-04-02,3.358
2014-04-01,3.379
2014-03-31,3.303
2014-03-28,3.29
2014-03-27,3.307
2014-03-26,3.294
2014-03-25,3.26
2014-03-24,3.218
2014-03-21,3.24
2014-03-20,3.244
2014-03-19,3.261
2014-03-18,3.23
2014-03-17,3.203
2014-03-14,3.153
2014-03-13,3.16
2014-03-12,3.218
2014-03-11,3.24
2014-03-10,3.234
2014-03-07,3.225
2014-03-06,3.221
2014-03-05,3.207
2014-03-04,3.21
2014-03-03,3.148
2014-02-28,3.222
2014-02-27,3.208
2014-02-26,3.18
2014-02-25,3.18
2014-02-24,3.192
2014-02-21,3.165
2014-02-20,3.149
2014-02-19,3.125
2014-02-18,3.135
2014-02-17,3.15
2014-02-14,3.15
2014-02-13,3.13
2014-02-12,3.099
2014-02-11,3.084
2014-02-10,3.061
2014-02-07,3.081
2014-02-06,3.08
2014-02-05,3.01
2014-02-04,2.974
2014-02-03,3.034
2014-01-31,3.08
2014-01-30,3.058
2014-01-29,3.083
2014-01-28,3.06
2014-01-27,3.064
2014-01-24,3.06
2014-01-23,3.036
2014-01-22,3.06
2014-01-21,3.08
2014-01-20,3.103
2014-01-17,3.12
2014-01-16,3.14
2014-01-15,3.191
2014-01-14,3.098
2014-01-13,3.132
2014-01-10,3.14
2014-01-09,3.086
2014-01-08,3.1
2014-01-07,3.099
2014-01-06,2.993
2014-01-03,2.98
2014-01-02,2.95
2014-01-01,2.91
2013-12-31,2.91
2013-12-30,2.888
2013-12-27,2.899
2013-12-26,2.895
2013-12-25,2.895
2013-12-24,2.895
2013-12-23,2.92
2013-12-20,2.94
2013-12-19,2.912
2013-12-18,2.892
2013-12-17,2.872
2013-12-16,2.831
2013-12-13,2.846
2013-12-12,2.898
2013-12-11,2.86
2013-12-10,2.936
2013-12-09,2.93
2013-12-06,2.9
2013-12-05,2.949
2013-12-04,2.914
2013-12-03,2.954
2013-12-02,2.9
2013-11-29,2.89
2013-11-28,2.87
2013-11-27,2.879
2013-11-26,2.865
2013-11-25,2.868
2013-11-22,2.876
2013-11-21,2.885
2013-11-20,2.857
2013-11-19,2.877
2013-11-18,2.891
2013-11-15,2.876
2013-11-14,2.893
2013-11-13,2.87
2013-11-12,2.867
2013-11-11,2.846
2013-11-08,2.838
2013-11-07,2.831
2013-11-06,2.813
2013-11-05,2.751
2013-11-04,2.809
2013-11-01,2.81
2013-10-31,2.84
2013-10-30,2.82
2013-10-29,2.829
2013-10-28,2.802
2013-10-25,2.742
2013-10-24,2.76
2013-10-23,2.789
2013-10-22,2.786
2013-10-21,2.791
2013-10-18,2.775
2013-10-17,2.755
2013-10-16,2.75
2013-10-15,2.751
2013-10-14,2.744
2013-10-11,2.739
2013-10-10,2.765
2013-10-09,2.69
2013-10-08,2.607
2013-10-07,2.629
2013-10-04,2.64
2013-10-03,2.685
2013-10-02,2.709
2013-10-01,2.676
2013-09-30,2.686
2013-09-27,2.72
2013-09-26,2.721
2013-09-25,2.75
2013-09-24,2.717
2013-09-23,2.721
2013-09-20,2.75
2013-09-19,2.718
2013-09-18,2.7
2013-09-17,2.633
2013-09-16,2.65
2013-09-13,2.636
2013-09-12,2.659
2013-09-11,2.65
2013-09-10,2.625
2013-09-09,2.624
2013-09-06,2.646
2013-09-05,2.649
2013-09-04,2.643
2013-09-03,2.624
2013-09-02,2.632
2013-08-30,2.625
2013-08-29,2.645
2013-08-28,2.651
2013-08-27,2.67
2013-08-26,2.651
2013-08-23,2.674
2013-08-22,2.673
2013-08-21,2.666
2013-08-20,2.661
2013-08-19,2.679
2013-08-16,2.662
2013-08-15,2.61
2013-08-14,2.639
2013-08-13,2.661
2013-08-12,2.698
2013-08-09,2.685
2013-08-08,2.663
2013-08-07,2.606
2013-08-06,2.635
2013-08-05,2.645
2013-08-02,2.656
2013-08-01,2.651
2013-07-31,2.662
2013-07-30,2.695
2013-07-29,2.679
2013-07-26,2.682
2013-07-25,2.713
2013-07-24,2.72
2013-07-23,2.65
2013-07-22,2.68
2013-07-19,2.633
2013-07-18,2.697
2013-07-17,2.635
2013-07-16,2.574
2013-07-15,2.57
2013-07-12,2.581
2013-07-11,2.59
2013-07-10,2.553
2013-07-09,2.552
2013-07-08,2.581
2013-07-05,2.528
2013-07-04,2.47
2013-07-03,2.376
2013-07-02,2.53
2013-07-01,2.523
2013-06-28,2.45
2013-06-27,2.435
2013-06-26,2.416
2013-06-25,2.385
2013-06-24,2.243
2013-06-21,2.263
2013-06-20,2.412
2013-06-19,2.502
2013-06-18,2.445
2013-06-17,2.418
2013-06-14,2.388
2013-06-13,2.399
2013-06-12,2.45
2013-06-11,2.474
2013-06-10,2.527
2013-06-07,2.535
2013-06-06,2.533
2013-06-05,2.508
2013-06-04,2.518
2013-06-03,2.529
2013-05-31,2.73
2013-05-30,2.764
2013-05-29,2.765
2013-05-28,2.785
2013-05-27,2.736
2013-05-24,2.703
2013-05-23,2.661
2013-05-22,2.725
2013-05-21,2.7
2013-05-20,2.654
2013-05-17,2.661
2013-05-16,2.655
2013-05-15,2.686
2013-05-14,2.702
2013-05-13,2.755
2013-05-10,2.794
2013-05-09,2.82
2013-05-08,2.82
2013-05-07,2.799
2013-05-06,2.733
2013-05-03,2.772
2013-05-02,2.771
2013-05-01,2.757
2013-04-30,2.757
2013-04-29,2.839
2013-04-26,2.756
2013-04-25,2.703
2013-04-24,2.671
2013-04-23,2.686
2013-04-22,2.69
2013-04-19,2.698
2013-04-18,2.612
2013-04-17,2.59
2013-04-16,2.641
2013-04-15,2.61
2013-04-12,2.606
2013-04-11,2.647
2013-04-10,2.63
2013-04-09,2.593
2013-04-08,2.527
2013-04-05,2.55
2013-04-04,2.628
2013-04-03,2.61
2013-04-02,2.721
2013-04-01,2.684
2013-03-29,2.684
2013-03-28,2.684
2013-03-27,2.737
2013-03-26,2.729
2013-03-25,2.753
2013-03-22,2.744
2013-03-21,2.733
2013-03-20,2.726
2013-03-19,2.699
2013-03-18,2.726
2013-03-15,2.724
2013-03-14,2.84
2013-03-13,2.74
2013-03-12,2.714
2013-03-11,2.727
2013-03-08,2.768
2013-03-07,2.771
2013-03-06,2.764
2013-03-05,2.77
2013-03-04,2.69
2013-03-01,2.732
2013-02-28,2.717
2013-02-27,2.735
2013-02-26,2.713
2013-02-25,2.773
2013-02-22,2.778
2013-02-21,2.782
2013-02-20,2.849
2013-02-19,2.866
2013-02-18,2.838
2013-02-15,2.848
2013-02-14,2.892
2013-02-13,2.9
2013-02-12,2.898
2013-02-11,2.87
2013-02-08,2.83
2013-02-07,2.85
2013-02-06,2.858
2013-02-05,2.824
2013-02-04,2.843
2013-02-01,2.881
2013-01-31,2.846
2013-01-30,2.825
2013-01-29,2.89
2013-01-28,2.88
2013-01-25,2.875
2013-01-24,2.75
2013-01-23,2.662
2013-01-22,2.65
2013-01-21,2.655
2013-01-18,2.603
2013-01-17,2.595
2013-01-16,2.545
2013-01-15,2.553
2013-01-14,2.589
2013-01-11,2.554
2013-01-10,2.557
2013-01-09,2.55
2013-01-08,2.497
2013-01-07,2.459
2013-01-04,2.439
2013-01-03,2.39
2013-01-02,2.329
2013-01-01,2.28
2012-12-31,2.28
2012-12-28,2.28
2012-12-27,2.313
2012-12-26,2.293
2012-12-25,2.293
2012-12-24,2.293
2012-12-21,2.286
2012-12-20,2.29
2012-12-19,2.325
2012-12-18,2.295
2012-12-17,2.289
2012-12-14,2.285
2012-12-13,2.262
2012-12-12,2.28
2012-12-11,2.279
2012-12-10,2.225
2012-12-07,2.225
2012-12-06,2.17
2012-12-05,2.158
2012-12-04,2.115
2012-12-03,2.12
2012-11-30,2.122
2012-11-29,2.11
2012-11-28,2.09
2012-11-27,2.11
2012-11-26,2.11
2012-11-23,2.111
2012-11-22,2.105
2012-11-21,2.085
2012-11-20,2.09
2012-11-19,2.101
2012-11-16,2.09
2012-11-15,2.112
2012-11-14,2.12
2012-11-13,2.108
2012-11-12,2.108
2012-11-09,2.069
2012-11-08,2.12
2012-11-07,2.105
2012-11-06,2.113
2012-11-05,2.098
2012-11-02,2.154
2012-11-01,2.164
2012-10-31,2.15
2012-10-30,2.145
2012-10-29,2.129
2012-10-26,2.128
2012-10-25,2.132
2012-10-24,2.1
2012-10-23,2.099
2012-10-22,2.09
2012-10-19,2.093
2012-10-18,2.082
2012-10-17,2.078
2012-10-16,2.083
2012-10-15,2.09
2012-10-12,2.087
2012-10-11,2.08
2012-10-10,2.098
2012-10-09,2.08
2012-10-08,2.067
2012-10-05,2.065
2012-10-04,2.077
2012-10-03,2.061
2012-10-02,2.08
2012-10-01,2.076
2012-09-28,2.079
2012-09-27,2.07
2012-09-26,2.073
2012-09-25,2.08
2012-09-24,2.066
2012-09-21,2.125
2012-09-20,2.07
2012-09-19,2.09
2012-09-18,2.095
2012-09-17,2.097
2012-09-14,2.108
2012-09-13,2.056
2012-09-12,2.06
2012-09-11,2.065
2012-09-10,2.067
2012-09-07,2.08
2012-09-06,2.082
2012-09-05,2.065
2012-09-04,2.055
2012-09-03,2.087
2012-08-31,2.117
2012-08-30,2.045
2012-08-29,2.065
2012-08-28,2.079
2012-08-27,2.08
2012-08-24,2.058
2012-08-23,2.067
2012-08-22,2.09
2012-08-21,2.06
2012-08-20,2.098
2012-08-17,2.09
2012-08-16,2.075
2012-08-15,2.085
2012-08-14,2.071
2012-08-13,2.061
2012-08-10,2.09
2012-08-09,2.08
2012-08-08,2.045
2012-08-07,2.07
2012-08-06,2.03
2012-08-03,2.03
2012-08-02,1.989
2012-08-01,1.97
2012-07-31,1.996
2012-07-30,1.994
2012-07-27,1.981
2012-07-26,1.999
2012-07-25,1.955
2012-07-24,1.94
2012-07-23,1.958
2012-07-20,1.985
2012-07-19,1.95
2012-07-18,1.93
2012-07-17,1.934
2012-07-16,1.88
2012-07-13,1.887
2012-07-12,1.88
2012-07-11,1.895
2012-07-10,1.93
2012-07-09,1.965
2012-07-06,1.99
2012-07-05,1.994
2012-07-04,1.965
2012-07-03,1.95
2012-07-02,1.926
2012-06-29,1.919
2012-06-28,1.88
2012-06-27,1.88
2012-06-26,1.874
2012-06-25,1.85
2012-06-22,1.89
2012-06-21,1.88
2012-06-20,1.923
2012-06-19,1.93
2012-06-18,1.901
2012-06-15,1.837
2012-06-14,1.75
2012-06-13,1.799
2012-06-12,1.79
2012-06-11,1.785
2012-06-08,1.839
2012-06-07,1.738
2012-06-06,1.745
2012-06-05,1.749
2012-06-04,1.71
2012-06-01,1.721
2012-05-31,1.68
2012-05-30,1.743
2012-05-29,1.78
2012-05-28,1.833
2012-05-25,1.833
2012-05-24,1.77
2012-05-23,1.75
2012-05-22,1.77
2012-05-21,1.75
2012-05-18,1.77
2012-05-17,1.753
2012-05-16,1.773
2012-05-15,1.838
2012-05-14,1.868
2012-05-11,1.899
2012-05-10,1.909
2012-05-09,1.914
2012-05-08,1.885
2012-05-07,1.92
2012-05-04,1.91
2012-05-03,1.923
2012-05-02,1.924
2012-05-01,1.916
2012-04-30,1.916
2012-04-27,1.92
2012-04-26,1.93
2012-04-25,1.93
2012-04-24,1.92
2012-04-23,1.901
2012-04-20,1.93
2012-04-19,1.925
2012-04-18,1.913
2012-04-17,1.93
2012-04-16,2.118
2012-04-13,2.152
2012-04-12,2.13
2012-04-11,2.1
2012-04-10,2.046
2012-04-09,2.04
2012-04-06,2.04
2012-04-05,2.04
2012-04-04,2.06
2012-04-03,2.063
2012-04-02,2.049
2012-03-30,2.019
2012-03-29,2.02
2012-03-28,2.048
2012-03-27,2.052
2012-03-26,2.064
2012-03-23,2.03
2012-03-22,2.032
2012-03-21,2.07
2012-03-20,2.076
2012-03-19,2.069
2012-03-16,2.0
2012-03-15,1.96
2012-03-14,1.977
2012-03-13,1.979
2012-03-12,1.937
2012-03-09,1.974
2012-03-08,1.99
2012-03-07,1.98
2012-03-06,1.961
2012-03-05,2.006
2012-03-02,2.029
2012-03-01,2.016
2012-02-29,2.012
2012-02-28,2.022
2012-02-27,2.006
2012-02-24,1.981
2012-02-23,1.971
2012-02-22,1.984
2012-02-21,1.989
2012-02-20,2.017
2012-02-17,2.015
2012-02-16,1.971
2012-02-15,2.015
2012-02-14,2.012
2012-02-13,2.016
2012-02-10,2.022
2012-02-09,2.037
2012-02-08,1.984
2012-02-07,1.9
2012-02-06,1.905
2012-02-03,1.89
2012-02-02,1.851
2012-02-01,1.85
2012-01-31,1.81
2012-01-30,1.8
2012-01-27,1.855
2012-01-26,1.86
2012-01-25,1.851
2012-01-24,1.84
2012-01-23,1.852
2012-01-20,1.839
2012-01-19,1.857
2012-01-18,1.855
2012-01-17,1.855
2012-01-16,1.87
2012-01-13,1.874
2012-01-12,1.85
2012-01-11,1.862
2012-01-10,1.846
2012-01-09,1.828
2012-01-06,1.862
2012-01-05,1.844
2012-01-04,1.855
2012-01-03,1.894
2012-01-02,1.87
2011-12-30,1.839
2011-12-29,1.84
2011-12-28,1.82
2011-12-27,1.812
2011-12-26,1.75
2011-12-23,1.75
2011-12-22,1.73
2011-12-21,1.74
2011-12-20,1.743
2011-12-19,1.728
2011-12-16,1.715
2011-12-15,1.735
2011-12-14,1.722
2011-12-13,1.755
2011-12-12,1.761
2011-12-09,1.797
2011-12-08,1.787
2011-12-07,1.808
2011-12-06,1.796
2011-12-05,1.8
2011-12-02,1.786
2011-12-01,1.76
2011-11-30,1.8
2011-11-29,1.769
2011-11-28,1.792
2011-11-25,1.767
2011-11-24,1.771
2011-11-23,1.714
2011-11-22,1.711
2011-11-21,1.696
2011-11-18,1.75
2011-11-17,1.766
2011-11-16,1.788
2011-11-15,1.8
2011-11-14,1.82
2011-11-11,1.833
2011-11-10,1.81
2011-11-09,1.774
2011-11-08,1.768
2011-11-07,1.77
2011-11-04,1.776
2011-11-03,1.8
2011-11-02,1.726
2011-11-01,1.771
2011-10-31,1.826
2011-10-28,1.83
2011-10-27,1.861
2011-10-26,1.869
2011-10-25,1.871
2011-10-24,1.893
2011-10-21,1.888
2011-10-20,1.855
2011-10-19,1.858
2011-10-18,1.86
2011-10-17,1.882
2011-10-14,1.87
2011-10-13,1.9
2011-10-12,1.91
2011-10-11,1.905
2011-10-10,1.913
2011-10-07,1.857
2011-10-06,1.835
2011-10-05,1.772
2011-10-04,1.775
2011-10-03,1.799
2011-09-30,1.755
2011-09-29,1.753
2011-09-28,1.746
2011-09-27,1.75
2011-09-26,1.732
2011-09-23,1.72
2011-09-22,1.729
2011-09-21,1.765
2011-09-20,1.765
2011-09-19,1.783
2011-09-16,1.824
2011-09-15,1.804
2011-09-14,1.745
2011-09-13,1.75
2011-09-12,1.751
2011-09-09,1.8
2011-09-08,1.84
2011-09-07,1.829
2011-09-06,1.804
2011-09-05,1.804
2011-09-02,1.839
2011-09-01,1.909
2011-08-31,1.932
2011-08-30,1.831
2011-08-29,1.849
2011-08-26,1.81
2011-08-25,1.83
2011-08-24,1.811
2011-08-23,1.793
2011-08-22,1.82
2011-08-19,1.805
2011-08-18,1.825
2011-08-17,1.897
2011-08-16,1.83
2011-08-15,1.86
2011-08-12,1.807
2011-08-11,1.8
2011-08-10,1.79
2011-08-09,1.765
2011-08-08,1.831
2011-08-05,1.899
2011-08-04,1.939
2011-08-03,2.0
2011-08-02,1.98
2011-08-01,2.014
2011-07-29,2.07
2011-07-28,2.07
2011-07-27,2.1
2011-07-26,2.14
2011-07-25,2.17
2011-07-22,2.21
2011-07-21,2.17
2011-07-20,2.187
2011-07-19,2.13
2011-07-18,2.08
2011-07-15,2.16
2011-07-14,2.183
2011-07-13,2.205
2011-07-12,2.234
2011-07-11,2.2
2011-07-08,2.24
2011-07-07,2.28
2011-07-06,2.26
2011-07-05,2.301
2011-07-04,2.32
2011-07-01,2.285
2011-06-30,2.292
2011-06-29,2.28
2011-06-28,2.22
2011-06-27,2.206
2011-06-24,2.178
2011-06-23,2.171
2011-06-22,2.205
2011-06-21,2.227
2011-06-20,2.175
2011-06-17,2.195
2011-06-16,2.243
2011-06-15,2.262
2011-06-14,2.296
2011-06-13,2.255
2011-06-10,2.296
2011-06-09,2.318
2011-06-08,2.303
2011-06-07,2.335
2011-06-06,2.38
2011-06-03,2.4
2011-06-02,2.397
2011-06-01,2.38
2011-05-31,2.41
2011-05-30,2.424
2011-05-27,2.457
2011-05-26,2.447
2011-05-25,2.47
2011-05-24,2.475
2011-05-23,2.452
2011-05-20,2.484
2011-05-19,2.48
2011-05-18,2.458
2011-05-17,2.458
2011-05-16,2.476
2011-05-13,2.48
2011-05-12,2.497
2011-05-11,2.495
2011-05-10,2.499
2011-05-09,2.499
2011-05-06,2.484
2011-05-05,2.447
2011-05-04,2.456
2011-05-03,2.528
2011-05-02,2.524
2011-04-29,2.528
2011-04-28,2.505
2011-04-27,2.48
2011-04-26,2.477
2011-04-25,2.499
2011-04-22,2.499
2011-04-21,2.499
2011-04-20,2.5
2011-04-19,2.495
2011-04-18,2.462
2011-04-15,2.492
2011-04-14,2.471
2011-04-13,2.487
2011-04-12,2.485
2011-04-11,2.517
2011-04-08,2.514
2011-04-07,2.51
2011-04-06,2.488
2011-04-05,2.468
2011-04-04,2.503
2011-04-01,2.49
2011-03-31,2.479
2011-03-30,2.486
2011-03-29,2.46
2011-03-28,2.469
2011-03-25,2.472
2011-03-24,2.465
2011-03-23,2.46
2011-03-22,2.517
2011-03-21,2.55
2011-03-18,2.518
2011-03-17,2.5
2011-03-16,2.49
2011-03-15,2.487
2011-03-14,2.528
2011-03-11,2.538
2011-03-10,2.528
2011-03-09,2.55
2011-03-08,2.549
2011-03-07,2.545
2011-03-04,2.54
2011-03-03,2.53
2011-03-02,2.545
2011-03-01,2.55
2011-02-28,2.565
2011-02-25,2.52
2011-02-24,2.488
2011-02-23,2.48
2011-02-22,2.503
2011-02-21,2.518
2011-02-18,2.551
2011-02-17,2.565
2011-02-16,2.558
2011-02-15,2.549
2011-02-14,2.553
2011-02-11,2.554
2011-02-10,2.545
2011-02-09,2.57
2011-02-08,2.536
2011-02-07,2.517
2011-02-04,2.49
2011-02-03,2.49
2011-02-02,2.5
2011-02-01,2.51
2011-01-31,2.479
2011-01-28,2.465
2011-01-27,2.459
2011-01-26,2.429
2011-01-25,2.409
2011-01-24,2.428
2011-01-21,2.39
2011-01-20,2.347
2011-01-19,2.354
2011-01-18,2.35
2011-01-17,2.331
2011-01-14,2.325
2011-01-13,2.35
2011-01-12,2.351
2011-01-11,2.32
2011-01-10,2.299
2011-01-07,2.331
2011-01-06,2.372
2011-01-05,2.34
2011-01-04,2.318
2011-01-03,2.306
2010-12-31,2.276
2010-12-30,2.291
2010-12-29,2.315
2010-12-28,2.309
2010-12-27,2.3
2010-12-24,2.3
2010-12-23,2.303
2010-12-22,2.289
2010-12-21,2.411
2010-12-20,2.415
2010-12-17,2.389
2010-12-16,2.396
2010-12-15,2.394
2010-12-14,2.377
2010-12-13,2.389
2010-12-10,2.381
2010-12-09,2.369
2010-12-08,2.38
2010-12-07,2.372
2010-12-06,2.37
2010-12-03,2.365
2010-12-02,2.349
2010-12-01,2.333
2010-11-30,2.26
2010-11-29,2.325
2010-11-26,2.335
2010-11-25,2.352
2010-11-24,2.327
2010-11-23,2.321
2010-11-22,2.36
2010-11-19,2.401
2010-11-18,2.4
2010-11-17,2.385
2010-11-16,2.315
2010-11-15,2.299
2010-11-12,2.242
2010-11-11,2.245
2010-11-10,2.299
2010-11-09,2.323
2010-11-08,2.294
2010-11-05,2.317
2010-11-04,2.374
2010-11-03,2.35
2010-11-02,2.373
2010-11-01,2.375
2010-10-29,2.393
2010-10-28,2.38
2010-10-27,2.322
2010-10-26,2.36
2010-10-25,2.327
2010-10-22,2.291
2010-10-21,2.297
2010-10-20,2.269
2010-10-19,2.266
2010-10-18,2.258
2010-10-15,2.265
2010-10-14,2.267
2010-10-13,2.265
2010-10-12,2.239
2010-10-11,2.21
2010-10-08,2.21
2010-10-07,2.249
2010-10-06,2.219
2010-10-05,2.205
2010-10-04,2.121
2010-10-01,2.18
2010-09-30,2.165
2010-09-29,2.159
2010-09-28,2.165
2010-09-27,2.17
2010-09-24,2.175
2010-09-23,2.161
2010-09-22,2.141
2010-09-21,2.18
2010-09-20,2.145
2010-09-17,2.17
2010-09-16,2.18
2010-09-15,2.199
2010-09-14,2.22
2010-09-13,2.225
2010-09-10,2.213
2010-09-09,2.238
2010-09-08,2.207
2010-09-07,2.23
2010-09-06,2.21
2010-09-03,2.21
2010-09-02,2.206
2010-09-01,2.196
2010-08-31,2.18
2010-08-30,2.209
2010-08-27,2.188
2010-08-26,2.182
2010-08-25,2.169
2010-08-24,2.174
2010-08-23,2.217
2010-08-20,2.203
2010-08-19,2.21
2010-08-18,2.22
2010-08-17,2.206
2010-08-16,2.187
2010-08-13,2.18
2010-08-12,2.17
2010-08-11,2.175
2010-08-10,2.209
2010-08-09,2.23
2010-08-06,2.2
2010-08-05,2.23
2010-08-04,2.23
2010-08-03,2.214
2010-08-02,2.218
2010-07-30,2.201
2010-07-29,2.205
2010-07-28,2.21
2010-07-27,2.157
2010-07-26,2.17
2010-07-23,2.123
2010-07-22,2.17
2010-07-21,2.14
2010-07-20,2.105
2010-07-19,2.08
2010-07-16,2.055
2010-07-15,2.093
2010-07-14,2.093
2010-07-13,2.1
2010-07-12,2.092
2010-07-09,2.085
2010-07-08,2.137
2010-07-07,2.128
2010-07-06,2.14
2010-07-05,2.059
2010-07-02,2.056
2010-07-01,2.088
2010-06-30,2.119
2010-06-29,2.104
2010-06-28,2.149
2010-06-25,2.1
2010-06-24,2.108
2010-06-23,2.177
2010-06-22,2.24
2010-06-21,2.199
2010-06-18,2.16
2010-06-17,2.032
2010-06-16,2.036
2010-06-15,2.039
2010-06-14,2.03
2010-06-11,2.018
2010-06-10,1.974
2010-06-09,1.936
2010-06-08,1.92
2010-06-07,1.929
2010-06-04,1.953
2010-06-03,1.993
2010-06-02,1.966
2010-06-01,1.978
2010-05-31,1.979
2010-05-28,2.015
2010-05-27,1.988
2010-05-26,1.89
2010-05-25,1.937
2010-05-24,1.999
2010-05-21,1.99
2010-05-20,1.983
2010-05-19,1.995
2010-05-18,2.022
2010-05-17,1.997
2010-05-14,2.015
2010-05-13,2.028
2010-05-12,2.036
2010-05-10,2.018
2010-05-07,1.911
2010-05-06,1.965
2010-05-05,1.979
2010-05-04,1.935
2010-05-03,2.029
2010-04-30,2.015
2010-04-29,2.001
2010-04-28,1.88
2010-04-27,1.91
2010-04-26,2.041
2010-04-23,2.03
2010-04-22,1.95
2010-04-21,1.964
2010-04-20,2.05
2010-04-19,2.016
2010-04-16,2.05
2010-04-15,2.089
2010-04-14,2.089
2010-04-13,2.085
2010-04-12,2.1
2010-04-09,2.113
2010-04-08,2.15
2010-04-07,2.156
2010-04-06,2.155
2010-04-05,2.129
2010-04-02,2.129
2010-04-01,2.129
2010-03-31,2.11
2010-03-30,2.13
2010-03-29,2.139
2010-03-26,2.16
2010-03-25,2.12
2010-03-24,2.085
2010-03-23,2.048
2010-03-22,2.035
2010-03-19,1.968
2010-03-18,2.03
2010-03-17,2.054
2010-03-16,2.05
2010-03-15,2.048
2010-03-12,2.028
2010-03-11,2.056
2010-03-10,1.961
2010-03-09,1.893
2010-03-08,1.919
2010-03-05,1.934
2010-03-04,1.897
2010-03-03,1.919
2010-03-02,1.879
2010-03-01,1.866
2010-02-26,1.84
2010-02-25,1.824
2010-02-24,1.842
2010-02-23,1.853
2010-02-22,1.86
2010-02-19,1.844
2010-02-18,1.827
2010-02-17,1.825
2010-02-16,1.83
2010-02-15,1.847
2010-02-12,1.874
2010-02-11,1.865
2010-02-10,1.884
2010-02-09,1.88
2010-02-08,1.866
2010-02-05,1.837
2010-02-04,1.865
2010-02-03,1.985
2010-02-02,2.013
2010-02-01,1.989
2010-01-29,1.907
2010-01-28,1.931
2010-01-27,1.931
2010-01-26,1.922
2010-01-25,1.936
2010-01-22,1.93
2010-01-21,1.956
2010-01-20,1.999
2010-01-19,2.02
2010-01-18,2.02
2010-01-15,2.0
2010-01-14,2.023
2010-01-13,2.002
2010-01-12,2.003
2010-01-11,2.045
2010-01-08,2.049
2010-01-07,2.044
2010-01-06,2.045
2010-01-05,2.049
2010-01-04,2.005
2009-12-31,1.979
2009-12-30,1.95
2009-12-29,1.92
2009-12-28,1.893
2009-12-24,1.89
2009-12-23,1.88
2009-12-22,1.851
2009-12-21,1.866
2009-12-18,1.88
2009-12-17,1.907
2009-12-16,1.939
2009-12-15,1.899
2009-12-14,1.904
2009-12-11,1.897
2009-12-10,1.876
2009-12-09,1.869
2009-12-08,1.912
2009-12-07,1.913
2009-12-04,1.91
2009-12-03,1.906
2009-12-02,1.89
2009-12-01,1.91
2009-11-30,1.89
2009-11-27,1.913
2009-11-26,1.896
2009-11-25,1.93
2009-11-24,1.944
2009-11-23,1.944
2009-11-20,1.904
2009-11-19,1.933
2009-11-18,1.942
2009-11-17,1.926
2009-11-16,1.94
2009-11-13,1.93
2009-11-12,1.938
2009-11-11,1.938
2009-11-10,1.935
2009-11-09,1.948
2009-11-06,1.922
2009-11-05,1.93
2009-11-04,1.924
2009-11-03,1.91
2009-11-02,1.912
2009-10-30,1.92
2009-10-29,1.917
2009-10-28,1.89
2009-10-27,1.96
2009-10-26,2.0
2009-10-23,2.02
2009-10-22,2.019
2009-10-21,2.04
2009-10-20,2.08
2009-10-19,2.083
2009-10-16,2.079
2009-10-15,2.079
2009-10-14,2.086
2009-10-13,2.075
2009-10-12,2.1
2009-10-09,2.079
2009-10-08,2.088
2009-10-07,2.068
2009-10-06,2.063
2009-10-05,2.05
2009-10-02,2.032
2009-10-01,2.07
2009-09-30,2.098
2009-09-29,2.081
2009-09-28,2.1
2009-09-25,2.095
2009-09-24,2.062
2009-09-23,2.097
2009-09-22,2.034
2009-09-21,2.018
2009-09-18,2.02
2009-09-17,1.99
2009-09-16,1.985
2009-09-15,1.985
2009-09-14,1.932
2009-09-11,1.947
2009-09-10,1.95
2009-09-09,1.94
2009-09-08,1.915
2009-09-07,1.915
2009-09-04,1.857
2009-09-03,1.842
2009-09-02,1.82
2009-09-01,1.851
2009-08-31,1.9
2009-08-28,1.925
2009-08-27,1.932
2009-08-26,1.93
2009-08-25,1.908
2009-08-24,1.91
2009-08-21,1.925
2009-08-20,1.866
2009-08-19,1.79
2009-08-18,1.793
2009-08-17,1.78
2009-08-14,1.775
2009-08-13,1.765
2009-08-12,1.76
2009-08-11,1.761
2009-08-10,1.77
2009-08-07,1.766
2009-08-06,1.76
2009-08-05,1.758
2009-08-04,1.731
2009-08-03,1.731
2009-07-31,1.719
2009-07-30,1.71
2009-07-29,1.706
2009-07-28,1.695
2009-07-27,1.69
2009-07-24,1.667
2009-07-23,1.671
2009-07-22,1.671
2009-07-21,1.671
2009-07-20,1.7
2009-07-17,1.717
2009-07-16,1.71
2009-07-15,1.69
2009-07-14,1.67
2009-07-13,1.665
2009-07-10,1.66
2009-07-09,1.68
2009-07-08,1.68
2009-07-07,1.704
2009-07-06,1.718
2009-07-03,1.724
2009-07-02,1.748
2009-07-01,1.745
2009-06-30,1.745
2009-06-29,1.735
2009-06-26,1.735
2009-06-25,1.735
2009-06-24,1.75
2009-06-23,1.735
2009-06-22,1.73
2009-06-19,1.75
2009-06-18,1.68
2009-06-17,1.68
2009-06-16,1.701
2009-06-15,1.74
2009-06-12,1.75
2009-06-11,1.754
2009-06-10,1.765
2009-06-09,1.75
2009-06-08,1.74
2009-06-05,1.75
2009-06-04,1.72
2009-06-03,1.75
2009-06-02,1.745
2009-06-01,1.74
2009-05-29,1.68
2009-05-28,1.705
2009-05-27,1.73
2009-05-26,1.72
2009-05-25,1.71
2009-05-22,1.729
2009-05-21,1.725
2009-05-20,1.75
2009-05-19,1.745
2009-05-18,1.718
2009-05-15,1.694
2009-05-14,1.695
2009-05-13,1.68
2009-05-12,1.688
2009-05-11,1.694
2009-05-08,1.71
2009-05-07,1.72
2009-05-06,1.65
2009-05-05,1.629
2009-05-04,1.635
2009-05-01,1.623
2009-04-30,1.623
2009-04-29,1.557
2009-04-28,1.47
2009-04-27,1.498
2009-04-24,1.51
2009-04-23,1.445
2009-04-22,1.445
2009-04-21,1.441
2009-04-20,1.457
2009-04-17,1.462
2009-04-16,1.461
2009-04-15,1.438
2009-04-14,1.418
2009-04-13,1.399
2009-04-10,1.399
2009-04-09,1.399
2009-04-08,1.39
2009-04-07,1.389
2009-04-06,1.4
2009-04-03,1.39
2009-04-02,1.386
2009-04-01,1.362
2009-03-31,1.444
2009-03-30,1.424
2009-03-27,1.45
2009-03-26,1.47
2009-03-25,1.45
2009-03-24,1.419
2009-03-23,1.38
2009-03-20,1.35
2009-03-19,1.375
2009-03-18,1.393
2009-03-17,1.391
2009-03-16,1.422
2009-03-13,1.41
2009-03-12,1.405
2009-03-11,1.4
2009-03-10,1.41
2009-03-09,1.419
2009-03-06,1.414
2009-03-05,1.422
2009-03-04,1.452
2009-03-03,1.457
2009-03-02,1.468
2009-02-27,1.463
2009-02-26,1.458
2009-02-25,1.443
2009-02-24,1.43
2009-02-23,1.41
2009-02-20,1.39
2009-02-19,1.391
2009-02-18,1.367
2009-02-17,1.408
2009-02-16,1.43
2009-02-13,1.459
2009-02-12,1.455
2009-02-11,1.46
2009-02-10,1.47
2009-02-09,1.461
2009-02-06,1.465
2009-02-05,1.449
2009-02-04,1.45
2009-02-03,1.45
2009-02-02,1.45
2009-01-30,1.477
2009-01-29,1.465
2009-01-28,1.489
2009-01-27,1.46
2009-01-26,1.455
2009-01-23,1.448
2009-01-22,1.439
2009-01-21,1.425
2009-01-20,1.422
2009-01-19,1.442
2009-01-16,1.465
2009-01-15,1.435
2009-01-14,1.45
2009-01-13,1.474
2009-01-12,1.481
2009-01-09,1.491
2009-01-08,1.479
2009-01-07,1.492
2009-01-06,1.518
2009-01-05,1.498
2009-01-02,1.51
2009-01-01,1.549
2008-12-31,1.549
2008-12-30,1.536
2008-12-29,1.459
2008-12-26,1.45
2008-12-25,1.45
2008-12-24,1.45
2008-12-23,1.443
2008-12-22,1.43
2008-12-19,1.438
2008-12-18,1.44
2008-12-17,1.42
2008-12-16,1.42
2008-12-15,1.44
2008-12-12,1.45
2008-12-11,1.451
2008-12-10,1.45
2008-12-09,1.474
2008-12-08,1.5
2008-12-05,1.45
2008-12-04,1.465
2008-12-03,1.469
2008-12-02,1.441
2008-12-01,1.45
2008-11-28,1.45
2008-11-27,1.48
2008-11-26,1.547
2008-11-25,1.546
2008-11-24,1.575
2008-11-21,1.53
2008-11-20,1.551
2008-11-19,1.62
2008-11-18,1.64
2008-11-17,1.605
2008-11-14,1.595
2008-11-13,1.6
2008-11-12,1.6
2008-11-11,1.6
2008-11-10,1.641
2008-11-07,1.66
2008-11-06,1.62
2008-11-05,1.647
2008-11-04,1.69
2008-11-03,1.671
2008-10-31,1.679
2008-10-30,1.624
2008-10-29,1.68
2008-10-28,1.601
2008-10-27,1.6
2008-10-24,1.649
2008-10-23,1.699
2008-10-22,1.682
2008-10-21,1.714
2008-10-20,1.7
2008-10-17,1.728
2008-10-16,1.653
2008-10-15,1.69
2008-10-14,1.83
2008-10-13,1.77
2008-10-10,1.61
2008-10-09,1.645
2008-10-08,1.673
2008-10-07,1.72
2008-10-06,1.77
2008-10-03,1.835
2008-10-02,1.81
2008-10-01,1.84
2008-09-30,1.843
2008-09-29,1.845
2008-09-26,1.931
2008-09-25,1.995
2008-09-24,1.973
2008-09-23,1.994
2008-09-22,2.072
2008-09-19,2.129
2008-09-18,1.982
2008-09-17,2.082
2008-09-16,2.123
2008-09-15,2.146
2008-09-12,2.168
2008-09-11,2.164
2008-09-10,2.164
2008-09-09,2.16
2008-09-08,2.2
2008-09-05,2.131
2008-09-04,2.175
2008-09-03,2.15
2008-09-02,2.1
2008-09-01,2.061
2008-08-29,2.03
2008-08-28,2.03
2008-08-27,1.99
2008-08-26,2.05
2008-08-25,2.08
2008-08-22,2.07
2008-08-21,2.05
2008-08-20,2.04
2008-08-19,2.03
2008-08-18,2.12
2008-08-15,2.14
2008-08-14,2.13
2008-08-13,2.1
2008-08-12,2.11
2008-08-11,2.14
2008-08-08,2.09
2008-08-07,2.06
2008-08-06,1.96
2008-08-05,1.89
2008-08-04,1.82
2008-08-01,1.81
2008-07-31,1.84
2008-07-30,1.91
2008-07-29,1.88
2008-07-28,1.8
2008-07-25,1.85
2008-07-24,1.87
2008-07-23,1.93
2008-07-22,1.89
2008-07-21,1.92
2008-07-18,1.87
2008-07-17,1.84
2008-07-16,1.82
2008-07-15,1.84
2008-07-14,1.94
2008-07-11,1.96
2008-07-10,1.98
2008-07-09,2.0
2008-07-08,1.97
2008-07-07,1.96
2008-07-04,1.94
2008-07-03,1.97
2008-07-02,1.96
2008-07-01,1.92
2008-06-30,2.03
2008-06-27,1.98
2008-06-26,1.99
2008-06-25,2.05
2008-06-24,1.95
2008-06-23,1.96
2008-06-20,2.0
2008-06-19,2.07
2008-06-18,2.16
2008-06-17,2.2
2008-06-16,2.19
2008-06-13,2.18
2008-06-12,2.18
2008-06-11,2.19
2008-06-10,2.23
2008-06-09,2.21
2008-06-06,2.25
2008-06-05,2.22
2008-06-04,2.22
2008-06-03,2.26
2008-06-02,2.2
2008-05-30,2.26
2008-05-29,2.25
2008-05-28,2.25
2008-05-27,2.26
2008-05-26,2.35
2008-05-23,2.37
2008-05-22,2.4
2008-05-21,2.41
2008-05-20,2.42
2008-05-19,2.43
2008-05-16,2.42
2008-05-15,2.38
2008-05-14,2.39
2008-05-13,2.4
2008-05-12,2.41
2008-05-09,2.41
2008-05-08,2.38
2008-05-07,2.38
2008-05-06,2.38
2008-05-05,2.4
2008-05-02,2.42
2008-05-01,2.43
2008-04-30,2.43
2008-04-29,2.42
2008-04-28,2.44
2008-04-25,2.44
2008-04-24,2.4
2008-04-23,2.41
2008-04-22,2.4
2008-04-21,2.42
2008-04-18,2.44
2008-04-17,2.43
2008-04-16,2.37
2008-04-15,2.32
2008-04-14,2.33
2008-04-11,2.32
2008-04-10,2.29
2008-04-09,2.21
2008-04-08,2.18
2008-04-07,2.17
2008-04-04,2.16
2008-04-03,2.18
2008-04-02,2.19
2008-04-01,2.23
2008-03-31,2.23
2008-03-28,2.22
2008-03-27,2.22
2008-03-26,2.17
2008-03-25,2.14
2008-03-24,2.11
2008-03-21,2.11
2008-03-20,2.11
2008-03-19,2.11
2008-03-18,2.1
2008-03-17,2.01
2008-03-14,2.08
2008-03-13,2.05
2008-03-12,2.1
2008-03-11,2.11
2008-03-10,2.1
2008-03-07,2.1
2008-03-06,2.1
2008-03-05,2.09
2008-03-04,2.07
2008-03-03,2.06
2008-02-29,2.1
2008-02-28,2.08
2008-02-27,2.09
2008-02-26,2.14
2008-02-25,2.15
2008-02-22,2.14
2008-02-21,2.17
2008-02-20,2.14
2008-02-19,2.17
2008-02-18,2.21
2008-02-15,2.2
2008-02-14,2.21
2008-02-13,2.09
2008-02-12,2.12
2008-02-11,2.11
2008-02-08,2.14
2008-02-07,2.07
2008-02-06,2.11
2008-02-05,2.01
2008-02-04,2.1
2008-02-01,2.01
2008-01-31,1.93
2008-01-30,1.96
2008-01-29,1.96
2008-01-28,1.92
2008-01-25,1.92
2008-01-24,1.84
2008-01-23,1.79
2008-01-22,1.8
2008-01-21,1.8
2008-01-18,1.94
2008-01-17,1.95
2008-01-16,1.96
2008-01-15,2.01
2008-01-14,2.07
2008-01-11,2.1
2008-01-10,2.12
2008-01-09,2.18
2008-01-08,2.25
2008-01-07,2.22
2008-01-04,2.2
2008-01-03,2.17
2008-01-02,2.18
2008-01-01,2.23
2007-12-31,2.23
2007-12-28,2.25
2007-12-27,2.29
2007-12-26,2.32
2007-12-25,2.32
2007-12-24,2.32
2007-12-21,2.31
2007-12-20,2.28
2007-12-19,2.37
2007-12-18,2.37
2007-12-17,2.37
2007-12-14,2.37
2007-12-13,2.35
2007-12-12,2.52
2007-12-11,2.55
2007-12-10,2.57
2007-12-07,2.57
2007-12-06,2.51
2007-12-05,2.52
2007-12-04,2.51
2007-12-03,2.45
2007-11-30,2.42
2007-11-29,2.34
2007-11-28,2.36
2007-11-27,2.32
2007-11-26,2.32
2007-11-23,2.32
2007-11-22,2.27
2007-11-21,2.27
2007-11-20,2.28
2007-11-19,2.32
2007-11-16,2.4
2007-11-15,2.43
2007-11-14,2.46
2007-11-13,2.42
2007-11-12,2.44
2007-11-09,2.47
2007-11-08,2.53
2007-11-07,2.49
2007-11-06,2.54
2007-11-05,2.56
2007-11-02,2.58
2007-11-01,2.6
2007-10-31,2.63
2007-10-30,2.59
2007-10-29,2.57
2007-10-26,2.54
2007-10-25,2.56
2007-10-24,2.56
2007-10-23,2.59
2007-10-22,2.57
2007-10-19,2.63
2007-10-18,2.65
2007-10-17,2.66
2007-10-16,2.65
2007-10-15,2.67
2007-10-12,2.76
2007-10-11,2.77
2007-10-10,2.76
2007-10-09,2.75
2007-10-08,2.7
2007-10-05,2.65
2007-10-04,2.65
2007-10-03,2.69
2007-10-02,2.66
2007-10-01,2.63
2007-09-28,2.59
2007-09-27,2.59
2007-09-26,2.58
2007-09-25,2.58
2007-09-24,2.65
2007-09-21,2.66
2007-09-20,2.65
2007-09-19,2.68
2007-09-18,2.56
2007-09-17,2.5
2007-09-14,2.6
2007-09-13,2.64
2007-09-12,2.67
2007-09-11,2.7
2007-09-10,2.67
2007-09-07,2.71
2007-09-06,2.82
2007-09-05,2.82
2007-09-04,2.85
2007-09-03,2.85
2007-08-31,2.83
2007-08-30,2.82
2007-08-29,2.8
2007-08-28,2.77
2007-08-27,2.84
2007-08-24,2.85
2007-08-23,2.86
2007-08-22,2.83
2007-08-21,2.84
2007-08-20,2.81
2007-08-17,2.66
2007-08-16,2.56
2007-08-15,2.79
2007-08-14,2.82
2007-08-13,2.86
2007-08-10,2.83
2007-08-09,2.95
2007-08-08,3.01
2007-08-07,3.01
2007-08-06,3.05
2007-08-03,3.06
2007-08-02,3.06
2007-08-01,3.04
2007-07-31,3.08
2007-07-30,3.08
2007-07-27,3.04
2007-07-26,3.05
2007-07-25,3.12
2007-07-24,3.13
2007-07-23,3.15
2007-07-20,3.15
2007-07-19,3.16
2007-07-18,3.12
2007-07-17,3.13
2007-07-16,3.13
2007-07-13,3.11
2007-07-12,3.13
2007-07-11,3.11
2007-07-10,3.12
2007-07-09,3.16
2007-07-06,3.13
2007-07-05,3.12
2007-07-04,3.15
2007-07-03,3.08
2007-07-02,3.02
2007-06-29,3.0
2007-06-28,2.92
2007-06-27,2.87
2007-06-26,2.86
2007-06-25,2.85
2007-06-22,2.85
2007-06-21,2.84
2007-06-20,2.86
2007-06-19,2.86
2007-06-18,2.86
2007-06-15,2.88
2007-06-14,2.89
2007-06-13,2.88
2007-06-12,2.84
2007-06-11,2.86
2007-06-08,2.87
2007-06-07,2.8
2007-06-06,2.89
2007-06-05,2.93
2007-06-04,2.92
2007-06-01,2.94
2007-05-31,2.94
2007-05-30,2.91
2007-05-29,2.94
2007-05-28,2.92
2007-05-25,2.88
2007-05-24,2.89
2007-05-23,2.92
2007-05-22,2.9
2007-05-21,2.84
2007-05-18,2.84
2007-05-17,2.85
2007-05-16,2.83
2007-05-15,2.85
2007-05-14,2.84
2007-05-11,2.84
2007-05-10,2.85
2007-05-09,2.86
2007-05-08,2.85
2007-05-07,2.84
2007-05-04,2.85
2007-05-03,2.83
2007-05-02,2.78
2007-05-01,2.81
2007-04-30,2.81
2007-04-27,2.78
2007-04-26,2.81
2007-04-25,2.76
2007-04-24,2.75
2007-04-23,2.79
2007-04-20,2.76
2007-04-19,2.72
2007-04-18,2.72
2007-04-17,2.72
2007-04-16,2.72
2007-04-13,2.69
2007-04-12,2.69
2007-04-11,2.7
2007-04-10,2.7
2007-04-09,2.76
2007-04-06,2.76
2007-04-05,2.76
2007-04-04,2.79
2007-04-03,2.77
2007-04-02,2.65
2007-03-30,2.64
2007-03-29,2.64
2007-03-28,2.62
2007-03-27,2.61
2007-03-26,2.64
2007-03-23,2.64
2007-03-22,2.64
2007-03-21,2.62
2007-03-20,2.62
2007-03-19,2.62
2007-03-16,2.6
2007-03-15,2.61
2007-03-14,2.58
2007-03-13,2.62
2007-03-12,2.64
2007-03-09,2.66
2007-03-08,2.67
2007-03-07,2.64
2007-03-06,2.61
2007-03-05,2.53
2007-03-02,2.62
2007-03-01,2.63
2007-02-28,2.66
2007-02-27,2.71
2007-02-26,2.84
2007-02-23,2.81
2007-02-22,2.77
2007-02-21,2.78
2007-02-20,2.78
2007-02-19,2.77
2007-02-16,2.75
2007-02-15,2.75
2007-02-14,2.77
2007-02-13,2.75
2007-02-12,2.77
2007-02-09,2.67
2007-02-08,2.65
2007-02-07,2.64
2007-02-06,2.65
2007-02-05,2.64
2007-02-02,2.64
2007-02-01,2.63
2007-01-31,2.62
2007-01-30,2.66
2007-01-29,2.66
2007-01-26,2.59
2007-01-25,2.59
2007-01-24,2.6
2007-01-23,2.54
2007-01-22,2.57
2007-01-19,2.6
2007-01-18,2.62
2007-01-17,2.61
2007-01-16,2.64
2007-01-15,2.59
2007-01-12,2.46
2007-01-11,2.45
2007-01-10,2.41
2007-01-09,2.4
2007-01-08,2.4
2007-01-05,2.4
2007-01-04,2.41
2007-01-03,2.4
2007-01-02,2.39
2007-01-01,2.4
2006-12-29,2.4
2006-12-28,2.38
2006-12-27,2.38
2006-12-26,2.39
2006-12-25,2.39
2006-12-22,2.39
2006-12-21,2.39
2006-12-20,2.37
2006-12-19,2.37
2006-12-18,2.37
2006-12-15,2.37
2006-12-14,2.37
2006-12-13,2.35
2006-12-12,2.36
2006-12-11,2.35
2006-12-08,2.36
2006-12-07,2.37
2006-12-06,2.37
2006-12-05,2.37
2006-12-04,2.35
2006-12-01,2.33
2006-11-30,2.32
2006-11-29,2.33
2006-11-28,2.29
2006-11-27,2.3
2006-11-24,2.29
2006-11-23,2.27
2006-11-22,2.24
2006-11-21,2.24
2006-11-20,2.24
2006-11-17,2.25
2006-11-16,2.25
2006-11-15,2.25
2006-11-14,2.24
2006-11-13,2.29
2006-11-10,2.23
2006-11-09,2.31
2006-11-08,2.3
2006-11-07,2.27
2006-11-06,2.22
2006-11-03,2.21
2006-11-02,2.2
2006-11-01,2.28
2006-10-31,2.28
2006-10-30,2.28
2006-10-27,2.28
2006-10-26,2.28
2006-10-25,2.25
2006-10-24,2.25
2006-10-23,2.25
2006-10-20,2.25
2006-10-19,2.23
2006-10-18,2.22
2006-10-17,2.23
2006-10-16,2.2
2006-10-13,2.21
2006-10-12,2.34
2006-10-11,2.25
2006-10-10,2.26
2006-10-09,2.24
2006-10-06,2.23
2006-10-05,2.19
2006-10-04,2.18
2006-10-03,2.19
2006-10-02,2.18
2006-09-29,2.17
2006-09-28,2.19
2006-09-27,2.2
2006-09-26,2.18
2006-09-25,2.2
2006-09-22,2.23
2006-09-21,2.27
2006-09-20,2.27
2006-09-19,2.27
2006-09-18,2.27
2006-09-15,2.27
2006-09-14,2.28
2006-09-13,2.29
2006-09-12,2.29
2006-09-11,2.33
2006-09-08,2.33
2006-09-07,2.34
2006-09-06,2.34
2006-09-05,2.34
2006-09-04,2.34
2006-09-01,2.33
2006-08-31,2.33
2006-08-30,2.34
2006-08-29,2.33
2006-08-28,2.33
2006-08-25,2.33
2006-08-24,2.32
2006-08-23,2.3
2006-08-22,2.28
2006-08-21,2.28
2006-08-18,2.27
2006-08-17,2.28
2006-08-16,2.25
2006-08-15,2.24
2006-08-14,2.21
2006-08-11,2.2
2006-08-10,2.2
2006-08-09,2.2
2006-08-08,2.2
2006-08-07,2.18
2006-08-04,2.17
2006-08-03,2.13
2006-08-02,2.13
2006-08-01,2.12
2006-07-31,2.12
2006-07-28,2.12
2006-07-27,2.12
2006-07-26,2.12
2006-07-25,2.13
2006-07-24,2.13
2006-07-21,2.13
2006-07-20,2.14
2006-07-19,2.14
2006-07-18,2.12
2006-07-17,2.15
2006-07-14,2.17
2006-07-13,2.19
2006-07-12,2.19
2006-07-11,2.2
2006-07-10,2.2
2006-07-07,2.2
2006-07-06,2.2
2006-07-05,2.2
2006-07-04,2.2
2006-07-03,2.19
2006-06-30,2.18
2006-06-29,2.18
2006-06-28,2.21
2006-06-27,2.22
2006-06-26,2.22
2006-06-23,2.22
2006-06-22,2.19
2006-06-21,2.14
2006-06-20,2.13
2006-06-19,2.14
2006-06-16,2.14
2006-06-15,2.14
2006-06-14,2.14
2006-06-13,2.14
2006-06-12,2.14
2006-06-09,2.14
2006-06-08,2.12
2006-06-07,2.14
2006-06-06,2.14
2006-06-05,2.15
2006-06-02,2.15
2006-06-01,2.15
2006-05-31,2.15
2006-05-30,2.15
2006-05-29,2.14
2006-05-26,2.09
2006-05-25,2.05
2006-05-24,2.05
2006-05-23,2.06
2006-05-22,2.05
2006-05-19,2.13
2006-05-18,2.18
2006-05-17,2.19
2006-05-16,2.2
2006-05-15,2.21
2006-05-12,2.19
2006-05-11,2.2
2006-05-10,2.19
2006-05-09,2.19
2006-05-08,2.19
2006-05-05,2.2
2006-05-04,2.25
2006-05-03,2.24
2006-05-02,2.22
2006-05-01,23.26
2006-04-28,2.22
2006-04-27,2.28
2006-04-26,2.26
2006-04-25,2.33
2006-04-24,2.3
2006-04-21,2.33
2006-04-20,2.34
2006-04-19,2.36
2006-04-18,2.4
2006-04-17,2.4
2006-04-14,2.4
2006-04-13,2.4
2006-04-12,2.4
2006-04-11,2.4
2006-04-10,2.31
2006-04-07,2.31
2006-04-06,2.29
2006-04-05,2.22
2006-04-04,2.22
2006-04-03,2.22
2006-03-31,2.22
2006-03-30,2.22
2006-03-29,2.22
2006-03-28,2.22
2006-03-27,2.21
2006-03-24,2.21
2006-03-23,2.22
2006-03-22,2.22
2006-03-21,2.22
2006-03-20,2.22
2006-03-17,2.22
2006-03-16,2.22
2006-03-15,2.23
2006-03-14,2.19
2006-03-13,2.19
2006-03-10,2.2
2006-03-09,2.2
2006-03-08,2.2
2006-03-07,2.2
2006-03-06,2.19
2006-03-03,2.18
2006-03-02,2.17
2006-03-01,2.16
2006-02-28,2.14
2006-02-27,2.17
2006-02-24,2.21
2006-02-23,2.17
2006-02-22,2.17
2006-02-21,2.17
2006-02-20,2.1
2006-02-17,1.96
2006-02-16,1.94
2006-02-15,1.93
2006-02-14,1.93
2006-02-13,1.93
2006-02-10,1.95
2006-02-09,1.94
2006-02-08,1.86
2006-02-07,1.86
2006-02-06,1.84
2006-02-03,1.83
2006-02-02,1.85
2006-02-01,1.85
2006-01-31,1.84
2006-01-30,1.84
2006-01-27,1.84
2006-01-26,1.82
2006-01-25,1.83
2006-01-24,1.83
2006-01-23,1.83
2006-01-20,1.84
2006-01-19,1.84
2006-01-18,1.84
2006-01-17,1.84
2006-01-16,1.84
2006-01-13,1.85
2006-01-12,1.83
2006-01-11,1.84
2006-01-10,1.84
2006-01-09,1.84
2006-01-06,1.85
2006-01-05,1.9
2006-01-04,1.77
2006-01-03,1.75
2006-01-02,1.72
2005-12-30,1.68
2005-12-29,1.72
2005-12-28,1.73
2005-12-27,1.73
2005-12-26,1.71
2005-12-23,1.71
2005-12-22,1.72
2005-12-21,1.72
2005-12-20,1.72
2005-12-19,1.73
2005-12-16,1.7
2005-12-15,1.67
2005-12-14,1.69
2005-12-13,1.7
2005-12-12,1.7
2005-12-09,1.71
2005-12-08,1.7
2005-12-07,1.71
2005-12-06,1.71
2005-12-05,1.71
2005-12-02,1.72
2005-12-01,1.76
2005-11-30,1.72
2005-11-29,1.72
2005-11-28,1.73
2005-11-25,1.71
2005-11-24,1.71
2005-11-23,1.7
2005-11-22,1.71
2005-11-21,1.72
2005-11-18,1.72
2005-11-17,1.74
2005-11-16,1.7
2005-11-15,1.65
2005-11-14,1.63
2005-11-11,1.63
2005-11-10,1.63
2005-11-09,1.63
2005-11-08,1.61
2005-11-07,1.61
2005-11-04,1.62
2005-11-03,1.64
2005-11-02,1.64
2005-11-01,1.63
2005-10-31,1.61
2005-10-28,1.61
2005-10-27,1.62
2005-10-26,1.64
2005-10-25,1.63
2005-10-24,1.64
2005-10-21,1.63
2005-10-20,1.65
2005-10-19,1.64
2005-10-18,1.69
2005-10-17,1.64
2005-10-14,1.64
2005-10-13,1.64
2005-10-12,1.65
2005-10-11,1.68
2005-10-10,1.72
2005-10-07,1.75
2005-10-06,1.77
2005-10-05,1.75
2005-10-04,1.79
2005-10-03,1.77
2005-09-30,1.73
2005-09-29,1.73
2005-09-28,1.66
2005-09-27,1.61
2005-09-26,1.58
2005-09-23,1.58
2005-09-22,1.57
2005-09-21,1.6
2005-09-20,1.57
2005-09-19,1.55
2005-09-16,1.56
2005-09-15,1.56
2005-09-14,1.55
2005-09-13,1.44
2005-09-12,1.44
2005-09-09,1.46
2005-09-08,1.44
2005-09-07,1.46
2005-09-06,1.44
2005-09-05,1.44
2005-09-02,1.44
2005-09-01,1.44
2005-08-31,1.44
2005-08-30,1.44
2005-08-29,1.44
2005-08-26,1.44
2005-08-25,1.44
2005-08-24,1.44
2005-08-23,1.44
2005-08-22,1.45
2005-08-19,1.44
2005-08-18,1.44
2005-08-17,1.45
2005-08-16,1.45
2005-08-15,1.45
2005-08-12,1.45
2005-08-11,1.44
2005-08-10,1.44
2005-08-09,1.44
2005-08-08,1.44
2005-08-05,1.45
2005-08-04,1.44
2005-08-03,1.43
2005-08-02,1.45
2005-08-01,1.42
2005-07-29,1.42
2005-07-28,1.42
2005-07-27,1.42
2005-07-26,1.42
2005-07-25,1.42
2005-07-22,1.42
2005-07-21,1.42
2005-07-20,1.42
2005-07-19,1.42
2005-07-18,1.42
2005-07-15,1.42
2005-07-14,1.41
2005-07-13,1.41
2005-07-12,1.41
2005-07-11,1.42
2005-07-08,1.42
2005-07-07,1.42
2005-07-06,1.43
2005-07-05,1.41
2005-07-04,1.45
2005-07-01,1.42
2005-06-30,1.41
2005-06-29,1.41
2005-06-28,1.41
2005-06-27,1.41
2005-06-24,1.41
2005-06-23,1.42
2005-06-22,1.42
2005-06-21,1.42
2005-06-20,1.42
2005-06-17,1.41
2005-06-16,1.45
2005-06-15,1.45
2005-06-14,1.41
2005-06-13,1.4
2005-06-10,1.4
2005-06-09,1.4
2005-06-08,1.4
2005-06-07,1.4
2005-06-06,1.4
2005-06-03,1.4
2005-06-02,1.4
2005-06-01,1.4
2005-05-31,1.4
2005-05-30,1.4
2005-05-27,1.41
2005-05-26,1.41
2005-05-25,1.4
2005-05-24,1.4
2005-05-23,1.4
2005-05-20,1.4
2005-05-19,1.4
2005-05-18,1.4
2005-05-17,1.41
2005-05-16,1.41
2005-05-13,1.41
2005-05-12,1.41
2005-05-11,1.4
2005-05-10,1.41
2005-05-09,1.4
2005-05-06,1.42
2005-05-05,1.42
2005-05-04,1.4
2005-05-03,1.4
2005-05-02,1.4
2005-04-29,1.43
2005-04-28,1.43
2005-04-27,1.44
2005-04-26,1.45
2005-04-25,1.45
2005-04-22,1.45
2005-04-21,1.45
2005-04-20,1.42
2005-04-19,1.42
2005-04-18,1.42
2005-04-15,1.42
2005-04-14,1.42
2005-04-13,1.42
2005-04-12,1.43
2005-04-11,1.42
2005-04-08,1.42
2005-04-07,1.43
2005-04-06,1.43
2005-04-05,1.43
2005-04-04,1.42
2005-04-01,1.42
2005-03-31,1.43
2005-03-30,1.44
2005-03-29,1.45
2005-03-28,1.43
2005-03-25,1.43
2005-03-24,1.43
2005-03-23,1.44
2005-03-22,1.44
2005-03-21,1.45
2005-03-18,1.43
2005-03-17,1.47
2005-03-16,1.43
2005-03-15,1.43
2005-03-14,1.45
2005-03-11,1.44
2005-03-10,1.44
2005-03-09,1.44
2005-03-08,1.45
2005-03-07,1.44
2005-03-04,1.45
2005-03-03,1.45
2005-03-02,1.44
2005-03-01,1.45
2005-02-28,1.45
2005-02-25,1.45
2005-02-24,1.43
2005-02-23,1.45
2005-02-22,1.45
2005-02-21,1.46
2005-02-18,1.46
2005-02-17,1.49
2005-02-16,1.45
2005-02-15,1.44
2005-02-14,1.41
2005-02-11,1.38
2005-02-10,1.39
2005-02-09,1.38
2005-02-08,1.37
2005-02-07,1.37
2005-02-04,1.38
2005-02-03,1.37
2005-02-02,1.37
2005-02-01,1.37
2005-01-31,1.39
2005-01-28,1.39
2005-01-27,1.39
2005-01-26,1.36
2005-01-25,1.37
2005-01-24,1.37
2005-01-21,1.37
2005-01-20,1.37
2005-01-19,1.34
2005-01-18,1.35
2005-01-17,1.36
2005-01-14,1.34
2005-01-13,1.34
2005-01-12,1.35
2005-01-11,1.35
2005-01-10,1.34
2005-01-07,1.34
2005-01-06,1.33
2005-01-05,1.33
2005-01-04,1.37
2005-01-03,1.4
2004-12-31,1.43
2004-12-30,1.43
2004-12-29,1.43
2004-12-28,1.45
2004-12-27,1.43
2004-12-24,1.43
2004-12-23,1.46
2004-12-22,1.46
2004-12-21,1.48
2004-12-20,1.48
2004-12-17,1.47
2004-12-16,1.5
2004-12-15,1.48
2004-12-14,1.49
2004-12-13,1.52
2004-12-10,1.51
2004-12-09,1.5
2004-12-08,1.51
2004-12-07,1.51
2004-12-06,1.51
2004-12-03,1.52
2004-12-02,1.52
2004-12-01,1.52
2004-11-30,1.53
2004-11-29,1.53
2004-11-26,1.53
2004-11-25,1.53
2004-11-24,1.53
2004-11-23,1.53
2004-11-22,1.54
2004-11-19,1.55
2004-11-18,1.54
2004-11-17,1.54
2004-11-16,1.54
2004-11-15,1.55
2004-11-12,1.55
2004-11-11,1.55
2004-11-10,1.55
2004-11-09,1.55
2004-11-08,1.53
2004-11-05,1.54
2004-11-04,1.54
2004-11-03,1.53
2004-11-02,1.54
2004-11-01,1.52
2004-10-29,1.54
2004-10-28,1.52
2004-10-27,1.52
2004-10-26,1.52
2004-10-25,1.52
2004-10-22,1.55
2004-10-21,1.54
2004-10-20,1.54
2004-10-19,1.52
2004-10-18,1.52
2004-10-15,1.52
2004-10-14,1.52
2004-10-13,1.52
2004-10-12,1.52
2004-10-11,1.53
2004-10-08,1.52
2004-10-07,1.53
2004-10-06,1.54
2004-10-05,1.54
2004-10-04,1.53
2004-10-01,1.52
2004-09-30,1.52
2004-09-29,1.52
2004-09-28,1.55
2004-09-27,1.55
2004-09-24,1.55
2004-09-23,1.55
2004-09-22,1.55
2004-09-21,1.55
2004-09-20,1.55
2004-09-17,1.55
2004-09-16,1.55
2004-09-15,1.55
2004-09-14,1.55
2004-09-13,1.55
2004-09-10,1.55
2004-09-09,1.55
2004-09-08,1.55
2004-09-07,1.54
2004-09-06,1.54
2004-09-03,1.54
2004-09-02,1.54
2004-09-01,1.54
2004-08-31,1.54
2004-08-30,1.54
2004-08-27,1.54
2004-08-26,1.55
2004-08-25,1.54
2004-08-24,1.55
2004-08-23,1.54
2004-08-20,1.55
2004-08-19,1.54
2004-08-18,1.54
2004-08-17,1.54
2004-08-16,1.54
2004-08-13,1.54
2004-08-12,1.54
2004-08-11,1.54
2004-08-10,1.54
2004-08-09,1.54
2004-08-06,1.54
2004-08-05,1.54
2004-08-04,1.54
2004-08-03,1.54
2004-08-02,1.54
2004-07-30,1.54
2004-07-29,1.54
2004-07-28,1.55
2004-07-27,1.54
2004-07-26,1.54
2004-07-23,1.54
2004-07-22,1.54
2004-07-21,1.55
2004-07-20,1.54
2004-07-19,1.54
2004-07-16,1.55
2004-07-15,1.55
2004-07-14,1.55
2004-07-13,1.54
2004-07-12,1.54
2004-07-09,1.55
2004-07-08,1.53
2004-07-07,1.53
2004-07-06,1.49
2004-07-05,1.5
2004-07-02,1.46
2004-07-01,1.47
2004-06-30,1.48
2004-06-29,1.46
2004-06-28,1.47
2004-06-25,1.48
2004-06-24,1.47
2004-06-23,1.47
2004-06-22,1.47
2004-06-21,1.48
2004-06-18,1.49
2004-06-17,1.49
2004-06-16,1.48
2004-06-15,1.48
2004-06-14,1.48
2004-06-11,1.48
2004-06-10,1.5
2004-06-09,1.48
2004-06-08,1.47
2004-06-07,1.45
2004-06-04,1.41
2004-06-03,1.41
2004-06-02,1.42
2004-06-01,1.42
2004-05-31,1.38
2004-05-28,1.38
2004-05-27,1.38
2004-05-26,1.38
2004-05-25,1.39
2004-05-24,1.38
2004-05-21,1.37
2004-05-20,1.39
2004-05-19,1.38
2004-05-18,1.39
2004-05-17,1.41
2004-05-14,1.42
2004-05-13,1.42
2004-05-12,1.42
2004-05-11,1.42
2004-05-10,1.43
2004-05-07,1.47
2004-05-06,1.48
2004-05-05,1.49
2004-05-04,1.5
2004-05-03,1.5
2004-04-30,1.52
2004-04-29,1.52
2004-04-28,1.52
2004-04-27,1.52
2004-04-26,1.53
2004-04-23,1.52
2004-04-22,1.54
2004-04-21,1.54
2004-04-20,1.54
2004-04-19,1.53
2004-04-16,1.52
2004-04-15,1.52
2004-04-14,1.53
2004-04-13,1.53
2004-04-12,1.52
2004-04-09,1.52
2004-04-08,1.52
2004-04-07,1.53
2004-04-06,1.56
2004-04-05,1.53
2004-04-02,1.52
2004-04-01,1.54
2004-03-31,1.56
2004-03-30,1.57
2004-03-29,1.56
2004-03-26,1.56
2004-03-25,1.57
2004-03-24,1.55
2004-03-23,1.57
2004-03-22,1.59
2004-03-19,1.58
2004-03-18,1.58
2004-03-17,1.59
2004-03-16,1.61
2004-03-15,1.61
2004-03-12,1.61
2004-03-11,1.62
2004-03-10,1.61
2004-03-09,1.62
2004-03-08,1.62
2004-03-05,1.62
2004-03-04,1.64
2004-03-03,1.59
2004-03-02,1.59
2004-03-01,1.58
2004-02-27,1.54
2004-02-26,1.52
2004-02-25,1.55
2004-02-24,1.54
2004-02-23,1.53
2004-02-20,1.51
2004-02-19,1.53
2004-02-18,1.52
2004-02-17,1.48
2004-02-16,1.46
2004-02-13,1.45
2004-02-12,1.44
2004-02-11,1.44
2004-02-10,1.43
2004-02-09,1.43
2004-02-06,1.41
2004-02-05,1.39
2004-02-04,1.41
2004-02-03,1.4
2004-02-02,1.39
2004-01-30,1.4
2004-01-29,1.39
2004-01-28,1.41
2004-01-27,1.4
2004-01-26,1.4
2004-01-23,1.41
2004-01-22,1.41
2004-01-21,1.4
2004-01-20,1.4
2004-01-19,1.41
2004-01-16,1.41
2004-01-15,1.4
2004-01-14,1.41
2004-01-13,1.4
2004-01-12,1.4
2004-01-09,1.4
2004-01-08,1.4
2004-01-07,1.39
2004-01-06,1.39
2004-01-05,1.41
2004-01-02,1.4
2004-01-01,1.4
2003-12-31,1.4
2003-12-30,1.4
2003-12-29,1.38
2003-12-26,1.39
2003-12-25,1.39
2003-12-24,1.39
2003-12-23,1.38
2003-12-22,1.38
2003-12-19,1.38
2003-12-18,1.39
2003-12-17,1.39
2003-12-16,1.37
2003-12-15,1.38
2003-12-12,1.38
2003-12-11,1.39
2003-12-10,1.39
2003-12-09,1.39
2003-12-08,1.4
2003-12-05,1.38
2003-12-04,1.38
2003-12-03,1.38
2003-12-02,1.39
2003-12-01,1.38
2003-11-28,1.39
2003-11-27,1.36
2003-11-26,1.36
2003-11-25,1.37
2003-11-24,1.38
2003-11-21,1.36
2003-11-20,1.35
2003-11-19,1.36
2003-11-18,1.36
2003-11-17,1.37
2003-11-14,1.36
2003-11-13,1.36
2003-11-12,1.4
2003-11-11,1.38
2003-11-10,1.35
2003-11-07,1.33
2003-11-06,1.33
2003-11-05,1.32
2003-11-04,1.32
2003-11-03,1.33
2003-10-31,1.33
2003-10-30,1.34
2003-10-29,1.35
2003-10-28,1.35
2003-10-27,1.32
2003-10-24,1.36
2003-10-23,1.36
2003-10-22,1.35
2003-10-21,1.36
2003-10-20,1.36
2003-10-17,1.36
2003-10-16,1.34
2003-10-15,1.38
2003-10-14,1.38
2003-10-13,1.3
2003-10-10,1.3
2003-10-09,1.3
2003-10-08,1.32
2003-10-07,1.32
2003-10-06,1.31
2003-10-03,1.32
2003-10-02,1.31
2003-10-01,1.31
2003-09-30,1.3
2003-09-29,1.3
2003-09-26,1.3
2003-09-25,1.3
2003-09-24,1.3
2003-09-23,1.29
2003-09-22,1.3
2003-09-19,1.29
2003-09-18,1.3
2003-09-17,1.3
2003-09-16,1.3
2003-09-15,1.3
2003-09-12,1.3
2003-09-11,1.29
2003-09-10,1.29
2003-09-09,1.28
2003-09-08,1.3
2003-09-05,1.29
2003-09-04,1.28
2003-09-03,1.29
2003-09-02,1.28
2003-09-01,1.29
2003-08-29,1.28
2003-08-28,1.27
2003-08-27,1.28
2003-08-26,1.26
2003-08-25,1.29
2003-08-22,1.28
2003-08-21,1.29
2003-08-20,1.27
2003-08-19,1.27
2003-08-18,1.28
2003-08-15,1.29
2003-08-14,1.28
2003-08-13,1.28
2003-08-12,1.29
2003-08-11,1.29
2003-08-08,1.29
2003-08-07,1.29
2003-08-06,1.3
2003-08-05,1.3
2003-08-04,1.3
2003-08-01,1.32
2003-07-31,1.3
2003-07-30,1.3
2003-07-29,1.32
2003-07-28,1.31
2003-07-25,1.32
2003-07-24,1.32
2003-07-23,1.32
2003-07-22,1.31
2003-07-21,1.31
2003-07-18,1.32
2003-07-17,1.32
2003-07-16,1.32
2003-07-15,1.29
2003-07-14,1.3
2003-07-11,1.3
2003-07-10,1.29
2003-07-09,1.29
2003-07-08,1.3
2003-07-07,1.29
2003-07-04,1.29
2003-07-03,1.28
2003-07-02,1.3
2003-07-01,1.3
2003-06-30,1.31
2003-06-27,1.29
2003-06-26,1.3
2003-06-25,1.29
2003-06-24,1.3
2003-06-23,1.31
2003-06-20,1.31
2003-06-19,1.3
2003-06-18,1.3
2003-06-17,1.3
2003-06-16,1.31
2003-06-13,1.3
2003-06-12,1.3
2003-06-11,1.3
2003-06-10,1.31
2003-06-09,1.31
2003-06-06,1.3
2003-06-05,1.31
2003-06-04,1.32
2003-06-03,1.3
2003-06-02,1.29
2003-05-30,1.3
2003-05-29,1.3
2003-05-28,1.31
2003-05-27,1.31
2003-05-26,1.31
2003-05-23,1.33
2003-05-22,1.32
2003-05-21,1.32
2003-05-20,1.32
2003-05-19,1.32
2003-05-16,1.32
2003-05-15,1.3
2003-05-14,1.31
2003-05-13,1.32
2003-05-12,1.32
2003-05-09,1.31
2003-05-08,1.3
2003-05-07,1.29
2003-05-06,1.28
2003-05-05,1.28
2003-05-02,1.28
2003-05-01,1.3
2003-04-30,1.3
2003-04-29,1.32
2003-04-28,1.32
2003-04-25,1.29
2003-04-24,1.29
2003-04-23,1.21
2003-04-22,1.23
2003-04-21,1.24
2003-04-18,1.24
2003-04-17,1.24
2003-04-16,1.23
2003-04-15,1.22
2003-04-14,1.21
2003-04-11,1.22
2003-04-10,1.22
2003-04-09,1.22
2003-04-08,1.21
2003-04-07,1.23
2003-04-04,1.22
2003-04-03,1.22
2003-04-02,1.22
2003-04-01,1.22
2003-03-31,1.22
2003-03-28,1.2
2003-03-27,1.21
2003-03-26,1.22
2003-03-25,1.21
2003-03-24,1.23
2003-03-21,1.2
2003-03-20,1.21
2003-03-19,1.2
2003-03-18,1.2
2003-03-17,1.2
2003-03-14,1.19
2003-03-13,1.19
2003-03-12,1.19
2003-03-11,1.18
2003-03-10,1.2
2003-03-07,1.2
2003-03-06,1.2
2003-03-05,1.19
2003-03-04,1.19
2003-03-03,1.2
2003-02-28,1.19
2003-02-27,1.19
2003-02-26,1.19
2003-02-25,1.19
2003-02-24,1.19
2003-02-21,1.2
2003-02-20,1.18
2003-02-19,1.19
2003-02-18,1.18
2003-02-17,1.19
2003-02-14,1.18
2003-02-13,1.19
2003-02-12,1.17
2003-02-11,1.18
2003-02-10,1.17
2003-02-07,1.18
2003-02-06,1.18
2003-02-05,1.18
2003-02-04,1.17
2003-02-03,1.17
2003-01-31,1.16
2003-01-30,1.17
2003-01-29,1.16
2003-01-28,1.17
2003-01-27,1.19
2003-01-24,1.18
2003-01-23,1.19
2003-01-22,1.18
2003-01-21,1.16
2003-01-20,1.17
2003-01-17,1.17
2003-01-16,1.18
2003-01-15,1.17
2003-01-14,1.2
2003-01-13,1.2
2003-01-10,1.19
2003-01-09,1.18
2003-01-08,1.18
2003-01-07,1.17
2003-01-06,1.18
2003-01-03,1.17
2003-01-02,1.16
2003-01-01,1.16
2002-12-31,1.16
2002-12-30,1.16
2002-12-27,1.16
2002-12-26,1.18
2002-12-25,1.18
2002-12-24,1.18
2002-12-23,1.18
2002-12-20,1.17
2002-12-19,1.19
2002-12-18,1.19
2002-12-17,1.18
2002-12-16,1.16
2002-12-13,1.14
2002-12-12,1.17
2002-12-11,1.17
2002-12-10,1.18
2002-12-09,1.2
2002-12-06,1.19
2002-12-05,1.2
2002-12-04,1.18
2002-12-03,1.19
2002-12-02,1.2
2002-11-29,1.19
2002-11-28,1.19
2002-11-27,1.2
2002-11-26,1.18
2002-11-25,1.21
2002-11-22,1.2
2002-11-21,1.19
2002-11-20,1.16
2002-11-19,1.16
2002-11-18,1.17
2002-11-15,1.17
2002-11-14,1.16
2002-11-13,1.16
2002-11-12,1.16
2002-11-11,1.16
2002-11-08,1.17
2002-11-07,1.19
2002-11-06,1.29
2002-11-05,1.26
2002-11-04,1.26
2002-11-01,1.24
2002-10-31,1.24
2002-10-30,1.21
2002-10-29,1.19
2002-10-28,1.22
2002-10-25,1.2
2002-10-24,1.19
2002-10-23,1.18
2002-10-22,1.19
2002-10-21,1.19
2002-10-18,1.19
2002-10-17,1.18
2002-10-16,1.16
2002-10-15,1.18
2002-10-14,1.15
2002-10-11,1.14
2002-10-10,1.12
2002-10-09,1.12
2002-10-08,1.13
2002-10-07,1.12
2002-10-04,1.15
2002-10-03,1.13
2002-10-02,1.14
2002-10-01,1.14
2002-09-30,1.13
2002-09-27,1.17
2002-09-26,1.17
2002-09-25,1.17
2002-09-24,1.18
2002-09-23,1.2
2002-09-20,1.23
2002-09-19,1.23
2002-09-18,1.26
2002-09-17,1.28
2002-09-16,1.29
2002-09-13,1.29
2002-09-12,1.3
2002-09-11,1.3
2002-09-10,1.29
2002-09-09,1.27
2002-09-06,1.24
2002-09-05,1.25
2002-09-04,1.23
2002-09-03,1.25
2002-09-02,1.27
2002-08-30,1.27
2002-08-29,1.26
2002-08-28,1.25
2002-08-27,1.28
2002-08-26,1.26
2002-08-23,1.24
2002-08-22,1.24
2002-08-21,1.22
2002-08-20,1.19
2002-08-19,1.2
2002-08-16,1.18
2002-08-15,1.19
2002-08-14,1.19
2002-08-13,1.19
2002-08-12,1.17
2002-08-09,1.19
2002-08-08,1.17
2002-08-07,1.15
2002-08-06,1.12
2002-08-05,1.12
2002-08-02,1.17
2002-08-01,1.19
2002-07-31,1.22
2002-07-30,1.21
2002-07-29,1.22
2002-07-26,1.19
2002-07-25,1.21
2002-07-24,1.16
2002-07-23,1.17
2002-07-22,1.2
2002-07-19,1.22
2002-07-18,1.23
2002-07-17,1.24
2002-07-16,1.25
2002-07-15,1.24
2002-07-12,1.27
2002-07-11,1.27
2002-07-10,1.26
2002-07-09,1.27
2002-07-08,1.26
2002-07-05,1.28
2002-07-04,1.27
2002-07-03,1.27
2002-07-02,1.28
2002-07-01,1.31
2002-06-28,1.32
2002-06-27,1.36
2002-06-26,1.38
2002-06-25,1.38
2002-06-24,1.38
2002-06-21,1.43
2002-06-20,1.45
2002-06-19,1.43
2002-06-18,1.45
2002-06-17,1.45
2002-06-14,1.43
2002-06-13,1.45
2002-06-12,1.46
2002-06-11,1.46
2002-06-10,1.45
2002-06-07,1.45
2002-06-06,1.46
2002-06-05,1.46
2002-06-04,1.46
2002-06-03,1.46
2002-05-31,1.47
2002-05-30,1.48
2002-05-29,1.48
2002-05-28,1.49
2002-05-27,1.47
2002-05-24,1.46
2002-05-23,1.43
2002-05-22,1.44
2002-05-21,1.43
2002-05-20,1.46
2002-05-17,1.46
2002-05-16,1.46
2002-05-15,1.47
2002-05-14,1.47
2002-05-13,1.45
2002-05-10,1.45
2002-05-09,1.47
2002-05-08,1.46
2002-05-07,1.44
2002-05-06,1.45
2002-05-03,1.47
2002-05-02,1.48
2002-05-01,1.5
2002-04-30,1.5
2002-04-29,1.5
2002-04-26,1.49
2002-04-25,1.48
2002-04-24,1.48
2002-04-23,1.5
2002-04-22,1.52
2002-04-19,1.46
2002-04-18,1.44
2002-04-17,1.41
2002-04-16,1.38
2002-04-15,1.37
2002-04-12,1.4
2002-04-11,1.4
2002-04-10,1.39
2002-04-09,1.38
2002-04-08,1.39
2002-04-05,1.38
2002-04-04,1.38
2002-04-03,1.38
2002-04-02,1.39
2002-04-01,1.42
2002-03-29,1.42
2002-03-28,1.42
2002-03-27,1.42
2002-03-26,1.4
2002-03-25,1.4
2002-03-22,1.42
2002-03-21,1.41
2002-03-20,1.4
2002-03-19,1.39
2002-03-18,1.37
2002-03-15,1.37
2002-03-14,1.36
2002-03-13,1.36
2002-03-12,1.35
2002-03-11,1.36
2002-03-08,1.35
2002-03-07,1.35
2002-03-06,1.35
2002-03-05,1.35
2002-03-04,1.34
2002-03-01,1.31
2002-02-28,1.3
2002-02-27,1.24
2002-02-26,1.24
2002-02-25,1.27
2002-02-22,1.26
2002-02-21,1.28
2002-02-20,1.27
2002-02-19,1.28
2002-02-18,1.29
2002-02-15,1.3
2002-02-14,1.27
2002-02-13,1.27
2002-02-12,1.26
2002-02-11,1.26
2002-02-08,1.27
2002-02-07,1.27
2002-02-06,1.27
2002-02-05,1.27
2002-02-04,1.27
2002-02-01,1.27
2002-01-31,1.27
2002-01-30,1.26
2002-01-29,1.27
2002-01-28,1.3
2002-01-25,1.26
2002-01-24,1.27
2002-01-23,1.23
2002-01-22,1.23
2002-01-21,1.22
2002-01-18,1.22
2002-01-17,1.22
2002-01-16,1.21
2002-01-15,1.23
2002-01-14,1.23
2002-01-11,1.22
2002-01-10,1.2
2002-01-09,1.19
2002-01-08,1.19
2002-01-07,1.18
2002-01-04,1.19
2002-01-03,1.18
2002-01-02,1.16
2002-01-01,1.18
2001-12-31,1.18
2001-12-28,1.18
2001-12-27,1.17
2001-12-26,1.16
2001-12-25,1.16
2001-12-24,1.16
2001-12-21,1.16
2001-12-20,1.16
2001-12-19,1.16
2001-12-18,1.2
2001-12-17,1.22
2001-12-14,1.21
2001-12-13,1.19
2001-12-12,1.18
2001-12-11,1.19
2001-12-10,1.16
2001-12-07,1.17
2001-12-06,1.15
2001-12-05,1.15
2001-12-04,1.14
2001-12-03,1.14
2001-11-30,1.14
2001-11-29,1.16
2001-11-28,1.16
2001-11-27,1.17
2001-11-26,1.2
2001-11-23,1.22
2001-11-22,1.23
2001-11-21,1.2
2001-11-20,1.2
2001-11-19,1.2
2001-11-16,1.17
2001-11-15,1.16
2001-11-14,1.14
2001-11-13,1.14
2001-11-12,1.14
2001-11-09,1.14
2001-11-08,1.13
2001-11-07,1.12
2001-11-06,1.08
2001-11-05,1.08
2001-11-02,1.09
2001-11-01,1.12
2001-10-31,1.12
2001-10-30,1.09
2001-10-29,1.15
2001-10-26,1.08
2001-10-25,1.08
2001-10-24,1.04
2001-10-23,1.02
2001-10-22,0.96
2001-10-19,0.95
2001-10-18,0.95
2001-10-17,0.93
2001-10-16,0.91
2001-10-15,0.91
2001-10-12,0.92
2001-10-11,0.9
2001-10-10,0.92
2001-10-09,0.9
2001-10-08,0.9
2001-10-05,0.89
2001-10-04,0.89
2001-10-03,0.89
2001-10-02,0.91
2001-10-01,0.89
2001-09-28,0.91
2001-09-27,0.91
2001-09-26,0.92
2001-09-25,0.87
2001-09-24,0.87
2001-09-21,0.9
2001-09-20,0.9
2001-09-19,0.9
2001-09-18,0.87
2001-09-17,0.88
2001-09-14,0.9
2001-09-13,0.91
2001-09-12,0.92
2001-09-11,0.92
2001-09-10,0.92
2001-09-07,0.91
2001-09-06,0.91
2001-09-05,0.89
2001-09-04,0.9
2001-09-03,0.91
2001-08-31,0.9
2001-08-30,0.9
2001-08-29,0.91
2001-08-28,0.93
2001-08-27,0.94
2001-08-24,0.93
2001-08-23,0.95
2001-08-22,0.95
2001-08-21,0.96
2001-08-20,0.93
2001-08-17,0.91
2001-08-16,0.91
2001-08-15,0.92
2001-08-14,0.92
2001-08-13,0.91
2001-08-10,0.9
2001-08-09,0.91
2001-08-08,0.93
2001-08-07,0.93
2001-08-06,0.92
2001-08-03,0.91
2001-08-02,0.92
2001-08-01,0.91
2001-07-31,0.95
2001-07-30,0.96
2001-07-27,0.99
2001-07-26,0.96
2001-07-25,0.91
2001-07-24,0.91
2001-07-23,0.91
2001-07-20,0.94
2001-07-19,0.96
2001-07-18,0.95
2001-07-17,0.93
2001-07-16,0.92
2001-07-13,0.9
2001-07-12,0.9
2001-07-11,0.9
2001-07-10,0.91
2001-07-09,0.91
2001-07-06,0.94
2001-07-05,0.95
2001-07-04,0.94
2001-07-03,0.94
2001-07-02,0.94
2001-06-29,0.95
2001-06-28,0.95
2001-06-27,0.93
2001-06-26,0.97
2001-06-25,0.93
2001-06-22,0.99
2001-06-21,0.98
2001-06-20,1.03
2001-06-19,1.06
2001-06-18,1.06
2001-06-15,1.06
2001-06-14,1.02
2001-06-13,1.02
2001-06-12,1.04
2001-06-11,1.14
2001-06-08,1.19
2001-06-07,1.16
2001-06-06,1.17
2001-06-05,1.17
2001-06-04,1.19
2001-06-01,1.2
2001-05-31,1.19
2001-05-30,1.19
2001-05-29,1.19
2001-05-28,1.2
2001-05-25,1.2
2001-05-24,1.19
2001-05-23,1.19
2001-05-22,1.2
2001-05-21,1.21
2001-05-18,1.21
2001-05-17,1.24
2001-05-16,1.2
2001-05-15,1.22
2001-05-14,1.16
2001-05-11,1.16
2001-05-10,1.17
2001-05-09,1.19
2001-05-08,1.19
2001-05-07,1.19
2001-05-04,1.19
2001-05-03,1.2
2001-05-02,1.16
2001-05-01,1.2
2001-04-30,1.2
2001-04-27,1.18
2001-04-26,1.19
2001-04-25,1.14
2001-04-24,1.14
2001-04-23,1.13
2001-04-20,1.17
2001-04-19,1.2
2001-04-18,1.22
2001-04-17,1.23
2001-04-16,1.25
2001-04-13,1.25
2001-04-12,1.25
2001-04-11,1.23
2001-04-10,1.24
2001-04-09,1.24
2001-04-06,1.21
2001-04-05,1.23
2001-04-04,1.08
2001-04-03,1.12
2001-04-02,1.2
2001-03-30,1.23
2001-03-29,1.22
2001-03-28,1.22
2001-03-27,1.24
2001-03-26,1.27
2001-03-23,1.28
2001-03-22,1.23
2001-03-21,1.26
2001-03-20,1.28
2001-03-19,1.23
2001-03-16,1.34
2001-03-15,1.4
2001-03-14,66.0
2001-03-13,1.41
2001-03-12,1.4
2001-03-09,1.42
2001-03-08,1.43
2001-03-07,1.45
2001-03-06,1.44
2001-03-05,1.41
2001-03-02,1.45
2001-03-01,1.43
2001-02-28,1.43
2001-02-27,1.43
2001-02-26,1.43
2001-02-23,1.42
2001-02-22,1.44
2001-02-21,1.44
2001-02-20,1.44
2001-02-19,1.44
2001-02-16,1.45
2001-02-15,1.44
2001-02-14,1.45
2001-02-13,1.45
2001-02-12,1.45
2001-02-09,1.44
2001-02-08,1.44
2001-02-07,1.44
2001-02-06,1.45
2001-02-05,1.45
2001-02-02,1.46
2001-02-01,1.5
2001-01-31,1.45
2001-01-30,1.42
2001-01-29,1.41
2001-01-26,69.75
2001-01-25,1.45
2001-01-24,68.751
2001-01-23,1.46
2001-01-22,1.44
2001-01-19,7.35
2001-01-18,7.22
2001-01-17,7.23
2001-01-16,7.21
2001-01-15,7.2
2001-01-12,7.24
2001-01-11,7.3
2001-01-10,7.3
2001-01-09,7.3
2001-01-08,7.35
2001-01-05,7.28
2001-01-04,7.29
2001-01-03,7.33
2001-01-02,7.3
2001-01-01,7.25
2000-12-29,7.25
2000-12-28,7.21
2000-12-27,7.2
2000-12-26,69.0
2000-12-22,7.2
2000-12-21,7.2
2000-12-20,7.2
2000-12-19,7.2
2000-12-18,7.1
2000-12-15,7.2
2000-12-14,7.2
2000-12-13,7.2
2000-12-12,7.01
2000-12-11,7.01
2000-12-08,7.0
2000-12-07,7.0
2000-12-06,7.0
2000-12-05,7.0
2000-12-04,6.95
2000-12-01,7.0
2000-11-30,7.0
2000-11-29,7.0
2000-11-28,6.9
2000-11-27,6.84
2000-11-24,6.76
2000-11-23,6.77
2000-11-22,6.6
2000-11-21,6.56
2000-11-20,6.5
2000-11-17,6.57
2000-11-16,6.65
2000-11-15,6.44
2000-11-14,6.47
2000-11-13,6.3
2000-11-10,6.35
2000-11-09,6.35
2000-11-08,6.41
2000-11-07,6.62
2000-11-06,6.7
2000-11-03,6.77
2000-11-02,6.91
2000-11-01,6.34
2000-10-31,6.34
2000-10-30,6.34
2000-10-27,6.31
2000-10-26,6.23
2000-10-25,6.37
2000-10-24,6.33
2000-10-23,6.28
2000-10-20,6.3
2000-10-19,6.38
2000-10-18,6.26
2000-10-17,6.37
2000-10-16,6.44
2000-10-13,6.41
2000-10-12,6.6
2000-10-11,6.51
2000-10-10,6.65
2000-10-09,6.59
2000-10-06,6.61
2000-10-05,6.69
2000-10-04,6.69
2000-10-03,6.7
2000-10-02,6.7
2000-09-29,6.71
2000-09-28,6.65
2000-09-27,6.64
2000-09-26,6.74
2000-09-25,6.76
2000-09-22,6.68
2000-09-21,6.66
2000-09-20,6.72
2000-09-19,6.71
2000-09-18,6.85
2000-09-15,6.87
2000-09-14,6.85
2000-09-13,6.91
2000-09-12,6.93
2000-09-11,7.02
2000-09-08,7.1
2000-09-07,7.15
2000-09-06,7.12
2000-09-05,7.15
2000-09-04,7.2
2000-09-01,7.1
2000-08-31,7.1
2000-08-30,7.05
2000-08-29,6.94
2000-08-28,7.03
2000-08-25,7.1
2000-08-24,6.9
2000-08-23,6.78
2000-08-22,6.85
2000-08-21,6.64
2000-08-18,6.63
2000-08-17,6.62
2000-08-16,6.6
2000-08-15,6.63
2000-08-14,6.63
2000-08-11,6.59
2000-08-10,6.68
2000-08-09,6.7
2000-08-08,6.75
2000-08-07,6.77
2000-08-04,6.74
2000-08-03,6.69
2000-08-02,6.67
2000-08-01,6.7
2000-07-31,6.79
2000-07-28,6.77
2000-07-27,6.75
2000-07-26,6.75
2000-07-25,6.87
2000-07-24,6.8
2000-07-21,6.8
2000-07-20,6.77
2000-07-19,6.75
2000-07-18,6.89
2000-07-17,7.03
2000-07-14,7.05
2000-07-13,6.9
2000-07-12,6.8
2000-07-11,6.7
2000-07-10,6.6
2000-07-07,6.58
2000-07-06,6.58
2000-07-05,6.56
2000-07-04,6.65
2000-07-03,6.62
2000-06-30,6.35
2000-06-29,6.4
2000-06-28,6.37
2000-06-27,6.4
2000-06-26,6.38
2000-06-23,6.38
2000-06-22,6.43
2000-06-21,6.43
2000-06-20,6.43
2000-06-19,6.5
2000-06-16,6.5
2000-06-15,6.41
2000-06-14,6.53
2000-06-13,6.52
2000-06-12,6.52
2000-06-09,6.58
2000-06-08,6.58
2000-06-07,6.57
2000-06-06,6.57
2000-06-05,6.67
2000-06-02,6.73
2000-06-01,6.68
2000-05-31,6.57
2000-05-30,6.62
2000-05-29,6.61
2000-05-26,6.52
2000-05-25,6.55
2000-05-24,6.61
2000-05-23,6.65
2000-05-22,6.58
2000-05-19,6.68
2000-05-18,6.75
2000-05-17,6.63
2000-05-16,6.7
2000-05-15,6.83
2000-05-12,6.88
2000-05-11,6.93
2000-05-10,6.98
2000-05-09,7.15
2000-05-08,7.15
2000-05-05,7.1
2000-05-04,7.13
2000-05-03,6.96
2000-05-02,6.92
2000-05-01,6.91
2000-04-28,6.91
2000-04-27,7.0
2000-04-26,7.18
2000-04-25,7.04
2000-04-24,7.04
2000-04-21,7.04
2000-04-20,7.04
2000-04-19,6.84
2000-04-18,6.95
2000-04-17,6.6
2000-04-14,6.63
2000-04-13,6.66
2000-04-12,6.65
2000-04-11,6.69
2000-04-10,6.89
2000-04-07,6.85
2000-04-06,6.86
2000-04-05,6.69
2000-04-04,6.86
2000-04-03,6.85
2000-03-31,7.0
2000-03-30,6.56
2000-03-29,6.53
2000-03-28,6.7
2000-03-27,6.7
2000-03-24,6.94
2000-03-23,6.55
2000-03-22,6.8
2000-03-21,7.15
2000-03-20,7.16
2000-03-17,7.3
2000-03-16,7.25
2000-03-15,7.4
2000-03-14,7.5
2000-03-13,7.65
2000-03-10,7.6
2000-03-09,7.76
2000-03-08,7.91
2000-03-07,7.99
2000-03-06,7.99
2000-03-03,7.77
2000-03-02,7.94
2000-03-01,8.0
2000-02-29,8.18
2000-02-28,8.0
2000-02-25,7.56
2000-02-24,7.46
2000-02-23,7.24
2000-02-22,7.35
2000-02-21,7.39
2000-02-18,7.5
2000-02-17,7.41
2000-02-16,7.31
2000-02-15,7.47
2000-02-14,7.5
2000-02-11,7.58
2000-02-10,7.55
2000-02-09,7.51
2000-02-08,7.53
2000-02-07,7.63
2000-02-04,7.65
2000-02-03,7.64
2000-02-02,7.72
2000-02-01,7.64
2000-01-31,7.75
2000-01-28,7.57
2000-01-27,7.55
2000-01-26,7.53
2000-01-25,7.61
2000-01-24,7.67
2000-01-21,7.62
2000-01-20,7.57
2000-01-19,7.7
2000-01-18,7.78
2000-01-17,7.89
2000-01-14,7.85
2000-01-13,7.63
2000-01-12,7.64
2000-01-11,7.87
2000-01-10,7.51
2000-01-07,7.25
2000-01-06,6.9
2000-01-05,6.64
2000-01-04,6.7
2000-01-03,6.84
