,ram:pl
2018-11-23,8.85
2018-11-22,8.65
2018-11-21,8.7
2018-11-20,8.7
2018-11-19,8.8
2018-11-16,8.8
2018-11-15,8.85
2018-11-14,8.85
2018-11-13,8.9
2018-11-12,8.9
2018-11-09,9.0
2018-11-08,8.95
2018-11-07,9.05
2018-11-06,9.05
2018-11-05,9.2
2018-11-02,9.25
2018-11-01,9.3
2018-10-31,8.9
2018-10-30,8.9
2018-10-29,8.9
2018-10-26,8.8
2018-10-25,8.9
2018-10-24,8.8
2018-10-23,8.6
2018-10-22,9.35
2018-10-19,9.6
2018-10-18,9.6
2018-10-17,9.6
2018-10-16,9.6
2018-10-15,9.7
2018-10-12,9.55
2018-10-11,9.7
2018-10-10,9.6
2018-10-09,9.8
2018-10-08,9.9
2018-10-05,9.9
2018-10-04,9.95
2018-10-03,9.85
2018-10-02,9.95
2018-10-01,10.0
2018-09-28,9.95
2018-09-27,9.9
2018-09-26,9.8
2018-09-25,9.6
2018-09-24,9.6
2018-09-21,9.65
2018-09-20,9.8
2018-09-19,9.8
2018-09-18,9.8
2018-09-17,9.65
2018-09-14,9.65
2018-09-13,10.0
2018-09-12,10.0
2018-09-11,9.95
2018-09-10,9.9
2018-09-07,9.75
2018-09-06,9.55
2018-09-05,9.5
2018-09-04,9.7
2018-09-03,9.85
2018-08-31,10.0
2018-08-30,10.1
2018-08-29,10.1
2018-08-28,10.2
2018-08-27,10.2
2018-08-24,10.2
2018-08-23,10.3
2018-08-22,10.2
2018-08-21,10.3
2018-08-20,10.3
2018-08-17,10.1
2018-08-16,10.1
2018-08-15,10.0
2018-08-14,10.1
2018-08-13,10.1
2018-08-10,10.2
2018-08-09,10.1
2018-08-08,10.2
2018-08-07,10.2
2018-08-06,10.2
2018-08-03,10.2
2018-08-02,10.2
2018-08-01,10.0
2018-07-31,10.0
2018-07-30,10.2
2018-07-27,10.1
2018-07-26,10.1
2018-07-25,10.1
2018-07-24,10.2
2018-07-23,10.3
2018-07-20,10.2
2018-07-19,10.2
2018-07-18,10.1
2018-07-17,10.1
2018-07-16,10.2
2018-07-13,10.1
2018-07-12,9.5
2018-07-11,8.95
2018-07-10,8.95
2018-07-09,9.0
2018-07-06,9.0
2018-07-05,8.95
2018-07-04,8.9
2018-07-03,8.75
2018-07-02,8.45
2018-06-29,8.65
2018-06-28,8.75
2018-06-27,8.85
2018-06-26,8.55
2018-06-25,8.75
2018-06-23,8.85
2018-06-22,8.85
2018-06-21,8.85
2018-06-20,9.05
2018-06-19,8.8
2018-06-18,8.2
2018-06-15,8.5
2018-06-14,8.9
2018-06-13,9.0
2018-06-12,8.95
2018-06-11,9.0
2018-06-08,9.4
2018-06-07,9.7
2018-06-06,9.8
2018-06-05,9.8
2018-06-04,10.1
2018-06-01,10.0
2018-05-31,9.9
2018-05-30,9.65
2018-05-29,9.65
2018-05-28,10.2
2018-05-25,12.4
2018-05-24,12.6
2018-05-23,12.9
2018-05-22,12.8
2018-05-21,12.8
2018-05-18,12.8
2018-05-17,12.9
2018-05-16,12.8
2018-05-15,12.7
2018-05-14,12.7
2018-05-08,12.5
2018-05-07,12.5
2018-05-04,12.5
2018-05-03,12.5
2018-05-02,12.5
2018-04-30,12.4
2018-04-27,12.4
2018-04-26,12.3
2018-04-25,12.5
2018-04-24,12.5
2018-04-23,12.3
2018-04-20,12.8
2018-04-19,12.4
2018-04-18,12.3
2018-04-17,12.5
2018-04-16,12.8
2018-04-13,13.0
2018-04-12,13.0
2018-04-11,13.0
2018-04-10,12.9
2018-04-09,12.9
2018-04-06,13.0
2018-04-05,13.1
2018-04-04,12.9
2018-04-03,12.8
2018-03-29,12.8
2018-03-28,12.8
2018-03-27,13.1
2018-03-26,13.1
2018-03-23,13.1
2018-03-22,13.0
2018-03-21,13.2
2018-03-20,13.2
2018-03-19,13.1
2018-03-16,13.1
2018-03-15,13.1
2018-03-14,13.2
2018-03-13,13.2
2018-03-12,13.1
2018-03-09,12.9
2018-03-08,12.8
2018-03-07,12.9
2018-03-06,12.3
2018-03-05,11.8
2018-03-02,11.7
2018-03-01,11.4
2018-02-28,11.3
2018-02-27,11.3
2018-02-26,11.2
2018-02-23,11.5
2018-02-22,11.5
2018-02-21,11.2
2018-02-20,11.8
2018-02-19,11.9
2018-02-16,12.4
2018-02-15,12.5
2018-02-14,12.9
2018-02-13,12.8
2018-02-12,11.2
2018-02-09,9.9
2018-02-08,10.0
2018-02-07,9.95
2018-02-06,9.95
2018-02-05,10.0
2018-02-02,10.0
2018-02-01,9.85
2018-01-31,10.0
2018-01-30,9.95
2018-01-29,9.8
2017-07-19,8.36
2017-07-18,7.44
2017-07-17,7.4
2017-07-14,7.45
2017-07-13,7.37
2017-07-12,7.5
2017-07-11,7.48
2017-07-10,7.44
2017-07-07,7.46
2017-07-06,7.44
2017-07-05,7.48
2017-07-04,7.5
2017-07-03,7.05
2017-06-30,7.299
2017-06-29,7.21
2017-06-28,7.23
2017-06-27,7.27
2017-06-26,7.26
2017-06-23,7.056
2017-06-22,7.33
2017-06-21,7.35
2017-06-20,7.34
2017-06-19,7.36
2017-06-16,7.449
2017-06-15,7.38
2017-06-14,7.4
2017-06-13,7.39
2017-06-12,7.39
2017-06-09,7.48
2017-06-08,7.48
2017-06-07,7.51
2017-06-06,7.53
2017-06-05,7.4
2017-06-02,7.42
2017-06-01,7.28
2017-05-31,7.45
2017-05-30,7.399
2017-05-29,7.45
2017-05-26,7.4
2017-05-25,7.4
2017-05-24,7.41
2017-05-23,7.2
2017-05-22,7.5
2017-05-19,7.5
2017-05-18,7.61
2017-05-17,7.65
2017-05-16,7.77
2017-05-15,7.8
2017-05-11,7.949
2017-05-10,8.371
2017-05-09,8.51
2017-05-08,8.3
2017-05-05,7.63
2017-05-04,7.68
2017-05-03,7.6
2017-05-02,7.59
2017-04-28,7.6
2017-04-27,7.61
2017-04-26,7.65
2017-04-24,7.69
2017-04-21,7.65
2017-04-18,7.65
2017-04-12,7.72
2017-04-11,7.74
2017-04-10,7.8
2017-04-07,7.92
2017-04-06,7.24
2017-04-05,7.46
2017-04-04,7.35
2017-04-03,7.34
2017-03-31,7.38
2017-03-30,7.42
2017-03-29,7.44
2017-03-28,7.15
2017-03-27,7.0
2017-03-24,6.99
2017-03-23,7.02
2017-03-22,6.9
2017-03-21,6.925
2017-03-20,6.9
2017-03-17,6.9
2017-03-16,6.9
2017-03-15,6.9
2017-03-14,6.94
2017-03-13,6.79
2017-03-10,7.0
2017-03-09,7.45
2017-03-08,7.1
2017-03-07,6.7
2017-03-06,6.42
2017-03-03,6.2
2017-03-02,6.2
2017-03-01,6.0
2017-02-28,5.96
2017-02-27,5.96
2017-02-24,5.89
2017-02-23,5.85
2017-02-22,5.85
2017-02-20,5.84
2017-02-17,5.979
2017-02-16,5.94
2017-02-15,5.931
2017-02-14,5.97
2017-02-13,5.99
2017-02-10,5.99
2017-02-09,6.03
2017-02-08,6.04
2017-02-07,6.0
2017-02-06,6.02
2017-02-03,6.0
2017-02-02,5.901
2017-02-01,5.8
2017-01-31,5.94
2017-01-30,5.95
2017-01-27,6.0
2017-01-26,5.94
2017-01-25,6.065
2017-01-24,6.1
2017-01-23,6.2
2017-01-20,6.25
2017-01-19,6.0
2017-01-18,5.72
2017-01-17,5.7
2017-01-16,5.73
2017-01-13,5.75
2017-01-12,5.75
2017-01-11,5.827
2017-01-10,5.35
2017-01-09,5.25
2017-01-06,5.2
2017-01-05,5.27
2017-01-04,5.269
2017-01-03,5.19
2017-01-02,5.11
2016-12-31,4.883
2016-12-30,5.11
2016-12-29,5.11
2016-12-28,4.98
2016-12-27,4.98
2016-12-23,5.06
2016-12-22,5.07
2016-12-21,4.9
2016-12-20,4.9
2016-12-19,4.97
2016-12-16,5.0
2016-12-14,4.96
2016-12-13,4.97
2016-12-09,4.95
2016-12-08,5.03
2016-12-07,5.025
2016-12-06,5.06
2016-12-05,5.04
2016-12-02,5.0
2016-12-01,5.12
2016-11-30,5.867
2016-11-29,5.0
2016-11-24,4.97
2016-11-23,4.98
2016-11-22,4.99
2016-11-18,5.0
2016-11-17,4.97
2016-11-16,4.97
2016-11-15,4.97
2016-11-14,5.0
2016-11-11,5.08
2016-11-10,5.05
2016-11-09,5.05
2016-11-08,5.13
2016-11-07,5.14
2016-11-04,5.13
2016-11-03,5.0
2016-11-02,5.03
2016-10-31,5.13
2016-10-26,5.17
2016-10-24,5.21
2016-10-21,5.11
2016-10-20,5.14
2016-10-19,5.15
2016-10-18,5.16
2016-10-17,5.17
2016-10-13,5.21
2016-10-12,5.15
2016-10-11,5.18
2016-10-10,5.11
2016-10-07,5.15
2016-10-05,5.19
2016-10-04,5.17
2016-10-03,5.17
2016-09-30,5.17
2016-09-29,5.13
2016-09-28,5.2
2016-09-27,5.2
2016-09-22,5.2
2016-09-21,5.198
2016-09-19,5.04
2016-09-16,4.854
2016-09-15,5.003
2016-09-14,5.05
2016-09-13,5.03
2016-09-12,4.992
2016-09-09,5.04
2016-09-08,4.996
2016-09-07,5.139
2016-09-06,5.09
2016-09-02,5.05
2016-09-01,5.0
2016-08-31,5.1
2016-08-30,5.1
2016-08-29,5.11
2016-08-26,5.1
2016-08-24,5.1
2016-08-23,5.2
2016-08-19,5.2
2016-08-18,5.17
2016-08-16,5.17
2016-08-15,5.2
2016-08-11,5.15
2016-08-10,5.25
2016-08-09,5.24
2016-08-08,5.1
2016-08-05,5.148
2016-08-04,5.148
2016-08-03,5.15
2016-08-02,5.22
2016-08-01,5.22
2016-07-28,5.149
2016-07-25,5.15
2016-07-22,5.15
2016-07-21,5.169
2016-07-19,5.18
2016-07-15,5.2
2016-07-14,5.2
2016-07-13,5.2
2016-07-12,5.3
2016-07-11,5.45
2016-07-08,5.4
2016-07-07,5.248
2016-07-06,5.248
2016-07-05,5.26
2016-07-04,5.26
2016-07-01,5.26
2016-06-29,5.011
2016-06-28,5.35
2016-06-27,5.3
2016-06-24,5.39
2016-06-23,5.42
2016-06-22,5.41
2016-06-21,5.498
2016-06-20,5.151
2016-06-17,5.4
2016-06-16,5.58
2016-06-15,5.56
2016-06-14,5.56
2016-06-13,5.58
2016-06-09,5.56
2016-06-08,5.56
2016-06-07,5.6
2016-06-06,5.63
2016-06-03,5.7
2016-06-02,5.78
2016-06-01,5.78
2016-05-31,5.84
2016-05-30,5.84
2016-05-27,5.85
2016-05-26,5.78
2016-05-25,5.9
2016-05-24,5.5
2016-05-23,5.26
2016-05-20,5.3
2016-05-19,5.23
2016-05-18,5.3
2016-05-17,5.11
2016-05-16,4.96
2016-05-13,4.96
2016-05-12,4.96
2016-05-11,4.9
2016-05-10,5.1
2016-05-09,4.95
2016-05-06,4.69
2016-05-05,4.41
2016-05-04,4.43
2016-05-03,4.46
2016-05-02,4.4
2016-04-29,4.518
2016-04-28,4.49
2016-04-27,4.49
2016-04-26,4.48
2016-04-25,4.52
2016-04-22,4.5
2016-04-21,4.48
2016-04-20,4.465
2016-04-19,4.5
2016-04-18,4.5
2016-04-14,4.51
2016-04-13,4.55
2016-04-12,4.42
2016-04-11,4.39
2016-04-08,4.43
2016-04-07,4.52
2016-04-06,4.7
2016-04-05,4.82
2016-04-04,4.9
2016-04-01,5.06
2016-03-31,5.08
2016-03-30,5.08
2016-03-29,5.16
2016-03-24,5.17
2016-03-22,5.14
2016-03-21,5.15
2016-03-18,5.18
2016-03-17,5.14
2016-03-14,5.13
2016-03-11,5.06
2016-03-10,5.08
2016-03-09,5.14
2016-03-07,5.13
2016-03-04,5.16
2016-03-03,5.12
2016-03-02,5.2
2016-03-01,5.25
2016-02-29,5.07
2016-02-26,5.09
2016-02-25,5.11
2016-02-24,5.099
2016-02-23,5.11
2016-02-22,5.03
2016-02-18,5.0
2016-02-17,4.95
2016-02-16,5.03
2016-02-15,5.07
2016-02-12,5.09
2016-02-11,5.15
2016-02-10,5.17
2016-02-09,5.16
2016-02-08,5.178
2016-02-05,5.178
2016-02-04,5.16
2016-02-03,5.16
2016-02-02,5.16
2016-02-01,5.16
2016-01-29,5.18
2016-01-28,5.21
2016-01-27,5.14
2016-01-26,5.08
2016-01-25,5.15
2016-01-22,5.25
2016-01-21,5.26
2016-01-20,5.249
2016-01-19,5.42
2016-01-18,5.46
2016-01-15,5.55
2016-01-14,5.88
2016-01-13,5.97
2016-01-12,5.919
2016-01-11,5.46
2016-01-08,5.22
2016-01-07,5.22
2016-01-06,5.31
2016-01-05,5.3
2016-01-04,5.3
2016-01-01,5.29
2015-12-31,5.29
2015-12-30,5.41
2015-12-29,5.42
2015-12-28,5.37
2015-12-25,5.44
2015-12-24,5.44
2015-12-23,5.38
2015-12-22,5.3
2015-12-21,5.31
2015-12-18,5.32
2015-12-17,5.3
2015-12-16,5.202
2015-12-15,5.2
2015-12-14,5.2
2015-12-11,5.22
2015-12-10,5.22
2015-12-09,5.22
2015-12-08,5.23
2015-12-07,5.14
2015-12-04,5.06
2015-12-03,4.98
2015-12-02,4.869
2015-12-01,4.879
2015-11-30,4.98
2015-11-27,5.19
2015-11-26,5.279
2015-11-25,5.739
2015-11-24,6.0
2015-11-23,6.37
2015-11-20,6.36
2015-11-19,6.49
2015-11-18,6.46
2015-11-17,6.3
2015-11-16,6.12
2015-11-13,6.07
2015-11-12,5.95
2015-11-11,5.86
2015-11-10,5.85
2015-11-09,5.7
2015-11-06,5.56
2015-11-05,5.24
2015-11-04,5.25
2015-11-03,4.98
2015-11-02,4.7
2015-10-30,4.59
2015-10-29,4.52
2015-10-28,4.48
2015-10-27,4.53
2015-10-26,4.55
2015-10-23,4.55
2015-10-22,4.41
2015-10-21,4.41
2015-10-20,4.42
2015-10-19,4.5
2015-10-16,4.539
2015-10-15,4.5
2015-10-14,4.28
2015-10-13,4.22
2015-10-12,4.18
2015-10-09,3.99
2015-10-08,3.85
2015-10-07,3.9
2015-10-06,3.9
2015-10-05,3.61
2015-10-02,3.6
2015-10-01,3.57
2015-09-30,3.61
2015-09-29,3.52
2015-09-28,3.56
2015-09-25,3.62
2015-09-24,3.605
2015-09-23,3.58
2015-09-22,3.48
2015-09-21,3.47
2015-09-18,3.47
2015-09-17,3.52
2015-09-16,3.51
2015-09-15,3.51
2015-09-14,3.473
2015-09-11,3.473
2015-09-10,3.473
2015-09-09,3.449
2015-09-08,3.49
2015-09-07,3.49
2015-09-04,3.49
2015-09-03,3.37
2015-09-02,3.331
2015-09-01,3.351
2015-08-31,3.331
2015-08-28,3.38
2015-08-27,3.2
2015-08-26,3.36
2015-08-25,3.37
2015-08-24,3.34
2015-08-21,3.45
2015-08-20,3.5
2015-08-19,3.51
2015-08-18,3.51
2015-08-17,3.5
2015-08-14,3.5
2015-08-13,3.5
2015-08-12,3.405
2015-08-11,3.5
2015-08-10,3.52
2015-08-07,3.52
2015-08-06,3.495
2015-08-05,3.495
2015-08-04,3.39
2015-08-03,3.39
2015-07-31,3.22
2015-07-30,3.22
2015-07-29,3.215
2015-07-28,3.22
2015-07-27,3.22
2015-07-24,3.24
2015-07-23,3.24
2015-07-22,3.28
2015-07-21,3.29
2015-07-20,3.33
2015-07-17,3.29
2015-07-16,3.25
2015-07-15,3.19
2015-07-14,3.04
2015-07-13,3.08
2015-07-10,3.0
2015-07-09,2.85
2015-07-08,2.76
2015-07-07,2.76
2015-07-06,2.751
2015-07-03,2.97
2015-07-02,3.0
2015-07-01,2.86
2015-06-30,2.81
2015-06-29,2.84
2015-06-26,3.15
2015-06-25,3.3
2015-06-24,3.34
2015-06-23,3.35
2015-06-22,3.36
2015-06-19,3.43
2015-06-18,3.45
2015-06-17,3.47
2015-06-16,3.47
2015-06-15,3.47
2015-06-12,3.519
2015-06-11,3.55
2015-06-10,3.417
2015-06-09,3.417
2015-06-08,3.42
2015-06-05,3.416
2015-06-04,3.45
2015-06-03,3.45
2015-06-02,3.38
2015-06-01,3.48
2015-05-29,3.52
2015-05-28,3.54
2015-05-27,3.5
2015-05-26,3.337
2015-05-25,3.502
2015-05-22,3.53
2015-05-21,3.719
2015-05-20,3.82
2015-05-19,3.88
2015-05-18,3.84
2015-05-15,3.84
2015-05-14,3.72
2015-05-13,3.74
2015-05-12,3.729
2015-05-11,3.73
2015-05-08,3.7
2015-05-07,3.7
2015-05-06,3.95
2015-05-05,4.065
2015-05-04,3.77
2015-05-01,3.78
2015-04-30,3.78
2015-04-29,3.84
2015-04-28,3.87
2015-04-27,3.945
2015-04-24,3.8
2015-04-23,3.85
2015-04-22,4.0
2015-04-21,4.02
2015-04-20,4.04
2015-04-17,4.03
2015-04-16,4.05
2015-04-15,4.03
2015-04-14,4.0
2015-04-13,4.01
2015-04-10,4.02
2015-04-09,3.98
2015-04-08,4.01
2015-04-07,4.02
2015-04-06,4.05
2015-04-03,4.05
2015-04-02,4.05
2015-04-01,3.985
2015-03-31,3.95
2015-03-30,3.88
2015-03-27,3.76
2015-03-26,3.95
2015-03-25,3.96
2015-03-24,3.921
2015-03-23,3.92
2015-03-20,3.93
2015-03-19,3.93
2015-03-18,3.86
2015-03-17,3.86
2015-03-16,3.86
2015-03-13,3.78
2015-03-12,3.8
2015-03-11,3.78
2015-03-10,3.68
2015-03-09,3.48
2015-03-06,3.4
2015-03-05,3.04
2015-03-04,2.94
2015-03-03,2.95
2015-03-02,2.925
2015-02-27,2.87
2015-02-26,2.86
2015-02-25,2.86
2015-02-24,2.833
2015-02-23,2.829
2015-02-20,2.8
2015-02-19,2.8
2015-02-18,2.84
2015-02-17,2.85
2015-02-16,2.86
2015-02-13,2.845
2015-02-12,2.839
2015-02-11,2.84
2015-02-10,2.845
2015-02-09,2.818
2015-02-06,2.86
2015-02-05,2.87
2015-02-04,2.87
2015-02-03,2.87
2015-02-02,2.87
2015-01-30,2.87
2015-01-29,2.875
2015-01-28,2.87
2015-01-27,2.88
2015-01-26,2.9
2015-01-23,2.87
2015-01-22,2.88
2015-01-21,2.85
2015-01-20,2.89
2015-01-19,2.83
2015-01-16,2.75
2015-01-15,2.75
2015-01-14,2.74
2015-01-13,2.71
2015-01-12,2.7
2015-01-09,2.7
2015-01-08,2.699
2015-01-07,2.687
2015-01-06,2.64
2015-01-05,2.66
2015-01-02,2.635
2015-01-01,2.6
2014-12-31,2.6
2014-12-30,2.6
2014-12-29,2.59
2014-12-26,2.59
2014-12-25,2.59
2014-12-24,2.59
2014-12-23,2.6
2014-12-22,2.6
2014-12-19,2.55
2014-12-18,2.55
2014-12-17,2.54
2014-12-16,2.54
2014-12-15,2.55
2014-12-12,2.55
2014-12-11,2.57
2014-12-10,2.57
2014-12-09,2.57
2014-12-08,2.586
2014-12-05,2.586
2014-12-04,2.58
2014-12-03,2.6
2014-12-02,2.6
2014-12-01,2.6
2014-11-28,2.6
2014-11-27,2.62
2014-11-26,2.6
2014-11-25,2.6
2014-11-24,2.6
2014-11-21,2.6
2014-11-20,2.67
2014-11-19,2.67
2014-11-18,2.67
2014-11-17,2.67
2014-11-14,2.67
2014-11-13,2.67
2014-11-12,2.65
2014-11-11,2.6
2014-11-10,2.57
2014-11-07,2.54
2014-11-06,2.65
2014-11-05,2.65
2014-11-04,2.71
2014-11-03,2.71
2014-10-31,2.71
2014-10-30,2.7
2014-10-29,2.7
2014-10-28,2.769
2014-10-27,2.71
2014-10-24,2.74
2014-10-23,2.77
2014-10-22,2.765
2014-10-21,2.75
2014-10-20,2.75
2014-10-17,2.75
2014-10-16,2.7
2014-10-15,2.74
2014-10-14,2.69
2014-10-13,2.71
2014-10-10,2.7
2014-10-09,2.7
2014-10-08,2.71
2014-10-07,2.71
2014-10-06,2.705
2014-10-03,2.71
2014-10-02,2.7
2014-10-01,2.7
2014-09-30,2.72
2014-09-29,2.68
2014-09-26,2.62
2014-09-25,2.68
2014-09-24,2.671
2014-09-23,2.671
2014-09-22,2.73
2014-09-19,2.71
2014-09-18,2.7
2014-09-17,2.65
2014-09-16,2.65
2014-09-15,2.65
2014-09-12,2.75
2014-09-11,2.75
2014-09-10,2.71
2014-09-09,2.7
2014-09-08,2.75
2014-09-05,2.83
2014-09-04,2.87
2014-09-03,2.73
2014-09-02,2.74
2014-09-01,2.74
2014-08-29,2.75
2014-08-28,2.736
2014-08-27,2.731
2014-08-26,2.75
2014-08-25,2.72
2014-08-22,2.78
2014-08-21,2.78
2014-08-20,2.711
2014-08-19,2.69
2014-08-18,2.64
2014-08-15,2.63
2014-08-14,2.7
2014-08-13,2.7
2014-08-12,2.8
2014-08-11,2.85
2014-08-08,2.87
2014-08-07,2.85
2014-08-06,2.86
2014-08-05,2.922
2014-08-04,2.93
2014-08-01,2.93
2014-07-31,2.915
2014-07-30,2.92
2014-07-29,2.97
2014-07-28,2.97
2014-07-25,2.895
2014-07-24,2.85
2014-07-23,2.87
2014-07-22,2.9
2014-07-21,2.85
2014-07-18,2.84
2014-07-17,2.84
2014-07-16,2.845
2014-07-15,2.79
2014-07-14,2.82
2014-07-11,2.84
2014-07-10,2.84
2014-07-09,2.95
2014-07-08,2.955
2014-07-07,2.95
2014-07-04,2.95
2014-07-03,2.98
2014-07-02,2.98
2014-07-01,2.98
2014-06-30,2.98
2014-06-27,2.99
2014-06-26,2.997
2014-06-25,2.995
2014-06-24,2.98
2014-06-23,2.97
2014-06-20,2.959
2014-06-19,2.87
2014-06-18,2.87
2014-06-17,2.91
2014-06-16,2.86
2014-06-13,2.98
2014-06-12,2.97
2014-06-11,2.9
2014-06-10,2.98
2014-06-09,2.81
2014-06-06,2.69
2014-06-05,2.53
2014-06-04,2.491
2014-06-03,2.48
2014-06-02,2.38
2014-05-30,2.32
2014-05-29,2.38
2014-05-28,2.38
2014-05-27,2.3
2014-05-26,2.4
2014-05-23,2.42
2014-05-22,2.47
2014-05-21,2.5
2014-05-20,2.5
2014-05-19,2.54
2014-05-16,2.57
2014-05-15,2.673
2014-05-14,2.719
2014-05-13,2.69
2014-05-12,2.72
2014-05-09,2.72
2014-05-08,2.7
2014-05-07,2.62
2014-05-06,2.64
2014-05-05,2.65
2014-05-02,2.66
2014-05-01,2.66
2014-04-30,2.66
2014-04-29,2.69
2014-04-28,2.685
2014-04-25,2.67
2014-04-24,2.63
2014-04-23,2.65
2014-04-22,2.61
2014-04-21,2.58
2014-04-18,2.58
2014-04-17,2.58
2014-04-16,2.58
2014-04-15,2.62
2014-04-14,2.6
2014-04-11,2.7
2014-04-10,2.51
2014-04-09,2.5
2014-04-08,2.5
2014-04-07,2.45
2014-04-04,2.43
2014-04-03,2.459
2014-04-02,2.44
2014-04-01,2.45
2014-03-31,2.46
2014-03-28,2.45
2014-03-27,2.439
2014-03-26,2.401
2014-03-25,2.42
2014-03-24,2.45
2014-03-21,2.37
2014-03-20,2.4
2014-03-19,2.37
2014-03-18,2.34
2014-03-17,2.318
2014-03-14,2.29
2014-03-13,2.22
2014-03-12,2.18
2014-03-11,2.13
2014-03-10,2.12
2014-03-07,2.15
2014-03-06,2.09
2014-03-05,2.141
2014-03-04,2.15
2014-03-03,2.15
2014-02-28,2.12
2014-02-27,2.055
2014-02-26,2.019
2014-02-25,1.997
2014-02-24,1.98
2014-02-21,1.73
2014-02-20,1.709
2014-02-19,1.7
2014-02-18,1.67
2014-02-17,1.68
2014-02-14,1.67
2014-02-13,1.61
2014-02-12,1.64
2014-02-11,1.65
2014-02-10,1.63
2014-02-07,1.69
2014-02-06,1.68
2014-02-05,1.65
2014-02-04,1.58
2014-02-03,1.587
2014-01-31,1.61
2014-01-30,1.6
2014-01-29,1.63
2014-01-28,1.63
2014-01-27,1.64
2014-01-24,1.64
2014-01-23,1.66
2014-01-22,1.66
2014-01-21,1.66
2014-01-20,1.66
2014-01-17,1.7
2014-01-16,1.69
2014-01-15,1.68
2014-01-14,1.7
2014-01-13,1.6
2014-01-10,1.52
2014-01-09,1.5
2014-01-08,1.42
2014-01-07,1.41
2014-01-06,1.42
2014-01-03,1.44
2014-01-02,1.41
2014-01-01,1.38
2013-12-31,1.38
2013-12-30,1.351
2013-12-27,1.38
2013-12-26,1.333
2013-12-25,1.333
2013-12-24,1.333
2013-12-23,1.37
2013-12-20,1.37
2013-12-19,1.36
2013-12-18,1.39
2013-12-17,1.38
2013-12-16,1.42
2013-12-13,1.42
2013-12-12,1.4
2013-12-11,1.39
2013-12-10,1.37
2013-12-09,1.42
2013-12-06,1.42
2013-12-05,1.371
2013-12-04,1.4
2013-12-03,1.41
2013-12-02,1.43
2013-11-29,1.43
2013-11-28,1.41
2013-11-27,1.4
2013-11-26,1.43
2013-11-25,1.45
2013-11-22,1.441
2013-11-21,1.43
2013-11-20,1.43
2013-11-19,1.43
2013-11-18,1.45
2013-11-15,1.45
2013-11-14,1.42
2013-11-13,1.409
2013-11-12,1.4
2013-11-11,1.38
2013-11-08,1.41
2013-11-07,1.375
2013-11-06,1.369
2013-11-05,1.35
2013-11-04,1.37
2013-11-01,1.31
2013-10-31,1.29
2013-10-30,1.31
2013-10-29,1.232
2013-10-28,1.3
2013-10-25,1.306
2013-10-24,1.33
2013-10-23,1.33
2013-10-22,1.25
2013-10-21,1.25
2013-10-18,1.22
2013-10-17,1.21
2013-10-16,1.21
2013-10-15,1.22
2013-10-14,1.221
2013-10-11,1.25
2013-10-10,1.19
2013-10-09,1.205
2013-10-08,1.205
2013-10-07,1.2
2013-10-04,1.183
2013-10-03,1.195
2013-10-02,1.18
2013-10-01,1.18
2013-09-30,1.18
2013-09-27,1.18
2013-09-26,1.17
2013-09-25,1.17
2013-09-24,1.17
2013-09-23,1.17
2013-09-20,1.16
2013-09-19,1.16
2013-09-18,1.18
2013-09-17,1.179
2013-09-16,1.179
2013-09-13,1.18
2013-09-12,1.18
2013-09-11,1.18
2013-09-10,1.18
2013-09-09,1.17
2013-09-06,1.169
2013-09-05,1.169
2013-09-04,1.169
2013-09-03,1.169
2013-09-02,1.16
2013-08-30,1.17
2013-08-29,1.158
2013-08-28,1.14
2013-08-27,1.139
2013-08-26,1.12
2013-08-23,1.1
2013-08-22,1.1
2013-08-21,1.071
2013-08-20,1.07
2013-08-19,1.07
2013-08-16,1.05
2013-08-15,1.06
2013-08-14,1.04
2013-08-13,1.021
2013-08-12,1.039
2013-08-09,1.036
2013-08-08,1.03
2013-08-07,1.04
2013-08-06,1.01
2013-08-05,0.98
2013-08-02,1.02
2013-08-01,1.02
2013-07-31,1.02
2013-07-30,0.99
2013-07-29,0.99
2013-07-26,1.019
2013-07-25,1.019
2013-07-24,1.02
2013-07-23,1.02
2013-07-22,1.01
2013-07-19,1.0
2013-07-18,1.0
2013-07-17,1.02
2013-07-16,1.02
2013-07-15,1.03
2013-07-12,1.02
2013-07-11,0.98
2013-07-10,0.98
2013-07-09,0.975
2013-07-08,0.98
2013-07-05,0.96
2013-07-04,0.98
2013-07-03,0.96
2013-07-02,1.0
2013-07-01,1.0
2013-06-28,1.0
2013-06-27,0.98
2013-06-26,1.0
2013-06-25,0.998
2013-06-24,0.99
2013-06-21,0.99
2013-06-20,0.94
2013-06-19,0.94
2013-06-18,0.93
2013-06-17,0.93
2013-06-14,0.93
2013-06-13,0.94
2013-06-12,0.94
2013-06-11,0.94
2013-06-10,0.93
2013-06-07,0.93
2013-06-06,0.95
2013-06-05,0.93
2013-06-04,0.93
2013-06-03,0.93
2013-05-31,0.94
2013-05-30,0.93
2013-05-29,0.92
2013-05-28,0.93
2013-05-27,0.93
2013-05-24,0.93
2013-05-23,0.94
2013-05-22,0.93
2013-05-21,0.93
2013-05-20,0.93
2013-05-17,0.93
2013-05-16,0.91
2013-05-15,0.91
2013-05-14,0.91
2013-05-13,0.91
2013-05-10,0.925
2013-05-09,0.925
2013-05-08,0.939
2013-05-07,0.939
2013-05-06,0.939
2013-05-03,1.02
2013-05-02,1.0
2013-05-01,1.0
2013-04-30,1.0
2013-04-29,0.99
2013-04-26,0.975
2013-04-25,0.95
2013-04-24,0.949
2013-04-23,0.949
2013-04-22,0.949
2013-04-19,0.949
2013-04-18,0.945
2013-04-17,0.94
2013-04-16,0.94
2013-04-15,0.935
2013-04-12,0.94
2013-04-11,0.935
2013-04-10,0.92
2013-04-09,0.9
2013-04-08,0.91
2013-04-05,0.89
2013-04-04,0.88
2013-04-03,0.9
2013-04-02,0.85
2013-04-01,0.9
2013-03-29,0.9
2013-03-28,0.9
2013-03-27,0.9
2013-03-26,0.88
2013-03-25,0.9
2013-03-22,0.89
2013-03-21,0.891
2013-03-20,0.89
2013-03-19,0.88
2013-03-18,0.89
2013-03-15,0.85
2013-03-14,0.85
2013-03-13,0.895
2013-03-12,0.849
2013-03-11,0.849
2013-03-08,0.849
2013-03-07,0.845
2013-03-06,0.82
2013-03-05,0.82
2013-03-04,0.81
2013-03-01,0.8
2013-02-28,0.82
2013-02-27,0.82
2013-02-26,0.82
2013-02-25,0.82
2013-02-22,0.82
2013-02-21,0.801
2013-02-20,0.805
2013-02-19,0.805
2013-02-18,0.805
2013-02-15,0.805
2013-02-14,0.815
2013-02-13,0.82
2013-02-12,0.813
2013-02-11,0.815
2013-02-08,0.8
2013-02-07,0.8
2013-02-06,0.8
2013-02-05,0.8
2013-02-04,0.78
2013-02-01,0.8
2013-01-31,0.8
2013-01-30,0.781
2013-01-29,0.782
2013-01-28,0.78
2013-01-25,0.771
2013-01-24,0.77
2013-01-23,0.782
2013-01-22,0.781
2013-01-21,0.781
2013-01-18,0.78
2013-01-17,0.77
2013-01-16,0.75
2013-01-15,0.74
2013-01-14,0.75
2013-01-11,0.75
2013-01-10,0.76
2013-01-09,0.74
2013-01-08,0.732
2013-01-07,0.732
2013-01-04,0.744
2013-01-03,0.742
2013-01-02,0.73
2013-01-01,0.715
2012-12-31,0.715
2012-12-28,0.685
2012-12-27,0.68
2012-12-26,0.67
2012-12-25,0.67
2012-12-24,0.67
2012-12-21,0.68
2012-12-20,0.653
2012-12-19,0.655
2012-12-18,0.655
2012-12-17,0.652
2012-12-14,0.652
2012-12-13,0.652
2012-12-12,0.651
2012-12-11,0.651
2012-12-10,0.651
2012-12-07,0.651
2012-12-06,0.651
2012-12-05,0.67
2012-12-04,0.67
2012-12-03,0.65
2012-11-30,0.67
2012-11-29,0.67
2012-11-28,0.67
2012-11-27,0.672
2012-11-26,0.664
2012-11-23,0.66
2012-11-22,0.65
2012-11-21,0.65
2012-11-20,0.631
2012-11-19,0.655
2012-11-16,0.657
2012-11-15,0.64
2012-11-14,0.64
2012-11-13,0.64
2012-11-12,0.64
2012-11-09,0.645
2012-11-08,0.645
2012-11-07,0.64
2012-11-06,0.64
2012-11-05,0.641
2012-11-02,0.641
2012-11-01,0.64
2012-10-31,0.64
2012-10-30,0.64
2012-10-29,0.64
2012-10-26,0.64
2012-10-25,0.64
2012-10-24,0.64
2012-10-23,0.641
2012-10-22,0.66
2012-10-19,0.655
2012-10-18,0.643
2012-10-17,0.641
2012-10-16,0.641
2012-10-15,0.642
2012-10-12,0.64
2012-10-11,0.64
2012-10-10,0.64
2012-10-09,0.64
2012-10-08,0.65
2012-10-05,0.65
2012-10-04,0.64
2012-10-03,0.65
2012-10-02,0.64
2012-10-01,0.64
2012-09-28,0.64
2012-09-27,0.66
2012-09-26,0.66
2012-09-25,0.68
2012-09-24,0.68
2012-09-21,0.67
2012-09-20,0.66
2012-09-19,0.67
2012-09-18,0.67
2012-09-17,0.69
2012-09-14,0.7
2012-09-13,0.68
2012-09-12,0.68
2012-09-11,0.69
2012-09-10,0.694
2012-09-07,0.66
2012-09-06,0.65
2012-09-05,0.65
2012-09-04,0.66
2012-09-03,0.65
2012-08-31,0.65
2012-08-30,0.63
2012-08-29,0.64
2012-08-28,0.66
2012-08-27,0.66
2012-08-24,0.66
2012-08-23,0.65
2012-08-22,0.65
2012-08-21,0.675
2012-08-20,0.65
2012-08-17,0.64
2012-08-16,0.63
2012-08-15,0.63
2012-08-14,0.63
2012-08-13,0.65
2012-08-10,0.64
2012-08-09,0.64
2012-08-08,0.65
2012-08-07,0.66
2012-08-06,0.67
2012-08-03,0.66
2012-08-02,0.63
2012-08-01,0.62
2012-07-31,0.65
2012-07-30,0.65
2012-07-27,0.64
2012-07-26,0.619
2012-07-25,0.65
2012-07-24,0.65
2012-07-23,0.65
2012-07-20,0.65
2012-07-19,0.65
2012-07-18,0.625
2012-07-17,0.63
2012-07-16,0.615
2012-07-13,0.615
2012-07-12,0.615
2012-07-11,0.615
2012-07-10,0.62
2012-07-09,0.615
2012-07-06,0.62
2012-07-05,0.615
2012-07-04,0.621
2012-07-03,0.61
2012-07-02,0.61
2012-06-29,0.61
2012-06-28,0.61
2012-06-27,0.6
2012-06-26,0.61
2012-06-25,0.61
2012-06-22,0.61
2012-06-21,0.61
2012-06-20,0.61
2012-06-19,0.62
2012-06-18,0.59
2012-06-15,0.59
2012-06-14,0.58
2012-06-13,0.58
2012-06-12,0.62
2012-06-11,0.6
2012-06-08,0.6
2012-06-07,0.6
2012-06-06,0.59
2012-06-05,0.59
2012-06-04,0.59
2012-06-01,0.62
2012-05-31,0.61
2012-05-30,0.61
2012-05-29,0.61
2012-05-28,0.6
2012-05-25,0.62
2012-05-24,0.57
2012-05-23,0.65
2012-05-22,0.62
2012-05-21,0.68
2012-05-18,0.69
2012-05-17,0.695
2012-05-16,0.695
2012-05-15,0.72
2012-05-14,0.71
2012-05-11,0.69
2012-05-10,0.749
2012-05-09,0.685
2012-05-08,0.69
2012-05-07,0.69
2012-05-04,0.69
2012-05-03,0.69
2012-05-02,0.69
2012-05-01,0.695
2012-04-30,0.695
2012-04-27,0.69
2012-04-26,0.69
2012-04-25,0.73
2012-04-24,0.66
2012-04-23,0.656
2012-04-20,0.66
2012-04-19,0.661
2012-04-18,0.66
2012-04-17,0.66
2012-04-16,0.68
2012-04-13,0.656
2012-04-12,0.66
2012-04-11,0.72
2012-04-10,0.655
2012-04-09,0.72
2012-04-06,0.72
2012-04-05,0.72
2012-04-04,0.72
2012-04-03,0.72
2012-04-02,0.72
2012-03-30,0.72
2012-03-29,0.67
2012-03-28,0.67
2012-03-27,0.67
2012-03-26,0.65
2012-03-23,0.65
2012-03-22,0.645
2012-03-21,0.64
2012-03-20,0.645
2012-03-19,0.65
2012-03-16,0.638
2012-03-15,0.638
2012-03-14,0.637
2012-03-13,0.64
2012-03-12,0.637
2012-03-09,0.632
2012-03-08,0.632
2012-03-07,0.665
2012-03-06,0.632
2012-03-05,0.67
2012-03-02,0.632
2012-03-01,0.632
2012-02-29,0.632
2012-02-28,0.631
2012-02-27,0.631
2012-02-24,0.75
2012-02-23,0.657
2012-02-22,0.626
2012-02-21,0.626
2012-02-20,0.625
2012-02-17,0.625
2012-02-16,0.625
2012-02-15,0.645
2012-02-14,0.66
2012-02-13,0.66
2012-02-10,0.615
2012-02-09,0.65
2012-02-08,0.69
2012-02-07,0.69
2012-02-06,0.65
2012-02-03,0.65
2012-02-02,0.65
2012-02-01,0.65
2012-01-31,0.621
2012-01-30,0.62
2012-01-27,0.61
2012-01-26,0.65
2012-01-25,0.65
2012-01-24,0.575
2012-01-23,0.65
2012-01-20,0.602
2012-01-19,0.6
2012-01-18,0.6
2012-01-17,0.574
2012-01-16,0.591
2012-01-13,0.591
2012-01-12,0.59
2012-01-11,0.7
2012-01-10,0.664
2012-01-09,0.57
2012-01-06,0.57
2012-01-05,0.575
2012-01-04,0.575
2012-01-03,0.575
2012-01-02,0.638
2011-12-30,0.63
2011-12-29,0.599
2011-12-28,0.55
2011-12-27,0.55
2011-12-26,0.591
2011-12-23,0.591
2011-12-22,0.59
2011-12-21,0.55
2011-12-20,0.59
2011-12-19,0.553
2011-12-16,0.551
2011-12-15,0.551
2011-12-14,0.551
2011-12-13,0.551
2011-12-12,0.64
2011-12-09,0.64
2011-12-08,0.64
2011-12-07,0.64
2011-12-06,0.57
2011-12-05,0.561
2011-12-02,0.553
2011-12-01,0.64
2011-11-30,0.55
2011-11-29,0.531
2011-11-28,0.531
2011-11-25,0.6
2011-11-24,0.63
2011-11-23,0.58
2011-11-22,0.58
2011-11-21,0.58
2011-11-18,0.58
2011-11-17,0.528
2011-11-16,0.528
2011-11-15,69.6978
2011-11-14,0.551
2011-11-11,67.3655
2011-11-10,0.58
2011-11-09,0.55
2011-11-08,0.509
2011-11-07,0.503
2011-11-04,0.598
2011-11-03,0.553
2011-11-02,0.552
2011-11-01,0.6
2011-10-31,0.56
2011-10-28,0.65
2011-10-27,0.551
2011-10-26,0.59
2011-10-25,0.58
2011-10-24,68.8497
2011-10-21,67.5945
2011-10-20,0.6
2011-10-19,0.59
2011-10-18,0.59
2011-10-17,66.1527
2011-10-14,0.59
2011-10-13,65.822
2011-10-12,65.8983
2011-10-11,0.63
2011-10-10,0.65
2011-10-07,65.2113
2011-10-06,0.64
2011-10-05,64.8297
2011-10-04,64.448
2011-10-03,64.2445
2011-09-30,0.6
2011-09-29,64.3208
2011-09-28,0.63
2011-09-27,64.4226
2011-09-26,63.7102
2011-09-23,64.0579
2011-09-22,0.62
2011-09-21,64.3547
2011-09-20,0.62
2011-09-19,63.8034
2011-09-16,64.6176
2011-09-15,0.66
2011-09-14,0.656
2011-09-13,0.626
2011-09-12,0.62
2011-09-09,0.625
2011-09-08,0.63
2011-09-07,0.66
2011-09-06,0.662
2011-09-02,0.7
2011-09-01,72.8613
2011-08-31,0.7
2011-08-30,0.651
2011-08-29,72.9546
2011-08-26,0.65
2011-08-25,70.8173
2011-08-24,69.0702
2011-08-23,0.67
2011-08-22,0.661
2011-08-19,0.723
2011-08-18,0.611
2011-08-17,0.67
2011-08-16,70.0964
2011-08-15,70.6647
2011-08-12,0.63
2011-08-11,0.62
2011-08-10,0.62
2011-08-09,0.6
2011-08-08,0.64
2011-08-05,0.65
2011-08-04,0.727
2011-08-03,0.727
2011-08-02,72.9206
2011-08-01,73.9553
2011-07-29,0.669
2011-07-28,73.3786
2011-07-27,0.682
2011-07-26,74.1928
2011-07-25,74.3031
2011-07-22,0.71
2011-07-21,0.7
2011-07-20,0.7
2011-07-19,0.683
2011-07-18,0.7
2011-07-15,0.749
2011-07-14,73.4634
2011-07-13,73.5822
2011-07-12,0.75
2011-07-11,0.69
2011-07-08,0.69
2011-07-07,0.73
2011-07-06,0.696
2011-07-05,0.74
2011-07-04,0.74
2011-07-01,73.7857
2011-06-30,0.74
2011-06-29,0.76
2011-06-28,0.704
2011-06-27,0.785
2011-06-24,0.76
2011-06-23,0.79
2011-06-22,0.79
2011-06-21,74.1504
2011-06-20,74.0995
2011-06-17,0.79
2011-06-16,0.813
2011-06-15,0.844
2011-06-14,0.85
2011-06-13,0.85
2011-06-10,0.84
2011-06-09,0.84
2011-06-08,0.838
2011-06-07,0.818
2011-06-06,0.83
2011-06-03,0.825
2011-06-02,0.772
2011-06-01,74.2861
2011-05-31,0.799
2011-05-30,0.75
2011-05-27,74.6338
2011-05-26,0.742
2011-05-25,0.8
2011-05-24,0.79
2011-05-23,0.785
2011-05-20,74.8543
2011-05-19,0.83
2011-05-18,0.83
2011-05-17,0.781
2011-05-16,0.829
2011-05-13,0.828
2011-05-12,0.8
2011-05-11,0.829
2011-05-10,0.84
2011-05-09,0.83
2011-05-06,0.82
2011-05-05,0.8
2011-05-04,0.83
2011-05-03,0.783
2011-05-02,0.76
2011-04-29,0.73
2011-04-28,0.73
2011-04-27,0.7
2011-04-26,0.673
2011-04-25,57.9599
2011-04-21,0.73
2011-04-20,0.73
2011-04-19,0.696
2011-04-18,0.72
2011-04-15,0.68
2011-04-14,0.684
2011-04-13,0.671
2011-04-12,0.69
2011-04-11,0.7
2011-04-08,0.72
2011-04-07,0.719
2011-04-06,0.67
2011-04-05,0.68
2011-04-04,0.715
2011-04-01,0.699
2011-03-31,0.68
2011-03-30,0.671
2011-03-29,0.683
2011-03-28,0.682
2011-03-25,0.7
2011-03-24,0.686
2011-03-23,0.685
2011-03-22,0.686
2011-03-21,0.687
2011-03-18,0.675
2011-03-17,0.674
2011-03-16,0.74
2011-03-15,0.74
2011-03-14,0.749
2011-03-11,0.685
2011-03-10,0.689
2011-03-09,0.7
2011-03-08,0.688
2011-03-07,0.689
2011-03-04,0.7
2011-03-03,0.69
2011-03-02,0.687
2011-03-01,0.729
2011-02-28,0.7
2011-02-25,0.685
2011-02-24,0.685
2011-02-23,0.685
2011-02-22,0.685
2011-02-21,0.689
2011-02-18,0.693
2011-02-17,0.7
2011-02-16,0.7
2011-02-15,0.691
2011-02-14,0.72
2011-02-11,0.7
2011-02-10,0.686
2011-02-09,0.7
2011-02-08,0.693
2011-02-07,0.749
2011-02-04,0.7
2011-02-03,0.701
2011-02-02,0.73
2011-02-01,0.72
2011-01-31,0.705
2011-01-28,0.68
2011-01-27,0.68
2011-01-26,0.682
2011-01-25,0.7
2011-01-24,0.739
2011-01-21,0.739
2011-01-20,0.684
2011-01-19,0.683
2011-01-18,0.7
2011-01-17,0.68
2011-01-14,0.681
2011-01-13,0.68
2011-01-12,0.72
2011-01-11,0.65
2011-01-10,0.709
2011-01-07,0.66
2011-01-06,0.74
2011-01-05,0.69
2011-01-04,0.74
2011-01-03,0.69
2010-12-31,0.73
2010-12-30,0.7
2010-12-29,0.724
2010-12-28,0.72
2010-12-27,0.711
2010-12-24,0.713
2010-12-23,0.713
2010-12-22,0.713
2010-12-21,0.714
2010-12-20,0.72
2010-12-17,0.759
2010-12-16,0.741
2010-12-15,0.723
2010-12-14,0.72
2010-12-13,0.726
2010-12-10,0.73
2010-12-09,0.732
2010-12-08,0.73
2010-12-07,0.722
2010-12-06,0.722
2010-12-03,0.756
2010-12-02,0.73
2010-12-01,0.72
2010-11-30,0.71
2010-11-29,0.72
2010-11-26,0.721
2010-11-25,0.724
2010-11-24,0.769
2010-11-23,0.769
2010-11-22,0.723
2010-11-19,0.73
2010-11-18,0.731
2010-11-17,0.773
2010-11-16,0.726
2010-11-15,0.77
2010-11-12,0.755
2010-11-11,0.74
2010-11-10,0.74
2010-11-09,0.778
2010-11-08,0.75
2010-11-05,0.784
2010-11-04,0.745
2010-11-03,0.742
2010-11-02,0.745
2010-11-01,0.743
2010-10-29,0.78
2010-10-28,0.741
2010-10-27,0.77
2010-10-26,0.77
2010-10-25,0.77
2010-10-22,0.769
2010-10-21,0.76
2010-10-20,0.712
2010-10-19,0.722
2010-10-18,0.75
2010-10-15,0.75
2010-10-14,0.75
2010-10-13,0.716
2010-10-12,0.733
2010-10-11,0.74
2010-10-08,0.74
2010-10-07,0.74
2010-10-06,0.74
2010-10-05,0.734
2010-10-04,0.734
2010-10-01,0.735
2010-09-30,0.75
2010-09-29,0.761
2010-09-28,0.767
2010-09-27,0.79
2010-09-24,0.79
2010-09-23,0.79
2010-09-22,0.79
2010-09-21,0.78
2010-09-20,0.777
2010-09-17,0.8
2010-09-16,0.775
2010-09-15,0.776
2010-09-14,0.771
2010-09-13,0.771
2010-09-10,0.799
2010-09-09,0.799
2010-09-08,0.761
2010-09-07,0.8
2010-09-06,0.8
2010-09-03,0.762
2010-09-02,0.8
2010-09-01,0.8
2010-08-31,0.8
2010-08-30,0.8
2010-08-27,0.799
2010-08-26,0.8
2010-08-25,0.738
2010-08-24,0.738
2010-08-23,0.78
2010-08-20,0.793
2010-08-19,0.794
2010-08-18,0.745
2010-08-17,0.77
2010-08-16,0.77
2010-08-13,0.77
2010-08-12,0.77
2010-08-11,0.77
2010-08-10,0.77
2010-08-09,0.77
2010-08-06,0.8
2010-08-05,0.8
2010-08-04,0.756
2010-08-03,0.798
2010-08-02,0.78
2010-07-30,0.78
2010-07-29,0.79
2010-07-28,0.79
2010-07-27,0.78
2010-07-26,0.77
2010-07-23,0.758
2010-07-22,0.77
2010-07-21,0.76
2010-07-20,0.76
2010-07-19,0.76
2010-07-16,0.76
2010-07-15,0.76
2010-07-14,0.76
2010-07-13,0.76
2010-07-12,0.77
2010-07-09,0.764
2010-07-08,0.765
2010-07-07,0.8
2010-07-06,0.8
2010-07-05,0.756
2010-07-02,0.773
2010-07-01,0.826
2010-06-30,0.826
2010-06-29,0.759
2010-06-28,0.809
2010-06-25,0.8
2010-06-24,0.771
2010-06-23,0.797
2010-06-22,0.797
2010-06-21,0.828
2010-06-18,0.829
2010-06-17,0.838
2010-06-16,0.839
2010-06-15,0.8
2010-06-14,0.754
2010-06-11,0.753
2010-06-10,0.799
2010-06-09,0.741
2010-06-08,0.72
2010-06-07,0.735
2010-06-04,0.732
2010-06-03,0.78
2010-06-02,0.825
2010-06-01,0.83
2010-05-31,0.815
2010-05-28,0.81
2010-05-27,0.81
2010-05-26,0.745
2010-05-25,0.745
2010-05-24,0.75
2010-05-21,0.75
2010-05-20,0.721
2010-05-19,0.75
2010-05-18,0.75
2010-05-17,0.75
2010-05-14,0.75
2010-05-13,0.775
2010-05-12,0.77
2010-05-11,0.781
2010-05-10,0.769
2010-05-07,0.785
2010-05-06,0.8
2010-05-05,0.77
2010-05-04,0.77
2010-05-03,0.75
2010-04-30,0.8
2010-04-29,0.81
2010-04-28,0.74
2010-04-27,0.8
2010-04-26,0.804
2010-04-23,0.808
2010-04-22,0.79
2010-04-21,0.8
2010-04-20,0.8
2010-04-19,0.8
2010-04-16,0.796
2010-04-15,0.796
2010-04-14,0.81
2010-04-13,0.796
2010-04-12,0.795
2010-04-09,0.815
2010-04-08,0.821
2010-04-07,0.83
2010-04-06,0.825
2010-04-05,57.2899
2010-04-01,0.825
2010-03-31,0.825
2010-03-30,0.826
2010-03-29,0.84
2010-03-26,0.84
2010-03-25,0.825
2010-03-24,0.825
2010-03-23,0.825
2010-03-22,0.82
2010-03-19,0.82
2010-03-18,0.83
2010-03-17,0.83
2010-03-16,0.821
2010-03-15,0.825
2010-03-12,0.823
2010-03-11,0.822
2010-03-10,0.859
2010-03-09,0.82
2010-03-08,0.835
2010-03-05,0.878
2010-03-04,0.831
2010-03-03,0.811
2010-03-02,0.821
2010-03-01,0.841
2010-02-26,0.841
2010-02-25,0.841
2010-02-24,0.853
2010-02-23,0.852
2010-02-22,0.865
2010-02-19,0.861
2010-02-18,0.887
2010-02-17,0.888
2010-02-16,0.853
2010-02-15,0.889
2010-02-12,0.858
2010-02-11,0.89
2010-02-10,0.88
2010-02-09,0.88
2010-02-08,0.87
2010-02-05,0.888
2010-02-04,0.87
2010-02-03,0.89
2010-02-02,0.89
2010-02-01,0.89
2010-01-29,0.892
2010-01-28,0.87
2010-01-27,0.879
2010-01-26,0.889
2010-01-25,0.899
2010-01-22,0.851
2010-01-21,0.9
2010-01-20,0.9
2010-01-19,0.89
2010-01-18,0.89
2010-01-15,0.89
2010-01-13,0.887
2010-01-12,0.9
2010-01-11,0.9
2010-01-08,0.89
2010-01-07,0.89
2010-01-06,0.9
2010-01-05,0.89
2010-01-04,0.9
2009-12-31,0.901
2009-12-30,0.914
2009-12-29,0.881
2009-12-28,0.904
2009-12-24,0.93
2009-12-23,0.875
2009-12-22,0.898
2009-12-21,0.919
2009-12-18,0.936
2009-12-17,0.869
2009-12-16,0.86
2009-12-15,0.844
2009-12-14,0.82
2009-12-11,0.816
2009-12-10,0.834
2009-12-09,0.825
2009-12-08,0.825
2009-12-07,0.825
2009-12-04,0.85
2009-12-03,0.859
2009-12-02,0.84
2009-12-01,0.849
2009-11-30,0.82
2009-11-27,0.816
2009-11-26,0.845
2009-11-25,0.849
2009-11-24,0.85
2009-11-23,0.869
2009-11-20,0.85
2009-11-19,0.835
2009-11-18,0.835
2009-11-17,0.84
2009-11-16,0.87
2009-11-13,0.86
2009-11-12,0.86
2009-11-11,0.861
2009-11-10,0.88
2009-11-09,0.86
2009-11-06,0.85
2009-11-05,0.868
2009-11-04,0.834
2009-11-03,0.835
2009-11-02,0.865
2009-10-30,0.9
2009-10-29,0.888
2009-10-28,0.85
2009-10-27,0.9
2009-10-26,0.906
2009-10-23,0.911
2009-10-22,0.904
2009-10-21,0.908
2009-10-20,0.919
2009-10-19,0.94
2009-10-16,0.949
2009-10-15,0.94
2009-10-14,0.959
2009-10-13,0.938
2009-10-12,0.95
2009-10-09,0.96
2009-10-08,0.94
2009-10-07,0.93
2009-10-06,0.917
2009-10-05,0.9
2009-10-02,0.891
2009-10-01,0.9
2009-09-30,0.92
2009-09-29,0.9
2009-09-28,0.915
2009-09-25,0.925
2009-09-24,0.916
2009-09-23,0.917
2009-09-22,0.893
2009-09-21,0.91
2009-09-18,0.91
2009-09-17,0.922
2009-09-16,0.948
2009-09-15,0.936
2009-09-14,0.934
2009-09-11,0.892
2009-09-10,0.888
2009-09-09,0.907
2009-09-08,0.875
2009-09-07,0.907
2009-09-04,0.87
2009-09-03,0.82
2009-09-02,0.83
2009-09-01,0.84
2009-08-31,0.802
2009-08-28,0.8
2009-08-27,0.8
2009-08-26,0.8
2009-08-25,0.802
2009-08-24,0.809
2009-08-21,0.798
2009-08-20,0.78
2009-08-19,0.75
2009-08-18,0.732
2009-08-17,0.773
2009-08-14,0.752
2009-08-13,0.755
2009-08-12,0.751
2009-08-11,0.751
2009-08-10,0.783
2009-08-07,0.789
2009-08-06,0.789
2009-08-05,0.78
2009-08-04,0.768
2009-08-03,0.749
2009-07-31,0.749
2009-07-30,0.723
2009-07-29,0.72
2009-07-28,0.725
2009-07-27,0.724
2009-07-24,0.724
2009-07-23,0.73
2009-07-22,0.723
2009-07-21,0.731
2009-07-20,0.75
2009-07-17,0.75
2009-07-16,0.74
2009-07-15,0.75
2009-07-14,0.76
2009-07-13,0.76
2009-07-10,0.76
2009-07-09,0.735
2009-07-08,0.735
2009-07-07,0.735
2009-07-06,0.779
2009-07-03,0.779
2009-07-02,0.76
2009-07-01,0.765
2009-06-30,0.795
2009-06-29,0.732
2009-06-26,0.75
2009-06-25,0.732
2009-06-24,0.76
2009-06-23,0.76
2009-06-22,0.76
2009-06-19,0.768
2009-06-18,0.765
2009-06-17,0.794
2009-06-16,0.795
2009-06-15,0.795
2009-06-12,0.798
2009-06-11,0.799
2009-06-10,0.82
2009-06-09,0.792
2009-06-08,0.79
2009-06-05,0.81
2009-06-04,0.81
2009-06-03,0.82
2009-06-02,0.809
2009-06-01,0.838
2009-05-29,0.83
2009-05-28,0.83
2009-05-27,0.802
2009-05-26,0.792
2009-05-25,0.79
2009-05-22,0.84
2009-05-21,0.784
2009-05-20,0.81
2009-05-19,0.786
2009-05-18,0.75
2009-05-15,0.75
2009-05-14,0.752
2009-05-13,0.75
2009-05-12,0.75
2009-05-11,0.774
2009-05-08,0.8
2009-05-07,0.8
2009-05-06,0.77
2009-05-05,0.77
2009-05-04,0.75
2009-05-01,0.744
2009-04-30,0.744
2009-04-29,0.714
2009-04-28,0.691
2009-04-27,0.694
2009-04-24,0.722
2009-04-23,0.727
2009-04-22,0.714
2009-04-21,0.675
2009-04-20,0.66
2009-04-17,0.717
2009-04-16,0.658
2009-04-15,0.65
2009-04-14,0.63
2009-04-13,0.631
2009-04-10,0.631
2009-04-09,0.631
2009-04-08,0.63
2009-04-07,0.65
2009-04-06,0.649
2009-04-03,0.67
2009-04-02,0.67
2009-04-01,0.645
2009-03-31,0.645
2009-03-30,0.65
2009-03-27,0.67
2009-03-26,0.67
2009-03-25,0.631
2009-03-24,0.641
2009-03-23,0.64
2009-03-20,0.62
2009-03-19,0.65
2009-03-18,0.641
2009-03-17,0.621
2009-03-16,0.65
2009-03-13,0.633
2009-03-12,0.621
2009-03-11,0.625
2009-03-10,0.62
2009-03-09,0.607
2009-03-06,0.625
2009-03-05,0.62
2009-03-04,0.64
2009-03-03,0.61
2009-03-02,0.62
2009-02-27,0.6
2009-02-26,0.6
2009-02-25,0.6
2009-02-24,0.614
2009-02-23,0.61
2009-02-20,0.61
2009-02-19,0.641
2009-02-18,0.641
2009-02-17,0.65
2009-02-16,0.61
2009-02-13,0.61
2009-02-12,0.61
2009-02-11,0.63
2009-02-10,0.629
2009-02-09,0.629
2009-02-06,0.634
2009-02-05,0.634
2009-02-04,0.633
2009-02-03,0.631
2009-02-02,0.63
2009-01-30,0.65
2009-01-29,0.634
2009-01-28,0.631
2009-01-27,0.654
2009-01-26,0.68
2009-01-23,0.68
2009-01-22,0.66
2009-01-21,0.66
2009-01-20,0.66
2009-01-19,0.66
2009-01-16,0.669
2009-01-15,0.642
2009-01-14,0.649
2009-01-13,0.64
2009-01-12,0.649
2009-01-09,0.65
2009-01-08,0.635
2009-01-07,0.63
2009-01-06,0.65
2009-01-05,0.64
2009-01-02,0.63
2008-12-31,0.625
2008-12-30,0.658
2008-12-29,0.62
2008-12-26,47.9183
2008-12-24,0.655
2008-12-23,0.649
2008-12-22,0.641
2008-12-19,0.652
2008-12-18,0.68
2008-12-17,0.674
2008-12-16,0.67
2008-12-15,0.677
2008-12-12,0.679
2008-12-11,0.665
2008-12-10,0.675
2008-12-09,0.68
2008-12-08,0.663
2008-12-05,0.679
2008-12-04,0.7
2008-12-03,0.695
2008-12-02,0.712
2008-12-01,0.735
2008-11-28,0.711
2008-11-27,0.74
2008-11-26,0.735
2008-11-25,0.735
2008-11-24,0.77
2008-11-21,0.75
2008-11-20,0.75
2008-11-19,0.72
2008-11-18,0.72
2008-11-17,0.73
2008-11-14,0.76
2008-11-13,0.76
2008-11-12,0.8
2008-11-11,0.815
2008-11-10,0.82
2008-11-07,0.8
2008-11-06,0.74
2008-11-05,0.788
2008-11-04,0.829
2008-11-03,0.79
2008-10-31,0.79
2008-10-30,0.79
2008-10-29,0.77
2008-10-28,0.7
2008-10-27,0.73
2008-10-24,0.7
2008-10-23,0.73
2008-10-22,0.712
2008-10-21,0.77
2008-10-20,0.77
2008-10-17,0.75
2008-10-16,0.72
2008-10-15,0.75
2008-10-14,0.87
2008-10-13,0.78
2008-10-10,0.665
2008-10-09,0.765
2008-10-08,0.763
2008-10-07,0.772
2008-10-06,0.84
2008-10-03,0.94
2008-10-02,0.905
2008-10-01,0.93
2008-09-30,0.924
2008-09-29,1.02
2008-09-26,1.06
2008-09-25,1.081
2008-09-24,1.085
2008-09-23,1.074
2008-09-22,1.08
2008-09-19,1.062
2008-09-18,1.063
2008-09-17,1.099
2008-09-16,1.15
2008-09-15,1.091
2008-09-12,1.121
2008-09-11,1.121
2008-09-10,1.081
2008-09-09,1.091
2008-09-08,1.091
2008-09-05,1.09
2008-09-04,1.083
2008-09-03,1.1
2008-09-02,1.1
2008-09-01,1.1
2008-08-29,1.1
2008-08-28,1.09
2008-08-27,1.005
2008-08-26,1.025
2008-08-25,1.045
2008-08-22,1.01
2008-08-21,1.06
2008-08-20,1.0
2008-08-19,1.06
2008-08-18,1.075
2008-08-15,1.075
2008-08-14,1.09
2008-08-13,1.09
2008-08-12,1.11
2008-08-11,1.12
2008-08-08,1.12
2008-08-07,1.12
2008-08-06,1.14
2008-08-05,1.13
2008-08-04,1.13
2008-08-01,1.115
2008-07-31,1.13
2008-07-30,1.13
2008-07-29,1.13
2008-07-28,1.12
2008-07-25,1.125
2008-07-24,1.13
2008-07-23,1.13
2008-07-22,1.08
2008-07-21,1.12
2008-07-18,1.11
2008-07-17,1.145
2008-07-16,1.12
2008-07-15,0.96
2008-07-14,1.12
2008-07-11,1.19
2008-07-10,1.21
2008-07-09,1.24
2008-07-08,1.285
2008-07-07,41.1165
2008-07-03,41.7865
2008-07-02,41.8543
2008-07-01,41.778
2008-06-30,41.9306
2008-06-27,41.7101
2008-06-26,42.3377
2008-06-25,42.9823
2008-06-24,44.1018
2008-06-23,44.7124
2008-06-20,44.5343
2008-06-19,45.2892
2008-06-18,45.4249
2008-06-17,45.798
2008-06-16,47.2229
2008-06-13,48.3424
2008-06-12,48.2575
2008-06-11,48.5883
2008-06-10,50.081
2008-06-09,49.8605
2008-06-06,49.2838
2008-06-05,50.4202
2008-06-04,50.4118
2008-06-03,50.3694
2008-06-02,50.9291
2008-05-30,50.8867
2008-05-29,50.2591
2008-05-28,49.8435
2008-05-27,49.8774
2008-05-23,49.3855
2008-05-22,49.5467
2008-05-21,49.1905
2008-05-20,49.4534
2008-05-19,49.7842
2008-05-16,50.2845
2008-05-15,50.1658
2008-05-14,50.8189
2008-05-13,50.9376
2008-05-12,51.2344
2008-05-09,50.7171
2008-05-08,52.6169
2008-05-07,51.4549
2008-05-06,50.9546
2008-05-05,50.997
2008-05-02,51.3362
2008-05-01,52.7356
2008-04-30,51.7687
2008-04-29,51.0139
2008-04-28,51.4719
2008-04-25,51.1411
2008-04-24,50.7171
2008-04-23,50.4372
2008-04-22,48.5798
2008-04-21,49.2159
2008-04-18,49.64
2008-04-17,49.0039
2008-04-16,48.8173
2008-04-15,48.0031
2008-04-14,47.367
2008-04-11,47.4094
2008-04-10,48.5798
2008-04-09,51.0394
2008-04-08,51.6161
2008-04-07,52.0571
2008-04-04,52.4133
2008-04-03,51.896
2008-04-02,51.0563
2008-04-01,50.5135
2008-03-31,49.3177
2008-03-28,48.5629
2008-03-27,48.7325
2008-03-26,48.8343
2008-03-25,48.6138
2008-03-24,48.2575
2008-03-20,49.1905
2008-03-19,47.2568
2008-03-18,46.4002
2008-03-17,44.5768
2008-03-14,44.6531
2008-03-13,45.1535
2008-03-12,45.798
2008-03-11,46.2306
2008-03-10,45.569
2008-03-07,45.4418
2008-03-06,45.8404
2008-03-05,48.037
2008-03-04,47.5282
2008-03-03,47.4264
2008-02-29,47.0278
2008-02-28,48.5798
2008-02-27,48.1303
2008-02-26,48.7071
2008-02-25,49.0717
2008-02-22,47.5282
2008-02-21,47.9098
2008-02-20,48.3424
2008-02-19,48.054
2008-02-15,48.0116
2008-02-14,47.0193
2008-02-13,48.1812
2008-02-12,46.8412
2008-02-11,47.0363
2008-02-08,46.9515
2008-02-07,48.0116
2008-02-06,48.3339
2008-02-05,44.7803
2008-02-04,45.1535
2008-02-01,46.8582
2008-01-31,46.1288
2008-01-30,45.0771
2008-01-29,47.7911
2008-01-28,47.2738
2008-01-25,46.5189
2008-01-24,46.5613
2008-01-23,47.0956
2008-01-22,46.7055
2008-01-18,48.2151
2008-01-17,47.9437
2008-01-16,47.3246
2008-01-15,46.9175
2008-01-14,46.2814
2008-01-11,46.9345
2008-01-10,51.7772
2008-01-09,50.997
2008-01-08,49.4025
2008-01-07,50.8952
2008-01-04,50.1064
2008-01-03,50.9121
2008-01-02,50.9291
2007-12-31,51.5567
2007-12-28,51.0563
2007-12-27,50.6068
2007-12-26,51.2853
2007-12-24,51.0818
2007-12-21,50.4626
2007-12-20,50.8867
2007-12-19,50.1828
2007-12-18,50.9715
2007-12-17,50.0386
2007-12-14,49.0293
2007-12-13,50.2506
2007-12-12,51.0733
2007-12-11,50.522
2007-12-10,52.2606
2007-12-07,52.7271
2007-12-06,53.8297
2007-12-05,52.1165
2007-12-04,52.0147
2007-12-03,52.4388
2007-11-30,52.0656
2007-11-29,52.0232
2007-11-28,52.6084
2007-11-27,51.9553
2007-11-26,51.5397
2007-11-23,53.4056
2007-11-21,51.862
2007-11-20,51.7348
2007-11-19,51.2683
2007-11-16,53.1596
2007-11-15,51.9384
2007-11-14,47.0448
2007-11-13,47.8589
2007-11-12,47.4603
2007-11-09,47.401
2007-11-08,47.9268
2007-11-07,47.3501
2007-11-06,48.071
2007-11-05,47.8505
2007-11-02,46.8073
2007-11-01,45.4079
2007-10-31,47.7487
2007-10-30,47.613
2007-10-29,47.3162
2007-10-26,47.6724
2007-10-25,46.6716
2007-10-24,47.3925
2007-10-23,46.6461
2007-10-22,46.5444
2007-10-19,46.6377
2007-10-18,47.2822
2007-10-17,47.1974
2007-10-16,47.4603
2007-10-15,46.9854
2007-10-12,48.037
2007-10-11,47.5282
2007-10-10,48.3084
2007-10-09,48.2321
2007-10-08,47.5282
2007-10-05,48.1982
2007-10-04,47.8165
2007-10-03,47.0702
2007-10-02,47.8335
2007-10-01,48.0201
2007-09-28,47.3416
2007-09-27,47.9692
2007-09-26,47.2229
2007-09-25,46.2984
2007-09-24,46.1118
2007-09-21,46.9091
2007-09-20,47.5112
2007-09-19,47.7911
2007-09-18,47.8844
2007-09-17,47.613
2007-09-14,48.3424
2007-09-13,48.1303
2007-09-12,49.2244
2007-09-11,49.6993
2007-09-10,49.0039
2007-09-07,49.2923
2007-09-06,50.7765
2007-09-05,51.0224
2007-09-04,52.2861
2007-08-31,52.4048
2007-08-30,52.2861
2007-08-29,52.4642
2007-08-28,49.5128
2007-08-27,49.4703
2007-08-24,48.9615
2007-08-23,48.9106
2007-08-22,49.4619
2007-08-21,49.3686
2007-08-20,50.0725
2007-08-17,51.1496
2007-08-16,49.9962
2007-08-15,50.9715
2007-08-14,51.1411
2007-08-13,50.2421
2007-08-10,52.0062
2007-08-09,50.9461
2007-08-08,51.3871
2007-08-07,46.9599
2007-08-06,46.5698
2007-08-03,45.6284
2007-08-02,45.5182
2007-08-01,45.1789
2007-07-31,44.0679
2007-07-30,44.67
2007-07-27,43.7117
2007-07-26,43.8134
2007-07-25,44.4326
2007-07-24,45.3231
2007-07-23,45.5945
2007-07-20,46.3323
2007-07-19,46.4341
2007-07-18,46.9684
2007-07-17,47.2398
2007-07-16,47.2059
2007-07-13,48.037
2007-07-12,48.071
2007-07-11,47.5027
2007-07-10,46.9854
2007-07-09,47.4688
2007-07-06,48.0031
2007-07-05,47.5706
2007-07-03,46.5528
2007-07-02,46.7055
2007-06-29,47.0278
2007-06-28,44.9499
2007-06-27,44.8057
2007-06-26,44.6361
2007-06-25,45.832
2007-06-22,45.7641
2007-06-21,46.027
2007-06-20,45.5606
2007-06-19,46.0949
2007-06-18,45.2383
2007-06-15,45.3231
2007-06-14,45.4842
2007-06-13,45.1026
2007-06-12,45.1959
2007-06-11,47.1465
2007-06-08,46.9515
2007-06-07,46.9769
2007-06-06,48.0031
2007-06-05,47.8081
2007-06-04,48.8512
2007-06-01,49.5552
2007-05-31,49.3262
2007-05-30,49.2414
2007-05-29,50.2845
2007-05-25,49.9623
2007-05-24,49.3262
2007-05-23,49.5297
2007-05-22,50.1064
2007-05-21,49.869
2007-05-18,49.3686
2007-05-17,48.0964
2007-05-16,48.5544
2007-05-15,47.9183
2007-05-14,45.9253
2007-05-11,46.7479
2007-05-10,46.5359
2007-05-09,58.3416
2007-05-08,58.4688
2007-05-07,58.9522
2007-05-04,58.4858
2007-05-03,58.3077
2007-05-02,57.485
2007-05-01,56.7556
2007-04-30,56.7387
2007-04-27,56.5436
2007-04-26,56.8235
2007-04-25,57.0186
2007-04-24,57.6122
2007-04-23,57.8751
2007-04-20,57.3578
2007-04-19,56.4249
2007-04-18,57.0101
2007-04-17,56.8659
2007-04-16,56.9422
2007-04-13,56.6284
2007-04-12,56.4673
2007-04-11,56.2383
2007-04-10,55.6277
2007-04-09,55.3563
2007-04-05,55.4241
2007-04-04,55.3817
2007-04-03,55.5004
2007-04-02,55.2969
2007-03-30,54.5336
2007-03-29,54.1689
2007-03-28,53.7872
2007-03-27,53.2529
2007-03-26,52.9985
2007-03-23,52.8289
2007-03-22,52.7949
2007-03-21,52.7525
2007-03-20,51.6076
2007-03-19,51.192
2007-03-16,51.3023
2007-03-15,50.9206
2007-03-14,50.9376
2007-03-13,49.9962
2007-03-12,50.4881
2007-03-09,50.2167
2007-03-08,49.8944
2007-03-07,49.7333
2007-03-06,49.4025
2007-03-05,48.1558
2007-03-02,48.7325
2007-03-01,49.9198
2007-02-28,49.2074
2007-02-27,49.0209
2007-02-26,50.6323
2007-02-23,51.0478
2007-02-22,51.2938
2007-02-21,52.3879
2007-02-20,51.5228
2007-02-16,49.3431
2007-02-15,49.5128
2007-02-14,49.5382
2007-02-13,49.8266
2007-02-12,49.4534
2007-02-09,49.5636
2007-02-08,49.8266
2007-02-07,49.4619
2007-02-06,46.027
2007-02-05,45.8489
2007-02-02,45.9168
2007-02-01,46.6207
2007-01-31,46.9345
2007-01-30,46.8242
2007-01-29,46.6207
2007-01-26,46.061
2007-01-25,45.8574
2007-01-24,46.3493
2007-01-23,46.0525
2007-01-22,45.6963
2007-01-19,45.8828
2007-01-18,44.8312
2007-01-17,45.0262
2007-01-16,45.1026
2007-01-12,44.9754
2007-01-11,45.4927
2007-01-10,44.0255
2007-01-09,43.9322
2007-01-08,44.017
2007-01-05,43.6014
2007-01-04,43.6862
2007-01-03,43.2452
2006-12-29,43.1604
2006-12-28,43.542
2006-12-27,44.1018
2006-12-26,43.5166
2006-12-22,42.9569
2006-12-21,43.3385
2006-12-20,43.3979
2006-12-19,43.0417
2006-12-18,42.9484
2006-12-15,43.2537
2006-12-14,43.1858
2006-12-13,43.9322
2006-12-12,44.2036
2006-12-11,43.7202
2006-12-08,43.5845
2006-12-07,43.0925
2006-12-06,43.5845
2006-12-05,43.788
2006-12-04,43.6693
2006-12-01,42.8381
2006-11-30,42.9569
2006-11-29,43.559
2006-11-28,43.1604
2006-11-27,42.4226
2006-11-24,43.788
2006-11-22,43.9746
2006-11-21,43.8474
2006-11-20,43.5675
2006-11-17,43.4572
2006-11-16,43.4996
2006-11-15,43.4233
2006-11-14,43.6523
2006-11-13,42.7618
2006-11-10,42.5158
2006-11-09,42.7703
2006-11-08,43.6608
2006-11-07,42.8466
2006-11-06,42.8466
2006-11-03,42.5328
2006-11-02,42.4056
2006-11-01,42.3377
2006-10-31,41.9391
2006-10-30,41.8967
2006-10-27,41.9815
2006-10-26,42.6007
2006-10-25,42.677
2006-10-24,42.66
2006-10-23,43.3215
2006-10-20,43.0417
2006-10-19,42.4904
2006-10-18,42.1087
2006-10-17,41.8713
2006-10-16,42.4395
2006-10-13,42.4226
2006-10-12,42.0579
2006-10-11,41.9306
2006-10-10,42.1172
2006-10-09,42.5582
2006-10-06,42.3971
2006-10-05,42.8127
2006-10-04,42.1596
2006-10-03,40.3362
2006-10-02,40.7518
2006-09-29,40.9044
2006-09-28,41.549
2006-09-27,41.8289
2006-09-26,42.66
2006-09-25,43.101
2006-09-22,42.1511
2006-09-21,42.7872
2006-09-20,43.2367
2006-09-19,43.1943
2006-09-18,42.9908
2006-09-15,43.0332
2006-09-14,43.0756
2006-09-13,45.2298
2006-09-12,44.7548
2006-09-11,44.2121
2006-09-08,43.1943
2006-09-07,41.3879
2006-09-06,41.5744
2006-09-05,41.8289
2006-09-01,42.1681
2006-08-31,41.9561
2006-08-30,41.9815
2006-08-29,41.9052
2006-08-28,41.6508
2006-08-25,41.7441
2006-08-24,41.7525
2006-08-23,41.5405
2006-08-22,41.7949
2006-08-21,41.5744
2006-08-18,41.5151
2006-08-17,41.3963
2006-08-16,41.5999
2006-08-15,41.5066
2006-08-14,40.8451
2006-08-11,40.4464
2006-08-10,40.4549
2006-08-09,38.2329
2006-08-08,35.8751
2006-08-07,35.1966
2006-08-04,35.2645
2006-08-03,35.2051
2006-08-02,35.3493
2006-08-01,34.8489
2006-07-31,35.3493
2006-07-28,35.5528
2006-07-27,34.6878
2006-07-26,35.2051
2006-07-25,35.3069
2006-07-24,35.256
2006-07-21,34.6708
2006-07-20,34.9422
2006-07-19,35.2475
2006-07-18,34.34
2006-07-17,34.0856
2006-07-14,34.4757
2006-07-13,34.8404
2006-07-12,35.3663
2006-07-11,35.8751
2006-07-10,35.9515
2006-07-07,35.7394
2006-07-06,36.0278
2006-07-05,35.8582
2006-07-03,36.3586
2006-06-30,36.0702
2006-06-29,36.4688
2006-06-28,35.4256
2006-06-27,35.4087
2006-06-26,35.9515
2006-06-23,35.5698
2006-06-22,35.2814
2006-06-21,35.044
2006-06-20,34.7726
2006-06-19,34.145
2006-06-16,34.7726
2006-06-15,34.5266
2006-06-14,34.1959
2006-06-13,34.1365
2006-06-12,34.7387
2006-06-09,35.1288
2006-06-08,35.1373
2006-06-07,35.6207
2006-06-06,35.044
2006-06-05,35.1118
2006-06-02,35.4171
2006-06-01,35.5613
2006-05-31,35.4595
2006-05-30,35.2984
2006-05-26,35.7309
2006-05-25,35.5359
2006-05-24,34.9507
2006-05-23,35.0185
2006-05-22,35.6631
2006-05-19,35.4087
2006-05-18,35.7988
2006-05-17,35.4935
2006-05-16,35.4171
2006-05-15,34.6538
2006-05-12,34.2637
2006-05-11,34.9337
2006-05-10,35.6207
2006-05-09,32.5081
2006-05-08,32.8389
2006-05-05,32.8474
2006-05-04,33.0764
2006-05-03,32.9831
2006-05-02,33.3562
2006-05-01,33.8736
2006-04-28,31.6176
2006-04-27,31.9229
2006-04-26,31.7194
2006-04-25,31.431
2006-04-24,31.3377
2006-04-21,31.1427
2006-04-20,30.8882
2006-04-19,31.1596
2006-04-18,30.7949
2006-04-17,30.0147
2006-04-13,30.4472
2006-04-12,30.1164
2006-04-11,30.3624
2006-04-10,30.5659
2006-04-07,30.7525
2006-04-06,31.3293
2006-04-05,31.5752
2006-04-04,31.6346
2006-04-03,31.872
2006-03-31,32.2706
2006-03-30,32.559
2006-03-29,32.4827
2006-03-28,32.3046
2006-03-27,32.9237
2006-03-24,33.0848
2006-03-23,32.8898
2006-03-22,33.1188
2006-03-21,32.8643
2006-03-20,33.6531
2006-03-17,33.8057
2006-03-16,33.67
2006-03-15,33.0594
2006-03-14,33.0764
2006-03-13,32.7456
2006-03-10,32.7371
2006-03-09,32.313
2006-03-08,32.4487
2006-03-07,32.2537
2006-03-06,32.3809
2006-03-03,32.3639
2006-03-02,32.7795
2006-03-01,32.805
2006-02-28,32.7541
2006-02-27,33.2714
2006-02-24,33.034
2006-02-23,32.8898
2006-02-22,32.9576
2006-02-21,32.2876
2006-02-17,32.313
2006-02-16,32.3215
2006-02-15,32.7201
2006-02-14,32.1434
2006-02-13,32.1943
2006-02-10,31.4989
2006-02-09,32.3046
2006-02-08,32.1604
2006-02-07,31.7024
2006-02-06,31.7787
2006-02-03,32.4063
2006-02-02,31.3462
2006-02-01,31.3886
2006-01-31,33.3308
2006-01-30,33.4156
2006-01-27,33.916
2006-01-26,33.8736
2006-01-25,33.4326
2006-01-24,33.4919
2006-01-23,33.0509
2006-01-20,33.1018
2006-01-19,33.8142
2006-01-18,33.5428
2006-01-17,33.2969
2006-01-13,33.4665
2006-01-12,33.9245
2006-01-11,34.0856
2006-01-10,34.111
2006-01-09,34.0686
2006-01-06,33.9923
2006-01-05,34.0008
2006-01-04,33.9669
2006-01-03,33.9584
2005-12-30,33.8481
2005-12-29,34.1535
2005-12-28,34.2637
2005-12-27,34.4503
2005-12-23,34.4249
2005-12-22,34.4503
2005-12-21,34.3909
2005-12-20,34.2213
2005-12-19,34.1959
2005-12-16,34.6199
2005-12-15,35.1712
2005-12-14,35.8582
2005-12-13,36.0448
2005-12-12,35.9769
2005-12-09,36.1889
2005-12-08,36.0023
2005-12-07,36.4688
2005-12-06,36.8929
2005-12-05,37.0625
2005-12-02,37.2151
2005-12-01,38.0972
2005-11-30,35.3578
2005-11-29,35.2136
2005-11-28,35.2136
2005-11-25,35.714
2005-11-23,35.6716
2005-11-22,35.7649
2005-11-21,35.6801
2005-11-18,35.1627
2005-11-17,35.1966
2005-11-16,34.6793
2005-11-15,35.0779
2005-11-14,35.4087
2005-11-11,35.7055
2005-11-10,35.4511
2005-11-09,35.1797
2005-11-08,34.832
2005-11-07,34.7387
2005-11-04,34.1959
2005-11-03,34.0008
2005-11-02,33.3732
2005-11-01,33.1103
2005-10-31,32.9915
2005-10-28,33.5004
2005-10-27,33.9669
2005-10-26,34.7387
2005-10-25,35.5359
2005-10-24,35.8582
2005-10-21,35.1881
2005-10-20,35.0949
2005-10-19,35.5783
2005-10-18,34.6369
2005-10-17,34.8998
2005-10-14,34.8235
2005-10-13,34.374
2005-10-12,34.3485
2005-10-11,33.899
2005-10-10,34.1789
2005-10-07,34.3146
2005-10-06,34.3316
2005-10-05,34.6878
2005-10-04,36.0193
2005-10-03,36.2653
2005-09-30,35.5528
2005-09-29,35.6207
2005-09-28,35.5698
2005-09-27,35.5359
2005-09-26,35.2984
2005-09-23,35.7649
2005-09-22,35.2984
2005-09-21,35.5783
2005-09-20,36.2737
2005-09-19,36.4688
2005-09-16,36.6045
2005-09-15,36.4773
2005-09-14,36.5027
2005-09-13,36.9777
2005-09-12,37.3339
2005-09-09,37.5459
2005-09-08,37.0455
2005-09-07,37.5035
2005-09-06,38.5043
2005-09-02,38.2753
2005-09-01,38.199
2005-08-31,37.6138
2005-08-30,36.6299
2005-08-29,36.808
2005-08-26,36.4434
2005-08-25,36.7317
2005-08-24,36.2822
2005-08-23,36.2568
2005-08-22,36.3331
2005-08-19,36.0872
2005-08-18,36.0956
2005-08-17,36.0448
2005-08-16,35.9939
2005-08-15,36.1296
2005-08-12,35.6885
2005-08-11,36.172
2005-08-10,36.1635
2005-08-09,35.3238
2005-08-08,35.3578
2005-08-05,35.6801
2005-08-04,35.6207
2005-08-03,36.2144
2005-08-02,36.5536
2005-08-01,36.4434
2005-07-29,36.4688
2005-07-28,36.6724
2005-07-27,33.9245
2005-07-26,34.0093
2005-07-25,33.5258
2005-07-22,34.0517
2005-07-21,34.1365
2005-07-20,34.5182
2005-07-19,34.6878
2005-07-18,34.4842
2005-07-15,34.4927
2005-07-14,34.8828
2005-07-13,34.7726
2005-07-12,35.7649
2005-07-11,35.8836
2005-07-08,35.9599
2005-07-07,35.1288
2005-07-06,35.7055
2005-07-05,36.4603
2005-07-01,35.9939
2005-06-30,34.8998
2005-06-29,34.7471
2005-06-28,34.9252
2005-06-27,34.128
2005-06-24,34.3485
2005-06-23,34.7726
2005-06-22,34.7811
2005-06-21,34.4757
2005-06-20,34.4927
2005-06-17,34.1195
2005-06-16,33.8057
2005-06-15,33.6191
2005-06-14,33.3902
2005-06-13,32.7371
2005-06-10,32.6608
2005-06-09,32.3979
2005-06-08,32.313
2005-06-07,32.3555
2005-06-06,32.3385
2005-06-03,32.576
2005-06-02,32.2622
2005-06-01,31.9314
2005-05-31,32.347
2005-05-27,32.2198
2005-05-26,32.0841
2005-05-25,32.4063
2005-05-24,32.6947
2005-05-23,33.1357
2005-05-20,33.5258
2005-05-19,33.9584
2005-05-18,34.2892
2005-05-17,34.34
2005-05-16,34.5521
2005-05-13,33.8736
2005-05-12,34.3909
2005-05-11,34.0771
2005-05-10,33.6107
2005-05-09,33.899
2005-05-06,33.6276
2005-05-05,33.6615
2005-05-04,33.5174
2005-05-03,34.1535
2005-05-02,34.0517
2005-04-29,33.6022
2005-04-28,31.9144
2005-04-27,40.4973
2005-04-26,39.9885
2005-04-25,39.9461
2005-04-22,39.4202
2005-04-21,39.7595
2005-04-20,39.1997
2005-04-19,39.8104
2005-04-18,39.3609
2005-04-15,39.2252
2005-04-14,39.6068
2005-04-13,39.0979
2005-04-12,40.2683
2005-04-11,38.7841
2005-04-08,38.9453
2005-04-07,39.5475
2005-04-06,39.1997
2005-04-05,39.2676
2005-04-04,39.5644
2005-04-01,39.6662
2005-03-31,40.1581
2005-03-30,40.2768
2005-03-29,39.2761
2005-03-28,39.9885
2005-03-24,39.0979
2005-03-23,39.0725
2005-03-22,38.9114
2005-03-21,38.8859
2005-03-18,38.9707
2005-03-17,39.3693
2005-03-16,39.9461
2005-03-15,39.8273
2005-03-14,39.6238
2005-03-11,39.064
2005-03-10,38.0972
2005-03-09,37.5968
2005-03-08,38.2922
2005-03-07,38.5127
2005-03-04,38.5891
2005-03-03,38.9877
2005-03-02,39.2676
2005-03-01,39.3185
2005-02-28,39.4796
2005-02-25,39.2337
2005-02-24,38.0209
2005-02-23,37.9106
2005-02-22,38.7757
2005-02-18,38.8605
2005-02-17,39.1743
2005-02-16,39.4287
2005-02-15,39.6068
2005-02-14,39.081
2005-02-11,39.1319
2005-02-10,39.064
2005-02-09,38.7757
2005-02-08,39.1658
2005-02-07,38.869
2005-02-04,38.5806
2005-02-03,38.5043
2005-02-02,38.377
2005-02-01,40.7094
2005-01-31,37.3169
2005-01-28,36.4264
2005-01-27,36.401
2005-01-26,35.6292
2005-01-25,35.5274
2005-01-24,35.5104
2005-01-21,35.9769
2005-01-20,35.8327
2005-01-19,36.2229
2005-01-18,36.6215
2005-01-14,36.2313
2005-01-13,36.401
2005-01-12,36.0787
2005-01-11,36.2483
2005-01-10,36.2992
2005-01-07,35.8327
2005-01-06,35.3408
2005-01-05,35.2645
2005-01-04,35.2899
2005-01-03,35.239
2004-12-31,35.5613
2004-12-30,35.4511
2004-12-29,34.7641
2004-12-28,34.9422
2004-12-27,34.8574
2004-12-23,34.9337
2004-12-22,35.0016
2004-12-21,34.603
2004-12-20,33.9245
2004-12-17,34.2637
2004-12-16,35.273
2004-12-15,35.8582
2004-12-14,35.5952
2004-12-13,35.3747
2004-12-10,35.1542
2004-12-09,34.815
2004-12-08,34.3485
2004-12-07,34.4164
2004-12-06,35.239
2004-12-03,35.6122
2004-12-02,35.1966
2004-12-01,35.4935
2004-11-30,34.9422
2004-11-29,34.6708
2004-11-26,34.7726
2004-11-24,34.6454
2004-11-23,34.7387
2004-11-22,34.0686
2004-11-19,33.8397
2004-11-18,34.1535
2004-11-17,33.9499
2004-11-16,34.1789
2004-11-15,34.2467
2004-11-12,34.8744
2004-11-11,34.6454
2004-11-10,33.0679
2004-11-09,33.3138
2004-11-08,32.8898
2004-11-05,32.8474
2004-11-04,33.5937
2004-11-03,32.2113
2004-11-02,30.3794
2004-11-01,31.5328
2004-10-29,31.1681
2004-10-28,31.0239
2004-10-27,31.2953
2004-10-26,30.3794
2004-10-25,29.8026
2004-10-22,29.8196
2004-10-21,30.2437
2004-10-20,30.3709
2004-10-19,30.1928
2004-10-18,30.108
2004-10-15,29.8535
2004-10-14,29.65
2004-10-13,29.7009
2004-10-12,30.0825
2004-10-11,30.1164
2004-10-08,29.9807
2004-10-07,30.074
2004-10-06,30.4218
2004-10-05,31.0239
2004-10-04,30.7864
2004-10-01,30.7864
2004-09-30,30.6168
2004-09-29,30.6084
2004-09-28,30.3624
2004-09-27,30.4981
2004-09-24,30.5235
2004-09-23,30.2776
2004-09-22,30.5575
2004-09-21,30.7356
2004-09-20,30.8713
2004-09-17,31.0833
2004-09-16,30.9815
2004-09-15,30.7356
2004-09-14,31.0833
2004-09-13,31.2868
2004-09-10,31.3377
2004-09-09,31.3801
2004-09-08,31.448
2004-09-07,31.889
2004-09-03,31.3801
2004-09-02,31.1936
2004-09-01,31.1681
2004-08-31,30.8967
2004-08-30,30.4133
2004-08-27,31.0833
2004-08-26,30.6932
2004-08-25,30.9561
2004-08-24,30.8289
2004-08-23,30.6084
2004-08-20,31.2275
2004-08-19,30.5744
2004-08-18,30.532
2004-08-17,30.5659
2004-08-16,30.5744
2004-08-13,30.3794
2004-08-12,30.2437
2004-08-11,30.1504
2004-08-10,29.8111
2004-08-09,29.7772
2004-08-06,29.9468
2004-08-05,30.2776
2004-08-04,30.2945
2004-08-03,30.3539
2004-08-02,30.3963
2004-07-30,30.9306
2004-07-29,31.6346
2004-07-28,28.8782
2004-07-27,29.3786
2004-07-26,29.2005
2004-07-23,28.9461
2004-07-22,29.0139
2004-07-21,28.7934
2004-07-20,29.2938
2004-07-19,29.0987
2004-07-16,29.175
2004-07-15,29.3277
2004-07-14,29.3786
2004-07-13,29.209
2004-07-12,29.1326
2004-07-09,28.963
2004-07-08,28.9206
2004-07-07,29.0224
2004-07-06,29.5143
2004-07-02,29.5906
2004-07-01,29.8111
2004-06-30,29.8535
2004-06-29,29.7772
2004-06-28,29.438
2004-06-25,29.1157
2004-06-24,28.8358
2004-06-23,28.8443
2004-06-22,28.8188
2004-06-21,29.0902
2004-06-18,29.0478
2004-06-17,29.0139
2004-06-16,28.3439
2004-06-15,28.2421
2004-06-14,27.8181
2004-06-10,28.3185
2004-06-09,28.1488
2004-06-08,28.4117
2004-06-07,28.4117
2004-06-04,28.31
2004-06-03,28.2082
2004-06-02,28.1997
2004-06-01,28.4626
2004-05-28,28.2845
2004-05-27,28.3778
2004-05-26,28.2167
2004-05-25,28.064
2004-05-24,28.4117
2004-05-21,28.0725
2004-05-20,28.3269
2004-05-19,28.1912
2004-05-18,28.276
2004-05-17,28.1404
2004-05-14,28.6577
2004-05-13,28.4626
2004-05-12,28.8358
2004-05-11,28.8358
2004-05-10,28.9376
2004-05-07,29.7263
2004-05-06,29.6076
2004-05-05,29.2598
2004-05-04,29.2598
2004-05-03,29.2514
2004-04-30,29.5228
2004-04-29,27.5721
2004-04-28,25.1211
2004-04-27,26.2236
2004-04-26,26.2745
2004-04-23,26.5883
2004-04-22,27.0717
2004-04-21,25.7911
2004-04-20,25.4433
2004-04-19,26.054
2004-04-16,25.8674
2004-04-15,25.7826
2004-04-14,25.7148
2004-04-13,25.3501
2004-04-12,26.0201
2004-04-08,25.808
2004-04-07,25.6554
2004-04-06,25.6469
2004-04-05,26.0964
2004-04-02,26.3084
2004-04-01,26.1388
2004-03-31,25.808
2004-03-30,25.5536
2004-03-29,25.6384
2004-03-26,25.0108
2004-03-25,25.2313
2004-03-24,25.1041
2004-03-23,25.3585
2004-03-22,25.3585
2004-03-19,25.8165
2004-03-18,26.0794
2004-03-17,26.5035
2004-03-16,26.8427
2004-03-15,26.9699
2004-03-12,27.1396
2004-03-11,27.1481
2004-03-10,27.3092
2004-03-09,26.9275
2004-03-08,26.5035
2004-03-05,26.2915
2004-03-04,26.5968
2004-03-03,26.9445
2004-03-02,27.0887
2004-03-01,26.953
2004-02-27,27.2329
2004-02-26,26.7664
2004-02-25,26.8767
2004-02-24,26.741
2004-02-23,26.5883
2004-02-20,27.2922
2004-02-19,27.0887
2004-02-18,27.3177
2004-02-17,27.5721
2004-02-13,27.1989
2004-02-12,26.9699
2004-02-11,27.394
2004-02-10,27.8435
2004-02-09,26.7579
2004-02-06,27.4195
2004-02-05,27.394
2004-02-04,27.0378
2004-02-03,27.4449
2004-02-02,28.1997
2004-01-30,28.0895
2004-01-29,28.276
2004-01-28,28.7934
2004-01-27,29.3871
2004-01-26,29.8451
2004-01-23,29.5228
2004-01-22,28.8188
2004-01-21,28.8443
2004-01-20,28.3693
2004-01-16,27.8605
2004-01-15,28.2845
2004-01-14,28.1234
2004-01-13,27.623
2004-01-12,27.394
2004-01-09,26.9021
2004-01-08,27.0463
2004-01-07,27.1565
2004-01-06,26.8427
2004-01-05,26.7579
2004-01-02,26.7494
2003-12-31,26.5968
2003-12-30,27.5636
2003-12-29,27.5467
2003-12-26,27.0548
2003-12-24,26.724
2003-12-23,26.6307
2003-12-22,26.037
2003-12-19,25.9946
2003-12-18,26.3763
2003-12-17,26.1218
2003-12-16,26.2066
2003-12-15,26.3763
2003-12-12,26.8003
2003-12-11,26.6307
2003-12-10,26.2066
2003-12-09,25.9946
2003-12-08,26.0794
2003-12-05,25.9777
2003-12-04,25.7487
2003-12-03,25.9861
2003-12-02,25.9098
2003-12-01,26.1218
2003-11-28,25.6808
2003-11-26,25.6978
2003-11-25,25.6893
2003-11-24,25.5366
2003-11-21,25.4179
2003-11-20,25.4518
2003-11-19,25.5536
2003-11-18,24.9599
2003-11-17,24.8158
2003-11-14,24.4595
2003-11-13,25.3585
2003-11-12,24.5104
2003-11-11,24.0694
2003-11-10,24.256
2003-11-07,24.2645
2003-11-06,24.3917
2003-11-05,24.1797
2003-11-04,24.3323
2003-11-03,24.1712
2003-10-31,23.3231
2003-10-30,23.1959
2003-10-29,23.3824
2003-10-28,23.2467
2003-10-27,23.0262
2003-10-24,22.7972
2003-10-23,23.111
2003-10-22,23.1365
2003-10-21,23.5351
2003-10-20,23.4079
2003-10-17,23.2552
2003-10-16,23.6623
2003-10-15,23.5266
2003-10-14,23.781
2003-10-13,23.6453
2003-10-10,23.586
2003-10-09,23.7217
2003-10-08,23.4927
2003-10-07,24.1712
2003-10-06,24.0016
2003-10-03,24.0694
2003-10-02,23.6793
2003-10-01,23.7302
2003-09-30,23.4927
2003-09-29,23.7895
2003-09-26,24.239
2003-09-25,24.01
2003-09-24,24.5104
2003-09-23,25.0532
2003-09-22,24.9345
2003-09-19,24.468
2003-09-18,25.3161
2003-09-17,24.9684
2003-09-16,25.1041
2003-09-15,24.6376
2003-09-12,24.5528
2003-09-11,24.68
2003-09-10,24.3408
2003-09-09,24.1627
2003-09-08,24.5274
2003-09-05,24.5019
2003-09-04,24.3747
2003-09-03,24.3408
2003-09-02,24.68
2003-08-29,24.1033
2003-08-28,24.2645
2003-08-27,24.7903
2003-08-26,24.68
2003-08-25,24.3493
2003-08-22,24.1797
2003-08-21,24.4002
2003-08-20,24.3917
2003-08-19,24.1627
2003-08-18,24.0016
2003-08-15,23.6199
2003-08-14,23.3231
2003-08-13,23.3909
2003-08-12,23.2552
2003-08-11,23.4927
2003-08-08,23.0602
2003-08-07,23.2722
2003-08-06,23.7386
2003-08-05,23.0771
2003-08-04,23.5436
2003-08-01,23.6793
2003-07-31,22.9329
2003-07-30,22.8651
2003-07-29,22.9923
2003-07-28,22.7633
2003-07-25,22.0
2003-07-24,21.6523
2003-07-23,21.7371
2003-07-22,21.6353
2003-07-21,21.788
2003-07-18,21.7286
2003-07-17,21.8898
2003-07-16,22.1781
2003-07-15,22.0424
2003-07-14,22.2714
2003-07-11,22.212
2003-07-10,21.6269
2003-07-09,21.7965
2003-07-08,21.6353
2003-07-07,21.542
2003-07-03,21.6184
2003-07-02,21.7541
2003-07-01,21.4148
2003-06-30,21.1689
2003-06-27,21.1858
2003-06-26,21.3639
2003-06-25,21.559
2003-06-24,21.9661
2003-06-23,21.6269
2003-06-20,22.1781
2003-06-19,22.0085
2003-06-18,21.9067
2003-06-17,21.8898
2003-06-16,22.1357
2003-06-13,21.7541
2003-06-12,21.8643
2003-06-11,21.9491
2003-06-10,21.8813
2003-06-09,21.7626
2003-06-06,21.4742
2003-06-05,21.9322
2003-06-04,21.771
2003-06-03,21.5844
2003-06-02,21.5844
2003-05-30,21.33
2003-05-29,21.313
2003-05-28,21.4063
2003-05-27,21.4572
2003-05-23,20.9823
2003-05-22,20.7448
2003-05-21,21.0332
2003-05-20,21.2282
2003-05-19,21.33
2003-05-16,21.118
2003-05-15,21.6438
2003-05-14,21.6353
2003-05-13,21.6014
2003-05-12,21.6184
2003-05-09,21.771
2003-05-08,21.6947
2003-05-07,21.8134
2003-05-06,21.8813
2003-05-05,21.8898
2003-05-02,21.5844
2003-05-01,21.6947
2003-04-30,21.118
2003-04-29,21.7541
2003-04-28,22.6107
2003-04-25,22.4495
2003-04-24,22.7464
2003-04-23,22.8142
2003-04-22,22.8312
2003-04-21,22.7209
2003-04-17,22.7718
2003-04-16,22.8736
2003-04-15,22.7379
2003-04-14,22.687
2003-04-11,22.2205
2003-04-10,22.3817
2003-04-09,22.4241
2003-04-08,22.5598
2003-04-07,22.7379
2003-04-04,22.6955
2003-04-03,22.8142
2003-04-02,22.2629
2003-04-01,22.1866
2003-03-31,22.0848
2003-03-28,22.2629
2003-03-27,23.145
2003-03-26,22.4834
2003-03-25,22.2205
2003-03-24,21.8982
2003-03-21,22.0509
2003-03-20,22.1357
2003-03-19,22.1272
2003-03-18,22.0509
2003-03-17,22.5852
2003-03-14,23.0686
2003-03-13,23.1535
2003-03-12,23.2043
2003-03-11,22.475
2003-03-10,22.212
2003-03-07,22.6531
2003-03-06,22.3902
2003-03-05,22.017
2003-03-04,21.9661
2003-03-03,21.8813
2003-02-28,21.6693
2003-02-27,22.1951
2003-02-26,21.9661
2003-02-25,22.2544
2003-02-24,22.0594
2003-02-21,22.6446
2003-02-20,22.1103
2003-02-19,22.0509
2003-02-18,22.1951
2003-02-14,21.9407
2003-02-13,21.6777
2003-02-12,21.559
2003-02-11,21.5844
2003-02-10,21.4572
2003-02-07,20.9908
2003-02-06,20.9484
2003-02-05,20.7787
2003-02-04,20.7872
2003-02-03,20.6176
2003-01-31,20.9993
2003-01-30,20.3716
2003-01-29,20.7363
2003-01-28,20.6939
2003-01-27,20.5667
2003-01-24,20.7872
2003-01-23,20.8975
2003-01-22,20.7872
2003-01-21,20.5243
2003-01-17,20.7109
2003-01-16,20.8636
2003-01-15,20.7872
2003-01-14,20.872
2003-01-13,20.6346
2003-01-10,20.7872
2003-01-09,20.8805
2003-01-08,20.9993
2003-01-07,20.8636
2003-01-06,21.1604
2003-01-03,20.9738
2003-01-02,21.2028
2002-12-31,21.3215
2002-12-30,20.6939
2002-12-27,20.7703
2002-12-26,21.1434
2002-12-24,20.7703
2002-12-23,20.8466
2002-12-20,20.7363
2002-12-19,20.7194
2002-12-18,20.8296
2002-12-17,20.7448
2002-12-16,20.66
2002-12-13,20.5413
2002-12-12,20.9568
2002-12-11,20.5667
2002-12-10,20.3886
2002-12-09,20.3123
2002-12-06,20.4395
2002-12-05,20.0494
2002-12-04,19.8713
2002-12-03,19.7186
2002-12-02,19.7016
2002-11-29,20.2699
2002-11-27,20.1851
2002-11-26,19.778
2002-11-25,19.6592
2002-11-22,19.7101
2002-11-21,19.5914
2002-11-20,19.6677
2002-11-19,19.6168
2002-11-18,19.6338
2002-11-15,19.4981
2002-11-14,19.5066
2002-11-13,19.4218
2002-11-12,19.532
2002-11-11,19.337
2002-11-08,17.2167
2002-11-07,17.2591
2002-11-06,17.1912
2002-11-05,17.3015
2002-11-04,18.7093
2002-11-01,19.6847
2002-10-31,19.1758
2002-10-30,19.4218
2002-10-29,19.2945
2002-10-28,18.5058
2002-10-25,18.9553
2002-10-24,18.7941
2002-10-23,18.5991
2002-10-22,18.404
2002-10-21,18.404
2002-10-18,17.9291
2002-10-17,17.8273
2002-10-16,17.5389
2002-10-15,17.6492
2002-10-14,17.8952
2002-10-11,17.7255
2002-10-10,16.9622
2002-10-09,16.6993
2002-10-08,17.6831
2002-10-07,17.3015
2002-10-04,17.5135
2002-10-03,17.5983
2002-10-02,17.7255
2002-10-01,18.2344
2002-09-30,18.0393
2002-09-27,18.0648
2002-09-26,18.6161
2002-09-25,18.65
2002-09-24,17.9715
2002-09-23,18.1411
2002-09-20,18.879
2002-09-19,18.8281
2002-09-18,19.3285
2002-09-17,19.0147
2002-09-16,19.6338
2002-09-13,19.5744
2002-09-12,19.8882
2002-09-11,20.0154
2002-09-10,20.4056
2002-09-09,20.8042
2002-09-06,20.4395
2002-09-05,20.1851
2002-09-04,20.8636
2002-09-03,20.3632
2002-08-30,20.1172
2002-08-29,19.337
2002-08-28,19.5405
2002-08-27,19.6338
2002-08-26,19.2521
2002-08-23,18.3192
2002-08-22,18.8535
2002-08-21,19.4302
2002-08-20,19.5659
2002-08-19,20.1003
2002-08-16,20.4056
2002-08-15,20.2699
2002-08-14,20.7703
2002-08-13,20.3547
2002-08-12,20.8636
2002-08-09,20.9568
2002-08-08,20.7787
2002-08-07,20.906
2002-08-06,20.7618
2002-08-05,20.2699
2002-08-02,20.906
2002-08-01,21.4403
2002-07-31,21.0332
2002-07-30,21.0332
2002-07-29,21.3979
2002-07-26,20.7787
2002-07-25,20.6091
2002-07-24,19.9815
2002-07-23,20.4395
2002-07-22,20.2699
2002-07-19,20.6346
2002-07-18,21.0077
2002-07-17,22.0509
2002-07-16,22.0255
2002-07-15,22.6276
2002-07-12,22.7124
2002-07-11,22.6531
2002-07-10,22.899
2002-07-09,23.3231
2002-07-08,23.8743
2002-07-05,24.5868
2002-07-03,24.3408
2002-07-02,23.7895
2002-07-01,24.9599
2002-06-28,26.5035
2002-06-27,25.2568
2002-06-26,24.0355
2002-06-25,23.3316
2002-06-24,23.2213
2002-06-21,23.6962
2002-06-20,23.4418
2002-06-19,22.9414
2002-06-18,22.916
2002-06-17,23.0771
2002-06-14,22.6022
2002-06-13,22.3393
2002-06-12,23.3061
2002-06-11,23.111
2002-06-10,23.128
2002-06-07,23.1619
2002-06-06,22.8142
2002-06-05,22.9414
2002-06-04,22.9923
2002-06-03,23.3146
2002-05-31,23.8659
2002-05-30,24.0185
2002-05-29,24.4256
2002-05-28,24.5019
2002-05-24,24.4256
2002-05-23,24.5528
2002-05-22,24.5698
2002-05-21,24.5189
2002-05-20,24.7988
2002-05-17,24.4595
2002-05-16,24.3408
2002-05-15,24.9345
2002-05-14,25.2568
2002-05-13,24.256
2002-05-10,23.7471
2002-05-09,24.01
2002-05-08,24.5274
2002-05-07,23.6623
2002-05-06,23.7471
2002-05-03,23.7471
2002-05-02,23.7302
2002-05-01,23.7471
2002-04-30,23.7471
2002-04-29,23.7302
2002-04-26,23.357
2002-04-25,23.4079
2002-04-24,23.3316
2002-04-23,23.7471
2002-04-22,23.6453
2002-04-19,23.5775
2002-04-18,23.9592
2002-04-17,24.044
2002-04-16,23.9507
2002-04-15,23.9676
2002-04-12,24.273
2002-04-11,24.01
2002-04-10,24.3832
2002-04-09,23.2383
2002-04-08,22.899
2002-04-05,22.8905
2002-04-04,23.0602
2002-04-03,22.7294
2002-04-02,23.9592
2002-04-01,22.8651
2002-03-28,23.0686
2002-03-27,23.9507
2002-03-26,23.3146
2002-03-25,22.5598
2002-03-22,22.3053
2002-03-21,22.475
2002-03-20,22.4834
2002-03-19,23.0941
2002-03-18,22.4241
2002-03-15,22.0594
2002-03-14,22.475
2002-03-13,21.9661
2002-03-12,22.2205
2002-03-11,22.2205
2002-03-08,22.3477
2002-03-07,23.0008
2002-03-06,22.8312
2002-03-05,22.2544
2002-03-04,22.4326
2002-03-01,22.4071
2002-02-28,22.2205
2002-02-27,22.67
2002-02-26,22.4665
2002-02-25,22.3562
2002-02-22,22.0509
2002-02-21,22.246
2002-02-20,21.805
2002-02-19,21.8558
2002-02-15,21.6777
2002-02-14,20.889
2002-02-13,21.2706
2002-02-12,21.0925
2002-02-11,20.7533
2002-02-08,20.7787
2002-02-07,20.7787
2002-02-06,20.7872
2002-02-05,20.66
2002-02-04,20.906
2002-02-01,20.6939
2002-01-31,21.2791
2002-01-30,20.6854
2002-01-29,20.007
2002-01-28,20.6091
2002-01-25,20.4649
2002-01-24,20.6685
2002-01-23,20.5667
2002-01-22,19.8034
2002-01-18,19.8034
2002-01-17,19.9306
2002-01-16,19.8967
2002-01-15,19.9306
2002-01-14,19.6762
2002-01-11,19.8882
2002-01-10,20.1427
2002-01-09,20.007
2002-01-08,19.8458
2002-01-07,19.3624
2002-01-04,20.007
2002-01-03,19.8458
2002-01-02,19.6762
2001-12-31,19.778
2001-12-28,19.2521
2001-12-27,19.973
2001-12-26,19.6338
2001-12-24,19.6847
2001-12-21,20.6091
2001-12-20,19.5066
2001-12-19,18.65
2001-12-18,19.0401
2001-12-17,18.9468
2001-12-14,18.7009
2001-12-13,18.2344
2001-12-12,18.4634
2001-12-11,18.0648
2001-12-10,17.4711
2001-12-07,17.2421
2001-12-06,17.4287
2001-12-05,17.6407
2001-12-04,17.2167
2001-12-03,17.4202
2001-11-30,18.0648
2001-11-29,17.8528
2001-11-28,17.4032
2001-11-27,17.1743
2001-11-26,17.2167
2001-11-23,17.5135
2001-11-21,17.3863
2001-11-20,17.6831
2001-11-19,17.5814
2001-11-16,16.8605
2001-11-15,16.8774
2001-11-14,16.5382
2001-11-13,17.1743
2001-11-12,16.7926
2001-11-09,16.6908
2001-11-08,16.4788
2001-11-07,16.5806
2001-11-06,16.8859
2001-11-05,16.2413
2001-11-02,17.1743
2001-11-01,16.9792
2001-10-31,16.6654
2001-10-30,16.7078
2001-10-29,16.4534
2001-10-26,16.7926
2001-10-25,16.4703
2001-10-24,16.4958
2001-10-23,16.5382
2001-10-22,16.6484
2001-10-19,16.6399
2001-10-18,16.5806
2001-10-17,16.7502
2001-10-16,16.6654
2001-10-15,16.7163
2001-10-12,16.5467
2001-10-11,16.4534
2001-10-10,16.5806
2001-10-09,16.1311
2001-10-08,16.2837
2001-10-05,16.3262
2001-10-04,16.5382
2001-10-03,16.7036
2001-10-02,16.4534
2001-10-01,16.4958
2001-09-28,16.9326
2001-09-27,16.3686
2001-09-26,16.4958
2001-09-25,16.5297
2001-09-24,16.3686
2001-09-21,16.0293
2001-09-20,16.2837
2001-09-19,16.7078
2001-09-18,16.6145
2001-09-17,16.1989
2001-09-10,16.9368
2001-09-07,16.9622
2001-09-06,17.0895
2001-09-05,17.0895
2001-09-04,17.0301
2001-08-31,17.1488
2001-08-30,17.081
2001-08-29,17.0301
2001-08-28,16.7078
2001-08-27,16.8181
2001-08-24,16.9792
2001-08-23,17.2167
2001-08-22,17.5983
2001-08-21,17.4711
2001-08-20,17.5983
2001-08-17,17.0386
2001-08-16,16.9538
2001-08-15,16.7926
2001-08-14,16.5382
2001-08-13,15.4271
2001-08-10,15.266
2001-08-09,15.1812
2001-08-08,15.0964
2001-08-07,15.2745
2001-08-06,15.2236
2001-08-03,15.3169
2001-08-02,15.266
2001-08-01,15.1727
2001-07-31,14.9268
2001-07-30,14.6554
2001-07-27,14.6723
2001-07-26,14.7996
2001-07-25,14.6554
2001-07-24,14.6384
2001-07-23,14.7571
2001-07-20,14.9946
2001-07-19,14.9692
2001-07-18,15.0116
2001-07-17,14.9692
2001-07-16,15.037
2001-07-13,15.0201
2001-07-12,15.0964
2001-07-11,14.6723
2001-07-10,14.7996
2001-07-09,15.0879
2001-07-06,15.0116
2001-07-05,15.1812
2001-07-03,15.5035
2001-07-02,15.8173
2001-06-29,15.8936
2001-06-28,15.1982
2001-06-27,14.8844
2001-06-26,14.5027
2001-06-25,14.5112
2001-06-22,14.5027
2001-06-21,14.842
2001-06-20,14.6215
2001-06-19,14.5027
2001-06-18,14.4179
2001-06-15,14.4349
2001-06-14,14.4179
2001-06-13,14.4349
2001-06-12,14.3331
2001-06-11,14.0787
2001-06-08,13.8581
2001-06-07,14.0363
2001-06-06,13.9175
2001-06-05,14.2059
2001-06-04,13.8921
2001-06-01,13.6122
2001-05-31,13.485
2001-05-30,13.6461
2001-05-29,13.5868
2001-05-25,13.8666
2001-05-24,13.7818
2001-05-23,13.7394
2001-05-22,13.6546
2001-05-21,13.6037
2001-05-18,13.8242
2001-05-17,14.2737
2001-05-16,14.5027
2001-05-15,14.3331
2001-05-14,13.9514
2001-05-11,14.155
2001-05-10,13.926
2001-05-09,13.9938
2001-05-08,14.0871
2001-05-07,13.8242
2001-05-04,14.0363
2001-05-03,14.0363
2001-05-02,14.0702
2001-05-01,14.2907
2001-04-30,14.1635
2001-04-27,14.4603
2001-04-26,14.2737
2001-04-25,14.3331
2001-04-24,14.0023
2001-04-23,14.0787
2001-04-20,14.0363
2001-04-19,14.3331
2001-04-18,14.3925
2001-04-17,14.2737
2001-04-16,14.5027
2001-04-12,14.6808
2001-04-11,14.7656
2001-04-10,14.6299
2001-04-09,14.4688
2001-04-06,14.1635
2001-04-05,14.138
2001-04-04,14.0702
2001-04-03,14.1211
2001-04-02,14.2483
2001-03-30,15.1812
2001-03-29,13.909
2001-03-28,14.2568
2001-03-27,14.7147
2001-03-26,14.5451
2001-03-23,14.4518
2001-03-22,14.4349
2001-03-21,14.2907
2001-03-20,14.8335
2001-03-19,15.2236
2001-03-16,14.9268
2001-03-15,14.7741
2001-03-14,14.808
2001-03-13,14.7571
2001-03-12,15.1558
2001-03-09,15.4271
2001-03-08,15.512
2001-03-07,15.478
2001-03-06,15.5798
2001-03-05,15.7494
2001-03-02,15.8851
2001-03-01,15.6561
2001-02-28,15.1812
2001-02-27,15.1812
2001-02-26,15.6901
2001-02-23,15.3084
2001-02-22,15.4526
2001-02-21,15.6731
2001-02-20,15.5204
2001-02-16,15.6053
2001-02-15,15.5204
2001-02-14,15.4356
2001-02-13,15.8597
2001-02-12,15.2236
2001-02-09,14.613
2001-02-08,15.2151
2001-02-07,15.2406
2001-02-06,14.7571
2001-02-05,14.1211
2001-02-02,13.6546
2001-02-01,13.5698
2001-01-31,14.1465
2001-01-30,13.6885
2001-01-29,13.485
2001-01-26,13.4638
2001-01-25,13.6232
2001-01-24,13.6232
2001-01-23,13.6758
2001-01-22,13.5698
2001-01-19,13.6758
2001-01-18,13.6758
2001-01-17,14.0999
2001-01-16,14.1533
2001-01-12,13.7818
2001-01-11,13.7818
2001-01-10,13.3578
2001-01-09,13.4112
2001-01-08,13.7292
2001-01-05,13.6232
2001-01-04,14.0473
2001-01-03,14.1533
2001-01-02,13.8352
2000-12-29,13.8878
2000-12-28,13.3578
2000-12-27,12.6691
2000-12-26,12.245
2000-12-22,12.6157
2000-12-21,12.6691
2000-12-20,12.4571
2000-12-19,12.5097
2000-12-18,12.5631
2000-12-15,12.4036
2000-12-14,12.3511
2000-12-13,12.2976
2000-12-12,12.245
2000-12-11,12.1916
2000-12-08,11.8736
2000-12-07,11.7676
2000-12-06,12.033
2000-12-05,11.9796
2000-12-04,11.7676
2000-12-01,12.033
2000-11-30,11.9796
2000-11-29,12.0856
2000-11-28,11.927
2000-11-27,12.0856
2000-11-24,12.139
2000-11-22,12.2976
2000-11-21,12.245
2000-11-20,12.1916
2000-11-17,12.3511
2000-11-16,12.0856
2000-11-15,12.1916
2000-11-14,11.9796
2000-11-13,11.9796
2000-11-10,11.7676
2000-11-09,11.927
2000-11-08,11.9796
2000-11-07,11.9796
2000-11-06,11.927
2000-11-03,12.0856
2000-11-02,11.9796
2000-11-01,11.9796
2000-10-31,11.927
2000-10-30,11.927
2000-10-27,11.8736
2000-10-26,11.8736
2000-10-25,11.821
2000-10-24,11.7676
2000-10-23,11.715
2000-10-20,11.821
2000-10-19,11.821
2000-10-18,11.821
2000-10-17,11.8736
2000-10-16,11.8736
2000-10-13,11.7676
2000-10-12,11.6615
2000-10-11,11.7676
2000-10-10,11.8736
2000-10-09,11.927
2000-10-06,11.927
2000-10-05,12.0856
2000-10-04,12.139
2000-10-03,11.8736
2000-10-02,11.8736
2000-09-29,11.9796
2000-09-28,12.1916
2000-09-27,11.715
2000-09-26,11.6615
2000-09-25,11.5029
2000-09-22,11.821
2000-09-21,11.7676
2000-09-20,11.821
2000-09-19,11.5555
2000-09-18,11.6615
2000-09-15,11.7676
2000-09-14,11.6089
2000-09-13,11.5029
2000-09-12,11.4495
2000-09-11,11.5029
2000-09-08,11.6615
2000-09-07,11.6615
2000-09-06,11.5555
2000-09-05,11.5029
2000-09-01,11.4495
2000-08-31,11.4495
2000-08-30,11.4495
2000-08-29,11.3435
2000-08-28,11.4495
2000-08-25,11.1849
2000-08-24,11.1315
2000-08-23,11.0789
2000-08-22,11.1849
2000-08-21,11.4495
2000-08-18,11.3435
2000-08-17,11.4495
2000-08-16,11.7676
2000-08-15,11.7676
2000-08-14,11.8736
2000-08-11,11.821
2000-08-10,11.8736
2000-08-09,11.8736
2000-08-08,12.033
2000-08-07,11.2375
2000-08-04,11.0254
2000-08-03,11.0789
2000-08-02,11.2909
2000-08-01,11.6615
2000-07-31,11.715
2000-07-28,11.1315
2000-07-27,11.1849
2000-07-26,11.1849
2000-07-25,11.0254
2000-07-24,11.0254
2000-07-21,11.3435
2000-07-20,11.3435
2000-07-19,11.2375
2000-07-18,11.2909
2000-07-17,11.3435
2000-07-14,11.5029
2000-07-13,11.4495
2000-07-12,11.7676
2000-07-11,11.6615
2000-07-10,11.3969
2000-07-07,11.5029
2000-07-06,11.1849
2000-07-05,10.9194
2000-07-03,10.9194
2000-06-30,10.3894
2000-06-29,10.9729
2000-06-28,10.9729
2000-06-27,11.1315
2000-06-26,11.0254
2000-06-23,10.7608
2000-06-22,10.7074
2000-06-21,10.9194
2000-06-20,11.1849
2000-06-19,11.2375
2000-06-16,10.6014
2000-06-15,10.5488
2000-06-14,10.6014
2000-06-13,10.5488
2000-06-12,10.7074
2000-06-09,10.9194
2000-06-08,10.7608
2000-06-07,10.8134
2000-06-06,10.8134
2000-06-05,10.9194
2000-06-02,11.0254
2000-06-01,10.8134
