,rene:pl
2018-11-23,2.398
2018-11-22,2.406
2018-11-21,2.4
2018-11-20,2.408
2018-11-19,2.416
2018-11-16,2.424
2018-11-15,2.418
2018-11-14,2.426
2018-11-13,2.412
2018-11-12,2.436
2018-11-09,2.444
2018-11-08,2.42
2018-11-07,2.388
2018-11-06,2.378
2018-11-05,2.37
2018-11-02,2.37
2018-11-01,2.352
2018-10-31,2.354
2018-10-30,2.33
2018-10-29,2.34
2018-10-26,2.336
2018-10-25,2.34
2018-10-24,2.334
2018-10-23,2.33
2018-10-22,2.356
2018-10-19,2.36
2018-10-18,2.378
2018-10-17,2.388
2018-10-16,2.382
2018-10-15,2.354
2018-10-12,2.334
2018-10-11,2.35
2018-10-10,2.36
2018-10-09,2.368
2018-10-08,2.368
2018-10-05,2.384
2018-10-04,2.388
2018-10-03,2.392
2018-10-02,2.388
2018-10-01,2.416
2018-09-28,2.43
2018-09-27,2.444
2018-09-26,2.42
2018-09-25,2.422
2018-09-24,2.424
2018-09-21,2.422
2018-09-20,2.42
2018-09-19,2.432
2018-09-18,2.456
2018-09-17,2.442
2018-09-14,2.424
2018-09-13,2.428
2018-09-12,2.426
2018-09-11,2.43
2018-09-10,2.428
2018-09-07,2.408
2018-09-06,2.418
2018-09-05,2.428
2018-09-04,2.422
2018-09-03,2.44
2018-08-31,2.44
2018-08-30,2.436
2018-08-29,2.456
2018-08-28,2.47
2018-08-27,2.47
2018-08-24,2.446
2018-08-23,2.44
2018-08-22,2.452
2018-08-21,2.466
2018-08-20,2.446
2018-08-17,2.442
2018-08-16,2.44
2018-08-15,2.426
2018-08-14,2.45
2018-08-13,2.446
2018-08-10,2.482
2018-08-09,2.49
2018-08-08,2.494
2018-08-07,2.494
2018-08-06,2.496
2018-08-03,2.498
2018-08-02,2.496
2018-08-01,2.5
2018-07-31,2.506
2018-07-30,2.52
2018-07-27,2.49
2018-07-26,2.474
2018-07-25,2.476
2018-07-24,2.47
2018-07-23,2.486
2018-07-20,2.484
2018-07-19,2.488
2018-07-18,2.47
2018-07-17,2.47
2018-07-16,2.462
2018-07-13,2.464
2018-07-12,2.468
2018-07-11,2.456
2018-07-10,2.478
2018-07-09,2.474
2018-07-06,2.47
2018-07-05,2.45
2018-07-04,2.448
2018-07-03,2.434
2018-07-02,2.434
2018-06-29,2.4
2018-06-28,2.396
2018-06-27,2.374
2018-06-26,2.356
2018-06-25,2.342
2018-06-23,2.342
2018-06-22,2.342
2018-06-21,2.348
2018-06-20,2.39
2018-06-19,2.39
2018-06-18,2.384
2018-06-15,2.372
2018-06-14,2.376
2018-06-13,2.368
2018-06-12,2.342
2018-06-11,2.336
2018-06-08,2.334
2018-06-07,2.364
2018-06-06,2.356
2018-06-05,2.37
2018-06-04,2.37
2018-06-01,2.356
2018-05-31,2.378
2018-05-30,2.356
2018-05-29,2.326
2018-05-28,2.406
2018-05-25,2.42
2018-05-24,2.45
2018-05-23,2.47
2018-05-22,2.638
2018-05-21,2.614
2018-05-18,2.624
2018-05-17,2.62
2018-05-16,2.614
2018-05-15,2.65
2018-05-14,2.63
2018-05-11,2.597
2018-05-10,2.572
2018-05-09,2.576
2018-05-08,2.59
2018-05-07,2.598
2018-05-04,2.596
2018-05-03,2.594
2018-05-02,2.594
2018-04-30,2.612
2018-04-27,2.58
2018-04-26,2.56
2018-04-25,2.562
2018-04-24,2.59
2018-04-23,2.564
2018-04-20,2.562
2018-04-19,2.554
2018-04-18,2.53
2018-04-17,2.538
2018-04-16,2.54
2018-04-13,2.552
2018-04-12,2.56
2018-04-11,2.55
2018-04-10,2.556
2018-04-09,2.546
2018-04-06,2.536
2018-04-05,2.522
2018-04-04,2.514
2018-04-03,2.526
2018-03-29,2.508
2018-03-28,2.498
2018-03-27,2.468
2018-03-26,2.45
2018-03-23,2.452
2018-03-22,2.466
2018-03-21,2.474
2018-03-20,2.48
2018-03-19,2.484
2018-03-16,2.528
2018-03-15,2.476
2018-03-14,2.48
2018-03-13,2.5
2018-03-12,2.494
2018-03-09,2.5
2018-03-08,2.494
2018-03-07,2.468
2018-03-06,2.46
2018-03-05,2.45
2018-03-02,2.46
2018-03-01,2.482
2018-02-28,2.474
2018-02-27,2.504
2018-02-26,2.522
2018-02-23,2.51
2018-02-22,2.478
2018-02-21,2.45
2018-02-20,2.464
2018-02-19,2.496
2018-02-16,2.508
2018-02-15,2.484
2018-02-14,2.474
2018-02-13,2.444
2018-02-12,2.44
2018-02-09,2.428
2018-02-08,2.43
2018-02-07,2.448
2018-02-06,2.416
2018-02-05,2.452
2018-02-02,2.478
2018-02-01,2.508
2018-01-31,2.514
2018-01-30,2.534
2018-01-29,2.556
2018-01-26,2.564
2018-01-25,2.566
2018-01-24,2.556
2018-01-23,2.558
2018-01-22,2.562
2018-01-19,2.56
2018-01-18,2.562
2018-01-17,2.566
2018-01-16,2.564
2018-01-15,2.538
2018-01-12,2.526
2018-01-11,2.532
2018-01-10,2.518
2018-01-09,2.536
2018-01-08,2.528
2018-01-05,2.522
2018-01-04,2.504
2018-01-03,2.484
2018-01-02,2.468
2017-12-29,2.479
2017-12-28,2.461
2017-12-27,2.464
2017-12-22,2.449
2017-12-21,2.451
2017-12-20,2.453
2017-12-19,2.462
2017-12-18,2.443
2017-12-15,2.422
2017-12-14,2.405
2017-12-13,2.43
2017-12-12,2.462
2017-12-11,2.483
2017-12-08,2.443
2017-12-07,2.499
2017-12-06,2.507
2017-12-05,2.528
2017-12-04,2.526
2017-12-01,2.49
2017-11-30,2.465
2017-11-29,2.489
2017-11-28,2.419
2017-11-27,2.39
2017-11-24,2.438
2017-11-23,2.489
2017-11-22,2.51
2017-11-21,2.512
2017-11-20,2.4732
2017-11-17,2.4694
2017-11-16,2.4798
2017-11-15,2.4628
2017-11-14,2.4496
2017-11-13,2.4327
2017-11-10,2.5081
2017-11-09,2.5119
2017-11-08,2.5204
2017-11-07,2.4996
2017-11-06,2.543
2017-11-03,2.5383
2017-11-02,2.5666
2017-11-01,2.576
2017-10-31,2.5713
2017-10-30,2.5609
2017-10-27,2.5628
2017-10-26,2.5411
2017-10-25,2.5128
2017-10-24,2.5138
2017-10-23,2.5175
2017-10-20,2.5175
2017-10-19,2.5288
2017-10-18,2.5232
2017-10-17,2.4949
2017-10-16,2.527
2017-10-13,2.5939
2017-10-12,2.6052
2017-10-11,2.5939
2017-10-10,2.575
2017-10-09,2.5713
2017-10-06,2.5703
2017-10-05,2.575
2017-10-04,2.5713
2017-10-03,2.5816
2017-10-02,2.5845
2017-09-29,2.5967
2017-09-28,2.5826
2017-09-27,2.5835
2017-09-26,2.5835
2017-09-25,2.5882
2017-09-22,2.5835
2017-09-21,2.5911
2017-09-20,2.608
2017-09-19,2.625
2017-09-18,2.6354
2017-09-15,2.6307
2017-09-14,2.6109
2017-09-13,2.6024
2017-09-12,2.6269
2017-09-11,2.6297
2017-09-08,2.6062
2017-09-07,2.6005
2017-09-06,2.6156
2017-09-05,2.6043
2017-09-04,2.609
2017-09-01,2.6297
2017-08-31,2.6024
2017-08-30,2.5873
2017-08-29,2.5958
2017-08-28,2.6175
2017-08-25,2.6382
2017-08-24,2.6401
2017-08-23,2.6354
2017-08-22,2.6439
2017-08-21,2.6354
2017-08-18,2.6608
2017-08-17,2.6863
2017-08-16,2.6806
2017-08-15,2.6684
2017-08-14,2.6844
2017-08-11,2.6514
2017-08-10,2.659
2017-08-09,2.6731
2017-08-08,2.6712
2017-08-07,2.83
2017-08-04,2.835
2017-08-03,2.794
2017-08-02,2.795
2017-08-01,2.787
2017-07-31,2.74
2017-07-28,2.696
2017-07-27,2.774
2017-07-26,2.788
2017-07-25,2.766
2017-07-24,2.755
2017-07-21,2.803
2017-07-20,2.761
2017-07-19,2.739
2017-07-18,2.724
2017-07-17,2.733
2017-07-14,2.728
2017-07-13,2.725
2017-07-12,2.713
2017-07-11,2.697
2017-07-10,2.706
2017-07-07,2.702
2017-07-06,2.69
2017-07-05,2.719
2017-07-04,2.703
2017-07-03,2.747
2017-06-30,2.741
2017-06-29,2.755
2017-06-28,2.747
2017-06-27,2.778
2017-06-26,2.834
2017-06-23,2.8
2017-06-22,2.841
2017-06-21,2.912
2017-06-20,2.91
2017-06-19,2.916
2017-06-16,2.914
2017-06-15,2.887
2017-06-14,2.877
2017-06-13,2.857
2017-06-12,2.833
2017-06-09,2.877
2017-06-08,2.871
2017-06-07,2.884
2017-06-06,2.935
2017-06-05,2.832
2017-06-02,2.853
2017-06-01,2.868
2017-05-31,2.873
2017-05-30,2.862
2017-05-29,2.819
2017-05-26,2.984
2017-05-25,2.965
2017-05-24,2.975
2017-05-23,2.969
2017-05-22,2.934
2017-05-19,2.912
2017-05-18,2.83
2017-05-17,2.881
2017-05-16,2.899
2017-05-15,2.885
2017-05-12,2.895
2017-05-11,2.868
2017-05-10,2.88
2017-05-09,2.885
2017-05-08,2.868
2017-05-05,2.85
2017-05-04,2.84
2017-05-03,2.806
2017-05-02,2.758
2017-04-28,2.699
2017-04-27,2.734
2017-04-26,2.74
2017-04-25,2.687
2017-04-24,2.698
2017-04-21,2.66
2017-04-20,2.679
2017-04-19,2.68
2017-04-18,2.7
2017-04-13,2.74
2017-04-12,2.754
2017-04-11,2.75
2017-04-10,2.775
2017-04-07,2.919
2017-04-06,2.919
2017-04-05,2.876
2017-04-04,2.841
2017-04-03,2.838
2017-03-31,2.821
2017-03-30,2.816
2017-03-29,2.782
2017-03-28,2.762
2017-03-27,2.725
2017-03-24,2.694
2017-03-23,2.68
2017-03-22,2.65
2017-03-21,2.679
2017-03-20,2.673
2017-03-17,2.654
2017-03-16,2.642
2017-03-15,2.624
2017-03-14,2.636
2017-03-13,2.639
2017-03-10,2.638
2017-03-09,2.654
2017-03-08,2.652
2017-03-07,2.649
2017-03-06,2.663
2017-03-03,2.635
2017-03-02,2.677
2017-03-01,2.659
2017-02-28,2.627
2017-02-27,2.63
2017-02-24,2.629
2017-02-23,2.615
2017-02-22,2.628
2017-02-21,2.611
2017-02-20,2.615
2017-02-17,2.625
2017-02-16,2.648
2017-02-15,2.636
2017-02-14,2.627
2017-02-13,2.616
2017-02-10,2.608
2017-02-09,2.643
2017-02-08,2.62
2017-02-07,2.565
2017-02-06,2.57
2017-02-03,2.582
2017-02-02,2.561
2017-02-01,2.545
2017-01-31,2.548
2017-01-30,2.536
2017-01-27,2.581
2017-01-26,2.586
2017-01-25,2.548
2017-01-24,2.576
2017-01-23,2.572
2017-01-20,2.58
2017-01-19,2.62
2017-01-18,2.622
2017-01-17,2.615
2017-01-16,2.589
2017-01-15,2.589
2017-01-13,2.599
2017-01-12,2.589
2017-01-11,2.592
2017-01-10,2.607
2017-01-09,2.643
2017-01-06,2.664
2017-01-05,2.67
2017-01-04,2.681
2017-01-03,2.704
2017-01-02,2.729
2016-12-31,2.587
2016-12-30,2.698
2016-12-29,2.688
2016-12-28,2.685
2016-12-27,2.686
2016-12-23,2.664
2016-12-22,2.669
2016-12-21,2.675
2016-12-20,2.649
2016-12-19,2.644
2016-12-16,2.598
2016-12-15,2.6
2016-12-14,2.629
2016-12-13,2.653
2016-12-12,2.613
2016-12-09,2.608
2016-12-08,2.589
2016-12-07,2.58
2016-12-06,2.569
2016-12-05,2.515
2016-12-02,2.523
2016-12-01,2.539
2016-11-30,2.579
2016-11-29,2.577
2016-11-28,2.565
2016-11-25,2.568
2016-11-24,2.548
2016-11-23,2.542
2016-11-22,2.56
2016-11-21,2.533
2016-11-18,2.528
2016-11-17,2.514
2016-11-16,2.52
2016-11-15,2.522
2016-11-14,2.52
2016-11-11,2.526
2016-11-10,2.574
2016-11-09,2.628
2016-11-08,2.66
2016-11-07,2.64
2016-11-04,2.6
2016-11-03,2.606
2016-11-02,2.603
2016-11-01,2.655
2016-10-31,2.662
2016-10-28,2.644
2016-10-27,2.63
2016-10-26,2.642
2016-10-25,2.615
2016-10-24,2.664
2016-10-21,2.66
2016-10-20,2.667
2016-10-19,2.659
2016-10-18,2.644
2016-10-17,2.599
2016-10-14,2.59
2016-10-13,2.559
2016-10-12,2.536
2016-10-11,2.528
2016-10-10,2.506
2016-10-07,2.491
2016-10-06,2.516
2016-10-05,2.531
2016-10-04,2.601
2016-10-03,2.601
2016-09-30,2.603
2016-09-29,2.589
2016-09-28,2.567
2016-09-27,2.559
2016-09-26,2.549
2016-09-23,2.552
2016-09-22,2.564
2016-09-21,2.533
2016-09-20,2.523
2016-09-19,2.524
2016-09-16,2.5
2016-09-15,2.525
2016-09-14,2.546
2016-09-13,2.542
2016-09-12,2.572
2016-09-09,2.605
2016-09-08,2.623
2016-09-07,2.628
2016-09-06,2.635
2016-09-05,2.651
2016-09-02,2.627
2016-09-01,2.623
2016-08-31,2.62
2016-08-30,2.625
2016-08-29,2.637
2016-08-26,2.625
2016-08-25,2.625
2016-08-24,2.634
2016-08-23,2.641
2016-08-22,2.656
2016-08-19,2.65
2016-08-18,2.661
2016-08-17,2.662
2016-08-16,2.693
2016-08-15,2.722
2016-08-12,2.728
2016-08-11,2.701
2016-08-10,2.687
2016-08-09,2.703
2016-08-08,2.699
2016-08-05,2.699
2016-08-04,2.696
2016-08-03,2.691
2016-08-02,2.705
2016-08-01,2.721
2016-07-29,2.714
2016-07-28,2.694
2016-07-27,2.694
2016-07-26,2.693
2016-07-25,2.69
2016-07-22,2.673
2016-07-21,2.645
2016-07-20,2.646
2016-07-19,2.659
2016-07-18,2.606
2016-07-15,2.606
2016-07-14,2.615
2016-07-13,2.577
2016-07-12,2.597
2016-07-11,2.578
2016-07-08,2.569
2016-07-07,2.588
2016-07-06,2.551
2016-07-05,2.554
2016-07-04,2.596
2016-07-01,2.582
2016-06-30,2.531
2016-06-29,2.515
2016-06-28,2.5
2016-06-27,2.469
2016-06-24,2.529
2016-06-23,2.652
2016-06-22,2.616
2016-06-21,2.622
2016-06-20,2.635
2016-06-17,2.562
2016-06-16,2.493
2016-06-15,2.561
2016-06-14,2.573
2016-06-13,2.609
2016-06-10,2.628
2016-06-09,2.636
2016-06-08,2.636
2016-06-07,2.642
2016-06-06,2.652
2016-06-03,2.633
2016-06-02,2.622
2016-06-01,2.62
2016-05-31,2.666
2016-05-30,2.678
2016-05-27,2.672
2016-05-26,2.638
2016-05-25,2.656
2016-05-24,2.654
2016-05-23,2.618
2016-05-20,2.617
2016-05-19,2.598
2016-05-18,2.62
2016-05-17,2.625
2016-05-16,2.592
2016-05-13,2.628
2016-05-12,2.599
2016-05-11,2.6
2016-05-10,2.617
2016-05-09,2.631
2016-05-06,2.658
2016-05-05,2.686
2016-05-04,2.653
2016-05-03,2.643
2016-05-02,2.676
2016-04-29,2.614
2016-04-28,2.622
2016-04-27,2.755
2016-04-26,2.725
2016-04-25,2.729
2016-04-22,2.745
2016-04-21,2.722
2016-04-20,2.714
2016-04-19,2.727
2016-04-18,2.727
2016-04-15,2.823
2016-04-14,2.808
2016-04-13,2.829
2016-04-12,2.814
2016-04-11,2.83
2016-04-08,2.835
2016-04-07,2.8
2016-04-06,2.867
2016-04-05,2.864
2016-04-04,2.9
2016-04-01,2.907
2016-03-31,2.883
2016-03-30,2.857
2016-03-29,2.876
2016-03-24,2.836
2016-03-23,2.85
2016-03-22,2.839
2016-03-21,2.804
2016-03-18,2.799
2016-03-17,2.797
2016-03-16,2.787
2016-03-15,2.791
2016-03-14,2.77
2016-03-11,2.697
2016-03-10,2.65
2016-03-09,2.574
2016-03-08,2.58
2016-03-07,2.579
2016-03-04,2.602
2016-03-03,2.595
2016-03-02,2.58
2016-03-01,2.593
2016-02-29,2.608
2016-02-26,2.569
2016-02-25,2.54
2016-02-24,2.549
2016-02-23,2.571
2016-02-22,2.633
2016-02-19,2.559
2016-02-18,2.563
2016-02-17,2.585
2016-02-16,2.554
2016-02-15,2.588
2016-02-12,2.559
2016-02-11,2.548
2016-02-10,2.605
2016-02-09,2.599
2016-02-08,2.62
2016-02-05,2.718
2016-02-04,2.715
2016-02-03,2.747
2016-02-02,2.79
2016-02-01,2.79
2016-01-29,2.78
2016-01-28,2.776
2016-01-27,2.756
2016-01-26,2.719
2016-01-25,2.691
2016-01-22,2.695
2016-01-21,2.614
2016-01-20,2.62
2016-01-19,2.726
2016-01-18,2.691
2016-01-15,2.73
2016-01-14,2.735
2016-01-13,2.8
2016-01-12,2.834
2016-01-11,2.794
2016-01-08,2.837
2016-01-07,2.819
2016-01-06,2.829
2016-01-05,2.846
2016-01-04,2.82
2016-01-01,2.782
2015-12-31,2.782
2015-12-30,2.804
2015-12-29,2.814
2015-12-28,2.758
2015-12-25,2.78
2015-12-24,2.78
2015-12-23,2.77
2015-12-22,2.705
2015-12-21,2.765
2015-12-18,2.802
2015-12-17,2.79
2015-12-16,2.774
2015-12-15,2.75
2015-12-14,2.724
2015-12-11,2.701
2015-12-10,2.722
2015-12-09,2.728
2015-12-08,2.686
2015-12-07,2.728
2015-12-04,2.735
2015-12-03,2.705
2015-12-02,2.734
2015-12-01,2.718
2015-11-30,2.678
2015-11-27,2.634
2015-11-26,2.63
2015-11-25,2.601
2015-11-24,2.592
2015-11-23,2.611
2015-11-20,2.619
2015-11-19,2.622
2015-11-18,2.616
2015-11-17,2.58
2015-11-16,2.538
2015-11-13,2.564
2015-11-12,2.57
2015-11-11,2.622
2015-11-10,2.619
2015-11-09,2.613
2015-11-06,2.7
2015-11-05,2.783
2015-11-04,2.799
2015-11-03,2.78
2015-11-02,2.781
2015-10-30,2.777
2015-10-29,2.777
2015-10-28,2.771
2015-10-27,2.753
2015-10-26,2.766
2015-10-23,2.789
2015-10-22,2.793
2015-10-21,2.819
2015-10-20,2.885
2015-10-19,2.816
2015-10-16,2.797
2015-10-15,2.79
2015-10-14,2.726
2015-10-13,2.752
2015-10-12,2.743
2015-10-09,2.755
2015-10-08,2.789
2015-10-07,2.754
2015-10-06,2.758
2015-10-05,2.777
2015-10-02,2.75
2015-10-01,2.721
2015-09-30,2.68
2015-09-29,2.646
2015-09-28,2.644
2015-09-25,2.661
2015-09-24,2.622
2015-09-23,2.653
2015-09-22,2.648
2015-09-21,2.67
2015-09-18,2.654
2015-09-17,2.652
2015-09-16,2.619
2015-09-15,2.581
2015-09-14,2.61
2015-09-11,2.633
2015-09-10,2.657
2015-09-09,2.676
2015-09-08,2.669
2015-09-07,2.638
2015-09-04,2.614
2015-09-03,2.65
2015-09-02,2.593
2015-09-01,2.613
2015-08-31,2.672
2015-08-28,2.685
2015-08-27,2.674
2015-08-26,2.627
2015-08-25,2.683
2015-08-24,2.625
2015-08-21,2.721
2015-08-20,2.761
2015-08-19,2.81
2015-08-18,2.83
2015-08-17,2.825
2015-08-14,2.795
2015-08-13,2.799
2015-08-12,2.743
2015-08-11,2.76
2015-08-10,2.79
2015-08-07,2.765
2015-08-06,2.731
2015-08-05,2.735
2015-08-04,2.744
2015-08-03,2.74
2015-07-31,2.729
2015-07-30,2.722
2015-07-29,2.71
2015-07-28,2.707
2015-07-27,2.728
2015-07-24,2.727
2015-07-23,2.704
2015-07-22,2.68
2015-07-21,2.66
2015-07-20,2.661
2015-07-17,2.638
2015-07-16,2.67
2015-07-15,2.65
2015-07-14,2.629
2015-07-13,2.627
2015-07-10,2.57
2015-07-09,2.516
2015-07-08,2.478
2015-07-07,2.461
2015-07-06,2.501
2015-07-03,2.565
2015-07-02,2.59
2015-07-01,2.578
2015-06-30,2.511
2015-06-29,2.558
2015-06-26,2.636
2015-06-25,2.64
2015-06-24,2.681
2015-06-23,2.707
2015-06-22,2.666
2015-06-19,2.609
2015-06-18,2.6
2015-06-17,2.599
2015-06-16,2.6
2015-06-15,2.539
2015-06-12,2.547
2015-06-11,2.58
2015-06-10,2.56
2015-06-09,2.535
2015-06-08,2.559
2015-06-05,2.61
2015-06-04,2.67
2015-06-03,2.686
2015-06-02,2.695
2015-06-01,2.691
2015-05-29,2.662
2015-05-28,2.725
2015-05-27,2.681
2015-05-26,2.698
2015-05-25,2.72
2015-05-22,2.794
2015-05-21,2.785
2015-05-20,2.777
2015-05-19,2.731
2015-05-18,2.692
2015-05-15,2.7
2015-05-14,2.683
2015-05-13,2.66
2015-05-12,2.642
2015-05-11,2.694
2015-05-08,2.899
2015-05-07,2.84
2015-05-06,2.77
2015-05-05,2.8
2015-05-04,2.844
2015-05-01,2.79
2015-04-30,2.79
2015-04-29,2.798
2015-04-28,2.806
2015-04-27,2.808
2015-04-24,2.801
2015-04-23,2.805
2015-04-22,2.814
2015-04-21,2.85
2015-04-20,2.795
2015-04-17,2.803
2015-04-16,2.84
2015-04-15,2.86
2015-04-14,2.844
2015-04-13,2.833
2015-04-10,2.86
2015-04-09,2.88
2015-04-08,2.82
2015-04-07,2.795
2015-04-06,2.761
2015-04-03,2.761
2015-04-02,2.761
2015-04-01,2.764
2015-03-31,2.732
2015-03-30,2.74
2015-03-27,2.732
2015-03-26,2.75
2015-03-25,2.805
2015-03-24,2.79
2015-03-23,2.8
2015-03-20,2.82
2015-03-19,2.791
2015-03-18,2.785
2015-03-17,2.769
2015-03-16,2.798
2015-03-13,2.78
2015-03-12,2.784
2015-03-11,2.749
2015-03-10,2.725
2015-03-09,2.766
2015-03-06,2.77
2015-03-05,2.788
2015-03-04,2.72
2015-03-03,2.7
2015-03-02,2.734
2015-02-27,2.74
2015-02-26,2.745
2015-02-25,2.73
2015-02-24,2.72
2015-02-23,2.704
2015-02-20,2.672
2015-02-19,2.672
2015-02-18,2.7
2015-02-17,2.66
2015-02-16,2.622
2015-02-13,2.62
2015-02-12,2.615
2015-02-11,2.595
2015-02-10,2.6
2015-02-09,2.601
2015-02-06,2.616
2015-02-05,2.642
2015-02-04,2.578
2015-02-03,2.59
2015-02-02,2.512
2015-01-30,2.52
2015-01-29,2.573
2015-01-28,2.578
2015-01-27,2.572
2015-01-26,2.589
2015-01-23,2.581
2015-01-22,2.523
2015-01-21,2.44
2015-01-20,2.418
2015-01-19,2.418
2015-01-16,2.387
2015-01-15,2.393
2015-01-14,2.386
2015-01-13,2.373
2015-01-12,2.394
2015-01-09,2.367
2015-01-08,2.378
2015-01-07,2.369
2015-01-06,2.398
2015-01-05,2.412
2015-01-02,2.413
2015-01-01,2.406
2014-12-31,2.406
2014-12-30,2.42
2014-12-29,2.431
2014-12-26,2.455
2014-12-25,2.455
2014-12-24,2.455
2014-12-23,2.476
2014-12-22,2.45
2014-12-19,2.451
2014-12-18,2.433
2014-12-17,2.391
2014-12-16,2.411
2014-12-15,2.385
2014-12-12,2.46
2014-12-11,2.492
2014-12-10,2.485
2014-12-09,2.478
2014-12-08,2.544
2014-12-05,2.535
2014-12-04,2.515
2014-12-03,2.528
2014-12-02,2.51
2014-12-01,2.51
2014-11-28,2.51
2014-11-27,2.534
2014-11-26,2.517
2014-11-25,2.535
2014-11-24,2.529
2014-11-21,2.553
2014-11-20,2.493
2014-11-19,2.5
2014-11-18,2.477
2014-11-17,2.44
2014-11-14,2.428
2014-11-13,2.457
2014-11-12,2.47
2014-11-11,2.469
2014-11-10,2.485
2014-11-07,2.44
2014-11-06,2.4
2014-11-05,2.44
2014-11-04,2.433
2014-11-03,2.454
2014-10-31,2.473
2014-10-30,2.484
2014-10-29,2.479
2014-10-28,2.481
2014-10-27,2.43
2014-10-24,2.449
2014-10-23,2.43
2014-10-22,2.385
2014-10-21,2.388
2014-10-20,2.326
2014-10-17,2.333
2014-10-16,2.35
2014-10-15,2.499
2014-10-14,2.57
2014-10-13,2.581
2014-10-10,2.544
2014-10-09,2.611
2014-10-08,2.633
2014-10-07,2.63
2014-10-06,2.628
2014-10-03,2.666
2014-10-02,2.64
2014-10-01,2.685
2014-09-30,2.67
2014-09-29,2.649
2014-09-26,2.64
2014-09-25,2.644
2014-09-24,2.664
2014-09-23,2.655
2014-09-22,2.685
2014-09-19,2.7
2014-09-18,2.696
2014-09-17,2.685
2014-09-16,2.663
2014-09-15,2.653
2014-09-12,2.684
2014-09-11,2.682
2014-09-10,2.706
2014-09-09,2.699
2014-09-08,2.73
2014-09-05,2.744
2014-09-04,2.75
2014-09-03,2.727
2014-09-02,2.696
2014-09-01,2.7
2014-08-29,2.715
2014-08-28,2.71
2014-08-27,2.69
2014-08-26,2.679
2014-08-25,2.66
2014-08-22,2.653
2014-08-21,2.66
2014-08-20,2.648
2014-08-19,2.644
2014-08-18,2.64
2014-08-15,2.642
2014-08-14,2.625
2014-08-13,2.618
2014-08-12,2.587
2014-08-11,2.52
2014-08-08,2.496
2014-08-07,2.543
2014-08-06,2.573
2014-08-05,2.622
2014-08-04,2.549
2014-08-01,2.581
2014-07-31,2.632
2014-07-30,2.654
2014-07-29,2.653
2014-07-28,2.672
2014-07-25,2.651
2014-07-24,2.658
2014-07-23,2.618
2014-07-22,2.608
2014-07-21,2.608
2014-07-18,2.6
2014-07-17,2.55
2014-07-16,2.571
2014-07-15,2.55
2014-07-14,2.53
2014-07-11,2.577
2014-07-10,2.525
2014-07-09,2.561
2014-07-08,2.607
2014-07-07,2.61
2014-07-04,2.649
2014-07-03,2.678
2014-07-02,2.679
2014-07-01,2.66
2014-06-30,2.69
2014-06-27,2.686
2014-06-26,2.689
2014-06-25,2.7
2014-06-24,2.715
2014-06-23,2.7
2014-06-20,2.682
2014-06-19,2.693
2014-06-18,2.68
2014-06-17,2.7
2014-06-16,2.72
2014-06-13,2.72
2014-06-12,2.689
2014-06-11,2.74
2014-06-10,2.774
2014-06-09,2.764
2014-06-06,2.775
2014-06-05,2.764
2014-06-04,2.75
2014-06-03,2.74
2014-06-02,2.76
2014-05-30,2.716
2014-05-29,2.69
2014-05-28,2.641
2014-05-27,2.642
2014-05-26,2.643
2014-05-23,2.652
2014-05-22,2.65
2014-05-21,2.665
2014-05-20,2.637
2014-05-19,2.64
2014-05-16,2.601
2014-05-15,2.55
2014-05-14,2.63
2014-05-13,2.724
2014-05-12,2.757
2014-05-09,2.78
2014-05-08,2.83
2014-05-07,2.77
2014-05-06,2.77
2014-05-05,2.753
2014-05-02,2.708
2014-05-01,2.708
2014-04-30,2.708
2014-04-29,2.703
2014-04-28,2.738
2014-04-25,2.719
2014-04-24,2.842
2014-04-23,2.74
2014-04-22,2.85
2014-04-21,2.845
2014-04-18,2.845
2014-04-17,2.845
2014-04-16,2.859
2014-04-15,2.834
2014-04-14,2.823
2014-04-11,2.83
2014-04-10,2.845
2014-04-09,2.84
2014-04-08,2.85
2014-04-07,2.85
2014-04-04,2.85
2014-04-03,2.843
2014-04-02,2.865
2014-04-01,2.859
2014-03-31,2.861
2014-03-28,2.851
2014-03-27,2.84
2014-03-26,2.832
2014-03-25,2.8
2014-03-24,2.765
2014-03-21,2.776
2014-03-20,2.802
2014-03-19,2.858
2014-03-18,2.868
2014-03-17,2.827
2014-03-14,2.804
2014-03-13,2.863
2014-03-12,2.879
2014-03-11,2.9
2014-03-10,2.87
2014-03-07,2.88
2014-03-06,2.85
2014-03-05,2.8
2014-03-04,2.78
2014-03-03,2.73
2014-02-28,2.76
2014-02-27,2.77
2014-02-26,2.73
2014-02-25,2.72
2014-02-24,2.72
2014-02-21,2.7
2014-02-20,2.71
2014-02-19,2.7
2014-02-18,2.7
2014-02-17,2.71
2014-02-14,2.7
2014-02-13,2.68
2014-02-12,2.65
2014-02-11,2.64
2014-02-10,2.64
2014-02-07,2.64
2014-02-06,2.61
2014-02-05,2.57
2014-02-04,2.54
2014-02-03,2.51
2014-01-31,2.52
2014-01-30,2.54
2014-01-29,2.51
2014-01-28,2.5
2014-01-27,2.5
2014-01-24,2.5
2014-01-23,2.52
2014-01-22,2.54
2014-01-21,2.57
2014-01-20,2.54
2014-01-17,2.49
2014-01-16,2.48
2014-01-15,2.48
2014-01-14,2.44
2014-01-13,2.45
2014-01-10,2.42
2014-01-09,2.39
2014-01-08,2.35
2014-01-07,2.33
2014-01-06,2.31
2014-01-03,2.28
2014-01-02,2.24
2014-01-01,2.24
2013-12-31,2.24
2013-12-30,2.24
2013-12-27,2.25
2013-12-26,2.25
2013-12-25,2.25
2013-12-24,2.25
2013-12-23,2.23
2013-12-20,2.24
2013-12-19,2.22
2013-12-18,2.22
2013-12-17,2.25
2013-12-16,2.24
2013-12-13,2.23
2013-12-12,2.23
2013-12-11,2.24
2013-12-10,2.25
2013-12-09,2.22
2013-12-06,2.22
2013-12-05,2.22
2013-12-04,2.23
2013-12-03,2.25
2013-12-02,2.25
2013-11-29,2.24
2013-11-28,2.24
2013-11-27,2.25
2013-11-26,2.222
2013-11-25,2.274
2013-11-22,2.27
2013-11-21,2.267
2013-11-20,2.275
2013-11-19,2.29
2013-11-18,2.293
2013-11-15,2.296
2013-11-14,2.298
2013-11-13,2.3
2013-11-12,2.319
2013-11-11,2.291
2013-11-08,2.261
2013-11-07,2.27
2013-11-06,2.237
2013-11-05,2.24
2013-11-04,2.213
2013-11-01,2.21
2013-10-31,2.215
2013-10-30,2.23
2013-10-29,2.225
2013-10-28,2.2
2013-10-25,2.185
2013-10-24,2.192
2013-10-23,2.183
2013-10-22,2.175
2013-10-21,2.186
2013-10-18,2.183
2013-10-17,2.171
2013-10-16,2.171
2013-10-15,2.208
2013-10-14,2.184
2013-10-11,2.18
2013-10-10,2.18
2013-10-09,2.192
2013-10-08,2.18
2013-10-07,2.18
2013-10-04,2.203
2013-10-03,2.213
2013-10-02,2.225
2013-10-01,2.215
2013-09-30,2.21
2013-09-27,2.205
2013-09-26,2.2
2013-09-25,2.203
2013-09-24,2.19
2013-09-23,2.19
2013-09-20,2.19
2013-09-19,2.19
2013-09-18,2.194
2013-09-17,2.191
2013-09-16,2.196
2013-09-13,2.2
2013-09-12,2.215
2013-09-11,2.203
2013-09-10,2.202
2013-09-09,2.186
2013-09-06,2.196
2013-09-05,2.199
2013-09-04,2.201
2013-09-03,2.2
2013-09-02,2.218
2013-08-30,2.22
2013-08-29,2.22
2013-08-28,2.184
2013-08-27,2.206
2013-08-26,2.2
2013-08-23,2.214
2013-08-22,2.21
2013-08-21,2.227
2013-08-20,2.203
2013-08-19,2.215
2013-08-16,2.2
2013-08-15,2.19
2013-08-14,2.201
2013-08-13,2.205
2013-08-12,2.196
2013-08-09,2.18
2013-08-08,2.167
2013-08-07,2.162
2013-08-06,2.163
2013-08-05,2.172
2013-08-02,2.2
2013-08-01,2.229
2013-07-31,2.218
2013-07-30,2.229
2013-07-29,2.231
2013-07-26,2.247
2013-07-25,2.221
2013-07-24,2.2
2013-07-23,2.2
2013-07-22,2.2
2013-07-19,2.18
2013-07-18,2.197
2013-07-17,2.17
2013-07-16,2.176
2013-07-15,2.169
2013-07-12,2.171
2013-07-11,2.152
2013-07-10,2.182
2013-07-09,2.21
2013-07-08,2.189
2013-07-05,2.171
2013-07-04,2.19
2013-07-03,2.164
2013-07-02,2.24
2013-07-01,2.239
2013-06-28,2.203
2013-06-27,2.196
2013-06-26,2.196
2013-06-25,2.157
2013-06-24,2.15
2013-06-21,2.173
2013-06-20,2.23
2013-06-19,2.259
2013-06-18,2.18
2013-06-17,2.206
2013-06-14,2.193
2013-06-13,2.2
2013-06-12,2.22
2013-06-11,2.21
2013-06-10,2.215
2013-06-07,2.239
2013-06-06,2.231
2013-06-05,2.23
2013-06-04,2.217
2013-06-03,2.21
2013-05-31,2.24
2013-05-30,2.239
2013-05-29,2.244
2013-05-28,2.237
2013-05-27,2.222
2013-05-24,2.222
2013-05-23,2.218
2013-05-22,2.24
2013-05-21,2.375
2013-05-20,2.378
2013-05-17,2.35
2013-05-16,2.33
2013-05-15,2.33
2013-05-14,2.32
2013-05-13,2.34
2013-05-10,2.335
2013-05-09,2.345
2013-05-08,2.33
2013-05-07,2.329
2013-05-06,2.324
2013-05-03,2.315
2013-05-02,2.319
2013-05-01,2.314
2013-04-30,2.314
2013-04-29,2.298
2013-04-26,2.272
2013-04-25,2.28
2013-04-24,2.274
2013-04-23,2.238
2013-04-22,2.218
2013-04-19,2.209
2013-04-18,2.161
2013-04-17,2.168
2013-04-16,2.172
2013-04-15,2.21
2013-04-12,2.22
2013-04-11,2.196
2013-04-10,2.208
2013-04-09,2.142
2013-04-08,2.144
2013-04-05,2.158
2013-04-04,2.197
2013-04-03,2.181
2013-04-02,2.24
2013-04-01,2.25
2013-03-29,2.25
2013-03-28,2.25
2013-03-27,2.247
2013-03-26,2.28
2013-03-25,2.3
2013-03-22,2.294
2013-03-21,2.294
2013-03-20,2.279
2013-03-19,2.293
2013-03-18,2.282
2013-03-15,2.29
2013-03-14,2.272
2013-03-13,2.227
2013-03-12,2.25
2013-03-11,2.288
2013-03-08,2.288
2013-03-07,2.3
2013-03-06,2.26
2013-03-05,2.327
2013-03-04,2.33
2013-03-01,2.348
2013-02-28,2.345
2013-02-27,2.363
2013-02-26,2.31
2013-02-25,2.37
2013-02-22,2.348
2013-02-21,2.31
2013-02-20,2.341
2013-02-19,2.335
2013-02-18,2.31
2013-02-15,2.325
2013-02-14,2.33
2013-02-13,2.335
2013-02-12,2.32
2013-02-11,2.319
2013-02-08,2.32
2013-02-07,2.32
2013-02-06,2.35
2013-02-05,2.285
2013-02-04,2.309
2013-02-01,2.365
2013-01-31,2.313
2013-01-30,2.323
2013-01-29,2.289
2013-01-28,2.317
2013-01-25,2.313
2013-01-24,2.299
2013-01-23,2.3
2013-01-22,2.298
2013-01-21,2.34
2013-01-18,2.3
2013-01-17,2.279
2013-01-16,2.27
2013-01-15,2.27
2013-01-14,2.27
2013-01-11,2.24
2013-01-10,2.159
2013-01-09,2.142
2013-01-08,2.14
2013-01-07,2.14
2013-01-04,2.13
2013-01-03,2.11
2013-01-02,2.108
2013-01-01,2.055
2012-12-31,2.055
2012-12-28,2.07
2012-12-27,2.049
2012-12-26,2.03
2012-12-25,2.03
2012-12-24,2.03
2012-12-21,2.036
2012-12-20,2.027
2012-12-19,2.04
2012-12-18,2.045
2012-12-17,2.035
2012-12-14,1.988
2012-12-13,1.99
2012-12-12,1.992
2012-12-11,1.992
2012-12-10,1.986
2012-12-07,1.995
2012-12-06,1.994
2012-12-05,1.993
2012-12-04,1.995
2012-12-03,1.994
2012-11-30,1.998
2012-11-29,1.98
2012-11-28,1.984
2012-11-27,1.989
2012-11-26,1.984
2012-11-23,1.99
2012-11-22,1.99
2012-11-21,1.99
2012-11-20,1.995
2012-11-19,1.991
2012-11-16,1.996
2012-11-15,1.996
2012-11-14,1.989
2012-11-13,1.998
2012-11-12,1.988
2012-11-09,1.985
2012-11-08,1.995
2012-11-07,1.997
2012-11-06,2.0
2012-11-05,1.99
2012-11-02,1.999
2012-11-01,2.0
2012-10-31,1.989
2012-10-30,1.999
2012-10-29,1.998
2012-10-26,2.0
2012-10-25,1.996
2012-10-24,1.998
2012-10-23,1.998
2012-10-22,2.0
2012-10-19,2.0
2012-10-18,2.0
2012-10-17,2.0
2012-10-16,2.0
2012-10-15,1.995
2012-10-12,1.999
2012-10-11,1.991
2012-10-10,2.0
2012-10-09,2.0
2012-10-08,2.001
2012-10-05,2.005
2012-10-04,2.0
2012-10-03,2.0
2012-10-02,1.999
2012-10-01,2.0
2012-09-28,2.009
2012-09-27,2.008
2012-09-26,2.0
2012-09-25,2.01
2012-09-24,2.0
2012-09-21,2.016
2012-09-20,2.001
2012-09-19,2.0
2012-09-18,2.0
2012-09-17,2.02
2012-09-14,2.044
2012-09-13,2.04
2012-09-12,2.052
2012-09-11,2.045
2012-09-10,2.045
2012-09-07,2.042
2012-09-06,2.033
2012-09-05,2.006
2012-09-04,2.01
2012-09-03,2.01
2012-08-31,2.017
2012-08-30,2.0
2012-08-29,2.005
2012-08-28,2.018
2012-08-27,2.01
2012-08-24,2.03
2012-08-23,2.014
2012-08-22,2.05
2012-08-21,2.04
2012-08-20,2.06
2012-08-17,2.039
2012-08-16,1.998
2012-08-15,1.989
2012-08-14,1.968
2012-08-13,1.97
2012-08-10,2.0
2012-08-09,2.0
2012-08-08,2.0
2012-08-07,1.995
2012-08-06,1.98
2012-08-03,1.97
2012-08-02,1.983
2012-08-01,1.99
2012-07-31,2.01
2012-07-30,2.006
2012-07-27,1.99
2012-07-26,1.989
2012-07-25,1.969
2012-07-24,1.95
2012-07-23,1.988
2012-07-20,1.998
2012-07-19,2.016
2012-07-18,2.001
2012-07-17,2.01
2012-07-16,2.01
2012-07-13,2.036
2012-07-12,2.02
2012-07-11,2.02
2012-07-10,2.021
2012-07-09,2.031
2012-07-06,2.048
2012-07-05,2.04
2012-07-04,2.063
2012-07-03,2.074
2012-07-02,2.08
2012-06-29,2.087
2012-06-28,2.06
2012-06-27,2.05
2012-06-26,2.02
2012-06-25,2.01
2012-06-22,2.03
2012-06-21,2.03
2012-06-20,2.03
2012-06-19,2.02
2012-06-18,2.0
2012-06-15,2.005
2012-06-14,1.91
2012-06-13,1.92
2012-06-12,1.92
2012-06-11,1.94
2012-06-08,1.94
2012-06-07,1.951
2012-06-06,1.965
2012-06-05,1.978
2012-06-04,1.99
2012-06-01,1.98
2012-05-31,1.98
2012-05-30,1.98
2012-05-29,1.978
2012-05-28,1.98
2012-05-25,2.0
2012-05-24,1.889
2012-05-23,1.875
2012-05-22,1.905
2012-05-21,1.895
2012-05-18,1.934
2012-05-17,1.95
2012-05-16,1.953
2012-05-15,1.98
2012-05-14,1.99
2012-05-11,2.001
2012-05-10,2.01
2012-05-09,1.995
2012-05-08,2.0
2012-05-07,2.0
2012-05-04,2.006
2012-05-03,2.02
2012-05-02,2.015
2012-05-01,1.999
2012-04-30,1.999
2012-04-27,2.002
2012-04-26,2.03
2012-04-25,2.069
2012-04-24,2.065
2012-04-23,2.09
2012-04-20,2.113
2012-04-19,2.113
2012-04-18,2.149
2012-04-17,2.15
2012-04-16,2.27
2012-04-13,2.27
2012-04-12,2.274
2012-04-11,2.27
2012-04-10,2.253
2012-04-09,2.265
2012-04-06,2.265
2012-04-05,2.265
2012-04-04,2.263
2012-04-03,2.268
2012-04-02,2.265
2012-03-30,2.27
2012-03-29,2.271
2012-03-28,2.271
2012-03-27,2.27
2012-03-26,2.26
2012-03-23,2.243
2012-03-22,2.228
2012-03-21,2.23
2012-03-20,2.215
2012-03-19,2.22
2012-03-16,2.22
2012-03-15,2.242
2012-03-14,2.233
2012-03-13,2.24
2012-03-12,2.24
2012-03-09,2.23
2012-03-08,2.19
2012-03-07,2.17
2012-03-06,2.15
2012-03-05,2.16
2012-03-02,2.152
2012-03-01,2.125
2012-02-29,2.1
2012-02-28,2.101
2012-02-27,2.113
2012-02-24,2.125
2012-02-23,2.12
2012-02-22,2.119
2012-02-21,2.11
2012-02-20,2.1
2012-02-17,2.1
2012-02-16,2.1
2012-02-15,2.105
2012-02-14,2.1
2012-02-13,2.111
2012-02-10,2.114
2012-02-09,2.115
2012-02-08,2.105
2012-02-07,2.115
2012-02-06,2.111
2012-02-03,2.129
2012-02-02,2.091
2012-02-01,2.076
2012-01-31,2.065
2012-01-30,2.072
2012-01-27,2.085
2012-01-26,2.1
2012-01-25,2.096
2012-01-24,2.115
2012-01-23,2.109
2012-01-20,2.07
2012-01-19,2.072
2012-01-18,2.068
2012-01-17,2.075
2012-01-16,2.065
2012-01-13,2.08
2012-01-12,2.075
2012-01-11,2.065
2012-01-10,2.088
2012-01-09,2.008
2012-01-06,2.0
2012-01-05,1.951
2012-01-04,2.0
2012-01-03,2.07
2012-01-02,2.093
2011-12-30,2.11
2011-12-29,2.11
2011-12-28,2.042
2011-12-27,2.019
2011-12-26,1.917
2011-12-23,1.917
2011-12-22,1.887
2011-12-21,1.869
2011-12-20,1.889
2011-12-19,1.848
2011-12-16,1.81
2011-12-15,1.942
2011-12-14,1.955
2011-12-13,1.95
2011-12-12,1.97
2011-12-09,1.98
2011-12-08,1.955
2011-12-07,1.97
2011-12-06,1.97
2011-12-05,1.99
2011-12-02,1.979
2011-12-01,1.943
2011-11-30,1.999
2011-11-29,1.908
2011-11-28,1.937
2011-11-25,1.933
2011-11-24,1.933
2011-11-23,1.947
2011-11-22,1.96
2011-11-21,1.97
2011-11-18,1.987
2011-11-17,2.0
2011-11-16,2.0
2011-11-15,1.978
2011-11-14,1.986
2011-11-11,2.0
2011-11-10,2.0
2011-11-09,2.042
2011-11-08,2.07
2011-11-07,2.057
2011-11-04,2.07
2011-11-03,2.075
2011-11-02,2.08
2011-11-01,2.104
2011-10-31,2.102
2011-10-28,2.106
2011-10-27,2.125
2011-10-26,2.105
2011-10-25,2.15
2011-10-24,2.15
2011-10-21,2.169
2011-10-20,2.11
2011-10-19,2.13
2011-10-18,2.116
2011-10-17,2.13
2011-10-14,2.138
2011-10-13,2.139
2011-10-12,2.143
2011-10-11,2.11
2011-10-10,2.15
2011-10-07,2.12
2011-10-06,2.12
2011-10-05,2.13
2011-10-04,2.12
2011-10-03,2.115
2011-09-30,2.11
2011-09-29,2.1
2011-09-28,2.08
2011-09-27,2.1
2011-09-26,2.045
2011-09-23,2.045
2011-09-22,2.07
2011-09-21,2.11
2011-09-20,2.088
2011-09-19,2.066
2011-09-16,2.062
2011-09-15,2.064
2011-09-14,2.04
2011-09-13,2.034
2011-09-12,2.05
2011-09-09,2.078
2011-09-08,2.1
2011-09-07,2.08
2011-09-06,2.07
2011-09-05,2.101
2011-09-02,2.15
2011-09-01,2.15
2011-08-31,2.154
2011-08-30,2.15
2011-08-29,2.14
2011-08-26,2.129
2011-08-25,2.11
2011-08-24,2.11
2011-08-23,2.11
2011-08-22,2.13
2011-08-19,2.106
2011-08-18,2.098
2011-08-17,2.128
2011-08-16,2.14
2011-08-15,2.135
2011-08-12,2.14
2011-08-11,2.12
2011-08-10,2.12
2011-08-09,2.12
2011-08-08,2.206
2011-08-05,2.25
2011-08-04,2.22
2011-08-03,2.27
2011-08-02,2.283
2011-08-01,2.28
2011-07-29,2.295
2011-07-28,2.32
2011-07-27,2.33
2011-07-26,2.35
2011-07-25,2.3
2011-07-22,2.33
2011-07-21,2.32
2011-07-20,2.3
2011-07-19,2.298
2011-07-18,2.3
2011-07-15,2.31
2011-07-14,2.284
2011-07-13,2.28
2011-07-12,2.311
2011-07-11,2.33
2011-07-08,2.398
2011-07-07,2.48
2011-07-06,2.404
2011-07-05,2.471
2011-07-04,2.437
2011-07-01,2.44
2011-06-30,2.479
2011-06-29,2.41
2011-06-28,2.337
2011-06-27,2.32
2011-06-24,2.32
2011-06-23,2.323
2011-06-22,2.314
2011-06-21,2.307
2011-06-20,2.3
2011-06-17,2.34
2011-06-16,2.39
2011-06-15,2.42
2011-06-14,2.438
2011-06-13,2.461
2011-06-10,2.48
2011-06-09,2.464
2011-06-08,2.46
2011-06-07,2.45
2011-06-06,2.46
2011-06-03,2.51
2011-06-02,2.36
2011-06-01,2.333
2011-05-31,2.356
2011-05-30,2.367
2011-05-27,2.361
2011-05-26,2.398
2011-05-25,2.431
2011-05-24,2.42
2011-05-23,2.459
2011-05-20,2.47
2011-05-19,2.48
2011-05-18,2.475
2011-05-17,2.48
2011-05-16,2.488
2011-05-13,2.481
2011-05-12,2.494
2011-05-11,2.48
2011-05-10,2.49
2011-05-09,2.447
2011-05-06,2.594
2011-05-05,2.588
2011-05-04,2.583
2011-05-03,2.59
2011-05-02,2.608
2011-04-29,2.57
2011-04-28,2.538
2011-04-27,2.522
2011-04-26,2.523
2011-04-25,3.876
2011-04-22,3.876
2011-04-21,2.511
2011-04-20,2.525
2011-04-19,2.507
2011-04-18,2.52
2011-04-15,2.53
2011-04-14,2.525
2011-04-13,2.521
2011-04-12,2.525
2011-04-11,2.553
2011-04-08,2.52
2011-04-07,2.54
2011-04-06,2.52
2011-04-05,2.509
2011-04-04,2.52
2011-04-01,2.524
2011-03-31,2.504
2011-03-30,2.488
2011-03-29,2.5
2011-03-28,2.47
2011-03-25,2.466
2011-03-24,2.462
2011-03-23,2.447
2011-03-22,2.479
2011-03-21,2.48
2011-03-18,2.466
2011-03-17,2.47
2011-03-16,2.479
2011-03-15,2.466
2011-03-14,2.491
2011-03-11,2.491
2011-03-10,2.5
2011-03-09,2.501
2011-03-08,2.514
2011-03-07,2.528
2011-03-04,2.508
2011-03-03,2.501
2011-03-02,2.525
2011-03-01,2.529
2011-02-28,2.524
2011-02-25,2.517
2011-02-24,2.515
2011-02-23,2.515
2011-02-22,2.525
2011-02-21,2.525
2011-02-18,2.545
2011-02-17,2.566
2011-02-16,2.552
2011-02-15,2.536
2011-02-14,2.535
2011-02-11,2.532
2011-02-10,2.557
2011-02-09,2.61
2011-02-08,2.57
2011-02-07,2.57
2011-02-04,2.562
2011-02-03,2.57
2011-02-02,2.575
2011-02-01,2.545
2011-01-31,2.55
2011-01-28,2.55
2011-01-27,2.559
2011-01-26,2.545
2011-01-25,2.542
2011-01-24,2.554
2011-01-21,2.568
2011-01-20,2.529
2011-01-19,2.522
2011-01-18,2.513
2011-01-17,2.502
2011-01-14,2.5
2011-01-13,2.525
2011-01-12,2.51
2011-01-11,2.495
2011-01-10,2.44
2011-01-07,2.5
2011-01-06,2.549
2011-01-05,2.55
2011-01-04,2.55
2011-01-03,2.533
2010-12-31,2.58
2010-12-30,2.55
2010-12-29,2.52
2010-12-28,2.5
2010-12-27,2.525
2010-12-24,2.54
2010-12-23,2.53
2010-12-22,2.56
2010-12-21,2.56
2010-12-20,2.57
2010-12-17,2.569
2010-12-16,2.638
2010-12-15,2.65
2010-12-14,2.629
2010-12-13,2.634
2010-12-10,2.654
2010-12-09,2.621
2010-12-08,2.595
2010-12-07,2.561
2010-12-06,2.529
2010-12-03,2.54
2010-12-02,2.522
2010-12-01,2.52
2010-11-30,2.47
2010-11-29,2.46
2010-11-26,2.486
2010-11-25,2.49
2010-11-24,2.499
2010-11-23,2.524
2010-11-22,2.497
2010-11-19,2.523
2010-11-18,2.53
2010-11-17,2.492
2010-11-16,2.495
2010-11-15,2.54
2010-11-12,2.51
2010-11-11,2.494
2010-11-10,2.52
2010-11-09,2.54
2010-11-08,2.58
2010-11-05,2.58
2010-11-04,2.635
2010-11-03,2.69
2010-11-02,2.7
2010-11-01,2.715
2010-10-29,2.699
2010-10-28,2.689
2010-10-27,2.665
2010-10-26,2.674
2010-10-25,2.68
2010-10-22,2.695
2010-10-21,2.717
2010-10-20,2.711
2010-10-19,2.712
2010-10-18,2.723
2010-10-15,2.743
2010-10-14,2.745
2010-10-13,2.741
2010-10-12,2.718
2010-10-11,2.73
2010-10-08,2.737
2010-10-07,2.738
2010-10-06,2.76
2010-10-05,2.761
2010-10-04,2.67
2010-10-01,2.665
2010-09-30,2.675
2010-09-29,2.67
2010-09-28,2.675
2010-09-27,2.654
2010-09-24,2.681
2010-09-23,2.654
2010-09-22,2.642
2010-09-21,2.7
2010-09-20,2.672
2010-09-17,2.65
2010-09-16,2.67
2010-09-15,2.693
2010-09-14,2.694
2010-09-13,2.694
2010-09-10,2.677
2010-09-09,2.68
2010-09-08,2.65
2010-09-07,2.665
2010-09-06,2.67
2010-09-03,2.684
2010-09-02,2.667
2010-09-01,2.68
2010-08-31,2.68
2010-08-30,2.68
2010-08-27,2.669
2010-08-26,2.623
2010-08-25,2.605
2010-08-24,2.625
2010-08-23,2.65
2010-08-20,2.63
2010-08-19,2.63
2010-08-18,2.665
2010-08-17,2.66
2010-08-16,2.63
2010-08-13,2.63
2010-08-12,2.63
2010-08-11,2.631
2010-08-10,2.64
2010-08-09,2.668
2010-08-06,2.64
2010-08-05,2.65
2010-08-04,2.66
2010-08-03,2.689
2010-08-02,2.669
2010-07-30,2.63
2010-07-29,2.625
2010-07-28,2.611
2010-07-27,2.63
2010-07-26,2.619
2010-07-23,2.591
2010-07-22,2.598
2010-07-21,2.594
2010-07-20,2.59
2010-07-19,2.6
2010-07-16,2.6
2010-07-15,2.63
2010-07-14,2.623
2010-07-13,2.631
2010-07-12,2.646
2010-07-09,2.658
2010-07-08,2.675
2010-07-07,2.661
2010-07-06,2.645
2010-07-05,2.606
2010-07-02,2.606
2010-07-01,2.59
2010-06-30,2.66
2010-06-29,2.595
2010-06-28,2.604
2010-06-25,2.6
2010-06-24,2.61
2010-06-23,2.656
2010-06-22,2.7
2010-06-21,2.684
2010-06-18,2.7
2010-06-17,2.6
2010-06-16,2.624
2010-06-15,2.623
2010-06-14,2.624
2010-06-11,2.609
2010-06-10,2.6
2010-06-09,2.593
2010-06-08,2.618
2010-06-07,2.616
2010-06-04,2.635
2010-06-03,2.655
2010-06-02,2.607
2010-06-01,2.622
2010-05-31,2.614
2010-05-28,2.626
2010-05-27,2.64
2010-05-26,2.6
2010-05-25,2.525
2010-05-24,2.583
2010-05-21,2.58
2010-05-20,2.55
2010-05-19,2.58
2010-05-18,2.63
2010-05-17,2.61
2010-05-14,2.67
2010-05-13,2.617
2010-05-12,2.65
2010-05-11,2.685
2010-05-10,2.66
2010-05-07,2.54
2010-05-06,2.567
2010-05-05,2.605
2010-05-04,2.616
2010-05-03,2.691
2010-04-30,2.701
2010-04-29,2.673
2010-04-28,2.577
2010-04-27,2.585
2010-04-26,2.71
2010-04-23,2.812
2010-04-22,2.8
2010-04-21,2.803
2010-04-20,2.854
2010-04-19,2.85
2010-04-16,2.876
2010-04-15,2.925
2010-04-14,2.93
2010-04-13,2.945
2010-04-12,2.945
2010-04-09,2.965
2010-04-08,2.95
2010-04-07,3.148
2010-04-06,3.145
2010-04-05,3.809
2010-04-02,3.809
2010-04-01,3.1
2010-03-31,3.06
2010-03-30,3.074
2010-03-29,3.08
2010-03-26,3.083
2010-03-25,3.01
2010-03-24,2.986
2010-03-23,3.0
2010-03-22,2.996
2010-03-19,3.0
2010-03-18,3.0
2010-03-17,3.003
2010-03-16,2.996
2010-03-15,2.967
2010-03-12,2.996
2010-03-11,2.99
2010-03-10,2.99
2010-03-09,2.98
2010-03-08,2.97
2010-03-05,3.0
2010-03-04,2.991
2010-03-03,2.995
2010-03-02,3.0
2010-03-01,2.99
2010-02-26,2.95
2010-02-25,2.901
2010-02-24,2.93
2010-02-23,2.92
2010-02-22,2.91
2010-02-19,2.92
2010-02-18,2.887
2010-02-17,2.886
2010-02-16,2.89
2010-02-15,2.875
2010-02-12,2.87
2010-02-11,2.865
2010-02-10,2.847
2010-02-09,2.815
2010-02-08,2.82
2010-02-05,2.805
2010-02-04,2.827
2010-02-03,2.882
2010-02-02,2.9
2010-02-01,2.9
2010-01-29,2.9
2010-01-28,2.906
2010-01-27,2.906
2010-01-26,2.96
2010-01-25,2.981
2010-01-22,2.98
2010-01-21,3.014
2010-01-20,3.016
2010-01-19,3.03
2010-01-18,3.025
2010-01-15,3.01
2010-01-14,3.034
2010-01-13,3.032
2010-01-12,3.03
2010-01-11,3.038
2010-01-08,3.026
2010-01-07,3.029
2010-01-06,3.036
2010-01-05,3.04
2010-01-04,3.02
2009-12-31,3.0
2009-12-30,2.99
2009-12-29,2.99
2009-12-28,2.989
2009-12-24,2.976
2009-12-23,2.962
2009-12-22,2.975
2009-12-21,2.99
2009-12-18,2.986
2009-12-17,2.95
2009-12-16,2.962
2009-12-15,2.964
2009-12-14,2.955
2009-12-11,2.949
2009-12-10,2.943
2009-12-09,2.933
2009-12-08,2.97
2009-12-07,2.968
2009-12-04,2.98
2009-12-03,2.975
2009-12-02,2.99
2009-12-01,2.975
2009-11-30,2.955
2009-11-27,2.99
2009-11-26,2.971
2009-11-25,2.992
2009-11-24,2.992
2009-11-23,3.004
2009-11-20,3.0
2009-11-19,3.0
2009-11-18,2.995
2009-11-17,3.0
2009-11-16,2.991
2009-11-13,2.995
2009-11-12,2.98
2009-11-11,2.99
2009-11-10,2.984
2009-11-09,3.0
2009-11-06,2.99
2009-11-05,3.002
2009-11-04,3.0
2009-11-03,2.99
2009-11-02,3.005
2009-10-30,2.98
2009-10-29,3.005
2009-10-28,2.945
2009-10-27,2.97
2009-10-26,2.99
2009-10-23,3.006
2009-10-22,3.01
2009-10-21,3.001
2009-10-20,2.975
2009-10-19,2.975
2009-10-16,2.963
2009-10-15,2.994
2009-10-14,2.998
2009-10-13,2.989
2009-10-12,2.995
2009-10-09,2.98
2009-10-08,2.992
2009-10-07,2.965
2009-10-06,2.951
2009-10-05,2.95
2009-10-02,2.955
2009-10-01,3.0
2009-09-30,2.997
2009-09-29,3.007
2009-09-28,3.0
2009-09-25,3.015
2009-09-24,2.977
2009-09-23,2.995
2009-09-22,3.002
2009-09-21,2.988
2009-09-18,3.02
2009-09-17,3.028
2009-09-16,3.02
2009-09-15,2.907
2009-09-14,2.86
2009-09-11,2.831
2009-09-10,2.83
2009-09-09,2.817
2009-09-08,2.818
2009-09-07,2.814
2009-09-04,2.815
2009-09-03,2.78
2009-09-02,2.807
2009-09-01,2.801
2009-08-31,2.835
2009-08-28,2.868
2009-08-27,2.866
2009-08-26,2.86
2009-08-25,2.878
2009-08-24,2.886
2009-08-21,2.885
2009-08-20,2.874
2009-08-19,2.85
2009-08-18,2.85
2009-08-17,2.84
2009-08-14,2.868
2009-08-13,2.876
2009-08-12,2.861
2009-08-11,2.86
2009-08-10,2.86
2009-08-07,2.871
2009-08-06,2.885
2009-08-05,2.887
2009-08-04,2.877
2009-08-03,2.84
2009-07-31,2.868
2009-07-30,2.865
2009-07-29,2.895
2009-07-28,2.905
2009-07-27,2.905
2009-07-24,2.915
2009-07-23,2.92
2009-07-22,2.889
2009-07-21,2.88
2009-07-20,2.89
2009-07-17,2.895
2009-07-16,2.92
2009-07-15,2.95
2009-07-14,2.932
2009-07-13,2.934
2009-07-10,2.9
2009-07-09,2.93
2009-07-08,2.915
2009-07-07,2.958
2009-07-06,2.965
2009-07-03,2.96
2009-07-02,2.999
2009-07-01,3.022
2009-06-30,3.05
2009-06-29,3.03
2009-06-26,2.99
2009-06-25,2.983
2009-06-24,3.0
2009-06-23,2.97
2009-06-22,2.995
2009-06-19,3.07
2009-06-18,2.97
2009-06-17,3.0
2009-06-16,3.05
2009-06-15,3.058
2009-06-12,3.04
2009-06-11,3.019
2009-06-10,3.034
2009-06-09,3.02
2009-06-08,3.01
2009-06-05,3.011
2009-06-04,3.085
2009-06-03,3.07
2009-06-02,3.07
2009-06-01,3.05
2009-05-29,2.93
2009-05-28,3.116
2009-05-27,3.135
2009-05-26,3.148
2009-05-25,3.15
2009-05-22,3.14
2009-05-21,3.15
2009-05-20,3.19
2009-05-19,3.173
2009-05-18,3.19
2009-05-15,3.126
2009-05-14,3.13
2009-05-13,3.083
2009-05-12,3.1
2009-05-11,3.175
2009-05-08,3.213
2009-05-07,3.21
2009-05-06,3.173
2009-05-05,3.142
2009-05-04,3.158
2009-05-01,3.136
2009-04-30,3.136
2009-04-29,3.147
2009-04-28,3.11
2009-04-27,3.149
2009-04-24,3.14
2009-04-23,3.18
2009-04-22,3.09
2009-04-21,3.248
2009-04-20,3.185
2009-04-17,3.214
2009-04-16,3.209
2009-04-15,3.219
2009-04-14,3.2
2009-04-13,3.192
2009-04-10,3.192
2009-04-09,3.192
2009-04-08,3.189
2009-04-07,3.2
2009-04-06,3.219
2009-04-03,3.25
2009-04-02,3.25
2009-04-01,3.195
2009-03-31,3.15
2009-03-30,3.135
2009-03-27,3.149
2009-03-26,3.15
2009-03-25,3.141
2009-03-24,3.15
2009-03-23,3.15
2009-03-20,3.15
2009-03-19,3.14
2009-03-18,3.14
2009-03-17,3.1
2009-03-16,3.1
2009-03-13,3.12
2009-03-12,3.09
2009-03-11,3.087
2009-03-10,3.05
2009-03-09,3.088
2009-03-06,3.05
2009-03-05,3.05
2009-03-04,3.13
2009-03-03,3.12
2009-03-02,3.14
2009-02-27,3.149
2009-02-26,3.14
2009-02-25,3.09
2009-02-24,3.04
2009-02-23,3.035
2009-02-20,2.96
2009-02-19,2.91
2009-02-18,3.0
2009-02-17,3.035
2009-02-16,3.08
2009-02-13,3.15
2009-02-12,3.13
2009-02-11,3.194
2009-02-10,3.15
2009-02-09,3.13
2009-02-06,3.075
2009-02-05,2.99
2009-02-04,2.99
2009-02-03,2.994
2009-02-02,3.0
2009-01-30,3.0
2009-01-29,2.942
2009-01-28,2.91
2009-01-27,2.856
2009-01-26,2.9
2009-01-23,2.88
2009-01-22,2.89
2009-01-21,2.852
2009-01-20,2.83
2009-01-19,2.781
2009-01-16,2.802
2009-01-15,2.77
2009-01-14,2.748
2009-01-13,2.858
2009-01-12,2.91
2009-01-09,2.85
2009-01-08,2.809
2009-01-07,2.774
2009-01-06,2.8
2009-01-05,2.819
2009-01-02,2.741
2009-01-01,2.835
2008-12-31,2.835
2008-12-30,2.75
2008-12-29,2.719
2008-12-26,2.7
2008-12-25,2.7
2008-12-24,2.7
2008-12-23,2.709
2008-12-22,2.68
2008-12-19,2.8
2008-12-18,2.75
2008-12-17,2.6
2008-12-16,2.52
2008-12-15,2.47
2008-12-12,2.476
2008-12-11,2.5
2008-12-10,2.472
2008-12-09,2.495
2008-12-08,2.5
2008-12-05,2.4
2008-12-04,2.4
2008-12-03,2.465
2008-12-02,2.499
2008-12-01,2.497
2008-11-28,2.499
2008-11-27,2.498
2008-11-26,2.48
2008-11-25,2.45
2008-11-24,2.499
2008-11-21,2.4
2008-11-20,2.45
2008-11-19,2.51
2008-11-18,2.6
2008-11-17,2.64
2008-11-14,2.62
2008-11-13,2.605
2008-11-12,2.565
2008-11-11,2.563
2008-11-10,2.593
2008-11-07,2.62
2008-11-06,2.609
2008-11-05,2.55
2008-11-04,2.66
2008-11-03,2.57
2008-10-31,2.56
2008-10-30,2.549
2008-10-29,2.446
2008-10-28,2.36
2008-10-27,2.352
2008-10-24,2.444
2008-10-23,2.54
2008-10-22,2.511
2008-10-21,2.54
2008-10-20,2.6
2008-10-17,2.524
2008-10-16,2.4
2008-10-15,2.74
2008-10-14,2.75
2008-10-13,2.6
2008-10-10,2.3
2008-10-09,2.355
2008-10-08,2.339
2008-10-07,2.43
2008-10-06,2.56
2008-10-03,2.709
2008-10-02,2.747
2008-10-01,2.73
2008-09-30,2.72
2008-09-29,2.72
2008-09-26,2.74
2008-09-25,2.791
2008-09-24,2.75
2008-09-23,2.69
2008-09-22,2.75
2008-09-19,2.85
2008-09-18,2.61
2008-09-17,2.736
2008-09-16,2.77
2008-09-15,2.822
2008-09-12,2.884
2008-09-11,2.92
2008-09-10,2.969
2008-09-09,2.93
2008-09-08,2.97
2008-09-05,2.95
2008-09-04,3.035
2008-09-03,3.059
2008-09-02,3.06
2008-09-01,3.046
2008-08-29,3.06
2008-08-28,3.06
2008-08-27,3.06
2008-08-26,3.015
2008-08-25,2.97
2008-08-22,2.97
2008-08-21,2.975
2008-08-20,2.95
2008-08-19,2.95
2008-08-18,2.955
2008-08-15,2.99
2008-08-14,2.92
2008-08-13,2.93
2008-08-12,2.93
2008-08-11,2.92
2008-08-08,2.9
2008-08-07,2.77
2008-08-06,2.9
2008-08-05,2.92
2008-08-04,2.87
2008-08-01,2.85
2008-07-31,2.845
2008-07-30,2.8
2008-07-29,2.89
2008-07-28,2.84
2008-07-25,2.86
2008-07-24,2.915
2008-07-23,2.96
2008-07-22,2.91
2008-07-21,2.965
2008-07-18,2.96
2008-07-17,2.84
2008-07-16,2.86
2008-07-15,2.84
2008-07-14,2.86
2008-07-11,2.89
2008-07-10,2.97
2008-07-09,3.04
2008-07-08,2.955
2008-07-07,2.81
2008-07-04,2.66
2008-07-03,2.58
2008-07-02,2.65
2008-07-01,2.71
2008-06-30,2.825
2008-06-27,2.84
2008-06-26,2.86
2008-06-25,2.985
2008-06-24,2.95
2008-06-23,3.01
2008-06-20,3.05
2008-06-19,3.1
2008-06-18,3.11
2008-06-17,3.15
2008-06-16,3.14
2008-06-13,3.16
2008-06-12,3.19
2008-06-11,3.19
2008-06-10,3.22
2008-06-09,3.17
2008-06-06,3.115
2008-06-05,3.17
2008-06-04,3.07
2008-06-03,3.09
2008-06-02,3.1
2008-05-30,3.16
2008-05-29,3.135
2008-05-28,3.11
2008-05-27,3.135
2008-05-26,3.26
2008-05-23,3.33
2008-05-22,3.515
2008-05-21,3.53
2008-05-20,3.55
2008-05-19,3.575
2008-05-16,3.545
2008-05-15,3.525
2008-05-14,3.52
2008-05-13,3.5
2008-05-12,3.48
2008-05-09,3.44
2008-05-08,3.43
2008-05-07,3.42
2008-05-06,3.445
2008-05-05,3.405
2008-05-02,3.45
2008-05-01,8.58
2008-04-30,3.425
2008-04-29,3.43
2008-04-28,3.44
2008-04-25,3.46
2008-04-24,3.48
2008-04-23,3.5
2008-04-22,3.5
2008-04-21,3.48
2008-04-18,3.5
2008-04-17,3.53
2008-04-16,3.49
2008-04-15,3.48
2008-04-14,3.485
2008-04-11,3.49
2008-04-10,3.49
2008-04-09,3.52
2008-04-08,3.48
2008-04-07,3.47
2008-04-04,3.485
2008-04-03,3.49
2008-04-02,3.5
2008-04-01,3.49
2008-03-31,3.5
2008-03-28,3.515
2008-03-27,3.47
2008-03-26,3.49
2008-03-25,3.49
2008-03-24,7.08
2008-03-21,7.08
2008-03-20,3.45
2008-03-19,3.44
2008-03-18,3.39
2008-03-17,3.3
2008-03-14,3.345
2008-03-13,3.35
2008-03-12,3.415
2008-03-11,3.45
2008-03-10,3.44
2008-03-07,3.37
2008-03-06,3.4
2008-03-05,3.4
2008-03-04,3.4
2008-03-03,3.4
2008-02-29,3.43
2008-02-28,3.41
2008-02-27,3.43
2008-02-26,3.4
2008-02-25,3.4
2008-02-22,3.4
2008-02-21,3.37
2008-02-20,3.39
2008-02-19,3.365
2008-02-18,3.355
2008-02-15,3.33
2008-02-14,3.3
2008-02-13,3.31
2008-02-12,3.35
2008-02-11,3.35
2008-02-08,3.28
2008-02-07,3.255
2008-02-06,3.27
2008-02-05,3.2
2008-02-04,3.25
2008-02-01,3.23
2008-01-31,3.235
2008-01-30,3.26
2008-01-29,3.35
2008-01-28,3.26
2008-01-25,3.3
2008-01-24,3.37
2008-01-23,3.15
2008-01-22,3.09
2008-01-21,3.0
2008-01-18,3.04
2008-01-17,3.09
2008-01-16,3.13
2008-01-15,3.23
2008-01-14,3.24
2008-01-11,3.38
2008-01-10,3.45
2008-01-09,3.45
2008-01-08,3.42
2008-01-07,3.37
2008-01-04,3.46
2008-01-03,3.52
2008-01-02,3.62
2008-01-01,9.55
2007-12-31,3.62
2007-12-28,3.63
2007-12-27,3.63
2007-12-26,9.5
2007-12-25,9.5
2007-12-24,3.67
2007-12-21,3.68
2007-12-20,3.69
2007-12-19,3.7
2007-12-18,3.67
2007-12-17,3.66
2007-12-14,3.68
2007-12-13,3.7
2007-12-12,3.71
2007-12-11,3.75
2007-12-10,3.74
2007-12-07,3.74
2007-12-06,3.68
2007-12-05,3.6
2007-12-04,3.64
2007-12-03,3.63
2007-11-30,3.69
2007-11-29,3.59
2007-11-28,3.58
2007-11-27,3.55
2007-11-26,3.55
2007-11-23,3.54
2007-11-22,3.52
2007-11-21,3.51
2007-11-20,3.51
2007-11-19,3.54
2007-11-16,3.55
2007-11-15,3.57
2007-11-14,3.55
2007-11-13,3.55
2007-11-12,3.65
2007-11-09,3.58
2007-11-08,3.53
2007-11-07,3.52
2007-11-06,3.52
2007-11-05,3.47
2007-11-02,3.48
2007-11-01,3.5
2007-10-31,3.5
2007-10-30,3.51
2007-10-29,3.49
2007-10-26,3.48
2007-10-25,3.48
2007-10-24,3.41
2007-10-23,3.42
2007-10-22,3.42
2007-10-19,3.48
2007-10-18,3.5
2007-10-17,3.48
2007-10-16,3.45
2007-10-15,3.48
2007-10-12,3.51
2007-10-11,3.53
2007-10-10,3.53
2007-10-09,3.59
2007-10-08,3.41
2007-10-05,3.44
2007-10-04,3.41
2007-10-03,3.44
2007-10-02,3.46
2007-10-01,3.41
2007-09-28,3.4
2007-09-27,3.45
2007-09-26,3.39
2007-09-25,3.37
2007-09-24,3.44
2007-09-21,3.48
2007-09-20,3.44
2007-09-19,3.46
2007-09-18,3.37
2007-09-17,3.45
2007-09-14,3.52
2007-09-13,3.56
2007-09-12,3.55
2007-09-11,3.6
2007-09-10,3.5
2007-09-07,3.64
2007-09-06,3.73
2007-09-05,3.71
2007-09-04,3.77
2007-09-03,3.79
2007-08-31,3.8
2007-08-30,3.75
2007-08-29,3.72
2007-08-28,3.72
2007-08-27,3.78
2007-08-24,3.77
2007-08-23,3.76
2007-08-22,3.77
2007-08-21,3.74
2007-08-20,3.71
2007-08-17,3.46
2007-08-16,3.25
2007-08-15,3.61
2007-08-14,3.65
2007-08-13,3.67
2007-08-10,3.62
2007-08-09,3.69
2007-08-08,3.71
2007-08-07,3.69
2007-08-06,3.65
2007-08-03,3.72
2007-08-02,3.77
2007-08-01,3.76
2007-07-31,3.83
2007-07-30,3.83
2007-07-27,3.85
2007-07-26,3.91
2007-07-25,3.9
2007-07-24,3.94
2007-07-23,3.97
2007-07-20,3.95
2007-07-19,3.97
2007-07-18,3.85
2007-07-17,3.85
2007-07-16,3.78
2007-07-13,3.83
2007-07-12,4.0
2007-07-11,3.75
2007-07-10,3.5
2007-07-09,11.81
2007-07-06,11.81
2007-07-05,11.81
2007-07-04,11.81
2007-07-03,11.83
2007-07-02,11.81
2007-06-29,11.91
2007-06-28,11.81
2007-06-27,11.8
2007-06-26,11.82
2007-06-25,11.81
2007-06-22,11.81
2007-06-21,11.77
2007-06-20,11.76
2007-06-19,11.8
2007-06-18,11.83
2007-06-15,11.7
2007-06-14,11.75
2007-06-13,11.7
2007-06-12,11.7
2007-06-11,11.7
2007-06-08,11.5
2007-06-07,11.6
2007-06-06,11.6
2007-06-05,11.93
2007-06-04,12.12
2007-06-01,12.15
2007-05-31,12.15
2007-05-30,12.15
2007-05-29,12.39
2007-05-28,12.44
2007-05-25,12.55
2007-05-24,12.6
2007-05-23,12.45
2007-05-22,12.27
2007-05-21,12.07
2007-05-18,11.98
2007-05-17,12.0
2007-05-16,12.06
2007-05-15,12.1
2007-05-14,12.3
2007-05-11,12.34
2007-05-10,12.3
2007-05-09,12.29
2007-05-08,12.3
2007-05-07,12.3
2007-05-04,12.29
2007-05-03,12.14
2007-05-02,12.2
2007-05-01,12.26
2007-04-30,12.26
2007-04-27,12.1
2007-04-26,12.14
2007-04-25,12.14
2007-04-24,12.02
2007-04-23,12.02
2007-04-20,12.0
2007-04-19,11.8
2007-04-18,11.5
2007-04-17,11.15
2007-04-16,11.09
2007-04-13,11.07
2007-04-12,11.07
2007-04-11,11.04
2007-04-10,11.1
2007-04-09,11.06
2007-04-06,11.06
2007-04-05,11.06
2007-04-04,11.08
2007-04-03,11.07
2007-04-02,11.08
2007-03-30,11.1
2007-03-29,11.06
2007-03-28,11.05
2007-03-27,11.13
2007-03-26,11.14
2007-03-23,11.0
2007-03-22,11.03
2007-03-21,11.0
2007-03-20,10.84
2007-03-19,10.85
2007-03-16,10.92
2007-03-15,10.8
2007-03-14,10.8
2007-03-13,11.06
2007-03-12,11.1
2007-03-09,11.09
2007-03-08,11.17
2007-03-07,10.96
2007-03-06,11.17
2007-03-05,10.96
2007-03-02,10.62
2007-03-01,10.6
2007-02-28,10.81
2007-02-27,11.0
2007-02-26,11.0
2007-02-23,11.0
2007-02-22,11.1
2007-02-21,10.94
2007-02-20,10.9
2007-02-19,11.0
2007-02-16,10.85
2007-02-15,10.36
2007-02-14,10.42
2007-02-13,10.33
2007-02-12,10.33
2007-02-09,10.33
2007-02-08,10.23
2007-02-07,10.21
2007-02-06,10.11
2007-02-05,10.12
2007-02-02,10.1
2007-02-01,10.2
2007-01-31,10.27
2007-01-30,10.19
2007-01-29,10.2
2007-01-26,10.3
2007-01-25,10.3
2007-01-24,10.3
2007-01-23,10.34
2007-01-22,10.32
2007-01-19,10.32
2007-01-18,10.43
2007-01-17,10.35
2007-01-16,10.24
2007-01-15,10.3
2007-01-12,10.35
2007-01-11,10.25
2007-01-10,9.86
2007-01-09,9.87
2007-01-08,9.9
2007-01-05,9.83
2007-01-04,9.8
2007-01-03,9.74
2007-01-02,9.74
2007-01-01,9.76
2006-12-29,9.76
2006-12-28,9.67
2006-12-27,9.7
2006-12-26,9.72
2006-12-25,9.72
2006-12-22,9.72
2006-12-21,9.72
2006-12-20,9.7
2006-12-19,9.7
2006-12-18,9.7
2006-12-15,9.63
2006-12-14,9.65
2006-12-13,9.61
2006-12-12,9.62
2006-12-11,9.62
2006-12-08,9.66
2006-12-07,9.65
2006-12-06,9.65
2006-12-05,9.55
2006-12-04,9.68
2006-12-01,9.67
2006-11-30,9.67
2006-11-29,9.7
2006-11-28,9.68
2006-11-27,9.66
2006-11-24,9.73
2006-11-23,9.78
2006-11-22,9.82
2006-11-21,9.84
2006-11-20,9.71
2006-11-17,9.64
2006-11-16,9.57
2006-11-15,9.54
2006-11-14,9.52
2006-11-13,9.57
2006-11-10,9.57
2006-11-09,9.57
2006-11-08,9.55
2006-11-07,9.54
2006-11-06,9.54
2006-11-03,9.55
2006-11-02,9.54
2006-11-01,9.48
2006-10-31,9.5
2006-10-30,9.48
2006-10-27,9.48
2006-10-26,9.45
2006-10-25,9.48
2006-10-24,9.5
2006-10-23,9.48
2006-10-20,9.53
2006-10-19,9.52
2006-10-18,9.5
2006-10-17,9.55
2006-10-16,9.55
2006-10-13,9.57
2006-10-12,9.58
2006-10-11,9.52
2006-10-10,9.54
2006-10-09,9.54
2006-10-06,9.54
2006-10-05,9.55
2006-10-04,9.55
2006-10-03,9.55
2006-10-02,9.58
2006-09-29,9.55
2006-09-28,9.61
2006-09-27,9.51
2006-09-26,9.5
2006-09-25,9.48
2006-09-22,9.52
2006-09-21,9.52
2006-09-20,9.52
2006-09-19,9.47
2006-09-18,9.47
2006-09-15,9.44
2006-09-14,9.54
2006-09-13,9.5
2006-09-12,9.54
2006-09-11,9.54
2006-09-08,9.52
2006-09-07,9.55
2006-09-06,9.6
2006-09-05,9.59
2006-09-04,9.59
2006-09-01,9.59
2006-08-31,9.65
2006-08-30,9.6
2006-08-29,9.55
2006-08-28,9.6
2006-08-25,9.56
2006-08-24,9.55
2006-08-23,9.6
2006-08-22,9.65
2006-08-21,9.59
2006-08-18,9.6
2006-08-17,9.6
2006-08-16,9.62
2006-08-15,9.54
2006-08-14,9.58
2006-08-11,9.6
2006-08-10,9.54
2006-08-09,9.48
2006-08-08,9.46
2006-08-07,9.46
2006-08-04,9.57
2006-08-03,9.41
2006-08-02,9.2
2006-08-01,9.1
2006-07-31,9.05
2006-07-28,9.04
2006-07-27,9.09
2006-07-26,9.09
2006-07-25,9.07
2006-07-24,9.05
2006-07-21,9.02
2006-07-20,9.02
2006-07-19,9.02
2006-07-18,9.02
2006-07-17,9.05
2006-07-14,9.06
2006-07-13,9.06
2006-07-12,9.01
2006-07-11,9.01
2006-07-10,9.0
2006-07-07,9.02
2006-07-06,8.97
2006-07-05,9.0
2006-07-04,9.0
2006-07-03,8.99
2006-06-30,9.05
2006-06-29,8.97
2006-06-28,8.94
2006-06-27,8.96
2006-06-26,9.0
2006-06-23,9.03
2006-06-22,9.02
2006-06-21,8.96
2006-06-20,8.92
2006-06-19,8.86
2006-06-16,8.82
2006-06-15,8.82
2006-06-14,8.82
2006-06-13,8.82
2006-06-12,8.94
2006-06-09,9.0
2006-06-08,9.04
2006-06-07,9.09
2006-06-06,8.99
2006-06-05,8.94
2006-06-02,8.95
2006-06-01,8.93
2006-05-31,8.75
2006-05-30,8.87
2006-05-29,8.9
2006-05-26,8.9
2006-05-25,8.8
2006-05-24,8.8
2006-05-23,8.83
2006-05-22,8.87
2006-05-19,8.81
2006-05-18,8.97
2006-05-17,9.0
2006-05-16,9.0
2006-05-15,9.04
2006-05-12,9.07
2006-05-11,9.47
2006-05-10,9.54
2006-05-09,9.55
2006-05-08,9.7
2006-05-05,9.71
2006-05-04,9.83
2006-05-03,9.82
2006-05-02,9.65
2006-05-01,72.2
2006-04-28,9.68
2006-04-27,9.62
2006-04-26,9.69
2006-04-25,9.73
2006-04-24,9.75
2006-04-21,9.74
2006-04-20,9.7
2006-04-19,9.7
2006-04-18,9.67
2006-04-17,9.71
2006-04-14,9.71
2006-04-13,9.71
2006-04-12,9.73
2006-04-11,9.74
2006-04-10,9.73
2006-04-07,9.83
2006-04-06,9.85
2006-04-05,9.96
2006-04-04,9.99
2006-04-03,10.01
2006-03-31,10.1
2006-03-30,9.95
2006-03-29,10.07
2006-03-28,10.09
2006-03-27,10.15
2006-03-24,10.2
2006-03-23,10.2
2006-03-22,10.17
2006-03-21,10.2
2006-03-20,10.4
2006-03-17,10.42
2006-03-16,10.48
2006-03-15,10.41
2006-03-14,10.44
2006-03-13,10.51
2006-03-10,10.35
2006-03-09,10.36
2006-03-08,10.4
2006-03-07,10.54
2006-03-06,10.6
2006-03-03,10.35
2006-03-02,10.17
2006-03-01,10.21
2006-02-28,10.17
2006-02-27,10.31
2006-02-24,10.41
2006-02-23,10.44
2006-02-22,10.39
2006-02-21,10.4
2006-02-20,10.26
2006-02-17,10.28
2006-02-16,10.29
2006-02-15,10.16
2006-02-14,9.97
2006-02-13,9.9
2006-02-10,9.88
2006-02-09,9.96
2006-02-08,9.93
2006-02-07,9.9
2006-02-06,9.62
2006-02-03,9.61
2006-02-02,9.6
2006-02-01,9.67
2006-01-31,9.69
2006-01-30,9.65
2006-01-27,9.68
2006-01-26,9.66
2006-01-25,9.6
2006-01-24,9.6
2006-01-23,9.63
2006-01-20,9.7
2006-01-19,9.7
2006-01-18,9.71
2006-01-17,9.77
2006-01-16,9.73
2006-01-13,9.77
2006-01-12,9.65
2006-01-11,9.82
2006-01-10,9.68
2006-01-09,9.7
2006-01-06,9.7
2006-01-05,9.49
2006-01-04,9.44
2006-01-03,9.51
2006-01-02,9.55
2005-12-30,9.65
2005-12-29,9.68
2005-12-28,9.65
2005-12-27,9.65
2005-12-26,9.62
2005-12-23,9.62
2005-12-22,9.59
2005-12-21,9.55
2005-12-20,9.52
2005-12-19,9.48
2005-12-16,9.48
2005-12-15,9.3
2005-12-14,9.4
2005-12-13,9.48
2005-12-12,9.45
2005-12-09,9.52
2005-12-08,9.55
2005-12-07,9.62
2005-12-06,9.64
2005-12-05,9.55
2005-12-02,9.61
2005-12-01,9.66
2005-11-30,9.7
2005-11-29,9.72
2005-11-28,9.73
2005-11-25,9.76
2005-11-24,9.81
2005-11-23,9.8
2005-11-22,9.74
2005-11-21,9.66
2005-11-18,9.64
2005-11-17,9.51
2005-11-16,9.51
2005-11-15,9.56
2005-11-14,9.62
2005-11-11,9.6
2005-11-10,9.5
2005-11-09,9.35
2005-11-08,9.2
2005-11-07,9.08
2005-11-04,9.0
2005-11-03,9.04
2005-11-02,8.96
2005-11-01,8.94
2005-10-31,8.92
2005-10-28,8.75
2005-10-27,8.76
2005-10-26,8.72
2005-10-25,8.8
2005-10-24,8.8
2005-10-21,8.7
2005-10-20,8.8
2005-10-19,8.83
2005-10-18,8.88
2005-10-17,8.9
2005-10-14,8.94
2005-10-13,8.9
2005-10-12,8.97
2005-10-11,8.99
2005-10-10,8.92
2005-10-07,8.94
2005-10-06,9.0
2005-10-05,9.06
2005-10-04,8.9
2005-10-03,8.84
2005-09-30,8.8
2005-09-29,9.1
2005-09-28,8.9
2005-09-27,8.26
2005-09-26,8.05
2005-09-23,7.96
2005-09-22,7.9
2005-09-21,7.93
2005-09-20,7.89
2005-09-19,7.8
2005-09-16,7.88
2005-09-15,7.94
2005-09-14,7.94
2005-09-13,7.96
2005-09-12,7.84
2005-09-09,7.88
2005-09-08,7.87
2005-09-07,7.98
2005-09-06,7.98
2005-09-05,7.92
2005-09-02,7.9
2005-09-01,8.02
2005-08-31,7.9
2005-08-30,7.65
2005-08-29,7.81
2005-08-26,8.0
2005-08-25,7.98
2005-08-24,8.17
2005-08-23,8.24
2005-08-22,8.24
2005-08-19,8.26
2005-08-18,8.26
2005-08-17,8.33
2005-08-16,8.33
2005-08-15,8.33
2005-08-12,8.31
2005-08-11,8.35
2005-08-10,8.28
2005-08-09,8.25
2005-08-08,8.23
2005-08-05,8.16
2005-08-04,8.22
2005-08-03,8.25
2005-08-02,8.23
2005-08-01,8.25
2005-07-29,8.33
2005-07-28,8.33
2005-07-27,8.4
2005-07-26,8.37
2005-07-25,8.4
2005-07-22,8.49
2005-07-21,8.43
2005-07-20,8.47
2005-07-19,8.57
2005-07-18,8.47
2005-07-15,8.44
2005-07-14,8.52
2005-07-13,8.5
2005-07-12,8.59
2005-07-11,8.66
2005-07-08,8.66
2005-07-07,8.68
2005-07-06,8.76
2005-07-05,8.67
2005-07-04,8.7
2005-07-01,8.72
2005-06-30,8.69
2005-06-29,8.56
2005-06-28,8.54
2005-06-27,8.56
2005-06-24,8.5
2005-06-23,8.62
2005-06-22,8.55
2005-06-21,8.42
2005-06-20,8.42
2005-06-17,8.52
2005-06-16,8.55
2005-06-15,8.42
2005-06-14,8.43
2005-06-13,16.85
2005-06-10,16.78
2005-06-09,16.72
2005-06-08,16.73
2005-06-07,16.81
2005-06-06,16.71
2005-06-03,17.06
2005-06-02,17.06
2005-06-01,17.4
2005-05-31,17.27
2005-05-30,17.6
2005-05-27,17.63
2005-05-26,17.95
2005-05-25,17.98
2005-05-24,18.5
2005-05-23,18.5
2005-05-20,18.3
2005-05-19,18.2
2005-05-18,18.11
2005-05-17,18.25
2005-05-16,18.16
2005-05-13,18.03
2005-05-12,18.15
2005-05-11,18.08
2005-05-10,18.12
2005-05-09,18.1
2005-05-06,18.15
2005-05-05,18.1
2005-05-04,18.2
2005-05-03,18.18
2005-05-02,18.21
2005-04-29,18.38
2005-04-28,18.18
2005-04-27,18.23
2005-04-26,18.52
2005-04-25,18.7
2005-04-22,18.55
2005-04-21,18.72
2005-04-20,18.71
2005-04-19,18.75
2005-04-18,18.6
2005-04-15,18.98
2005-04-14,19.25
2005-04-13,19.35
2005-04-12,19.25
2005-04-11,19.15
2005-04-08,19.22
2005-04-07,19.11
2005-04-06,19.25
2005-04-05,19.23
2005-04-04,19.06
2005-04-01,19.26
2005-03-31,19.25
2005-03-30,19.28
2005-03-29,19.13
2005-03-28,19.26
2005-03-25,19.26
2005-03-24,19.26
2005-03-23,19.2
2005-03-22,19.29
2005-03-21,19.2
2005-03-18,19.11
2005-03-17,19.05
2005-03-16,19.2
2005-03-15,19.15
2005-03-14,19.22
2005-03-11,19.38
2005-03-10,19.39
2005-03-09,19.41
2005-03-08,19.6
2005-03-07,19.75
2005-03-04,19.76
2005-03-03,19.62
2005-03-02,19.41
2005-03-01,19.69
2005-02-28,19.8
2005-02-25,19.55
2005-02-24,19.05
2005-02-23,19.05
2005-02-22,19.14
2005-02-21,19.41
2005-02-18,19.68
2005-02-17,19.84
2005-02-16,19.95
2005-02-15,19.96
2005-02-14,20.0
2005-02-11,19.95
2005-02-10,19.99
2005-02-09,20.06
2005-02-08,20.08
2005-02-07,20.01
2005-02-04,20.05
2005-02-03,20.0
2005-02-02,19.99
2005-02-01,20.09
2005-01-31,20.03
2005-01-28,19.68
2005-01-27,19.5
2005-01-26,19.48
2005-01-25,19.4
2005-01-24,19.36
2005-01-21,19.4
2005-01-20,19.35
2005-01-19,19.34
2005-01-18,19.26
2005-01-17,19.09
2005-01-14,19.01
2005-01-13,19.06
2005-01-12,19.0
2005-01-11,19.03
2005-01-10,19.05
2005-01-07,19.09
2005-01-06,19.0
2005-01-05,19.0
2005-01-04,18.75
2005-01-03,18.5
2004-12-31,18.49
2004-12-30,18.6
2004-12-29,18.67
2004-12-28,18.15
2004-12-27,17.75
2004-12-24,17.73
2004-12-23,17.78
2004-12-22,17.74
2004-12-21,17.73
2004-12-20,17.79
2004-12-17,17.66
2004-12-16,17.8
2004-12-15,17.94
2004-12-14,17.78
2004-12-13,17.7
2004-12-10,17.7
2004-12-09,17.67
2004-12-08,17.79
2004-12-07,17.7
2004-12-06,17.66
2004-12-03,17.86
2004-12-02,17.92
2004-12-01,17.75
2004-11-30,17.9
2004-11-29,17.9
2004-11-26,17.89
2004-11-25,17.88
2004-11-24,17.96
2004-11-23,17.95
2004-11-22,17.85
2004-11-19,17.94
2004-11-18,18.3
2004-11-17,18.58
2004-11-16,18.63
2004-11-15,18.7
2004-11-12,18.55
2004-11-11,18.75
2004-11-10,18.6
2004-11-09,18.55
2004-11-08,18.6
2004-11-05,18.5
2004-11-04,18.56
2004-11-03,18.59
2004-11-02,18.6
2004-11-01,18.52
2004-10-29,18.28
2004-10-28,18.56
2004-10-27,18.56
2004-10-26,18.3
2004-10-25,18.2
2004-10-22,18.32
2004-10-21,18.26
2004-10-20,18.4
2004-10-19,18.49
2004-10-18,18.26
2004-10-15,18.6
2004-10-14,18.7
2004-10-13,18.6
2004-10-12,18.29
2004-10-11,18.31
2004-10-08,18.45
2004-10-07,18.4
2004-10-06,18.32
2004-10-05,18.35
2004-10-04,18.24
2004-10-01,18.05
2004-09-30,17.95
2004-09-29,18.02
2004-09-28,17.81
2004-09-27,17.66
2004-09-24,17.52
2004-09-23,17.55
2004-09-22,17.75
2004-09-21,17.84
2004-09-20,17.77
2004-09-17,17.85
2004-09-16,17.82
2004-09-15,17.7
2004-09-14,17.95
2004-09-13,18.5
2004-09-10,18.27
2004-09-09,18.11
2004-09-08,18.22
2004-09-07,18.2
2004-09-06,18.1
2004-09-03,17.89
2004-09-02,17.84
2004-09-01,17.84
2004-08-31,17.75
2004-08-30,17.69
2004-08-27,17.69
2004-08-26,17.65
2004-08-25,17.4
2004-08-24,17.2
2004-08-23,17.17
2004-08-20,16.91
2004-08-19,17.0
2004-08-18,16.89
2004-08-17,16.87
2004-08-16,16.78
2004-08-13,16.62
2004-08-12,16.66
2004-08-11,16.6
2004-08-10,16.5
2004-08-09,16.6
2004-08-06,16.98
2004-08-05,17.5
2004-08-04,17.4
2004-08-03,17.63
2004-08-02,17.82
2004-07-30,17.89
2004-07-29,18.0
2004-07-28,17.88
2004-07-27,17.75
2004-07-26,17.87
2004-07-23,17.87
2004-07-22,17.95
2004-07-21,18.03
2004-07-20,17.75
2004-07-19,17.46
2004-07-16,17.5
2004-07-15,17.5
2004-07-14,17.6
2004-07-13,17.6
2004-07-12,17.49
2004-07-09,17.2
2004-07-08,17.03
2004-07-07,17.21
2004-07-06,17.22
2004-07-05,17.39
2004-07-02,17.5
2004-07-01,17.62
2004-06-30,18.0
2004-06-29,18.1
2004-06-28,18.08
2004-06-25,17.92
2004-06-24,18.0
2004-06-23,17.9
2004-06-22,18.03
2004-06-21,18.02
2004-06-18,18.0
2004-06-17,18.0
2004-06-16,17.8
2004-06-15,17.58
2004-06-14,17.44
2004-06-11,17.4
2004-06-10,17.25
2004-06-09,17.15
2004-06-08,17.23
2004-06-07,17.14
2004-06-04,17.07
2004-06-03,17.1
2004-06-02,16.98
2004-06-01,17.17
2004-05-31,17.19
2004-05-28,17.2
2004-05-27,17.45
2004-05-26,17.41
2004-05-25,17.5
2004-05-24,17.55
2004-05-21,17.45
2004-05-20,17.5
2004-05-19,17.51
2004-05-18,16.79
2004-05-17,16.58
2004-05-14,17.41
2004-05-13,17.68
2004-05-12,17.65
2004-05-11,17.75
2004-05-10,17.52
2004-05-07,18.3
2004-05-06,18.47
2004-05-05,18.86
2004-05-04,18.9
2004-05-03,18.85
2004-04-30,18.96
2004-04-29,19.23
2004-04-28,19.27
2004-04-27,19.43
2004-04-26,19.26
2004-04-23,19.15
2004-04-22,19.05
2004-04-21,18.81
2004-04-20,18.95
2004-04-19,18.95
2004-04-16,18.74
2004-04-15,18.65
2004-04-14,18.72
2004-04-13,19.0
2004-04-12,18.98
2004-04-09,18.98
2004-04-08,18.98
2004-04-07,19.09
2004-04-06,18.84
2004-04-05,18.95
2004-04-02,18.45
2004-04-01,18.31
2004-03-31,18.01
2004-03-30,17.95
2004-03-29,18.12
2004-03-26,18.05
2004-03-25,18.0
2004-03-24,17.6
2004-03-23,17.61
2004-03-22,17.5
2004-03-19,18.18
2004-03-18,18.28
2004-03-17,18.38
2004-03-16,18.07
2004-03-15,18.0
2004-03-12,17.75
2004-03-11,18.0
2004-03-10,18.95
2004-03-09,19.48
2004-03-08,19.48
2004-03-05,19.23
2004-03-04,19.3
2004-03-03,19.2
2004-03-02,19.24
2004-03-01,18.87
2004-02-27,18.48
2004-02-26,18.27
2004-02-25,18.16
2004-02-24,17.94
2004-02-23,17.86
2004-02-20,17.58
2004-02-19,17.53
2004-02-18,17.5
2004-02-17,17.54
2004-02-16,17.65
2004-02-13,17.6
2004-02-12,17.66
2004-02-11,17.85
2004-02-10,17.7
2004-02-09,17.61
2004-02-06,17.67
2004-02-05,17.37
2004-02-04,17.37
2004-02-03,17.35
2004-02-02,17.65
2004-01-30,17.37
2004-01-29,17.3
2004-01-28,17.49
2004-01-27,17.47
2004-01-26,17.43
2004-01-23,17.16
2004-01-22,17.11
2004-01-21,16.88
2004-01-20,16.99
2004-01-19,17.2
2004-01-16,17.12
2004-01-15,17.25
2004-01-14,16.77
2004-01-13,16.57
2004-01-12,16.42
2004-01-09,16.34
2004-01-08,16.18
2004-01-07,15.91
2004-01-06,15.82
2004-01-05,15.76
2004-01-02,15.58
2004-01-01,15.4
2003-12-31,15.4
2003-12-30,15.5
2003-12-29,15.1
2003-12-26,15.28
2003-12-25,15.28
2003-12-24,15.28
2003-12-23,15.19
2003-12-22,15.28
2003-12-19,15.28
2003-12-18,15.15
2003-12-17,15.15
2003-12-16,15.15
2003-12-15,15.2
2003-12-12,15.15
2003-12-11,15.2
2003-12-10,15.25
2003-12-09,15.39
2003-12-08,15.2
2003-12-05,15.35
2003-12-04,15.4
2003-12-03,15.42
2003-12-02,15.3
2003-12-01,15.44
2003-11-28,15.21
2003-11-27,15.47
2003-11-26,15.2
2003-11-25,15.0
2003-11-24,15.0
2003-11-21,15.0
2003-11-20,14.99
2003-11-19,15.05
2003-11-18,15.0
2003-11-17,14.9
2003-11-14,15.1
2003-11-13,15.0
2003-11-12,14.95
2003-11-11,14.95
2003-11-10,14.99
2003-11-07,14.98
2003-11-06,14.99
2003-11-05,15.0
2003-11-04,15.0
2003-11-03,14.91
2003-10-31,14.74
2003-10-30,14.74
2003-10-29,14.48
2003-10-28,14.28
2003-10-27,14.29
2003-10-24,14.29
2003-10-23,14.25
2003-10-22,14.3
2003-10-21,14.4
2003-10-20,14.48
2003-10-17,14.45
2003-10-16,14.4
2003-10-15,14.45
2003-10-14,14.3
2003-10-13,14.35
2003-10-10,14.45
2003-10-09,14.44
2003-10-08,14.38
2003-10-07,14.41
2003-10-06,14.66
2003-10-03,14.6
2003-10-02,14.31
2003-10-01,14.34
2003-09-30,14.32
2003-09-29,14.48
2003-09-26,14.64
2003-09-25,14.4
2003-09-24,14.4
2003-09-23,14.37
2003-09-22,14.4
2003-09-19,14.61
2003-09-18,14.78
2003-09-17,14.76
2003-09-16,14.57
2003-09-15,14.67
2003-09-12,14.43
2003-09-11,14.54
2003-09-10,14.7
2003-09-09,14.66
2003-09-08,14.7
2003-09-05,14.75
2003-09-04,14.85
2003-09-03,14.97
2003-09-02,15.13
2003-09-01,15.19
2003-08-29,14.92
2003-08-28,14.9
2003-08-27,14.6
2003-08-26,14.29
2003-08-25,14.42
2003-08-22,14.55
2003-08-21,14.52
2003-08-20,14.4
2003-08-19,14.6
2003-08-18,14.3
2003-08-15,14.13
2003-08-14,13.87
2003-08-13,13.59
2003-08-12,13.3
2003-08-11,13.2
2003-08-08,13.52
2003-08-07,13.51
2003-08-06,13.6
2003-08-05,13.85
2003-08-04,14.05
2003-08-01,14.01
2003-07-31,14.19
2003-07-30,14.24
2003-07-29,14.35
2003-07-28,14.4
2003-07-25,14.53
2003-07-24,14.38
2003-07-23,14.31
2003-07-22,14.51
2003-07-21,14.87
2003-07-18,14.95
2003-07-17,15.05
2003-07-16,14.86
2003-07-15,15.11
2003-07-14,15.2
2003-07-11,15.04
2003-07-10,15.02
2003-07-09,15.1
2003-07-08,15.2
2003-07-07,15.25
2003-07-04,15.06
2003-07-03,15.1
2003-07-02,15.15
2003-07-01,15.2
2003-06-30,15.25
2003-06-27,15.5
2003-06-26,15.3
2003-06-25,15.75
2003-06-24,14.53
2003-06-23,14.5
2003-06-20,14.92
2003-06-19,14.99
2003-06-18,15.11
2003-06-17,15.14
2003-06-16,15.11
2003-06-13,15.42
2003-06-12,15.48
2003-06-11,15.55
2003-06-10,15.5
2003-06-09,15.56
2003-06-06,15.62
2003-06-05,15.5
2003-06-04,15.44
2003-06-03,15.2
2003-06-02,15.4
2003-05-30,15.5
2003-05-29,15.43
2003-05-28,15.56
2003-05-27,15.55
2003-05-26,15.45
2003-05-23,15.6
2003-05-22,15.46
2003-05-21,15.17
2003-05-20,15.1
2003-05-19,14.75
2003-05-16,15.02
2003-05-15,15.62
2003-05-14,15.59
2003-05-13,15.25
2003-05-12,14.85
2003-05-09,15.01
2003-05-08,15.5
2003-05-07,15.1
2003-05-06,14.69
2003-05-05,16.5
2003-05-02,14.85
2003-05-01,36.42
2003-04-30,14.05
2003-04-29,13.1
2003-04-28,13.0
2003-04-25,12.8
2003-04-24,12.76
2003-04-23,12.9
2003-04-22,12.78
2003-04-21,37.26
2003-04-17,12.73
2003-04-16,12.81
2003-04-15,12.76
2003-04-14,12.4
2003-04-11,12.26
2003-04-10,11.94
2003-04-09,12.03
2003-04-08,12.01
2003-04-07,12.3
2003-04-04,12.2
2003-04-03,11.89
2003-04-02,11.35
2003-04-01,10.82
2003-03-31,10.9
2003-03-28,10.93
2003-03-27,10.92
2003-03-26,11.05
2003-03-25,10.86
2003-03-24,10.92
2003-03-21,11.09
2003-03-20,11.19
2003-03-19,11.48
2003-03-18,11.3
2003-03-17,10.7
2003-03-14,10.41
2003-03-13,10.19
2003-03-12,10.0
2003-03-11,10.28
2003-03-10,10.6
2003-03-07,10.88
2003-03-06,10.91
2003-03-05,10.85
2003-03-04,11.06
2003-03-03,10.95
2003-02-28,11.0
2003-02-27,10.91
2003-02-26,10.8
2003-02-25,10.91
2003-02-24,11.3
2003-02-21,11.35
2003-02-20,11.38
2003-02-19,11.18
2003-02-18,11.12
2003-02-17,11.05
2003-02-14,10.98
2003-02-13,11.0
2003-02-12,10.9
2003-02-11,11.13
2003-02-10,11.29
2003-02-07,11.39
2003-02-06,11.37
2003-02-05,11.2
2003-02-04,10.86
2003-02-03,10.99
2003-01-31,11.05
2003-01-30,11.03
2003-01-29,10.9
2003-01-28,11.52
2003-01-27,11.83
2003-01-24,11.96
2003-01-23,12.0
2003-01-22,11.55
2003-01-21,11.9
2003-01-20,12.0
2003-01-17,11.9
2003-01-16,12.11
2003-01-15,12.43
2003-01-14,12.5
2003-01-13,12.0
2003-01-10,11.45
2003-01-09,11.42
2003-01-08,11.44
2003-01-07,10.95
2003-01-06,11.21
2003-01-03,10.6
2003-01-02,10.25
2002-12-31,10.02
2002-12-30,10.0
2002-12-27,9.95
2002-12-26,38.81
2002-12-24,38.85
2002-12-23,9.95
2002-12-20,9.9
2002-12-19,9.9
2002-12-18,9.95
2002-12-17,9.95
2002-12-16,9.85
2002-12-13,9.65
2002-12-12,9.55
2002-12-11,9.55
2002-12-10,9.25
2002-12-09,9.0
2002-12-06,9.03
2002-12-05,8.95
2002-12-04,8.93
2002-12-03,8.9
2002-12-02,9.0
2002-11-29,9.0
2002-11-28,9.0
2002-11-27,8.9
2002-11-26,8.68
2002-11-25,8.61
2002-11-22,8.36
2002-11-21,8.36
2002-11-20,8.0
2002-11-19,7.91
2002-11-18,8.05
2002-11-15,8.0
2002-11-14,8.03
2002-11-13,7.7
2002-11-12,7.8
2002-11-11,7.82
2002-11-08,7.8
2002-11-07,7.9
2002-11-06,7.97
2002-11-05,8.0
2002-11-04,8.05
2002-11-01,38.85
2002-10-31,8.0
2002-10-30,7.88
2002-10-29,7.7
2002-10-28,7.95
2002-10-25,8.03
2002-10-24,7.9
2002-10-23,7.76
2002-10-22,7.77
2002-10-21,7.45
2002-10-18,7.53
2002-10-17,7.49
2002-10-16,6.55
2002-10-15,6.44
2002-10-14,6.01
2002-10-11,6.2
2002-10-10,6.09
2002-10-09,6.11
2002-10-08,6.1
2002-10-07,6.09
2002-10-04,6.08
2002-10-03,5.99
2002-10-02,5.97
2002-10-01,6.02
2002-09-30,6.05
2002-09-27,6.36
2002-09-26,6.48
2002-09-25,6.34
2002-09-24,6.46
2002-09-23,6.46
2002-09-20,6.55
2002-09-19,6.69
2002-09-18,6.85
2002-09-17,7.09
2002-09-16,7.24
2002-09-13,7.29
2002-09-12,7.28
2002-09-11,7.39
2002-09-10,7.2
2002-09-09,7.15
2002-09-06,7.19
2002-09-05,7.1
2002-09-04,7.19
2002-09-03,7.11
2002-09-02,7.12
2002-08-30,7.15
2002-08-29,7.2
2002-08-28,7.19
2002-08-27,7.35
2002-08-26,7.35
2002-08-23,7.45
2002-08-22,7.49
2002-08-21,7.32
2002-08-20,7.22
2002-08-19,7.23
2002-08-16,7.26
2002-08-15,40.8501
2002-08-14,7.2
2002-08-13,7.18
2002-08-12,7.13
2002-08-09,7.17
2002-08-08,7.08
2002-08-07,7.03
2002-08-06,7.15
2002-08-05,7.17
2002-08-02,7.24
2002-08-01,7.3
2002-07-31,7.13
2002-07-30,7.32
2002-07-29,7.4
2002-07-26,7.15
2002-07-25,7.33
2002-07-24,7.09
2002-07-23,7.45
2002-07-22,7.45
2002-07-19,7.7
2002-07-18,7.86
2002-07-17,7.99
2002-07-16,7.93
2002-07-15,7.95
2002-07-12,41.4801
2002-07-11,8.05
2002-07-10,8.24
2002-07-09,8.32
2002-07-08,8.48
2002-07-05,8.52
2002-07-04,8.12
2002-07-03,8.03
2002-07-02,8.05
2002-07-01,8.48
2002-06-28,8.95
2002-06-27,8.74
2002-06-26,8.06
2002-06-25,8.4
2002-06-24,8.3
2002-06-21,8.71
2002-06-20,8.88
2002-06-19,9.0
2002-06-18,9.22
2002-06-17,9.21
2002-06-14,8.87
2002-06-13,9.22
2002-06-12,9.35
2002-06-11,9.4
2002-06-10,44.3101
2002-06-07,9.15
2002-06-06,9.41
2002-06-05,9.33
2002-06-04,9.27
2002-06-03,9.31
2002-05-31,9.4
2002-05-30,44.9001
2002-05-29,9.28
2002-05-28,9.3
2002-05-27,9.05
2002-05-24,8.87
2002-05-23,9.0
2002-05-22,9.5
2002-05-21,8.87
2002-05-20,8.55
2002-05-17,8.6
2002-05-16,8.6
2002-05-15,8.2
2002-05-14,8.12
2002-05-13,8.03
2002-05-10,8.05
2002-05-09,8.08
2002-05-08,8.12
2002-05-07,7.75
2002-05-06,7.76
2002-05-03,7.81
2002-05-02,7.96
2002-05-01,42.3301
2002-04-30,8.0
2002-04-29,8.04
2002-04-26,8.17
2002-04-25,42.6901
2002-04-24,8.2
2002-04-23,8.28
2002-04-22,8.3
2002-04-19,8.09
2002-04-18,8.02
2002-04-17,8.05
2002-04-16,7.98
2002-04-15,7.78
2002-04-12,7.7
2002-04-11,7.7
2002-04-10,7.73
2002-04-09,7.72
2002-04-08,7.61
2002-04-05,7.78
2002-04-04,7.65
2002-04-03,7.65
2002-04-02,7.69
2002-04-01,45.1101
2002-03-28,44.2801
2002-03-27,7.54
2002-03-26,7.5
2002-03-25,7.65
2002-03-22,7.75
2002-03-21,7.85
2002-03-20,7.83
2002-03-19,7.85
2002-03-18,7.96
2002-03-15,7.92
2002-03-14,7.85
2002-03-13,7.86
2002-03-12,7.79
2002-03-11,8.01
2002-03-08,7.92
2002-03-07,7.99
2002-03-06,7.92
2002-03-05,7.85
2002-03-04,7.85
2002-03-01,7.56
2002-02-28,7.53
2002-02-27,7.51
2002-02-26,7.65
2002-02-25,7.59
2002-02-22,7.56
2002-02-21,7.55
2002-02-20,7.38
2002-02-19,7.35
2002-02-18,7.39
2002-02-15,7.37
2002-02-14,7.45
2002-02-13,7.46
2002-02-12,40.6901
2002-02-11,7.51
2002-02-08,7.53
2002-02-07,7.4
2002-02-06,7.5
2002-02-05,7.3
2002-02-04,7.51
2002-02-01,7.61
2002-01-31,7.64
2002-01-30,7.56
2002-01-29,7.84
2002-01-28,7.95
2002-01-25,7.91
2002-01-24,7.95
2002-01-23,7.88
2002-01-22,7.95
2002-01-21,8.0
2002-01-18,8.05
2002-01-17,8.18
2002-01-16,8.0
2002-01-15,8.14
2002-01-14,7.85
2002-01-11,8.0
2002-01-10,8.0
2002-01-09,8.02
2002-01-08,8.1
2002-01-07,8.17
2002-01-04,8.27
2002-01-03,8.35
2002-01-02,8.02
2001-12-31,41.4501
2001-12-28,7.8
2001-12-27,8.2
2001-12-26,41.4701
2001-12-24,40.6801
2001-12-21,7.9
2001-12-20,7.86
2001-12-19,8.09
2001-12-18,8.13
2001-12-17,8.19
2001-12-14,8.17
2001-12-13,8.23
2001-12-12,8.34
2001-12-11,8.35
2001-12-10,8.22
2001-12-07,8.22
2001-12-06,8.42
2001-12-05,8.31
2001-12-04,7.72
2001-12-03,7.54
2001-11-30,7.55
2001-11-29,7.74
2001-11-28,7.98
2001-11-27,8.38
2001-11-26,8.49
2001-11-23,8.27
2001-11-22,8.3
2001-11-21,8.27
2001-11-20,8.56
2001-11-19,8.55
2001-11-16,8.46
2001-11-15,8.54
2001-11-14,8.51
2001-11-13,8.65
2001-11-12,8.33
2001-11-09,8.44
2001-11-08,8.75
2001-11-07,8.55
2001-11-06,8.12
2001-11-05,8.0
2001-11-02,7.81
2001-11-01,45.6101
2001-10-31,7.81
2001-10-30,7.47
2001-10-29,7.74
2001-10-26,45.9001
2001-10-25,7.41
2001-10-24,8.08
2001-10-23,8.44
2001-10-22,8.05
2001-10-19,6.97
2001-10-18,6.85
2001-10-17,6.8
2001-10-16,46.6501
2001-10-15,6.34
2001-10-12,6.25
2001-10-11,6.01
2001-10-10,6.0
2001-10-09,5.82
2001-10-08,5.77
2001-10-05,46.0501
2001-10-04,5.91
2001-10-03,5.67
2001-10-02,5.75
2001-10-01,5.75
2001-09-28,44.4001
2001-09-27,5.9
2001-09-26,5.99
2001-09-25,6.1
2001-09-24,5.49
2001-09-21,4.92
2001-09-20,5.14
2001-09-19,5.42
2001-09-18,5.33
2001-09-17,5.45
2001-09-14,5.55
2001-09-13,6.2
2001-09-12,6.25
2001-09-11,6.55
2001-09-10,7.3
2001-09-07,7.6
2001-09-06,7.91
2001-09-05,8.15
2001-09-04,8.34
2001-09-03,8.25
2001-08-31,8.71
2001-08-30,9.0
2001-08-29,8.98
2001-08-28,9.0
2001-08-27,9.21
2001-08-24,9.2
2001-08-23,9.03
2001-08-22,9.09
2001-08-21,9.18
2001-08-20,9.0
2001-08-17,9.29
2001-08-16,9.25
2001-08-15,48.1601
2001-08-14,9.51
2001-08-13,9.33
2001-08-10,9.23
2001-08-09,9.03
2001-08-08,9.25
2001-08-07,9.4
2001-08-06,9.6
2001-08-03,9.85
2001-08-02,10.24
2001-08-01,10.55
2001-07-31,10.45
2001-07-30,10.21
2001-07-27,9.95
2001-07-26,9.75
2001-07-25,9.82
2001-07-24,9.9
2001-07-23,9.45
2001-07-20,9.25
2001-07-19,9.5
2001-07-18,9.3
2001-07-17,9.4
2001-07-16,9.89
2001-07-13,48.3201
2001-07-12,10.38
2001-07-11,10.25
2001-07-10,10.5
2001-07-09,10.9
2001-07-06,11.42
2001-07-05,11.75
2001-07-04,11.83
2001-07-03,12.1
2001-07-02,11.89
2001-06-29,11.8
2001-06-28,12.14
2001-06-27,12.2
2001-06-26,12.55
2001-06-25,13.8
2001-06-22,14.0
2001-06-21,14.2
2001-06-20,14.1
2001-06-19,14.6
2001-06-18,15.0
2001-06-15,15.75
2001-06-14,52.5101
2001-06-13,16.05
2001-06-12,16.38
2001-06-11,16.41
2001-06-08,16.2
2001-06-07,16.44
2001-06-06,16.21
2001-06-05,16.45
2001-06-04,16.22
2001-06-01,16.25
2001-05-31,16.08
2001-05-30,16.0
2001-05-29,15.9
2001-05-28,15.95
2001-05-25,15.8
2001-05-24,15.18
2001-05-23,15.0
2001-05-22,15.0
2001-05-21,15.32
2001-05-18,14.3
2001-05-17,14.24
2001-05-16,14.4
2001-05-15,14.49
2001-05-14,14.68
2001-05-11,15.1
2001-05-10,15.42
2001-05-09,15.35
2001-05-08,15.28
2001-05-07,49.7601
2001-05-04,15.4
2001-05-03,15.75
2001-05-02,15.67
2001-05-01,50.5001
2001-04-30,15.8
2001-04-27,15.45
2001-04-26,15.04
2001-04-25,50.6001
2001-04-24,15.5
2001-04-23,15.75
2001-04-20,16.04
2001-04-19,16.45
2001-04-18,16.35
2001-04-17,16.0
2001-04-16,50.0001
2001-04-12,16.45
2001-04-11,16.8
2001-04-10,16.5
2001-04-09,16.3
2001-04-06,16.16
2001-04-05,16.42
2001-04-04,16.34
2001-04-03,15.7
2001-04-02,16.02
2001-03-30,16.95
2001-03-29,16.85
2001-03-28,16.4
2001-03-27,16.82
2001-03-26,17.0
2001-03-23,16.59
2001-03-22,15.75
2001-03-21,16.35
2001-03-20,17.01
2001-03-19,17.35
2001-03-16,17.76
2001-03-15,18.3
2001-03-14,48.5701
2001-03-13,18.9
2001-03-12,19.09
2001-03-09,20.1
2001-03-08,20.53
2001-03-07,20.62
2001-03-06,20.43
2001-03-05,19.95
2001-03-02,19.38
2001-03-01,19.33
2001-02-28,19.74
2001-02-27,49.8001
2001-02-26,20.0
2001-02-23,19.84
2001-02-22,20.15
2001-02-21,20.45
2001-02-20,20.5
2001-02-19,20.6
2001-02-16,20.59
2001-02-15,21.1
2001-02-14,21.14
2001-02-13,21.46
2001-02-12,21.51
2001-02-09,21.61
2001-02-08,22.2
2001-02-07,22.32
2001-02-06,22.4
2001-02-05,22.32
2001-02-02,22.84
2001-02-01,23.01
2001-01-31,23.29
2001-01-30,23.0
2001-01-29,23.2
2001-01-26,48.9376
2001-01-25,23.3
2001-01-24,47.9376
2001-01-23,22.9
2001-01-22,23.29
2001-01-19,23.99
2001-01-18,22.71
2001-01-17,21.5
2001-01-16,21.0
2001-01-15,22.0
2001-01-12,22.2
2001-01-11,22.47
2001-01-10,47.8126
2001-01-09,21.5
2001-01-08,23.4
2001-01-05,25.0
2001-01-04,26.53
2001-01-03,24.5
2001-01-02,25.3
2000-12-29,25.0
2000-12-28,26.5
2000-12-27,27.1
2000-12-26,48.5001
2000-12-22,27.65
2000-12-21,27.65
2000-12-20,28.41
2000-12-19,30.5
2000-12-18,30.94
2000-12-15,30.0
2000-12-14,29.66
2000-12-13,30.55
2000-12-12,29.6
2000-12-11,29.41
2000-12-08,46.0001
2000-12-07,27.75
2000-12-06,27.3
2000-12-05,25.86
2000-12-04,25.33
2000-12-01,47.3751
2000-11-30,26.56
2000-11-29,27.05
2000-11-28,27.19
2000-11-27,28.0
2000-11-24,27.57
2000-11-23,27.2
2000-11-22,27.28
2000-11-21,28.0
2000-11-20,28.25
2000-11-17,29.07
2000-11-16,29.5
2000-11-15,30.6
2000-11-14,30.88
2000-11-13,29.4
2000-11-10,31.0
2000-11-09,32.0
2000-11-08,32.35
2000-11-07,34.09
2000-11-06,33.3
2000-11-03,33.3
2000-11-02,33.5
2000-11-01,32.35
2000-10-31,32.35
2000-10-30,32.35
2000-10-27,32.5
2000-10-26,32.04
2000-10-25,33.1
2000-10-24,34.0
2000-10-23,33.3
2000-10-20,35.01
2000-10-19,35.65
2000-10-18,33.75
2000-10-17,34.61
2000-10-16,36.5
2000-10-13,35.8
2000-10-12,36.01
2000-10-11,37.31
2000-10-10,39.0
2000-10-09,38.13
2000-10-06,39.35
2000-10-05,40.2
2000-10-04,40.2
2000-10-03,40.86
2000-10-02,41.3
2000-09-29,41.5
2000-09-28,40.82
2000-09-27,40.9
2000-09-26,41.17
2000-09-25,42.4
2000-09-22,41.7
2000-09-21,41.0
2000-09-20,41.65
2000-09-19,41.82
2000-09-18,42.0
2000-09-15,43.16
2000-09-14,43.99
2000-09-13,42.1
2000-09-12,43.0
2000-09-11,43.72
2000-09-08,44.56
2000-09-07,45.0
2000-09-06,45.06
2000-09-05,45.4
2000-09-04,46.1
2000-09-01,47.0
2000-08-31,42.9
2000-08-30,41.6
2000-08-29,40.61
2000-08-28,41.3
2000-08-25,39.9
2000-08-24,39.85
2000-08-23,40.35
2000-08-22,40.5
2000-08-21,41.12
2000-08-18,40.5
2000-08-17,40.66
2000-08-16,41.3
2000-08-15,42.01
2000-08-14,42.01
2000-08-11,41.5
2000-08-10,43.2
2000-08-09,44.05
2000-08-08,44.01
2000-08-07,44.65
2000-08-04,44.9
2000-08-03,45.0
2000-08-02,45.8
2000-08-01,46.65
2000-07-31,46.5
2000-07-28,46.0
2000-07-27,47.7
2000-07-26,47.7
2000-07-25,48.7
2000-07-24,50.68
2000-07-21,50.68
2000-07-20,51.21
2000-07-19,49.46
2000-07-18,50.36
2000-07-17,51.75
2000-07-14,49.99
2000-07-13,47.2
2000-07-12,47.41
2000-07-11,47.1
2000-07-10,48.25
2000-07-07,48.4
2000-07-06,48.4
2000-07-05,49.01
2000-07-04,50.8
2000-07-03,50.84
2000-06-30,52.0
2000-06-29,48.5
2000-06-28,51.98
2000-06-27,52.5
2000-06-26,54.15
2000-06-23,56.0
2000-06-22,57.61
2000-06-21,57.61
2000-06-20,56.24
2000-06-19,57.89
2000-06-16,57.89
2000-06-15,58.45
2000-06-14,58.75
2000-06-13,58.65
2000-06-12,57.6
2000-06-09,58.4
2000-06-08,58.29
2000-06-07,56.0
2000-06-06,59.5
2000-06-05,61.05
2000-06-02,63.4
2000-06-01,57.48
