,san:sm
2018-11-23,4.0875
2018-11-22,4.0855
2018-11-21,4.153
2018-11-20,4.08
2018-11-19,4.203
2018-11-16,4.22
2018-11-15,4.2315
2018-11-14,4.279
2018-11-13,4.29
2018-11-12,4.1965
2018-11-09,4.239
2018-11-08,4.3065
2018-11-07,4.31
2018-11-06,4.2085
2018-11-05,4.257
2018-11-02,4.284
2018-11-01,4.233
2018-10-31,4.195
2018-10-30,4.1085
2018-10-29,4.1235
2018-10-26,4.021
2018-10-25,4.07
2018-10-24,3.981
2018-10-23,4.038
2018-10-22,4.1005
2018-10-19,4.125
2018-10-18,4.1385
2018-10-17,4.2256
2018-10-16,4.2653
2018-10-15,4.1959
2018-10-12,4.222
2018-10-11,4.26
2018-10-10,4.363
2018-10-09,4.3755
2018-10-08,4.3325
2018-10-05,4.3155
2018-10-04,4.351
2018-10-03,4.337
2018-10-02,4.2595
2018-10-01,4.2915
2018-09-28,4.3355
2018-09-27,4.481
2018-09-26,4.485
2018-09-25,4.476
2018-09-24,4.4785
2018-09-21,4.572
2018-09-20,4.553
2018-09-19,4.4755
2018-09-18,4.3865
2018-09-17,4.331
2018-09-14,4.283
2018-09-13,4.2675
2018-09-12,4.237
2018-09-11,4.2415
2018-09-10,4.254
2018-09-07,4.178
2018-09-06,4.2285
2018-09-05,4.2735
2018-09-04,4.2865
2018-08-31,4.2815
2018-08-30,4.282
2018-08-29,4.3645
2018-08-28,4.362
2018-08-27,4.385
2018-08-24,4.35
2018-08-23,4.357
2018-08-22,4.3525
2018-08-21,4.4
2018-08-20,4.3495
2018-08-17,4.3395
2018-08-16,4.3695
2018-08-15,4.3355
2018-08-14,4.4185
2018-08-13,4.43
2018-08-10,4.5405
2018-08-09,4.668
2018-08-08,4.6945
2018-08-07,4.7285
2018-08-06,4.68
2018-08-03,4.6905
2018-08-02,4.68
2018-08-01,4.753
2018-07-31,4.8195
2018-07-30,4.7655
2018-07-27,4.818
2018-07-26,4.764
2018-07-25,4.717
2018-07-24,4.7445
2018-07-23,4.665
2018-07-20,4.646
2018-07-19,4.652
2018-07-18,4.647
2018-07-17,4.6095
2018-07-16,4.631
2018-07-13,4.6195
2018-07-12,4.6605
2018-07-11,4.6415
2018-07-10,4.75
2018-07-09,4.8
2018-07-06,4.757
2018-07-05,4.721
2018-07-04,4.644
2018-07-03,4.6125
2018-07-02,4.5625
2018-06-29,4.592
2018-06-28,4.574
2018-06-27,4.582
2018-06-26,4.6095
2018-06-25,4.5925
2018-06-22,4.734
2018-06-21,4.6785
2018-06-20,4.726
2018-06-19,4.66
2018-06-18,4.6515
2018-06-15,4.6815
2018-06-14,4.7865
2018-06-13,4.7705
2018-06-12,4.817
2018-06-11,4.829
2018-06-08,4.6965
2018-06-07,4.767
2018-06-06,4.778
2018-06-05,4.694
2018-06-04,4.7745
2018-06-01,4.7525
2018-05-31,4.6
2018-05-30,4.674
2018-05-29,4.6225
2018-05-28,4.888
2018-05-25,4.99
2018-05-24,5.126
2018-05-23,5.16
2018-05-22,5.258
2018-05-21,5.169
2018-05-18,5.206
2018-05-17,5.352
2018-05-16,5.329
2018-05-15,5.467
2018-05-14,5.506
2018-05-11,5.523
2018-05-10,5.477
2018-05-09,5.442
2018-05-08,5.366
2018-05-07,5.38
2018-05-04,5.376
2018-05-03,5.336
2018-05-02,5.398
2018-04-30,5.373
2018-04-27,5.316
2018-04-26,5.356
2018-04-25,5.376
2018-04-24,5.393
2018-04-23,5.574
2018-04-20,5.508
2018-04-19,5.505
2018-04-18,5.467
2018-04-17,5.405
2018-04-16,5.386
2018-04-13,5.369
2018-04-12,5.343
2018-04-11,5.323
2018-04-10,5.349
2018-04-09,5.36
2018-04-06,5.337
2018-04-05,5.397
2018-04-04,5.203
2018-04-03,5.23
2018-03-29,5.295
2018-03-28,5.246
2018-03-27,5.262
2018-03-26,5.223
2018-03-23,5.18
2018-03-22,5.21
2018-03-21,5.321
2018-03-20,5.365
2018-03-19,5.359
2018-03-16,5.44
2018-03-15,5.335
2018-03-14,5.351
2018-03-13,5.453
2018-03-12,5.483
2018-03-09,5.459
2018-03-08,5.47
2018-03-07,5.459
2018-03-06,5.454
2018-03-05,5.505
2018-03-02,5.484
2018-03-01,5.606
2018-02-28,5.667
2018-02-27,5.73
2018-02-26,5.691
2018-02-23,5.653
2018-02-22,5.664
2018-02-21,5.657
2018-02-20,5.679
2018-02-19,5.587
2018-02-16,5.615
2018-02-15,5.518
2018-02-14,5.494
2018-02-13,5.476
2018-02-12,5.581
2018-02-09,5.483
2018-02-08,5.58
2018-02-07,5.731
2018-02-06,5.61
2018-02-05,5.779
2018-02-02,5.854
2018-02-01,5.941
2018-01-31,5.983
2018-01-30,5.931
2018-01-29,6.047
2018-01-26,6.057
2018-01-25,6.076
2018-01-24,5.982
2018-01-23,5.97
2018-01-22,5.93
2018-01-19,5.888
2018-01-18,5.876
2018-01-17,5.894
2018-01-16,5.871
2018-01-15,5.883
2018-01-12,5.892
2018-01-11,5.826
2018-01-10,5.692
2018-01-09,5.702
2018-01-08,5.692
2018-01-05,5.675
2018-01-04,5.638
2018-01-03,5.455
2018-01-02,5.454
2017-12-29,5.479
2017-12-28,5.511
2017-12-27,5.56
2017-12-22,5.594
2017-12-21,5.717
2017-12-20,5.631
2017-12-19,5.673
2017-12-18,5.671
2017-12-15,5.624
2017-12-14,5.616
2017-12-13,5.655
2017-12-12,5.682
2017-12-11,5.636
2017-12-08,5.63
2017-12-07,5.531
2017-12-06,5.501
2017-12-05,5.558
2017-12-04,5.577
2017-12-01,5.503
2017-11-30,5.643
2017-11-29,5.704
2017-11-28,5.601
2017-11-27,5.573
2017-11-24,5.557
2017-11-23,5.512
2017-11-22,5.497
2017-11-21,5.467
2017-11-20,5.498
2017-11-17,5.481
2017-11-16,5.533
2017-11-15,5.527
2017-11-14,5.459
2017-11-13,5.535
2017-11-10,5.563
2017-11-09,5.558
2017-11-08,5.6
2017-11-07,5.62
2017-11-06,5.641
2017-11-03,5.711
2017-11-02,5.82
2017-11-01,5.831
2017-10-31,5.823
2017-10-30,5.826
2017-10-27,5.698
2017-10-26,5.813
2017-10-25,5.632
2017-10-24,5.625
2017-10-23,5.54
2017-10-20,5.6
2017-10-19,5.571
2017-10-18,5.639
2017-10-17,5.5967
2017-10-16,5.532
2017-10-13,5.531
2017-10-12,5.5967
2017-10-11,5.6126
2017-10-10,5.5768
2017-10-09,5.7448
2017-10-06,5.7398
2017-10-05,5.7318
2017-10-04,5.5688
2017-10-03,5.7905
2017-10-02,5.7776
2017-09-29,5.872
2017-09-28,5.8551
2017-09-27,5.8253
2017-09-26,5.6324
2017-09-25,5.6404
2017-09-22,5.705
2017-09-21,5.6593
2017-09-20,5.5927
2017-09-19,5.6424
2017-09-18,5.5927
2017-09-15,5.5539
2017-09-14,5.6245
2017-09-13,5.5609
2017-09-12,5.539
2017-09-11,5.4903
2017-09-08,5.3123
2017-09-07,5.2487
2017-09-06,5.2716
2017-09-05,5.3173
2017-09-04,5.4078
2017-09-01,5.4446
2017-08-31,5.4267
2017-08-30,5.375
2017-08-29,5.3382
2017-08-28,5.4137
2017-08-25,5.4376
2017-08-24,5.4376
2017-08-23,5.4008
2017-08-22,5.4485
2017-08-21,5.4058
2017-08-18,5.4575
2017-08-17,5.4684
2017-08-16,5.6086
2017-08-15,5.5758
2017-08-14,5.5599
2017-08-11,5.4386
2017-08-10,5.5668
2017-08-09,5.698
2017-08-08,5.8183
2017-08-07,5.832
2017-08-04,5.815
2017-08-03,5.758
2017-08-02,5.715
2017-08-01,5.824
2017-07-31,5.774
2017-07-28,5.8
2017-07-27,5.808
2017-07-26,5.806
2017-07-25,5.809
2017-07-24,5.704
2017-07-21,5.637
2017-07-20,5.72
2017-07-19,5.655
2017-07-18,5.684
2017-07-17,5.735
2017-07-14,5.795
2017-07-13,5.85
2017-07-12,5.786
2017-07-11,5.763
2017-07-10,5.809
2017-07-07,5.809
2017-07-06,5.876
2017-07-05,5.8236
2017-07-04,5.8571
2017-07-03,5.9033
2017-06-30,5.6968
2017-06-29,5.8118
2017-06-28,5.9004
2017-06-27,5.7882
2017-06-26,5.7489
2017-06-23,5.6997
2017-06-22,5.7597
2017-06-21,5.7538
2017-06-20,5.7607
2017-06-19,5.8286
2017-06-16,5.7577
2017-06-15,5.7902
2017-06-14,5.8325
2017-06-13,5.9594
2017-06-12,5.9653
2017-06-09,6.0194
2017-06-08,5.9505
2017-06-07,5.6545
2017-06-06,5.7046
2017-06-05,5.7145
2017-06-02,5.7243
2017-06-01,5.6948
2017-05-31,5.6859
2017-05-30,5.7056
2017-05-29,5.7676
2017-05-26,5.7705
2017-05-25,5.7882
2017-05-24,5.7784
2017-05-23,5.743
2017-05-22,5.6141
2017-05-19,5.7371
2017-05-18,5.6436
2017-05-17,5.86
2017-05-16,6.0341
2017-05-15,6.043
2017-05-12,5.9289
2017-05-11,5.9603
2017-05-10,6.0321
2017-05-09,6.0567
2017-05-08,6.162
2017-05-05,6.1935
2017-05-04,6.0666
2017-05-03,5.9731
2017-05-02,5.9564
2017-04-28,5.8885
2017-04-27,5.8443
2017-04-26,5.9505
2017-04-25,5.9407
2017-04-24,5.9013
2017-04-21,5.5768
2017-04-20,5.5669
2017-04-19,5.5453
2017-04-18,5.385
2017-04-13,5.3968
2017-04-12,5.4715
2017-04-11,5.5423
2017-04-10,5.5846
2017-04-07,5.68
2017-04-06,5.6653
2017-04-05,5.6063
2017-04-04,5.5699
2017-04-03,5.5522
2017-03-31,5.6505
2017-03-30,5.6505
2017-03-29,5.6279
2017-03-28,5.6653
2017-03-27,5.5718
2017-03-24,5.621
2017-03-23,5.6299
2017-03-22,5.5876
2017-03-21,5.564
2017-03-20,5.5433
2017-03-17,5.5571
2017-03-16,5.5423
2017-03-15,5.3437
2017-03-14,5.2719
2017-03-13,5.3712
2017-03-10,5.3997
2017-03-09,5.383
2017-03-08,5.2542
2017-03-07,5.2001
2017-03-06,5.1971
2017-03-03,5.2276
2017-03-02,5.143
2017-03-01,5.2315
2017-02-28,5.0692
2017-02-27,4.9738
2017-02-24,4.966
2017-02-23,5.0319
2017-02-22,5.0191
2017-02-21,5.1145
2017-02-20,5.0781
2017-02-17,5.0555
2017-02-16,5.1214
2017-02-15,5.1735
2017-02-14,5.086
2017-02-13,5.0466
2017-02-10,4.9581
2017-02-09,5.0427
2017-02-08,4.964
2017-02-07,5.0338
2017-02-06,5.1361
2017-02-03,5.2473
2017-02-02,5.202
2017-02-01,5.1204
2017-01-31,5.0643
2017-01-30,5.1174
2017-01-27,5.2689
2017-01-26,5.2738
2017-01-25,5.2827
2017-01-24,5.0781
2017-01-23,4.967
2017-01-20,5.0486
2017-01-19,5.0033
2017-01-18,4.9758
2017-01-17,4.9591
2017-01-16,4.9817
2017-01-13,5.0643
2017-01-12,4.9778
2017-01-11,4.9876
2017-01-10,5.0309
2017-01-09,5.0358
2017-01-06,5.0929
2017-01-05,5.0643
2017-01-04,5.0496
2017-01-03,5.027
2017-01-02,4.9079
2016-12-31,4.1688
2016-12-30,4.8775
2016-12-29,4.8214
2016-12-28,4.847
2016-12-27,4.8716
2016-12-23,4.8912
2016-12-22,4.8706
2016-12-21,4.8912
2016-12-20,4.9129
2016-12-19,4.8352
2016-12-16,4.9502
2016-12-15,4.9158
2016-12-14,4.8076
2016-12-13,4.8706
2016-12-12,4.8116
2016-12-09,4.7939
2016-12-08,4.8489
2016-12-07,4.606
2016-12-06,4.4949
2016-12-05,4.2785
2016-12-02,4.2195
2016-12-01,4.2706
2016-11-30,4.2421
2016-11-29,4.1919
2016-11-28,4.1408
2016-11-25,4.2077
2016-11-24,4.2342
2016-11-23,4.2617
2016-11-22,4.2588
2016-11-21,4.1998
2016-11-18,4.1958
2016-11-17,4.2745
2016-11-16,4.2509
2016-11-15,4.2972
2016-11-14,4.2499
2016-11-11,4.1801
2016-11-10,4.3562
2016-11-09,4.3493
2016-11-08,4.3404
2016-11-07,4.3011
2016-11-04,4.2263
2016-11-03,4.2834
2016-11-02,4.2391
2016-11-01,4.3178
2016-10-31,4.4034
2016-10-28,4.4437
2016-10-27,4.4634
2016-10-26,4.3847
2016-10-25,4.368
2016-10-24,4.4181
2016-10-21,4.2588
2016-10-20,4.2136
2016-10-19,4.1132
2016-10-18,4.091
2016-10-17,3.9919
2016-10-14,4.0038
2016-10-13,3.8684
2016-10-12,3.999
2016-10-11,3.983
2016-10-10,3.982
2016-10-07,3.969
2016-10-06,4.051
2016-10-05,4.013
2016-10-04,3.952
2016-10-03,3.945
2016-09-30,3.948
2016-09-29,3.935
2016-09-28,3.91
2016-09-27,3.86
2016-09-26,3.877
2016-09-23,3.958
2016-09-22,4.091
2016-09-21,4.0
2016-09-20,3.877
2016-09-19,3.916
2016-09-16,3.879
2016-09-15,3.956
2016-09-14,3.927
2016-09-13,3.979
2016-09-12,4.091
2016-09-09,4.201
2016-09-08,4.222
2016-09-07,4.129
2016-09-06,4.069
2016-09-05,4.123
2016-09-02,4.101
2016-09-01,4.038
2016-08-31,4.02
2016-08-30,3.928
2016-08-29,3.87
2016-08-26,3.885
2016-08-25,3.85
2016-08-24,3.86
2016-08-23,3.768
2016-08-22,3.664
2016-08-19,3.64
2016-08-18,3.718
2016-08-17,3.713
2016-08-16,3.81
2016-08-15,3.844
2016-08-12,3.842
2016-08-11,3.851
2016-08-10,3.823
2016-08-09,3.81
2016-08-08,3.769
2016-08-05,3.704
2016-08-04,3.592
2016-08-03,3.495
2016-08-02,3.509
2016-08-01,3.706
2016-07-29,3.794
2016-07-28,3.71
2016-07-27,3.863
2016-07-26,3.754
2016-07-25,3.789
2016-07-22,3.878
2016-07-21,3.861
2016-07-20,3.811
2016-07-19,3.763
2016-07-18,3.806
2016-07-15,3.812
2016-07-14,3.824
2016-07-13,3.724
2016-07-12,3.801
2016-07-11,3.569
2016-07-08,3.523
2016-07-07,3.35
2016-07-06,3.32
2016-07-05,3.383
2016-07-04,3.487
2016-07-01,3.503
2016-06-30,3.429
2016-06-29,3.476
2016-06-28,3.358
2016-06-27,3.3
2016-06-24,3.384
2016-06-23,4.224
2016-06-22,4.05
2016-06-21,4.025
2016-06-20,3.956
2016-06-17,3.806
2016-06-16,3.66
2016-06-15,3.686
2016-06-14,3.625
2016-06-13,3.726
2016-06-10,3.861
2016-06-09,4.066
2016-06-08,4.085
2016-06-07,4.142
2016-06-06,4.083
2016-06-03,4.053
2016-06-02,4.204
2016-06-01,4.172
2016-05-31,4.291
2016-05-30,4.414
2016-05-27,4.4
2016-05-26,4.358
2016-05-25,4.44
2016-05-24,4.186
2016-05-23,4.072
2016-05-20,4.145
2016-05-19,4.087
2016-05-18,4.13
2016-05-17,4.067
2016-05-16,4.057
2016-05-13,4.061
2016-05-12,4.028
2016-05-11,4.039
2016-05-10,4.075
2016-05-09,3.961
2016-05-06,4.066
2016-05-05,4.04
2016-05-04,4.058
2016-05-03,4.16
2016-05-02,4.372
2016-04-29,4.421
2016-04-28,4.627
2016-04-27,4.597
2016-04-26,4.526
2016-04-25,4.38
2016-04-22,4.47
2016-04-21,4.44
2016-04-20,4.319
2016-04-19,4.169
2016-04-18,4.126
2016-04-15,4.057
2016-04-14,4.089
2016-04-13,4.058
2016-04-12,3.772
2016-04-11,3.731
2016-04-08,3.663
2016-04-07,3.576
2016-04-06,3.639
2016-04-05,3.65
2016-04-04,3.781
2016-04-01,3.795
2016-03-31,3.874
2016-03-30,3.976
2016-03-29,3.967
2016-03-24,3.99
2016-03-23,4.081
2016-03-22,4.17
2016-03-21,4.235
2016-03-18,4.282
2016-03-17,4.244
2016-03-16,4.212
2016-03-15,4.314
2016-03-14,4.514
2016-03-11,4.452
2016-03-10,4.155
2016-03-09,4.111
2016-03-08,4.143
2016-03-07,4.103
2016-03-04,4.122
2016-03-03,4.047
2016-03-02,4.047
2016-03-01,3.831
2016-02-29,3.753
2016-02-26,3.686
2016-02-25,3.525
2016-02-24,3.439
2016-02-23,3.611
2016-02-22,3.674
2016-02-19,3.499
2016-02-18,3.614
2016-02-17,3.757
2016-02-16,3.603
2016-02-15,3.609
2016-02-12,3.482
2016-02-11,3.31
2016-02-10,3.554
2016-02-09,3.38
2016-02-08,3.516
2016-02-05,3.749
2016-02-04,3.659
2016-02-03,3.463
2016-02-02,3.61
2016-02-01,3.806
2016-01-29,3.935
2016-01-28,3.839
2016-01-27,3.982
2016-01-26,3.99
2016-01-25,3.855
2016-01-22,4.019
2016-01-21,3.848
2016-01-20,3.734
2016-01-19,3.923
2016-01-18,3.948
2016-01-15,3.998
2016-01-14,4.109
2016-01-13,4.147
2016-01-12,4.131
2016-01-11,4.079
2016-01-08,4.039
2016-01-07,4.151
2016-01-06,4.238
2016-01-05,4.379
2016-01-04,4.417
2016-01-01,0.165
2015-12-31,4.558
2015-12-30,4.611
2015-12-29,4.622
2015-12-28,4.581
2015-12-25,0.165
2015-12-24,4.691
2015-12-23,4.647
2015-12-22,4.518
2015-12-21,4.476
2015-12-18,4.704
2015-12-17,4.787
2015-12-16,4.668
2015-12-15,4.633
2015-12-14,4.445
2015-12-11,4.607
2015-12-10,4.703
2015-12-09,4.734
2015-12-08,4.733
2015-12-07,4.87
2015-12-04,4.959
2015-12-03,4.942
2015-12-02,5.097
2015-12-01,5.171
2015-11-30,5.168
2015-11-27,5.117
2015-11-26,5.173
2015-11-25,5.088
2015-11-24,5.192
2015-11-23,5.175
2015-11-20,5.163
2015-11-19,5.206
2015-11-18,5.105
2015-11-17,5.112
2015-11-16,4.952
2015-11-13,4.998
2015-11-12,5.028
2015-11-11,5.22
2015-11-10,5.175
2015-11-09,5.193
2015-11-06,5.305
2015-11-05,5.207
2015-11-04,5.275
2015-11-03,5.196
2015-11-02,5.146
2015-10-30,5.1
2015-10-29,5.085
2015-10-28,5.204
2015-10-27,5.139
2015-10-26,5.225
2015-10-23,5.271
2015-10-22,5.216
2015-10-21,5.053
2015-10-20,5.029
2015-10-19,5.1005
2015-10-16,5.1401
2015-10-15,4.9876
2015-10-14,4.9965
2015-10-13,5.0906
2015-10-12,5.2322
2015-10-09,5.3184
2015-10-08,5.1649
2015-10-07,5.1965
2015-10-06,5.0728
2015-10-05,4.9331
2015-10-02,4.7212
2015-10-01,4.6875
2015-09-30,4.6984
2015-09-29,4.6172
2015-09-28,4.5845
2015-09-25,4.6716
2015-09-24,4.5667
2015-09-23,4.7241
2015-09-22,4.8252
2015-09-21,5.0044
2015-09-18,5.0024
2015-09-17,5.1837
2015-09-16,5.1025
2015-09-15,5.0024
2015-09-14,4.9589
2015-09-11,4.9816
2015-09-10,5.0648
2015-09-09,5.2381
2015-09-08,5.1242
2015-09-07,5.1143
2015-09-04,5.1282
2015-09-03,5.2788
2015-09-02,5.2411
2015-09-01,5.256
2015-08-31,5.4075
2015-08-28,5.5105
2015-08-27,5.46
2015-08-26,5.258
2015-08-25,5.3788
2015-08-24,5.1569
2015-08-21,5.5432
2015-08-20,5.7244
2015-08-19,5.8106
2015-08-18,5.868
2015-08-17,5.8878
2015-08-14,5.8789
2015-08-13,5.9423
2015-08-12,5.9601
2015-08-11,6.1325
2015-08-10,6.2454
2015-08-07,6.1443
2015-08-06,6.1958
2015-08-05,6.2147
2015-08-04,6.1285
2015-08-03,6.2127
2015-07-31,6.2236
2015-07-30,6.2166
2015-07-29,6.4355
2015-07-28,6.4068
2015-07-27,6.3444
2015-07-24,6.488
2015-07-23,6.6078
2015-07-22,6.6514
2015-07-21,6.6207
2015-07-20,6.695
2015-07-17,6.6485
2015-07-16,6.699
2015-07-15,6.5663
2015-07-14,6.5148
2015-07-13,6.5524
2015-07-10,6.4157
2015-07-09,6.184
2015-07-08,5.973
2015-07-07,5.9403
2015-07-06,6.078
2015-07-03,6.2543
2015-07-02,6.3028
2015-07-01,6.3444
2015-06-30,6.2038
2015-06-29,6.2642
2015-06-26,6.7138
2015-06-25,6.6693
2015-06-24,6.6623
2015-06-23,6.7356
2015-06-22,6.7208
2015-06-19,6.3444
2015-06-18,6.2919
2015-06-17,6.2394
2015-06-16,6.2741
2015-06-15,6.279
2015-06-12,6.4187
2015-06-11,6.5128
2015-06-10,6.5048
2015-06-09,6.381
2015-06-08,6.3781
2015-06-05,6.4722
2015-06-04,6.5088
2015-06-03,6.5395
2015-06-02,6.4831
2015-06-01,6.3929
2015-05-29,6.4217
2015-05-28,6.5276
2015-05-27,6.6029
2015-05-26,6.487
2015-05-25,6.5514
2015-05-22,6.694
2015-05-21,6.7178
2015-05-20,6.699
2015-05-19,6.6564
2015-05-18,6.5504
2015-05-15,6.5791
2015-05-14,6.6653
2015-05-13,6.6029
2015-05-12,6.6267
2015-05-11,6.7257
2015-05-08,6.7346
2015-05-07,6.5405
2015-05-06,6.5266
2015-05-05,6.4573
2015-05-04,6.6841
2015-05-01,0.165
2015-04-30,6.691
2015-04-29,6.6693
2015-04-28,6.7841
2015-04-27,6.7049
2015-04-24,6.597
2015-04-23,6.5148
2015-04-22,6.494
2015-04-21,6.494
2015-04-20,6.5197
2015-04-17,6.494
2015-04-16,6.7
2015-04-15,6.8277
2015-04-14,6.7851
2015-04-13,6.9325
2015-04-10,6.8433
2015-04-09,6.8618
2015-04-08,6.8385
2015-04-07,6.9044
2015-04-06,0.165
2015-04-03,0.165
2015-04-02,6.8569
2015-04-01,6.8046
2015-03-31,6.8017
2015-03-30,6.7687
2015-03-27,6.6708
2015-03-26,6.7028
2015-03-25,6.6514
2015-03-24,6.7251
2015-03-23,6.6243
2015-03-20,6.5913
2015-03-19,6.2879
2015-03-18,6.2569
2015-03-17,6.2618
2015-03-16,6.287
2015-03-13,6.2288
2015-03-12,6.2424
2015-03-11,6.2114
2015-03-10,6.1193
2015-03-09,6.2821
2015-03-06,6.2811
2015-03-05,6.3345
2015-03-04,6.2976
2015-03-03,6.2327
2015-03-02,6.3412
2015-02-27,6.3325
2015-02-26,6.3005
2015-02-25,6.224
2015-02-24,6.2618
2015-02-23,6.2521
2015-02-20,6.2114
2015-02-19,6.2559
2015-02-18,6.2143
2015-02-17,6.1135
2015-02-16,6.0883
2015-02-13,6.097
2015-02-12,5.9487
2015-02-11,5.7965
2015-02-10,5.8808
2015-02-09,5.8246
2015-02-06,5.9525
2015-02-05,5.9225
2015-02-04,5.9904
2015-02-03,6.0175
2015-02-02,5.7529
2015-01-30,5.7771
2015-01-29,5.8401
2015-01-28,5.7771
2015-01-27,5.9564
2015-01-26,6.0572
2015-01-23,6.0214
2015-01-22,5.9351
2015-01-21,5.8624
2015-01-20,5.907
2015-01-19,5.8702
2015-01-16,5.8256
2015-01-15,5.844
2015-01-14,5.7664
2015-01-13,5.8288
2015-01-12,5.734
2015-01-09,5.5824
2015-01-08,6.4979
2015-01-07,6.2885
2015-01-06,6.2487
2015-01-05,6.3596
2015-01-02,6.6638
2015-01-01,0.165
2014-12-31,6.996
2014-12-30,7.021
2014-12-29,7.143
2014-12-26,7.169
2014-12-25,7.169
2014-12-24,7.169
2014-12-23,7.179
2014-12-22,7.09
2014-12-19,7.093
2014-12-18,7.08
2014-12-17,6.833
2014-12-16,6.82
2014-12-15,6.636
2014-12-12,6.778
2014-12-11,7.011
2014-12-10,6.98
2014-12-09,7.032
2014-12-08,7.292
2014-12-05,7.38
2014-12-04,7.14
2014-12-03,7.375
2014-12-02,7.271
2014-12-01,7.176
2014-11-28,7.249
2014-11-27,7.183
2014-11-26,7.141
2014-11-25,7.161
2014-11-24,7.09
2014-11-21,6.919
2014-11-20,6.675
2014-11-19,6.81
2014-11-18,6.818
2014-11-17,6.765
2014-11-14,6.669
2014-11-13,6.636
2014-11-12,6.633
2014-11-11,6.791
2014-11-10,6.731
2014-11-07,6.648
2014-11-06,6.78
2014-11-05,6.834
2014-11-04,6.75
2014-11-03,6.99
2014-10-31,7.028
2014-10-30,6.839
2014-10-29,6.86
2014-10-28,6.965
2014-10-27,6.866
2014-10-24,7.041
2014-10-23,7.03
2014-10-22,6.992
2014-10-21,6.949
2014-10-20,6.814
2014-10-17,6.966
2014-10-16,6.733
2014-10-15,6.861
2014-10-14,7.149
2014-10-13,7.15
2014-10-10,7.116
2014-10-09,7.166
2014-10-08,7.22
2014-10-07,7.271
2014-10-06,7.452
2014-10-03,7.392
2014-10-02,7.259
2014-10-01,7.555
2014-09-30,7.611
2014-09-29,7.521
2014-09-26,7.72
2014-09-25,7.663
2014-09-24,7.686
2014-09-23,7.625
2014-09-22,7.716
2014-09-19,7.75
2014-09-18,7.77
2014-09-17,7.686
2014-09-16,7.624
2014-09-15,7.654
2014-09-12,7.685
2014-09-11,7.651
2014-09-10,7.7
2014-09-09,7.75
2014-09-08,7.87
2014-09-05,7.898
2014-09-04,7.885
2014-09-03,7.683
2014-09-02,7.581
2014-09-01,7.6
2014-08-29,7.59
2014-08-28,7.584
2014-08-27,7.701
2014-08-26,7.687
2014-08-25,7.578
2014-08-22,7.394
2014-08-21,7.441
2014-08-20,7.33
2014-08-19,7.331
2014-08-18,7.314
2014-08-15,7.2
2014-08-14,7.281
2014-08-13,7.299
2014-08-12,7.224
2014-08-11,7.223
2014-08-08,7.202
2014-08-07,7.135
2014-08-06,7.263
2014-08-05,7.311
2014-08-04,7.403
2014-08-01,7.411
2014-07-31,7.547
2014-07-30,7.7
2014-07-29,7.63
2014-07-28,7.594
2014-07-25,7.622
2014-07-24,7.598
2014-07-23,7.45
2014-07-22,7.43
2014-07-21,7.28
2014-07-18,7.34
2014-07-17,7.31
2014-07-16,7.44
2014-07-15,7.295
2014-07-14,7.528
2014-07-11,7.44
2014-07-10,7.43
2014-07-09,7.609
2014-07-08,7.5
2014-07-07,7.632
2014-07-04,7.73
2014-07-03,7.85
2014-07-02,7.73
2014-07-01,7.75
2014-06-30,7.63
2014-06-27,7.648
2014-06-26,7.693
2014-06-25,7.714
2014-06-24,7.845
2014-06-23,7.815
2014-06-20,7.842
2014-06-19,7.858
2014-06-18,7.735
2014-06-17,7.738
2014-06-16,7.738
2014-06-13,7.859
2014-06-12,7.826
2014-06-11,7.84
2014-06-10,7.869
2014-06-09,7.885
2014-06-06,7.82
2014-06-05,7.604
2014-06-04,7.532
2014-06-03,7.517
2014-06-02,7.525
2014-05-30,7.524
2014-05-29,7.475
2014-05-28,7.528
2014-05-27,7.484
2014-05-26,7.451
2014-05-23,7.369
2014-05-22,7.322
2014-05-21,7.402
2014-05-20,7.342
2014-05-19,7.25
2014-05-16,7.305
2014-05-15,7.139
2014-05-14,7.368
2014-05-13,7.326
2014-05-12,7.263
2014-05-09,7.235
2014-05-08,7.326
2014-05-07,7.157
2014-05-06,7.109
2014-05-05,7.16
2014-05-02,7.152
2014-05-01,7.167
2014-04-30,7.167
2014-04-29,7.154
2014-04-28,7.046
2014-04-25,6.977
2014-04-24,7.1
2014-04-23,7.048
2014-04-22,7.12
2014-04-21,7.064
2014-04-18,7.064
2014-04-17,7.064
2014-04-16,7.05
2014-04-15,6.931
2014-04-14,7.005
2014-04-11,7.065
2014-04-10,7.058
2014-04-09,7.153
2014-04-08,7.174
2014-04-07,7.175
2014-04-04,7.229
2014-04-03,7.148
2014-04-02,7.014
2014-04-01,7.04
2014-03-31,6.921
2014-03-28,6.83
2014-03-27,6.7
2014-03-26,6.655
2014-03-25,6.52
2014-03-24,6.44
2014-03-21,6.515
2014-03-20,6.516
2014-03-19,6.496
2014-03-18,6.512
2014-03-17,6.43
2014-03-14,6.359
2014-03-13,6.442
2014-03-12,6.486
2014-03-11,6.545
2014-03-10,6.604
2014-03-07,6.556
2014-03-06,6.677
2014-03-05,6.625
2014-03-04,6.541
2014-03-03,6.371
2014-02-28,6.566
2014-02-27,6.577
2014-02-26,6.585
2014-02-25,6.62
2014-02-24,6.57
2014-02-21,6.481
2014-02-20,6.5
2014-02-19,6.496
2014-02-18,6.512
2014-02-17,6.56
2014-02-14,6.532
2014-02-13,6.53
2014-02-12,6.512
2014-02-11,6.54
2014-02-10,6.443
2014-02-07,6.55
2014-02-06,6.471
2014-02-05,6.338
2014-02-04,6.268
2014-02-03,6.221
2014-01-31,6.41
2014-01-30,6.43
2014-01-29,6.385
2014-01-28,6.361
2014-01-27,6.263
2014-01-24,6.337
2014-01-23,6.569
2014-01-22,6.615
2014-01-21,6.67
2014-01-20,6.706
2014-01-17,6.712
2014-01-16,6.731
2014-01-15,6.83
2014-01-14,6.813
2014-01-13,6.809
2014-01-10,6.755
2014-01-09,6.731
2014-01-08,6.783
2014-01-07,6.731
2014-01-06,6.486
2014-01-03,6.411
2014-01-02,6.367
2014-01-01,6.506
2013-12-31,6.506
2013-12-30,6.5
2013-12-27,6.511
2013-12-26,6.451
2013-12-25,6.451
2013-12-24,6.451
2013-12-23,6.41
2013-12-20,6.372
2013-12-19,6.318
2013-12-18,6.17
2013-12-17,6.08
2013-12-16,6.176
2013-12-13,6.04
2013-12-12,6.059
2013-12-11,6.148
2013-12-10,6.233
2013-12-09,6.285
2013-12-06,6.226
2013-12-05,6.2
2013-12-04,6.325
2013-12-03,6.37
2013-12-02,6.48
2013-11-29,6.543
2013-11-28,6.584
2013-11-27,6.517
2013-11-26,6.42
2013-11-25,6.44
2013-11-22,6.428
2013-11-21,6.377
2013-11-20,6.34
2013-11-19,6.352
2013-11-18,6.483
2013-11-15,6.388
2013-11-14,6.387
2013-11-13,6.392
2013-11-12,6.405
2013-11-11,6.458
2013-11-08,6.409
2013-11-07,6.462
2013-11-06,6.502
2013-11-05,6.43
2013-11-04,6.506
2013-11-01,6.484
2013-10-31,6.539
2013-10-30,6.425
2013-10-29,6.49
2013-10-28,6.347
2013-10-25,6.53
2013-10-24,6.613
2013-10-23,6.54
2013-10-22,6.7
2013-10-21,6.747
2013-10-18,6.774
2013-10-17,6.72
2013-10-16,6.697
2013-10-15,6.714
2013-10-14,6.597
2013-10-11,6.524
2013-10-10,6.565
2013-10-09,6.348
2013-10-08,6.263
2013-10-07,6.33
2013-10-04,6.328
2013-10-03,6.136
2013-10-02,6.181
2013-10-01,6.164
2013-09-30,6.028
2013-09-27,6.082
2013-09-26,6.08
2013-09-25,6.051
2013-09-24,5.967
2013-09-23,5.902
2013-09-20,5.962
2013-09-19,5.947
2013-09-18,5.879
2013-09-17,5.785
2013-09-16,5.79
2013-09-13,5.766
2013-09-12,5.765
2013-09-11,5.735
2013-09-10,5.68
2013-09-09,5.541
2013-09-06,5.562
2013-09-05,5.481
2013-09-04,5.449
2013-09-03,5.42
2013-09-02,5.447
2013-08-30,5.34
2013-08-29,5.43
2013-08-28,5.425
2013-08-27,5.413
2013-08-26,5.62
2013-08-23,5.665
2013-08-22,5.605
2013-08-21,5.494
2013-08-20,5.53
2013-08-19,5.654
2013-08-16,5.82
2013-08-15,5.686
2013-08-14,5.755
2013-08-13,5.692
2013-08-12,5.664
2013-08-09,5.671
2013-08-08,5.628
2013-08-07,5.544
2013-08-06,5.501
2013-08-05,5.501
2013-08-02,5.545
2013-08-01,5.533
2013-07-31,5.494
2013-07-30,5.493
2013-07-29,0.165
2013-07-26,0.165
2013-07-25,0.165
2013-07-24,5.259
2013-07-23,5.13
2013-07-22,5.019
2013-07-19,4.998
2013-07-18,5.03
2013-07-17,4.939
2013-07-16,4.87
2013-07-15,4.92
2013-07-12,5.1834
2013-07-11,5.269
2013-07-10,5.2494
2013-07-09,5.3061
2013-07-08,5.305
2013-07-05,5.1618
2013-07-04,5.3019
2013-07-03,5.0969
2013-07-02,5.2133
2013-07-01,5.203
2013-06-28,5.0505
2013-06-27,5.1154
2013-06-26,5.2051
2013-06-25,5.0176
2013-06-24,4.9908
2013-06-21,5.1082
2013-06-20,5.1834
2013-06-19,5.4091
2013-06-18,5.4833
2013-06-17,5.4606
2013-06-14,5.4493
2013-06-13,5.4132
2013-06-12,5.442
2013-06-11,5.4585
2013-06-10,5.576
2013-06-07,5.6327
2013-06-06,5.5987
2013-06-05,5.6852
2013-06-04,5.7511
2013-06-03,5.6646
2013-05-31,5.7079
2013-05-30,5.7522
2013-05-29,5.7584
2013-05-28,5.748
2013-05-27,5.575
2013-05-24,5.4668
2013-05-23,5.5461
2013-05-22,5.6337
2013-05-21,5.6079
2013-05-20,5.6306
2013-05-17,5.6718
2013-05-16,5.6048
2013-05-15,5.5945
2013-05-14,5.5018
2013-05-13,5.543
2013-05-10,5.6667
2013-05-09,5.7563
2013-05-08,5.8006
2013-05-07,5.7903
2013-05-06,5.714
2013-05-03,5.7532
2013-05-02,5.646
2013-05-01,5.6574
2013-04-30,5.6574
2013-04-29,5.7233
2013-04-26,5.578
2013-04-25,5.6564
2013-04-24,5.7924
2013-04-23,5.748
2013-04-22,5.4657
2013-04-19,5.3864
2013-04-18,5.3267
2013-04-17,5.3091
2013-04-16,5.3957
2013-04-15,5.4091
2013-04-12,5.408
2013-04-11,5.7058
2013-04-10,5.6831
2013-04-09,5.407
2013-04-08,5.3524
2013-04-05,5.339
2013-04-04,5.3514
2013-04-03,5.3885
2013-04-02,5.5513
2013-04-01,5.4008
2013-03-29,5.4008
2013-03-28,5.4008
2013-03-27,5.3895
2013-03-26,5.4482
2013-03-25,5.578
2013-03-22,5.7645
2013-03-21,5.813
2013-03-20,5.8913
2013-03-19,5.7882
2013-03-18,6.0067
2013-03-15,6.1499
2013-03-14,6.1509
2013-03-13,5.9974
2013-03-12,6.0448
2013-03-11,6.0819
2013-03-08,6.1664
2013-03-07,5.9757
2013-03-06,5.9572
2013-03-05,6.0448
2013-03-04,5.9314
2013-03-01,5.9077
2013-02-28,5.9871
2013-02-27,5.95
2013-02-26,5.7893
2013-02-25,6.0747
2013-02-22,6.0231
2013-02-21,5.883
2013-02-20,6.0376
2013-02-19,6.1488
2013-02-18,6.0334
2013-02-15,6.0726
2013-02-14,6.1591
2013-02-13,6.2096
2013-02-12,6.189
2013-02-11,6.0829
2013-02-08,6.1818
2013-02-07,5.9706
2013-02-06,6.0077
2013-02-05,6.0376
2013-02-04,5.8634
2013-02-01,6.2179
2013-01-31,6.3662
2013-01-30,6.5939
2013-01-29,6.6928
2013-01-28,6.7103
2013-01-25,6.7371
2013-01-24,6.6856
2013-01-23,6.6248
2013-01-22,6.6269
2013-01-21,6.6547
2013-01-18,6.6362
2013-01-17,6.6454
2013-01-16,6.6279
2013-01-15,6.6259
2013-01-14,6.8206
2013-01-11,6.7907
2013-01-10,6.6784
2013-01-09,6.595
2013-01-08,6.5321
2013-01-07,6.5136
2013-01-04,6.5218
2013-01-03,6.4981
2013-01-02,6.5208
2013-01-01,6.2848
2012-12-31,6.2848
2012-12-28,6.19
2012-12-27,6.2817
2012-12-26,6.2745
2012-12-25,6.2745
2012-12-24,6.2745
2012-12-21,6.2951
2012-12-20,6.2179
2012-12-19,6.1921
2012-12-18,6.1385
2012-12-17,6.0067
2012-12-14,6.0788
2012-12-13,6.0788
2012-12-12,6.0376
2012-12-11,5.9778
2012-12-10,5.9201
2012-12-07,6.0252
2012-12-06,6.0788
2012-12-05,6.0561
2012-12-04,6.1066
2012-12-03,6.0767
2012-11-30,6.0932
2012-11-29,6.0726
2012-11-28,5.9314
2012-11-27,5.9479
2012-11-26,5.952
2012-11-23,5.986
2012-11-22,5.9469
2012-11-21,5.883
2012-11-20,5.8418
2012-11-19,5.8274
2012-11-16,5.6481
2012-11-15,5.7872
2012-11-14,5.7594
2012-11-13,5.7985
2012-11-12,5.5976
2012-11-09,5.6667
2012-11-08,5.6904
2012-11-07,5.6873
2012-11-06,5.8964
2012-11-05,5.883
2012-11-02,6.0314
2012-11-01,5.9891
2012-10-31,5.9644
2012-10-30,5.9438
2012-10-29,5.816
2012-10-26,5.8933
2012-10-25,5.9191
2012-10-24,5.9541
2012-10-23,5.9067
2012-10-22,5.9654
2012-10-19,6.0273
2012-10-18,6.2137
2012-10-17,6.3147
2012-10-16,6.2436
2012-10-15,5.985
2012-10-12,5.9139
2012-10-11,6.0221
2012-10-10,5.9077
2012-10-09,6.0139
2012-10-08,6.1664
2012-10-05,6.2436
2012-10-04,6.0448
2012-10-03,6.0479
2012-10-02,6.122
2012-10-01,6.054
2012-09-28,5.9706
2012-09-27,6.1004
2012-09-26,6.1035
2012-09-25,6.392
2012-09-24,6.357
2012-09-21,6.4394
2012-09-20,6.2189
2012-09-19,6.2951
2012-09-18,6.2848
2012-09-17,6.4291
2012-09-14,6.4806
2012-09-13,6.325
2012-09-12,6.4435
2012-09-11,6.3621
2012-09-10,6.2529
2012-09-07,6.2673
2012-09-06,6.1622
2012-09-05,5.8913
2012-09-04,5.8727
2012-09-03,5.8511
2012-08-31,5.8418
2012-08-30,5.51
2012-08-29,5.6512
2012-08-28,5.7388
2012-08-27,5.7851
2012-08-24,5.7244
2012-08-23,5.7614
2012-08-22,5.7192
2012-08-21,5.883
2012-08-20,5.8109
2012-08-17,5.8923
2012-08-16,5.78
2012-08-15,5.5605
2012-08-14,5.5533
2012-08-13,5.4936
2012-08-10,5.4503
2012-08-09,5.4699
2012-08-08,5.5049
2012-08-07,5.5121
2012-08-06,5.3473
2012-08-03,5.1412
2012-08-02,4.7703
2012-08-01,5.1124
2012-07-31,5.1
2012-07-30,5.1247
2012-07-27,4.9248
2012-07-26,4.6467
2012-07-25,4.1985
2012-07-24,4.1604
2012-07-23,4.3582
2012-07-20,4.317
2012-07-19,4.658
2012-07-18,4.6528
2012-07-17,4.6518
2012-07-16,4.6456
2012-07-13,4.8053
2012-07-12,4.9248
2012-07-11,5.0237
2012-07-10,4.9382
2012-07-09,4.9619
2012-07-06,5.0474
2012-07-05,5.2504
2012-07-04,5.4657
2012-07-03,5.4812
2012-07-02,5.4091
2012-06-29,5.3792
2012-06-28,5.033
2012-06-27,4.9959
2012-06-26,4.8527
2012-06-25,4.9248
2012-06-22,5.168
2012-06-21,5.1134
2012-06-20,5.1113
2012-06-19,4.9753
2012-06-18,4.8383
2012-06-15,5.0701
2012-06-14,5.1185
2012-06-13,5.0258
2012-06-12,4.9619
2012-06-11,4.9815
2012-06-08,4.9949
2012-06-07,4.9259
2012-06-06,4.8455
2012-06-05,4.7219
2012-06-04,4.6673
2012-06-01,4.4509
2012-05-31,4.4251
2012-05-30,4.3788
2012-05-29,4.4303
2012-05-28,4.5405
2012-05-25,4.692
2012-05-24,4.6807
2012-05-23,4.6157
2012-05-22,4.759
2012-05-21,4.6508
2012-05-18,4.7157
2012-05-17,4.5797
2012-05-16,4.657
2012-05-15,4.7425
2012-05-14,4.8661
2012-05-11,5.0186
2012-05-10,5.0691
2012-05-09,4.7827
2012-05-08,5.0093
2012-05-07,5.0485
2012-05-04,4.8218
2012-05-03,4.7188
2012-05-02,4.7023
2012-05-01,4.863
2012-04-30,4.863
2012-04-27,4.9867
2012-04-26,4.8939
2012-04-25,5.065
2012-04-24,4.9547
2012-04-23,4.8187
2012-04-20,4.8939
2012-04-19,4.7775
2012-04-18,4.9537
2012-04-17,5.1618
2012-04-16,4.9753
2012-04-13,5.0073
2012-04-12,5.3885
2012-04-11,5.4637
2012-04-10,5.3576
2012-04-09,5.5739
2012-04-06,5.5739
2012-04-05,5.5739
2012-04-04,5.5739
2012-04-03,5.7192
2012-04-02,5.9541
2012-03-30,5.9448
2012-03-29,5.85
2012-03-28,5.9603
2012-03-27,6.0777
2012-03-26,6.1581
2012-03-23,6.2189
2012-03-22,6.2787
2012-03-21,6.4208
2012-03-20,6.5805
2012-03-19,6.6609
2012-03-16,6.528
2012-03-15,6.4332
2012-03-14,6.3951
2012-03-13,6.3549
2012-03-12,6.1581
2012-03-09,6.3065
2012-03-08,6.3621
2012-03-07,6.1808
2012-03-06,6.1313
2012-03-05,6.4188
2012-03-02,6.5527
2012-03-01,6.527
2012-02-29,6.4157
2012-02-28,6.459
2012-02-27,6.46
2012-02-24,6.4734
2012-02-23,6.4796
2012-02-22,6.5651
2012-02-21,6.7443
2012-02-20,6.7639
2012-02-17,6.6073
2012-02-16,6.4754
2012-02-15,6.6454
2012-02-14,6.6166
2012-02-13,6.6763
2012-02-10,6.6599
2012-02-09,6.7948
2012-02-08,6.7196
2012-02-07,6.7423
2012-02-06,6.697
2012-02-03,6.6207
2012-02-02,6.496
2012-02-01,6.3497
2012-01-31,6.1303
2012-01-30,6.1653
2012-01-27,6.3364
2012-01-26,6.3446
2012-01-25,6.2014
2012-01-24,6.1612
2012-01-23,6.1612
2012-01-20,6.0911
2012-01-19,6.0705
2012-01-18,5.78
2012-01-17,5.8933
2012-01-16,5.8315
2012-01-13,5.9242
2012-01-12,5.8531
2012-01-11,5.8944
2012-01-10,5.9139
2012-01-09,5.61
2012-01-06,5.6151
2012-01-05,5.6965
2012-01-04,5.9654
2012-01-03,6.2045
2012-01-02,6.1468
2011-12-30,6.0479
2011-12-29,5.9768
2011-12-28,5.8521
2011-12-27,5.9881
2011-12-26,6.0118
2011-12-23,6.0118
2011-12-22,5.9551
2011-12-21,5.8902
2011-12-20,5.9757
2011-12-19,5.7697
2011-12-16,5.7697
2011-12-15,5.7542
2011-12-14,5.6677
2011-12-13,5.8057
2011-12-12,5.8923
2011-12-09,6.1519
2011-12-08,6.0118
2011-12-07,6.1344
2011-12-06,6.154
2011-12-05,6.1097
2011-12-02,5.9593
2011-12-01,5.7244
2011-11-30,5.7687
2011-11-29,5.6543
2011-11-28,5.6625
2011-11-25,5.3792
2011-11-24,5.3071
2011-11-23,5.2854
2011-11-22,5.3947
2011-11-21,5.543
2011-11-18,5.7408
2011-11-17,5.6934
2011-11-16,5.7759
2011-11-15,5.6749
2011-11-14,5.8212
2011-11-11,5.983
2011-11-10,5.7439
2011-11-09,5.7419
2011-11-08,5.883
2011-11-07,5.8542
2011-11-04,6.0005
2011-11-03,6.052
2011-11-02,5.9799
2011-11-01,6.0613
2011-10-31,6.3642
2011-10-28,6.6197
2011-10-27,6.632
2011-10-26,6.1674
2011-10-25,6.2488
2011-10-24,6.3054
2011-10-21,6.2086
2011-10-20,6.0324
2011-10-19,6.3364
2011-10-18,6.2529
2011-10-17,6.2477
2011-10-14,6.4188
2011-10-13,6.4888
2011-10-12,6.6094
2011-10-11,6.4816
2011-10-10,6.5424
2011-10-07,6.5259
2011-10-06,6.4548
2011-10-05,6.2663
2011-10-04,6.0932
2011-10-03,6.188
2011-09-30,6.4126
2011-09-29,6.3734
2011-09-28,6.2694
2011-09-27,6.3631
2011-09-26,6.0953
2011-09-23,5.8995
2011-09-22,5.6378
2011-09-21,5.9345
2011-09-20,6.0891
2011-09-19,5.9624
2011-09-16,6.0994
2011-09-15,6.0994
2011-09-14,5.8016
2011-09-13,5.6584
2011-09-12,5.4235
2011-09-09,5.6904
2011-09-08,6.0293
2011-09-07,5.9356
2011-09-06,5.8212
2011-09-05,5.9407
2011-09-02,6.3157
2011-09-01,6.6372
2011-08-31,6.6145
2011-08-30,6.3374
2011-08-29,6.3405
2011-08-26,6.1921
2011-08-25,6.2848
2011-08-24,6.3271
2011-08-23,6.324
2011-08-22,6.324
2011-08-19,6.2735
2011-08-18,6.4723
2011-08-17,6.7474
2011-08-16,6.7114
2011-08-15,6.6619
2011-08-12,6.5939
2011-08-11,6.188
2011-08-10,5.9964
2011-08-09,6.5414
2011-08-08,6.563
2011-08-05,6.6393
2011-08-04,6.562
2011-08-03,6.8659
2011-08-02,6.9504
2011-08-01,7.1523
2011-07-29,7.547
2011-07-28,7.5923
2011-07-27,7.5634
2011-07-26,7.8117
2011-07-25,7.8231
2011-07-22,8.0827
2011-07-21,8.1765
2011-07-20,7.8303
2011-07-19,7.4563
2011-07-18,7.3378
2011-07-15,7.4748
2011-07-14,7.5676
2011-07-13,7.549
2011-07-12,7.5634
2011-07-11,7.547
2011-07-08,7.7932
2011-07-07,8.1023
2011-07-06,8.0879
2011-07-05,8.263
2011-07-04,8.3753
2011-07-01,8.4206
2011-06-30,8.2043
2011-06-29,8.0312
2011-06-28,7.8633
2011-06-27,7.7777
2011-06-24,7.7365
2011-06-23,7.8478
2011-06-22,8.2424
2011-06-21,8.2682
2011-06-20,8.1033
2011-06-17,8.1909
2011-06-16,7.853
2011-06-15,7.8509
2011-06-14,8.0971
2011-06-13,7.9024
2011-06-10,7.9302
2011-06-09,8.1095
2011-06-08,8.0992
2011-06-07,8.2115
2011-06-06,8.1888
2011-06-03,8.33
2011-06-02,8.2692
2011-06-01,8.3393
2011-05-31,8.5144
2011-05-30,8.1857
2011-05-27,8.2311
2011-05-26,8.1404
2011-05-25,8.1899
2011-05-24,8.0549
2011-05-23,8.0075
2011-05-20,8.1445
2011-05-19,8.3022
2011-05-18,8.3145
2011-05-17,8.2465
2011-05-16,8.3094
2011-05-13,8.2568
2011-05-12,8.4196
2011-05-11,8.4279
2011-05-10,8.4248
2011-05-09,8.2939
2011-05-06,8.5319
2011-05-05,8.4485
2011-05-04,8.5329
2011-05-03,8.6401
2011-05-02,8.6257
2011-04-29,8.8833
2011-04-28,8.8616
2011-04-27,8.7318
2011-04-26,8.5999
2011-04-21,8.4897
2011-04-20,8.4289
2011-04-19,8.3434
2011-04-18,8.2929
2011-04-15,8.5144
2011-04-14,8.5566
2011-04-13,8.7576
2011-04-12,8.7874
2011-04-11,8.8812
2011-04-08,8.9234
2011-04-07,8.8194
2011-04-06,8.671
2011-04-05,8.4814
2011-04-04,8.604
2011-04-01,8.6648
2011-03-31,8.4402
2011-03-30,8.6473
2011-03-29,8.7009
2011-03-28,8.8122
2011-03-25,8.7823
2011-03-24,8.8647
2011-03-23,8.7452
2011-03-22,8.7576
2011-03-21,8.7926
2011-03-18,8.5463
2011-03-17,8.5433
2011-03-16,8.2743
2011-03-15,8.5515
2011-03-14,8.5319
2011-03-11,8.3393
2011-03-10,8.4134
2011-03-09,8.5299
2011-03-08,8.5639
2011-03-07,8.4897
2011-03-04,8.5927
2011-03-03,8.7545
2011-03-02,8.9018
2011-03-01,9.046
2011-02-28,9.2057
2011-02-25,9.2088
2011-02-24,9.0079
2011-02-23,9.0873
2011-02-22,9.1295
2011-02-21,9.2284
2011-02-18,9.5426
2011-02-17,9.5993
2011-02-16,9.5035
2011-02-15,9.1594
2011-02-14,9.0254
2011-02-11,9.1079
2011-02-10,9.0141
2011-02-09,9.2511
2011-02-08,9.2861
2011-02-07,9.2233
2011-02-04,9.1893
2011-02-03,9.2624
2011-02-02,9.4211
2011-02-01,9.4097
2011-01-31,9.2212
2011-01-28,9.1449
2011-01-27,9.2521
2011-01-26,8.9379
2011-01-25,9.0223
2011-01-24,9.3139
2011-01-21,9.3448
2011-01-20,9.0048
2011-01-19,8.943
2011-01-18,9.0007
2011-01-17,8.6535
2011-01-14,8.8812
2011-01-13,8.8966
2011-01-12,8.4897
2011-01-11,7.7489
2011-01-10,7.6201
2011-01-07,7.8303
2011-01-06,8.0054
2011-01-05,8.1754
2011-01-04,8.229
2011-01-03,8.2105
2010-12-30,8.1682
2010-12-29,8.2445
2010-12-28,8.16
2010-12-27,8.1291
2010-12-24,8.3753
2010-12-23,8.3753
2010-12-22,8.4155
2010-12-21,8.5319
2010-12-20,8.2939
2010-12-17,8.2166
2010-12-16,8.3866
2010-12-15,8.3939
2010-12-14,8.6215
2010-12-13,8.569
2010-12-10,8.5515
2010-12-09,8.7514
2010-12-08,8.5443
2010-12-07,8.3454
2010-12-06,8.4011
2010-12-03,8.5927
2010-12-02,8.4742
2010-12-01,8.06
2010-11-30,7.5212
2010-11-29,7.5531
2010-11-26,7.7602
2010-11-25,8.0569
2010-11-24,8.0569
2010-11-23,8.0353
2010-11-22,8.434
2010-11-19,8.7885
2010-11-18,8.9502
2010-11-17,8.8359
2010-11-16,8.6597
2010-11-15,8.9389
2010-11-12,8.7843
2010-11-11,8.6133
2010-11-10,8.6504
2010-11-09,8.9121
2010-11-08,8.7472
2010-11-05,8.7575
2010-11-04,8.9925
2010-11-03,8.9533
2010-11-02,9.2799
2010-11-01,9.2232
2010-10-29,9.5107
2010-10-28,9.4242
2010-10-27,9.4582
2010-10-26,9.6127
2010-10-25,9.7374
2010-10-22,9.9218
2010-10-21,9.86
2010-10-20,9.9043
2010-10-19,9.9105
2010-10-18,9.8301
2010-10-15,9.7672
2010-10-14,9.8136
2010-10-13,9.8765
2010-10-12,9.5766
2010-10-11,9.6539
2010-10-08,9.691
2010-10-07,9.8002
2010-10-06,9.7765
2010-10-05,9.7518
2010-10-04,9.3871
2010-10-01,9.3757
2010-09-30,9.5993
2010-09-29,9.5344
2010-09-28,9.6127
2010-09-27,9.656
2010-09-24,9.8291
2010-09-23,9.5622
2010-09-22,9.7497
2010-09-21,10.0362
2010-09-20,10.1042
2010-09-17,9.963
2010-09-16,10.1691
2010-09-15,10.2391
2010-09-14,10.3391
2010-09-13,10.2772
2010-09-10,10.2195
2010-09-09,10.2257
2010-09-08,10.0918
2010-09-07,9.9352
2010-09-06,10.1042
2010-09-03,10.1093
2010-09-02,9.9527
2010-09-01,9.9826
2010-08-31,9.5272
2010-08-30,9.4818
2010-08-27,9.4901
2010-08-26,9.4077
2010-08-25,9.2449
2010-08-24,9.4612
2010-08-23,9.6889
2010-08-20,9.4664
2010-08-19,9.6333
2010-08-18,9.8239
2010-08-17,9.8146
2010-08-16,9.7312
2010-08-13,9.7878
2010-08-12,9.9805
2010-08-11,10.0135
2010-08-10,10.473
2010-08-09,10.5812
2010-08-06,10.4112
2010-08-05,10.6894
2010-08-04,10.6585
2010-08-03,10.6945
2010-08-02,10.6585
2010-07-30,10.2711
2010-07-29,10.5709
2010-07-28,10.7461
2010-07-27,10.7357
2010-07-26,10.5297
2010-07-23,10.4215
2010-07-22,10.2834
2010-07-21,9.963
2010-07-20,10.0969
2010-07-19,9.8868
2010-07-16,9.962
2010-07-15,10.166
2010-07-14,10.4215
2010-07-13,10.4369
2010-07-12,10.1855
2010-07-09,10.2711
2010-07-08,10.2515
2010-07-07,10.1031
2010-07-06,9.4891
2010-07-02,9.0862
2010-07-01,8.9605
2010-06-30,9.0048
2010-06-29,8.7019
2010-06-28,9.3355
2010-06-25,9.1408
2010-06-24,9.0986
2010-06-23,9.4551
2010-06-22,9.6436
2010-06-21,9.7054
2010-06-18,9.6333
2010-06-17,9.3046
2010-06-16,9.1594
2010-06-15,9.1954
2010-06-14,8.9574
2010-06-11,8.8709
2010-06-10,8.2774
2010-06-09,7.8705
2010-06-08,7.5779
2010-06-07,7.6881
2010-06-04,7.7788
2010-06-03,8.2558
2010-06-02,8.2939
2010-06-01,8.4505
2010-05-31,8.5772
2010-05-28,8.6545
2010-05-27,8.4619
2010-05-26,8.3671
2010-05-25,8.4196
2010-05-24,8.7637
2010-05-21,8.8657
2010-05-20,8.6854
2010-05-19,8.7782
2010-05-18,9.012
2010-05-17,8.4917
2010-05-14,8.5721
2010-05-13,9.418
2010-05-12,9.4994
2010-05-11,9.4623
2010-05-10,9.7878
2010-05-07,7.9436
2010-05-06,8.2527
2010-05-05,8.6494
2010-05-04,8.8709
2010-05-03,9.5468
2010-04-30,9.8394
2010-04-29,9.7477
2010-04-28,9.3757
2010-04-27,9.7848
2010-04-26,10.3442
2010-04-23,10.2618
2010-04-22,10.2113
2010-04-21,10.54
2010-04-20,10.8491
2010-04-19,10.7202
2010-04-16,10.8079
2010-04-15,11.1169
2010-04-14,11.0654
2010-04-13,11.0191
2010-04-12,11.0139
2010-04-09,10.7924
2010-04-08,10.37
2010-04-07,10.5091
2010-04-06,10.473
2010-04-05,10.3545
2010-04-02,10.3545
2010-04-01,10.3957
2010-03-31,10.1382
2010-03-30,10.2628
2010-03-29,10.3854
2010-03-26,10.3648
2010-03-25,10.3648
2010-03-24,10.0866
2010-03-23,10.3442
2010-03-22,10.1577
2010-03-19,10.3339
2010-03-18,10.5194
2010-03-17,10.7048
2010-03-16,10.6173
2010-03-15,10.5194
2010-03-12,10.679
2010-03-11,10.643
2010-03-10,10.7975
2010-03-09,10.643
2010-03-08,10.7461
2010-03-05,10.71
2010-03-04,10.3494
2010-03-03,10.2371
2010-03-02,9.9939
2010-03-01,9.9506
2010-02-26,9.8383
2010-02-25,9.5189
2010-02-24,9.6333
2010-02-23,9.7724
2010-02-22,10.1907
2010-02-19,10.3957
2010-02-18,10.2927
2010-02-17,10.2103
2010-02-16,10.0609
2010-02-15,9.9403
2010-02-12,9.8425
2010-02-11,10.0001
2010-02-10,10.2845
2010-02-09,9.9166
2010-02-08,9.6992
2010-02-05,9.5148
2010-02-04,9.5303
2010-02-03,10.5194
2010-02-02,10.9418
2010-02-01,10.6894
2010-01-29,10.612
2010-01-28,10.3339
2010-01-27,10.5297
2010-01-26,11.0912
2010-01-25,11.0242
2010-01-22,11.1787
2010-01-21,11.22
2010-01-20,11.7145
2010-01-19,12.1214
2010-01-18,11.8948
2010-01-15,11.8485
2010-01-14,12.0854
2010-01-13,12.0185
2010-01-12,12.1112
2010-01-11,12.343
2010-01-08,12.3224
2010-01-07,12.2812
2010-01-06,12.3379
2010-01-05,12.2503
2010-01-04,12.1163
2010-01-01,11.9
2009-12-31,11.9
2009-12-30,11.9
2009-12-29,12.003
2009-12-28,11.9979
2009-12-25,11.9
2009-12-24,11.9
2009-12-23,11.9
2009-12-22,11.833
2009-12-21,11.7506
2009-12-18,11.5496
2009-12-17,11.663
2009-12-16,11.8845
2009-12-15,11.6836
2009-12-14,11.663
2009-12-11,11.5085
2009-12-10,11.5961
2009-12-09,11.5548
2009-12-08,11.9926
2009-12-07,12.2709
2009-12-04,12.3173
2009-12-03,12.07
2009-12-02,11.9773
2009-12-01,11.9824
2009-11-30,11.7557
2009-11-27,11.9308
2009-11-26,11.7867
2009-11-25,12.1833
2009-11-24,12.0802
2009-11-23,12.1575
2009-11-20,11.7763
2009-11-19,11.9567
2009-11-18,12.1112
2009-11-17,12.0545
2009-11-16,12.1679
2009-11-13,11.9979
2009-11-12,11.9206
2009-11-11,11.8639
2009-11-10,11.7454
2009-11-09,11.8227
2009-11-06,11.5548
2009-11-05,11.462
2009-11-04,11.2818
2009-11-03,11.0345
2009-11-02,11.4209
2009-10-30,11.3281
2009-10-29,11.6939
2009-10-28,11.292
2009-10-27,11.6939
2009-10-26,11.6218
2009-10-23,11.7454
2009-10-22,11.8845
2009-10-21,12.0133
2009-10-20,11.7969
2009-10-19,11.9514
2009-10-16,11.56
2009-10-15,11.8485
2009-10-14,11.7351
2009-10-13,11.2561
2009-10-12,11.4157
2009-10-09,11.3281
2009-10-08,11.4106
2009-10-07,11.3951
2009-10-06,11.5085
2009-10-05,11.0757
2009-10-02,10.7306
2009-10-01,11.0242
2009-09-30,11.3333
2009-09-29,11.4775
2009-09-28,11.56
2009-09-25,11.3436
2009-09-24,11.3745
2009-09-23,11.5496
2009-09-22,11.4157
2009-09-21,11.3333
2009-09-18,11.39
2009-09-17,11.3024
2009-09-16,11.2869
2009-09-15,11.1067
2009-09-14,10.9727
2009-09-11,10.983
2009-09-10,10.8387
2009-09-09,11.0345
2009-09-08,11.0448
2009-09-07,11.1685
2009-09-04,11.0963
2009-09-03,10.612
2009-09-02,10.5091
2009-09-01,10.813
2009-08-31,11.0602
2009-08-28,11.1685
2009-08-27,11.0757
2009-08-26,11.0706
2009-08-25,11.0757
2009-08-24,10.9263
2009-08-21,10.8181
2009-08-20,10.4987
2009-08-19,10.2875
2009-08-18,10.3185
2009-08-17,10.1433
2009-08-14,10.473
2009-08-13,10.6018
2009-08-12,10.5348
2009-08-11,10.3906
2009-08-10,10.4885
2009-08-07,10.5348
2009-08-06,10.3236
2009-08-05,10.1588
2009-08-04,10.3133
2009-08-03,10.3545
2009-07-31,10.4679
2009-07-30,10.3133
2009-07-29,10.1639
2009-07-28,10.2824
2009-07-27,10.1948
2009-07-24,9.86
2009-07-23,9.7106
2009-07-22,9.4685
2009-07-21,9.3706
2009-07-20,9.4324
2009-07-17,9.2366
2009-07-16,9.2057
2009-07-15,9.1182
2009-07-14,8.7524
2009-07-13,8.6545
2009-07-10,8.4175
2009-07-09,8.5
2009-07-08,8.366
2009-07-07,8.603
2009-07-06,8.6133
2009-07-03,8.8194
2009-07-02,8.6339
2009-07-01,8.9688
2009-06-30,8.8194
2009-06-29,8.8606
2009-06-26,8.6082
2009-06-25,8.5412
2009-06-24,8.4897
2009-06-23,8.2218
2009-06-22,8.3351
2009-06-19,8.6648
2009-06-18,8.2527
2009-06-17,8.0569
2009-06-16,8.1394
2009-06-15,8.0879
2009-06-12,8.3042
2009-06-11,8.263
2009-06-10,8.1806
2009-06-09,7.9745
2009-06-08,7.8406
2009-06-05,7.9642
2009-06-04,7.7994
2009-06-03,7.7582
2009-06-02,7.9848
2009-06-01,8.0363
2009-05-29,7.717
2009-05-28,7.7376
2009-05-27,7.7994
2009-05-26,7.6242
2009-05-25,7.5315
2009-05-22,7.5006
2009-05-21,7.346
2009-05-20,7.5315
2009-05-19,7.5624
2009-05-18,7.3151
2009-05-15,7.0163
2009-05-14,7.0885
2009-05-13,7.0472
2009-05-12,7.4285
2009-05-11,7.5315
2009-05-08,7.5727
2009-05-07,7.2327
2009-05-06,7.3254
2009-05-05,7.2945
2009-05-04,7.1915
2009-05-01,7.4903
2009-04-30,7.4903
2009-04-29,7.1709
2009-04-28,6.7588
2009-04-27,6.8515
2009-04-24,6.9236
2009-04-23,6.7176
2009-04-22,6.8824
2009-04-21,6.6042
2009-04-20,6.7485
2009-04-17,7.1091
2009-04-16,6.903
2009-04-15,6.6763
2009-04-14,6.8721
2009-04-13,6.7176
2009-04-10,6.6454
2009-04-09,6.7176
2009-04-08,6.1818
2009-04-07,6.0685
2009-04-06,6.0376
2009-04-03,6.0788
2009-04-02,6.0788
2009-04-01,5.5533
2009-03-31,5.3473
2009-03-30,5.0897
2009-03-27,5.5018
2009-03-26,5.6873
2009-03-25,5.6357
2009-03-24,5.6357
2009-03-23,5.6048
2009-03-20,5.3576
2009-03-19,5.3576
2009-03-18,5.2545
2009-03-17,5.2648
2009-03-16,5.2854
2009-03-13,5.0794
2009-03-12,4.9248
2009-03-11,4.7703
2009-03-10,4.6364
2009-03-09,4.1212
2009-03-06,4.2654
2009-03-05,4.3685
2009-03-04,4.7291
2009-03-03,4.5539
2009-03-02,4.6364
2009-02-27,5.0485
2009-02-26,5.2957
2009-02-25,4.9764
2009-02-24,4.8424
2009-02-23,4.9867
2009-02-20,5.0691
2009-02-19,5.3576
2009-02-18,5.3782
2009-02-17,5.2751
2009-02-16,5.6563
2009-02-13,5.8933
2009-02-12,5.883
2009-02-11,6.0479
2009-02-10,6.0685
2009-02-09,6.2642
2009-02-06,6.2642
2009-02-05,6.2642
2009-02-04,6.3363
2009-02-03,6.2024
2009-02-02,6.0994
2009-01-30,6.5115
2009-01-29,6.5527
2009-01-28,6.7176
2009-01-27,5.9242
2009-01-26,5.8315
2009-01-23,5.5121
2009-01-22,5.5224
2009-01-21,5.5533
2009-01-20,5.5327
2009-01-19,5.986
2009-01-16,6.2951
2009-01-15,6.2642
2009-01-14,6.2848
2009-01-13,6.8103
2009-01-12,7.0472
2009-01-09,7.1503
2009-01-08,7.2121
2009-01-07,7.3666
2009-01-06,7.4594
2009-01-05,7.3666
2009-01-02,7.2121
2009-01-01,6.9545
2008-12-31,6.8309
2008-12-30,6.9545
2008-12-29,6.8
2008-12-26,6.8824
2008-12-25,6.8721
2008-12-24,6.8824
2008-12-23,6.8824
2008-12-22,6.8618
2008-12-19,7.0576
2008-12-18,6.9339
2008-12-17,6.903
2008-12-16,6.9236
2008-12-15,6.7382
2008-12-12,6.7382
2008-12-11,7.037
2008-12-10,7.0266
2008-12-09,7.0163
2008-12-08,6.9545
2008-12-05,6.2848
2008-12-04,6.4497
2008-12-03,6.563
2008-12-02,6.5836
2008-12-01,6.1818
2008-11-28,6.6248
2008-11-27,6.5321
2008-11-26,6.1509
2008-11-25,6.0273
2008-11-24,5.8521
2008-11-21,5.3576
2008-11-20,5.2648
2008-11-19,5.5739
2008-11-18,6.1921
2008-11-17,6.2642
2008-11-14,6.7279
2008-11-13,6.8206
2008-11-12,7.006
2008-11-11,7.583
2008-11-10,8.16
2008-11-07,8.5927
2008-11-06,8.3557
2008-11-05,8.9121
2008-11-04,8.8812
2008-11-03,8.5
2008-10-31,8.6236
2008-10-30,8.1806
2008-10-29,7.8921
2008-10-28,6.903
2008-10-27,7.0782
2008-10-24,7.3666
2008-10-23,8.2012
2008-10-22,8.6133
2008-10-21,9.5612
2008-10-20,9.7363
2008-10-17,9.5612
2008-10-16,9.3757
2008-10-15,10.0248
2008-10-14,10.5914
2008-10-13,10.4987
2008-10-10,9.3448
2008-10-09,10.612
2008-10-08,10.9727
2008-10-07,11.6424
2008-10-06,11.3127
2008-10-03,12.0442
2008-10-02,11.189
2008-10-01,11.2406
2008-09-30,10.8181
2008-09-29,10.7769
2008-09-26,11.2508
2008-09-25,11.2406
2008-09-24,10.8594
2008-09-23,10.8285
2008-09-22,11.1273
2008-09-19,11.5806
2008-09-18,10.2515
2008-09-17,10.2927
2008-09-16,10.9006
2008-09-15,10.88
2008-09-12,11.6836
2008-09-11,11.4569
2008-09-10,11.5806
2008-09-09,11.9618
2008-09-08,12.0751
2008-09-05,11.4467
2008-09-04,11.7763
2008-09-03,12.2709
2008-09-02,12.2606
2008-09-01,11.972
2008-08-29,11.9926
2008-08-28,11.9514
2008-08-27,11.6218
2008-08-26,11.6939
2008-08-25,11.6527
2008-08-22,11.9618
2008-08-21,11.6114
2008-08-20,11.8691
2008-08-19,11.9
2008-08-18,12.2812
2008-08-15,12.3224
2008-08-14,12.2709
2008-08-13,12.3842
2008-08-12,12.8375
2008-08-11,12.8067
2008-08-08,12.4769
2008-08-07,12.4254
2008-08-06,12.652
2008-08-05,12.652
2008-08-04,12.2194
2008-08-01,12.4151
2008-07-31,12.8581
2008-07-30,12.7654
2008-07-29,12.652
2008-07-28,12.3326
2008-07-25,12.4873
2008-07-24,12.5079
2008-07-23,12.5903
2008-07-22,11.9308
2008-07-21,12.0545
2008-07-18,12.1061
2008-07-17,11.7351
2008-07-16,11.3951
2008-07-15,11.292
2008-07-14,11.5806
2008-07-11,11.5702
2008-07-10,11.8587
2008-07-09,12.0854
2008-07-08,11.7042
2008-07-07,11.6939
2008-07-04,11.6836
2008-07-03,12.2091
2008-07-02,12.0236
2008-07-01,11.8279
2008-06-30,12.0236
2008-06-27,12.0442
2008-06-26,12.1473
2008-06-25,12.5285
2008-06-24,12.1987
2008-06-23,12.3224
2008-06-20,12.3224
2008-06-19,12.3842
2008-06-18,12.4975
2008-06-17,12.7963
2008-06-16,12.6726
2008-06-13,12.8787
2008-06-12,12.7036
2008-06-11,12.4563
2008-06-10,12.8375
2008-06-09,12.6418
2008-06-06,12.8169
2008-06-05,13.1981
2008-06-04,13.3526
2008-06-03,13.4763
2008-06-02,13.4867
2008-05-30,13.7957
2008-05-29,13.6514
2008-05-28,13.6514
2008-05-27,13.4763
2008-05-26,13.5897
2008-05-23,13.7339
2008-05-22,14.043
2008-05-21,14.1975
2008-05-20,14.4139
2008-05-19,14.62
2008-05-16,14.62
2008-05-15,14.6508
2008-05-14,14.589
2008-05-13,14.4345
2008-05-12,14.5169
2008-05-09,14.4345
2008-05-08,14.5993
2008-05-07,14.5375
2008-05-06,14.486
2008-05-05,14.4654
2008-05-02,14.5273
2008-05-01,14.2697
2008-04-30,14.2697
2008-04-29,14.1151
2008-04-28,14.1151
2008-04-25,13.9503
2008-04-24,13.9297
2008-04-23,13.8267
2008-04-22,13.9091
2008-04-21,14.0326
2008-04-18,14.1873
2008-04-17,13.7442
2008-04-16,13.6618
2008-04-15,13.3526
2008-04-14,13.1157
2008-04-11,13.26
2008-04-10,13.466
2008-04-09,13.5279
2008-04-08,13.703
2008-04-07,13.8679
2008-04-04,13.7648
2008-04-03,13.7751
2008-04-02,13.8473
2008-04-01,13.6
2008-03-31,13.0024
2008-03-28,13.0951
2008-03-27,13.1467
2008-03-26,12.9302
2008-03-25,12.9096
2008-03-24,12.3842
2008-03-21,12.3842
2008-03-20,12.3842
2008-03-19,12.1369
2008-03-18,11.972
2008-03-17,11.5085
2008-03-14,11.8587
2008-03-13,11.8794
2008-03-12,12.0957
2008-03-11,11.9412
2008-03-10,11.56
2008-03-07,11.6527
2008-03-06,11.7867
2008-03-05,12.0854
2008-03-04,11.8485
2008-03-03,12.0545
2008-02-29,12.2914
2008-02-28,12.4151
2008-02-27,12.6933
2008-02-26,12.6726
2008-02-25,12.3533
2008-02-22,12.0751
2008-02-21,12.1061
2008-02-20,12.003
2008-02-19,12.2194
2008-02-18,12.2709
2008-02-15,11.972
2008-02-14,12.2606
2008-02-13,12.3224
2008-02-12,12.2194
2008-02-11,11.7763
2008-02-08,11.9824
2008-02-07,11.9514
2008-02-06,11.9514
2008-02-05,11.6939
2008-02-04,12.3533
2008-02-01,12.4357
2008-01-31,12.1885
2008-01-30,12.3739
2008-01-29,12.4254
2008-01-28,12.3533
2008-01-25,12.4563
2008-01-24,12.3739
2008-01-23,11.6114
2008-01-22,12.1987
2008-01-21,11.663
2008-01-18,12.8169
2008-01-17,13.1363
2008-01-16,13.2393
2008-01-15,13.3939
2008-01-14,13.9297
2008-01-11,14.1254
2008-01-10,13.8987
2008-01-09,14.0636
2008-01-08,14.352
2008-01-07,14.5787
2008-01-04,14.6714
2008-01-03,14.8879
2008-01-02,15.032
2008-01-01,15.2381
2007-12-31,15.2381
2007-12-28,15.2381
2007-12-27,15.2073
2007-12-26,15.166
2007-12-25,15.166
2007-12-24,15.166
2007-12-21,15.166
2007-12-20,14.8879
2007-12-19,14.7951
2007-12-18,14.7848
2007-12-17,14.826
2007-12-14,15.1351
2007-12-13,15.0732
2007-12-12,15.403
2007-12-11,15.4545
2007-12-10,15.4442
2007-12-07,15.3308
2007-12-06,15.1351
2007-12-05,15.1454
2007-12-04,15.0218
2007-12-03,15.0732
2007-11-30,15.0836
2007-11-29,14.9806
2007-11-28,14.9908
2007-11-27,14.8054
2007-11-26,14.7848
2007-11-23,14.929
2007-11-22,14.7848
2007-11-21,14.8981
2007-11-20,15.2279
2007-11-19,15.0526
2007-11-16,15.2279
2007-11-15,15.1867
2007-11-14,15.2691
2007-11-13,15.2999
2007-11-12,15.2587
2007-11-09,15.2279
2007-11-08,15.4545
2007-11-07,14.8775
2007-11-06,14.9806
2007-11-05,14.9702
2007-11-02,15.1454
2007-11-01,15.0836
2007-10-31,15.4545
2007-10-30,15.372
2007-10-29,15.0732
2007-10-26,14.8157
2007-10-25,14.5787
2007-10-24,14.2387
2007-10-23,14.4963
2007-10-22,14.4139
2007-10-19,14.6406
2007-10-18,14.6508
2007-10-17,14.5993
2007-10-16,14.3314
2007-10-15,14.352
2007-10-12,14.2387
2007-10-11,14.1357
2007-10-10,14.1151
2007-10-09,14.1873
2007-10-08,14.28
2007-10-05,14.3624
2007-10-04,14.2387
2007-10-03,14.2491
2007-10-02,14.3006
2007-10-01,14.0533
2007-09-28,14.043
2007-09-27,14.0945
2007-09-26,13.9297
2007-09-25,13.7957
2007-09-24,13.8575
2007-09-21,13.8267
2007-09-20,13.806
2007-09-19,13.8575
2007-09-18,13.3424
2007-09-17,12.9406
2007-09-14,13.1569
2007-09-13,13.2908
2007-09-12,13.1569
2007-09-11,13.26
2007-09-10,13.0642
2007-09-07,13.2496
2007-09-06,13.6412
2007-09-05,13.6
2007-09-04,13.9812
2007-09-03,13.8679
2007-08-31,13.806
2007-08-30,13.6824
2007-08-29,13.5793
2007-08-28,13.5381
2007-08-27,13.8163
2007-08-24,13.8163
2007-08-23,13.806
2007-08-22,13.8885
2007-08-21,13.7957
2007-08-20,13.8679
2007-08-17,13.9606
2007-08-16,13.4042
2007-08-15,13.9193
2007-08-14,13.9297
2007-08-13,14.1667
2007-08-10,13.8369
2007-08-09,14.3006
2007-08-08,14.4963
2007-08-07,14.1667
2007-08-06,13.7648
2007-08-03,13.9193
2007-08-02,14.0842
2007-08-01,14.012
2007-07-31,14.3418
2007-07-30,13.9606
2007-07-27,14.1151
2007-07-26,13.9091
2007-07-25,14.3212
2007-07-24,14.352
2007-07-23,14.5479
2007-07-20,14.4036
2007-07-19,14.7745
2007-07-18,14.5169
2007-07-17,14.723
2007-07-16,14.6612
2007-07-13,14.589
2007-07-12,14.4448
2007-07-11,14.2285
2007-07-10,14.3109
2007-07-09,14.4345
2007-07-06,14.4757
2007-07-05,14.2491
2007-07-04,14.3006
2007-07-03,14.1873
2007-07-02,14.0533
2007-06-29,14.1048
2007-06-28,14.1048
2007-06-27,14.0018
2007-06-26,14.0326
2007-06-25,14.1563
2007-06-22,14.0842
2007-06-21,14.0739
2007-06-20,14.3212
2007-06-19,14.2387
2007-06-18,14.2903
2007-06-15,14.4242
2007-06-14,14.3726
2007-06-13,14.1151
2007-06-12,14.1151
2007-06-11,14.4448
2007-06-08,14.3314
2007-06-07,14.2181
2007-06-06,14.486
2007-06-05,14.7332
2007-06-04,14.8054
2007-06-01,14.7126
2007-05-31,14.7126
2007-05-30,14.3212
2007-05-29,14.352
2007-05-28,14.1667
2007-05-25,14.0842
2007-05-24,14.043
2007-05-23,14.1975
2007-05-22,14.0636
2007-05-21,14.0224
2007-05-18,14.1667
2007-05-17,13.8679
2007-05-16,13.9193
2007-05-15,13.9091
2007-05-14,13.7854
2007-05-11,13.9709
2007-05-10,13.806
2007-05-09,13.8575
2007-05-08,13.7339
2007-05-07,13.8163
2007-05-04,13.8781
2007-05-03,13.6
2007-05-02,13.4557
2007-05-01,13.5897
2007-04-30,13.5897
2007-04-27,13.6102
2007-04-26,13.94
2007-04-25,13.9193
2007-04-24,13.7648
2007-04-23,14.1975
2007-04-20,14.2697
2007-04-19,14.0326
2007-04-18,14.1254
2007-04-17,14.2285
2007-04-16,14.3418
2007-04-13,14.2181
2007-04-12,14.1873
2007-04-11,14.3109
2007-04-10,14.3418
2007-04-09,14.1769
2007-04-06,14.1769
2007-04-05,14.1769
2007-04-04,14.1563
2007-04-03,14.0326
2007-04-02,13.7751
2007-03-30,13.7648
2007-03-29,13.7339
2007-03-28,13.6824
2007-03-27,13.8679
2007-03-26,13.703
2007-03-23,13.9503
2007-03-22,14.043
2007-03-21,13.7648
2007-03-20,13.8781
2007-03-19,13.7648
2007-03-16,13.4867
2007-03-15,13.5691
2007-03-14,13.2187
2007-03-13,13.8267
2007-03-12,14.0945
2007-03-09,14.2903
2007-03-08,14.2285
2007-03-07,13.9606
2007-03-06,13.9193
2007-03-05,13.806
2007-03-02,14.0533
2007-03-01,14.1357
2007-02-28,14.4345
2007-02-27,14.5685
2007-02-26,15.0114
2007-02-23,14.9806
2007-02-22,15.0424
2007-02-21,14.9599
2007-02-20,15.0939
2007-02-19,15.0424
2007-02-16,14.9393
2007-02-15,15.0218
2007-02-14,15.0424
2007-02-13,14.9599
2007-02-12,14.8157
2007-02-09,14.9702
2007-02-08,14.8981
2007-02-07,14.8467
2007-02-06,14.8157
2007-02-05,14.723
2007-02-02,14.8363
2007-02-01,14.8363
2007-01-31,15.032
2007-01-30,14.9702
2007-01-29,14.8775
2007-01-26,14.7024
2007-01-25,14.8775
2007-01-24,14.929
2007-01-23,14.589
2007-01-22,14.6096
2007-01-19,14.7332
2007-01-18,14.4963
2007-01-17,14.5273
2007-01-16,14.6302
2007-01-15,14.7539
2007-01-12,14.723
2007-01-11,14.7332
2007-01-10,14.5479
2007-01-09,14.8673
2007-01-08,14.8673
2007-01-05,14.929
2007-01-04,15.0218
2007-01-03,14.9393
2007-01-02,14.929
2007-01-01,14.5685
2006-12-29,14.5685
2006-12-28,14.5479
2006-12-27,14.589
2006-12-26,14.4551
2006-12-25,14.4551
2006-12-22,14.4551
2006-12-21,14.486
2006-12-20,14.5067
2006-12-19,14.4036
2006-12-18,14.6508
2006-12-15,14.62
2006-12-14,14.589
2006-12-13,14.5375
2006-12-12,14.4345
2006-12-11,14.4551
2006-12-08,14.3006
2006-12-07,14.352
2006-12-06,14.383
2006-12-05,14.3932
2006-12-04,14.1563
2006-12-01,13.9193
2006-11-30,14.1254
2006-11-29,14.1873
2006-11-28,13.94
2006-11-27,13.9914
2006-11-24,14.383
2006-11-23,14.692
2006-11-22,14.8054
2006-11-21,14.6096
2006-11-20,14.486
2006-11-17,14.3314
2006-11-16,14.3212
2006-11-15,14.3006
2006-11-14,14.28
2006-11-13,14.3006
2006-11-10,14.1873
2006-11-09,14.3624
2006-11-08,14.2697
2006-11-07,14.146
2006-11-06,13.9914
2006-11-03,13.7339
2006-11-02,13.6514
2006-11-01,13.8575
2006-10-31,13.9709
2006-10-30,13.9914
2006-10-27,14.0224
2006-10-26,13.8885
2006-10-25,13.9606
2006-10-24,13.8369
2006-10-23,13.9091
2006-10-20,13.7442
2006-10-19,13.6412
2006-10-18,13.5485
2006-10-17,13.3836
2006-10-16,13.7442
2006-10-13,13.8987
2006-10-12,13.8473
2006-10-11,13.4763
2006-10-10,13.5793
2006-10-09,13.2908
2006-10-06,13.2085
2006-10-05,12.992
2006-10-04,12.8685
2006-10-03,12.7551
2006-10-02,12.8375
2006-09-29,12.8479
2006-09-28,12.8169
2006-09-27,12.8581
2006-09-26,12.7551
2006-09-25,12.683
2006-09-22,12.7139
2006-09-21,12.8685
2006-09-20,12.7757
2006-09-19,12.5903
2006-09-18,12.6418
2006-09-15,12.6006
2006-09-14,12.5387
2006-09-13,12.5181
2006-09-12,12.4357
2006-09-11,12.2709
2006-09-08,12.3326
2006-09-07,12.2503
2006-09-06,12.3842
2006-09-05,12.5079
2006-09-04,12.5387
2006-09-01,12.4667
2006-08-31,12.4769
2006-08-30,12.5079
2006-08-29,12.4769
2006-08-28,12.4563
2006-08-25,12.3636
2006-08-24,12.3739
2006-08-23,12.3224
2006-08-22,12.4357
2006-08-21,12.4151
2006-08-18,12.4563
2006-08-17,12.4873
2006-08-16,12.4769
2006-08-15,12.4048
2006-08-14,12.2812
2006-08-11,12.0957
2006-08-10,12.0854
2006-08-09,12.1987
2006-08-08,12.0957
2006-08-07,12.0133
2006-08-04,12.2194
2006-08-03,12.0442
2006-08-02,12.1061
2006-08-01,11.9206
2006-07-31,12.2194
2006-07-28,12.2606
2006-07-27,12.0957
2006-07-26,11.9102
2006-07-25,11.9206
2006-07-24,11.9
2006-07-21,11.663
2006-07-20,11.6733
2006-07-19,11.7248
2006-07-18,11.3333
2006-07-17,11.4157
2006-07-14,11.4157
2006-07-13,11.5702
2006-07-12,11.8073
2006-07-11,11.8485
2006-07-10,11.972
2006-07-07,11.9514
2006-07-06,11.9308
2006-07-05,11.7661
2006-07-04,11.8381
2006-07-03,11.7867
2006-06-30,11.7661
2006-06-29,11.5085
2006-06-28,11.2406
2006-06-27,11.2406
2006-06-26,11.3642
2006-06-23,11.4363
2006-06-22,11.3024
2006-06-21,11.2302
2006-06-20,11.2302
2006-06-19,11.1169
2006-06-16,10.8697
2006-06-15,10.8697
2006-06-14,10.8697
2006-06-13,10.8594
2006-06-12,11.0963
2006-06-09,11.1787
2006-06-08,10.9933
2006-06-07,11.3539
2006-06-06,11.2302
2006-06-05,11.4673
2006-06-02,11.5908
2006-06-01,11.632
2006-05-31,11.6114
2006-05-30,11.3951
2006-05-29,11.6939
2006-05-26,11.7969
2006-05-25,11.56
2006-05-24,11.4157
2006-05-23,11.5702
2006-05-22,11.4157
2006-05-19,11.7867
2006-05-18,11.7145
2006-05-17,11.7145
2006-05-16,12.1369
2006-05-15,12.0854
2006-05-12,12.2091
2006-05-11,12.5181
2006-05-10,12.5079
2006-05-09,12.58
2006-05-08,12.5593
2006-05-05,12.5285
2006-05-04,12.4048
2006-05-03,12.4461
2006-05-02,12.5697
2006-04-28,12.6624
2006-04-27,12.5181
2006-04-26,12.4769
2006-04-25,12.4461
2006-04-24,12.3739
2006-04-21,12.4667
2006-04-20,12.2091
2006-04-19,12.0442
2006-04-18,11.9514
2006-04-17,12.0236
2006-04-14,12.0236
2006-04-13,12.0236
2006-04-12,12.0442
2006-04-11,12.0648
2006-04-10,12.2606
2006-04-07,12.2914
2006-04-06,12.3945
2006-04-05,12.4667
2006-04-04,12.4667
2006-04-03,12.4975
2006-03-31,12.4151
2006-03-30,12.4563
2006-03-29,12.3636
2006-03-28,12.3533
2006-03-27,12.4254
2006-03-24,12.6212
2006-03-23,12.5181
2006-03-22,12.5593
2006-03-21,12.4461
2006-03-20,12.4461
2006-03-17,12.4254
2006-03-16,12.4563
2006-03-15,12.4563
2006-03-14,12.4667
2006-03-13,12.5079
2006-03-10,12.3945
2006-03-09,12.2812
2006-03-08,12.1987
2006-03-07,12.2709
2006-03-06,12.343
2006-03-03,12.3739
2006-03-02,12.58
2006-03-01,12.7757
2006-02-28,12.6212
2006-02-27,12.7242
2006-02-24,12.6006
2006-02-23,12.6624
2006-02-22,12.6109
2006-02-21,12.3326
2006-02-20,12.4667
2006-02-17,12.3945
2006-02-16,12.3224
2006-02-15,12.2709
2006-02-14,12.3018
2006-02-13,12.2606
2006-02-10,12.0545
2006-02-09,12.1885
2006-02-08,12.1781
2006-02-07,12.1575
2006-02-06,12.0545
2006-02-03,12.0133
2006-02-02,12.0133
2006-02-01,12.2091
2006-01-31,12.1987
2006-01-30,11.9824
2006-01-27,11.972
2006-01-26,11.7867
2006-01-25,11.5806
2006-01-24,11.3848
2006-01-23,11.3539
2006-01-20,11.3333
2006-01-19,11.4981
2006-01-18,11.3951
2006-01-17,11.5394
2006-01-16,11.6424
2006-01-13,11.632
2006-01-12,11.7867
2006-01-11,11.7042
2006-01-10,11.5702
2006-01-09,11.6527
2006-01-06,11.6527
2006-01-05,11.6527
2006-01-04,11.632
2006-01-03,11.5496
2006-01-02,11.5496
2005-12-30,11.4879
2005-12-29,11.5085
2005-12-28,11.4775
2005-12-27,11.4879
2005-12-26,11.4467
2005-12-23,11.4467
2005-12-22,11.4363
2005-12-21,11.3951
2005-12-20,11.22
2005-12-19,11.189
2005-12-16,11.22
2005-12-15,11.0654
2005-12-14,11.1375
2005-12-13,11.1479
2005-12-12,11.1273
2005-12-09,11.0654
2005-12-08,11.0551
2005-12-07,11.0345
2005-12-06,11.0242
2005-12-05,11.0345
2005-12-02,11.2508
2005-12-01,11.2714
2005-11-30,11.1273
2005-11-29,11.1787
2005-11-28,11.1685
2005-11-25,11.1581
2005-11-24,11.189
2005-11-23,11.2406
2005-11-22,11.1375
2005-11-21,11.0963
2005-11-18,11.1067
2005-11-17,11.0345
2005-11-16,10.9624
2005-11-15,10.9727
2005-11-14,10.9418
2005-11-11,11.0242
2005-11-10,10.8491
2005-11-09,10.8181
2005-11-08,10.8285
2005-11-07,10.7667
2005-11-04,10.8491
2005-11-03,10.952
2005-11-02,10.7873
2005-11-01,10.7769
2005-10-31,10.9624
2005-10-28,10.7254
2005-10-27,10.612
2005-10-26,10.7975
2005-10-25,10.8491
2005-10-24,11.1994
2005-10-21,11.0242
2005-10-20,11.0139
2005-10-19,10.952
2005-10-18,11.0963
2005-10-17,11.2096
2005-10-14,11.1581
2005-10-13,10.9314
2005-10-12,11.0963
2005-10-11,11.1273
2005-10-10,11.1581
2005-10-07,11.0345
2005-10-06,11.0654
2005-10-05,11.1685
2005-10-04,11.3024
2005-10-03,11.2714
2005-09-30,11.2612
2005-09-29,11.2508
2005-09-28,11.22
2005-09-27,11.0139
2005-09-26,11.0757
2005-09-23,10.6945
2005-09-22,10.6224
2005-09-21,10.5297
2005-09-20,10.6739
2005-09-19,10.5914
2005-09-16,10.6739
2005-09-15,10.6842
2005-09-14,10.6739
2005-09-13,10.612
2005-09-12,10.6533
2005-09-09,10.6533
2005-09-08,10.6224
2005-09-07,10.5606
2005-09-06,10.5503
2005-09-05,10.4369
2005-09-02,10.3339
2005-09-01,10.3442
2005-08-31,10.2
2005-08-30,10.1072
2005-08-29,10.1382
2005-08-26,10.0866
2005-08-25,10.1382
2005-08-24,10.2618
2005-08-23,10.3236
2005-08-22,10.4369
2005-08-19,10.3854
2005-08-18,10.2618
2005-08-17,10.3133
2005-08-16,10.406
2005-08-15,10.4266
2005-08-12,10.4575
2005-08-11,10.4679
2005-08-10,10.4472
2005-08-09,10.3957
2005-08-08,10.3854
2005-08-05,10.3545
2005-08-04,10.3854
2005-08-03,10.4987
2005-08-02,10.4575
2005-08-01,10.3957
2005-07-29,10.5297
2005-07-28,10.5194
2005-07-27,10.406
2005-07-26,10.4266
2005-07-25,10.3854
2005-07-22,10.3236
2005-07-21,10.3648
2005-07-20,10.2824
2005-07-19,10.3339
2005-07-18,10.2824
2005-07-15,10.2515
2005-07-14,10.2412
2005-07-13,10.1794
2005-07-12,10.0866
2005-07-11,10.0969
2005-07-08,9.9939
2005-07-07,9.8188
2005-07-06,10.0454
2005-07-05,10.0248
2005-07-04,9.9939
2005-07-01,10.0042
2005-06-30,9.8806
2005-06-29,9.8909
2005-06-28,9.7878
2005-06-27,9.7363
2005-06-24,9.7878
2005-06-23,9.8909
2005-06-22,9.8703
2005-06-21,9.8703
2005-06-20,9.7775
2005-06-17,9.8291
2005-06-16,9.7672
2005-06-15,9.6745
2005-06-14,9.7157
2005-06-13,9.7054
2005-06-10,9.7157
2005-06-09,9.6333
2005-06-08,9.6127
2005-06-07,9.7363
2005-06-06,9.6127
2005-06-03,9.7157
2005-06-02,9.7157
2005-06-01,9.7157
2005-05-31,9.5509
2005-05-30,9.623
2005-05-27,9.5509
2005-05-26,9.5509
2005-05-25,9.4891
2005-05-24,9.5303
2005-05-23,9.5715
2005-05-20,9.5303
2005-05-19,9.6539
2005-05-18,9.6024
2005-05-17,9.4272
2005-05-16,9.4582
2005-05-13,9.4994
2005-05-12,9.3448
2005-05-11,9.3242
2005-05-10,9.3448
2005-05-09,9.52
2005-05-06,9.5818
2005-05-05,9.5612
2005-05-04,9.5612
2005-05-03,9.4994
2005-05-02,9.3448
2005-04-29,9.2933
2005-04-28,9.3139
2005-04-27,9.283
2005-04-26,9.3757
2005-04-25,9.4066
2005-04-22,9.4169
2005-04-21,9.283
2005-04-20,9.3139
2005-04-19,9.3551
2005-04-18,9.2933
2005-04-15,9.4375
2005-04-14,9.6951
2005-04-13,9.7054
2005-04-12,9.6436
2005-04-11,9.7157
2005-04-08,9.7878
2005-04-07,9.7569
2005-04-06,9.726
2005-04-05,9.623
2005-04-04,9.5406
2005-04-01,9.6436
2005-03-31,9.6745
2005-03-30,9.7466
2005-03-29,9.8497
2005-03-28,9.8188
2005-03-25,9.8188
2005-03-24,9.8188
2005-03-23,9.726
2005-03-22,9.7672
2005-03-21,9.6539
2005-03-18,9.7157
2005-03-17,9.6539
2005-03-16,9.6024
2005-03-15,9.8703
2005-03-14,9.7878
2005-03-11,9.7672
2005-03-10,9.7363
2005-03-09,9.7982
2005-03-08,9.86
2005-03-07,9.9424
2005-03-04,9.963
2005-03-03,9.7878
2005-03-02,9.7672
2005-03-01,9.7775
2005-02-28,9.6436
2005-02-25,9.726
2005-02-24,9.726
2005-02-23,9.7054
2005-02-22,9.7157
2005-02-21,9.7775
2005-02-18,9.86
2005-02-17,9.86
2005-02-16,9.8909
2005-02-15,10.0145
2005-02-14,10.0454
2005-02-11,10.0145
2005-02-10,9.7466
2005-02-09,9.7982
2005-02-08,9.8188
2005-02-07,9.6848
2005-02-04,9.5921
2005-02-03,9.4272
2005-02-02,9.4169
2005-02-01,9.3654
2005-01-31,9.386
2005-01-28,9.3757
2005-01-27,9.3654
2005-01-26,9.3139
2005-01-25,9.2933
2005-01-24,9.2727
2005-01-21,9.2933
2005-01-20,9.3757
2005-01-19,9.4478
2005-01-18,9.4685
2005-01-17,9.4891
2005-01-14,9.3654
2005-01-13,9.3654
2005-01-12,9.2727
2005-01-11,9.2933
2005-01-10,9.283
2005-01-07,9.3036
2005-01-06,9.3448
2005-01-05,9.3448
2005-01-04,9.4788
2005-01-03,9.4788
2004-12-31,9.4066
2004-12-30,9.4066
2004-12-29,9.4685
2004-12-28,9.4685
2004-12-27,9.4272
2004-12-24,9.4066
2004-12-23,9.4066
2004-12-22,9.3448
2004-12-21,9.2521
2004-12-20,9.2109
2004-12-17,9.2212
2004-12-16,9.2315
2004-12-15,9.2418
2004-12-14,9.2933
2004-12-13,9.3036
2004-12-10,9.2418
2004-12-09,9.2418
2004-12-08,9.3036
2004-12-07,9.3036
2004-12-06,9.3036
2004-12-03,9.3036
2004-12-02,9.3448
2004-12-01,9.3345
2004-11-30,9.3139
2004-11-29,9.3139
2004-11-26,9.386
2004-11-25,9.386
2004-11-24,9.2727
2004-11-23,9.2727
2004-11-22,9.3963
2004-11-19,9.4375
2004-11-18,9.4272
2004-11-17,9.4169
2004-11-16,9.18
2004-11-15,9.2624
2004-11-12,9.1182
2004-11-11,8.9739
2004-11-10,8.7782
2004-11-09,8.8503
2004-11-08,8.9739
2004-11-05,9.0357
2004-11-04,8.9739
2004-11-03,8.9842
2004-11-02,8.9739
2004-11-01,9.0151
2004-10-29,9.0151
2004-10-28,8.9533
2004-10-27,8.8297
2004-10-26,8.7163
2004-10-25,8.6751
2004-10-22,8.8194
2004-10-21,8.7988
2004-10-20,8.6957
2004-10-19,8.7472
2004-10-18,8.706
2004-10-15,8.6957
2004-10-14,8.6648
2004-10-13,8.603
2004-10-12,8.5515
2004-10-11,8.5515
2004-10-08,8.5515
2004-10-07,8.5412
2004-10-06,8.5206
2004-10-05,8.4279
2004-10-04,8.4485
2004-10-01,8.2321
2004-09-30,8.0982
2004-09-29,8.1085
2004-09-28,8.0466
2004-09-27,8.0157
2004-09-24,8.0569
2004-09-23,8.0569
2004-09-22,8.0879
2004-09-21,8.1703
2004-09-20,8.2012
2004-09-17,8.2733
2004-09-16,8.3248
2004-09-15,8.2733
2004-09-14,8.5
2004-09-13,8.5
2004-09-10,8.4588
2004-09-09,8.4175
2004-09-08,8.4897
2004-09-07,8.5618
2004-09-06,8.5824
2004-09-03,8.5309
2004-09-02,8.4794
2004-09-01,8.3969
2004-08-31,8.2836
2004-08-30,8.2321
2004-08-27,8.2424
2004-08-26,8.2218
2004-08-25,8.1394
2004-08-24,8.16
2004-08-23,8.1909
2004-08-20,8.0569
2004-08-19,8.1394
2004-08-18,8.1291
2004-08-17,8.0879
2004-08-16,7.9951
2004-08-13,7.9951
2004-08-12,8.0363
2004-08-11,8.0569
2004-08-10,8.0775
2004-08-09,8.0363
2004-08-06,8.0775
2004-08-05,8.1909
2004-08-04,8.1188
2004-08-03,8.1806
2004-08-02,8.1188
2004-07-30,8.1394
2004-07-29,8.0879
2004-07-28,8.1291
2004-07-27,8.2321
2004-07-26,8.026
2004-07-23,8.2424
2004-07-22,8.5927
2004-07-21,8.706
2004-07-20,8.6957
2004-07-19,8.6957
2004-07-16,8.7163
2004-07-15,8.6751
2004-07-14,8.706
2004-07-13,8.84
2004-07-12,8.7782
2004-07-09,8.7575
2004-07-08,8.8297
2004-07-07,8.8297
2004-07-06,8.7472
2004-07-05,8.84
2004-07-02,8.7885
2004-07-01,8.8606
2004-06-30,8.7885
2004-06-29,8.943
2004-06-28,9.0357
2004-06-25,8.9533
2004-06-24,9.1491
2004-06-23,9.0872
2004-06-22,9.0254
2004-06-21,9.1697
2004-06-18,9.1594
2004-06-17,9.2212
2004-06-16,9.1078
2004-06-15,9.0563
2004-06-14,8.9121
2004-06-11,9.0769
2004-06-10,9.1388
2004-06-09,9.0563
2004-06-08,9.1078
2004-06-07,9.1594
2004-06-04,9.0254
2004-06-03,8.8503
2004-06-02,8.84
2004-06-01,8.7885
2004-05-31,8.943
2004-05-28,8.9533
2004-05-27,9.046
2004-05-26,9.0048
2004-05-25,8.8606
2004-05-24,8.9327
2004-05-21,8.8091
2004-05-20,8.84
2004-05-19,8.9636
2004-05-18,8.6545
2004-05-17,8.5515
2004-05-14,8.7163
2004-05-13,8.8091
2004-05-12,8.7885
2004-05-11,8.8606
2004-05-10,8.6751
2004-05-07,8.943
2004-05-06,9.1078
2004-05-05,9.2109
2004-05-04,9.0975
2004-05-03,9.2624
2004-04-30,9.2315
2004-04-29,9.2933
2004-04-28,9.4375
2004-04-27,9.6539
2004-04-26,9.623
2004-04-23,9.5715
2004-04-22,9.52
2004-04-21,9.5303
2004-04-20,9.6333
2004-04-19,9.5715
2004-04-16,9.6539
2004-04-15,9.4994
2004-04-14,9.623
2004-04-13,9.7363
2004-04-12,9.7878
2004-04-09,9.7878
2004-04-08,9.7878
2004-04-07,9.6539
2004-04-06,9.5612
2004-04-05,9.5612
2004-04-02,9.5406
2004-04-01,9.2418
2004-03-31,9.1182
2004-03-30,9.18
2004-03-29,9.1594
2004-03-26,9.0666
2004-03-25,8.9842
2004-03-24,8.7988
2004-03-23,8.8297
2004-03-22,8.7163
2004-03-19,8.9224
2004-03-18,8.8812
2004-03-17,9.1285
2004-03-16,8.8503
2004-03-15,8.6957
2004-03-12,9.0975
2004-03-11,9.2109
2004-03-10,9.4685
2004-03-09,9.4478
2004-03-08,9.5612
2004-03-05,9.5612
2004-03-04,9.5612
2004-03-03,9.3963
2004-03-02,9.5612
2004-03-01,9.52
2004-02-27,9.6024
2004-02-26,9.4478
2004-02-25,9.5097
2004-02-24,9.4994
2004-02-23,9.5715
2004-02-20,9.5818
2004-02-19,9.7054
2004-02-18,9.5303
2004-02-17,9.4788
2004-02-16,9.623
2004-02-13,9.5921
2004-02-12,9.6745
2004-02-11,9.6642
2004-02-10,9.6848
2004-02-09,9.623
2004-02-06,9.52
2004-02-05,9.3551
2004-02-04,9.3242
2004-02-03,9.4685
2004-02-02,9.4788
2004-01-30,9.52
2004-01-29,9.5715
2004-01-28,9.7878
2004-01-27,9.6951
2004-01-26,9.6848
2004-01-23,9.7878
2004-01-22,9.7878
2004-01-21,9.6127
2004-01-20,9.5406
2004-01-19,9.6745
2004-01-16,9.7466
2004-01-15,9.6848
2004-01-14,9.7466
2004-01-13,9.7982
2004-01-12,9.86
2004-01-09,9.86
2004-01-08,9.7878
2004-01-07,9.8291
2004-01-06,9.9012
2004-01-05,9.9012
2004-01-02,9.86
2004-01-01,9.6745
2003-12-31,9.6745
2003-12-30,9.6745
2003-12-29,9.5921
2003-12-26,9.4788
2003-12-25,9.4788
2003-12-24,9.4788
2003-12-23,9.4788
2003-12-22,9.3242
2003-12-19,9.3139
2003-12-18,9.283
2003-12-17,9.2109
2003-12-16,9.1594
2003-12-15,9.2109
2003-12-12,9.18
2003-12-11,9.18
2003-12-10,9.0666
2003-12-09,9.1388
2003-12-08,9.1697
2003-12-05,9.1697
2003-12-04,9.2006
2003-12-03,9.2418
2003-12-02,9.18
2003-12-01,9.2212
2003-11-28,8.9327
2003-11-27,8.8709
2003-11-26,8.84
2003-11-25,8.8915
2003-11-24,8.84
2003-11-21,8.6648
2003-11-20,8.5927
2003-11-19,8.5618
2003-11-18,8.5721
2003-11-17,8.5824
2003-11-14,8.8297
2003-11-13,8.7679
2003-11-12,8.7163
2003-11-11,8.6442
2003-11-10,8.706
2003-11-07,8.8194
2003-11-06,8.7369
2003-11-05,8.6545
2003-11-04,8.6236
2003-11-03,8.6545
2003-10-31,8.5
2003-10-30,8.4279
2003-10-29,8.1909
2003-10-28,8.1806
2003-10-27,8.0879
2003-10-24,7.9436
2003-10-23,7.9024
2003-10-22,7.9848
2003-10-21,8.1497
2003-10-20,8.0982
2003-10-17,8.1291
2003-10-16,8.16
2003-10-15,8.1909
2003-10-14,8.1188
2003-10-13,8.0982
2003-10-10,7.9333
2003-10-09,7.9745
2003-10-08,7.8509
2003-10-07,7.7272
2003-10-06,7.7582
2003-10-03,7.82
2003-10-02,7.583
2003-10-01,7.583
2003-09-30,7.5006
2003-09-29,7.5521
2003-09-26,7.6345
2003-09-25,7.7788
2003-09-24,7.7891
2003-09-23,7.8818
2003-09-22,7.923
2003-09-19,8.0982
2003-09-18,8.2012
2003-09-17,8.1188
2003-09-16,8.0982
2003-09-15,8.0466
2003-09-12,7.9127
2003-09-11,8.0054
2003-09-10,8.0466
2003-09-09,8.1497
2003-09-08,8.2218
2003-09-05,8.1497
2003-09-04,8.1703
2003-09-03,8.1394
2003-09-02,8.0982
2003-09-01,8.0982
2003-08-29,8.0054
2003-08-28,8.0879
2003-08-27,8.0879
2003-08-26,8.026
2003-08-25,8.0466
2003-08-22,8.0879
2003-08-21,8.0879
2003-08-20,8.0879
2003-08-19,8.1497
2003-08-18,8.16
2003-08-15,8.16
2003-08-14,8.16
2003-08-13,8.0157
2003-08-12,8.0569
2003-08-11,7.9024
2003-08-08,7.8509
2003-08-07,7.7891
2003-08-06,7.8612
2003-08-05,8.0157
2003-08-04,8.0054
2003-08-01,8.0982
2003-07-31,8.2424
2003-07-30,8.1497
2003-07-29,8.0879
2003-07-28,8.2733
2003-07-25,8.0363
2003-07-24,8.1497
2003-07-23,7.9333
2003-07-22,7.9642
2003-07-21,7.9436
2003-07-18,8.0982
2003-07-17,8.1909
2003-07-16,8.2218
2003-07-15,8.3454
2003-07-14,8.3557
2003-07-11,8.2939
2003-07-10,8.0157
2003-07-09,8.1291
2003-07-08,8.3042
2003-07-07,8.2012
2003-07-04,7.9642
2003-07-03,7.9436
2003-07-02,7.8715
2003-07-01,7.6654
2003-06-30,7.8612
2003-06-27,8.1394
2003-06-26,8.0054
2003-06-25,7.9745
2003-06-24,7.8509
2003-06-23,7.9539
2003-06-20,8.2424
2003-06-19,7.9539
2003-06-18,8.2424
2003-06-17,8.2527
2003-06-16,8.1909
2003-06-13,7.9848
2003-06-12,7.9333
2003-06-11,7.717
2003-06-10,7.48
2003-06-09,7.3151
2003-06-06,7.4079
2003-06-05,7.14
2003-06-04,7.2327
2003-06-03,7.1709
2003-06-02,7.2018
2003-05-30,7.0885
2003-05-29,7.006
2003-05-28,6.9854
2003-05-27,6.7897
2003-05-26,6.8309
2003-05-23,6.8
2003-05-22,6.7279
2003-05-21,6.5321
2003-05-20,6.7176
2003-05-19,6.7176
2003-05-16,7.0988
2003-05-15,7.006
2003-05-14,6.8824
2003-05-13,6.9236
2003-05-12,7.0163
2003-05-09,6.9339
2003-05-08,6.7485
2003-05-07,7.0782
2003-05-06,7.3151
2003-05-05,7.2739
2003-05-02,7.2224
2003-05-01,7.2533
2003-04-30,7.2533
2003-04-29,7.2636
2003-04-28,7.3151
2003-04-25,7.1503
2003-04-24,7.1812
2003-04-23,7.2636
2003-04-22,7.2842
2003-04-21,7.2224
2003-04-18,7.2224
2003-04-17,7.2224
2003-04-16,7.0782
2003-04-15,7.1091
2003-04-14,6.9854
2003-04-11,6.9442
2003-04-10,6.9133
2003-04-09,7.0576
2003-04-08,6.9854
2003-04-07,7.0472
2003-04-04,6.8412
2003-04-03,6.6145
2003-04-02,6.46
2003-04-01,6.1509
2003-03-31,6.0273
2003-03-28,6.2745
2003-03-27,6.2642
2003-03-26,6.4394
2003-03-25,6.4188
2003-03-24,6.2745
2003-03-21,6.6454
2003-03-20,6.2745
2003-03-19,6.357
2003-03-18,6.2745
2003-03-17,6.1818
2003-03-14,5.9963
2003-03-13,5.5018
2003-03-12,5.1618
2003-03-11,5.4194
2003-03-10,5.4194
2003-03-07,5.6151
2003-03-06,5.8006
2003-03-05,5.9036
2003-03-04,5.9036
2003-03-03,6.0994
2003-02-28,6.1303
2003-02-27,5.9242
2003-02-26,5.646
2003-02-25,5.646
2003-02-24,5.8624
2003-02-21,6.0479
2003-02-20,5.9448
2003-02-19,6.0685
2003-02-18,6.2745
2003-02-17,6.1406
2003-02-14,5.9654
2003-02-13,5.6667
2003-02-12,5.7388
2003-02-11,5.9139
2003-02-10,5.6357
2003-02-07,5.8212
2003-02-06,5.8418
2003-02-05,6.0582
2003-02-04,5.7697
2003-02-03,6.0067
2003-01-31,5.9242
2003-01-30,6.1303
2003-01-29,6.0479
2003-01-28,6.12
2003-01-27,6.1509
2003-01-24,6.3776
2003-01-23,6.5218
2003-01-22,6.4703
2003-01-21,6.7485
2003-01-20,6.8824
2003-01-17,6.9545
2003-01-16,7.2945
2003-01-15,7.2842
2003-01-14,7.3151
2003-01-13,7.2636
2003-01-10,7.1503
2003-01-09,7.1091
2003-01-08,7.1194
2003-01-07,7.037
2003-01-06,6.8824
2003-01-03,6.8824
2003-01-02,7.0885
2003-01-01,6.7382
2002-12-31,6.7382
2002-12-30,6.7382
2002-12-27,6.7897
2002-12-26,6.8927
2002-12-25,6.8927
2002-12-24,6.8927
2002-12-23,6.8927
2002-12-20,6.7279
2002-12-19,6.5939
2002-12-18,6.7588
2002-12-17,6.9545
2002-12-16,6.9751
2002-12-13,6.5733
2002-12-12,6.8
2002-12-11,6.9545
2002-12-10,6.8515
2002-12-09,6.7794
2002-12-06,6.9957
2002-12-05,6.9957
2002-12-04,7.0266
2002-12-03,7.3151
2002-12-02,7.5418
2002-11-29,7.4182
2002-11-28,7.3254
2002-11-27,7.3151
2002-11-26,6.9339
2002-11-25,7.1091
2002-11-22,6.9545
2002-11-21,6.8
2002-11-20,6.4703
2002-11-19,6.4806
2002-11-18,6.5321
2002-11-15,6.3879
2002-11-14,6.3776
2002-11-13,6.1612
2002-11-12,6.2848
2002-11-11,6.2745
2002-11-08,6.2642
2002-11-07,6.357
2002-11-06,6.7382
2002-11-05,6.8721
2002-11-04,6.697
2002-11-01,6.3776
2002-10-31,6.3776
2002-10-30,6.2642
2002-10-29,6.3467
2002-10-28,6.6042
2002-10-25,6.4394
2002-10-24,6.2539
2002-10-23,6.0067
2002-10-22,6.3363
2002-10-21,6.2848
2002-10-18,6.12
2002-10-17,6.1921
2002-10-16,5.8624
2002-10-15,5.9757
2002-10-14,5.4606
2002-10-11,5.5842
2002-10-10,5.306
2002-10-09,5.0279
2002-10-08,5.1206
2002-10-07,5.1618
2002-10-04,5.2545
2002-10-03,5.4194
2002-10-02,5.6048
2002-10-01,5.1412
2002-09-30,5.3267
2002-09-27,5.5739
2002-09-26,5.6667
2002-09-25,5.2545
2002-09-24,5.2648
2002-09-23,5.4709
2002-09-20,5.7079
2002-09-19,6.0479
2002-09-18,6.1818
2002-09-17,6.4806
2002-09-16,6.4497
2002-09-13,6.5115
2002-09-12,6.7072
2002-09-11,7.2327
2002-09-10,6.7794
2002-09-09,6.5115
2002-09-06,6.697
2002-09-05,6.4909
2002-09-04,6.5527
2002-09-03,6.5424
2002-09-02,6.8721
2002-08-30,7.0163
2002-08-29,6.8721
2002-08-28,7.1091
2002-08-27,7.5315
2002-08-26,7.0576
2002-08-23,7.2121
2002-08-22,7.3357
2002-08-21,7.0266
2002-08-20,6.9545
2002-08-19,7.1915
2002-08-16,6.6867
2002-08-15,6.2642
2002-08-14,6.2642
2002-08-13,6.6351
2002-08-12,6.5321
2002-08-09,6.8515
2002-08-08,6.9648
2002-08-07,6.4394
2002-08-06,6.4909
2002-08-05,6.0479
2002-08-02,6.3879
2002-08-01,6.1818
2002-07-31,6.4703
2002-07-30,6.9339
2002-07-29,7.7685
2002-07-26,7.1709
2002-07-25,7.4697
2002-07-24,7.14
2002-07-23,7.2636
2002-07-22,7.2636
2002-07-19,7.6242
2002-07-18,8.0982
2002-07-17,7.8612
2002-07-16,7.3872
2002-07-15,7.5521
2002-07-12,8.0879
2002-07-11,8.0982
2002-07-10,8.3042
2002-07-09,8.6442
2002-07-08,8.9636
2002-07-05,8.8812
2002-07-04,8.1497
2002-07-03,7.8612
2002-07-02,8.0363
2002-07-01,8.3351
2002-06-28,8.2836
2002-06-27,7.9951
2002-06-26,8.0879
2002-06-25,8.1085
2002-06-24,7.717
2002-06-21,8.2424
2002-06-20,8.4897
2002-06-19,8.603
2002-06-18,8.9327
2002-06-17,8.9636
2002-06-14,8.6545
2002-06-13,8.943
2002-06-12,8.9327
2002-06-11,9.283
2002-06-10,9.3345
2002-06-07,9.3757
2002-06-06,9.5921
2002-06-05,9.6333
2002-06-04,9.7157
2002-06-03,10.066
2002-05-31,10.1897
2002-05-30,10.0454
2002-05-29,10.1278
2002-05-28,10.1175
2002-05-27,10.2309
2002-05-24,10.1485
2002-05-23,10.0454
2002-05-22,9.9939
2002-05-21,10.1072
2002-05-20,10.2103
2002-05-17,10.3545
2002-05-16,10.3236
2002-05-15,10.6018
2002-05-14,10.5709
2002-05-13,10.3957
2002-05-10,10.2206
2002-05-09,10.4575
2002-05-08,10.612
2002-05-07,10.4472
2002-05-06,10.4472
2002-05-03,10.7151
2002-05-02,10.6327
2002-05-01,10.5914
2002-04-30,10.5914
2002-04-29,10.4679
2002-04-26,10.3545
2002-04-25,10.3236
2002-04-24,10.6018
2002-04-23,10.7873
2002-04-22,10.5709
2002-04-19,10.6327
2002-04-18,10.3545
2002-04-17,10.3442
2002-04-16,10.2515
2002-04-15,9.9939
2002-04-12,9.8703
2002-04-11,9.7363
2002-04-10,9.9115
2002-04-09,9.7775
2002-04-08,9.6642
2002-04-05,9.8497
2002-04-04,9.8291
2002-04-03,10.0145
2002-04-02,9.8909
2002-04-01,9.8085
2002-03-29,9.8085
2002-03-28,9.8085
2002-03-27,9.8085
2002-03-26,9.7672
2002-03-25,9.7878
2002-03-22,10.0248
2002-03-21,10.0557
2002-03-20,10.1897
2002-03-19,10.2309
2002-03-18,10.0454
2002-03-15,9.9939
2002-03-14,9.7982
2002-03-13,9.8497
2002-03-12,9.6642
2002-03-11,9.7054
2002-03-08,9.8291
2002-03-07,9.9424
2002-03-06,9.9424
2002-03-05,9.8806
2002-03-04,9.8909
2002-03-01,9.623
2002-02-28,9.4994
2002-02-27,9.4994
2002-02-26,9.1182
2002-02-25,9.0151
2002-02-22,8.8812
2002-02-21,8.9327
2002-02-20,8.8709
2002-02-19,8.8606
2002-02-18,9.0254
2002-02-15,9.1182
2002-02-14,9.3242
2002-02-13,9.0872
2002-02-12,9.0254
2002-02-11,9.0254
2002-02-08,8.9636
2002-02-07,9.1078
2002-02-06,8.8709
2002-02-05,9.046
2002-02-04,9.386
2002-02-01,9.6024
2002-01-31,9.2933
2002-01-30,9.4169
2002-01-29,9.6127
2002-01-28,9.7466
2002-01-25,9.6127
2002-01-24,9.6127
2002-01-23,9.4375
2002-01-22,9.4788
2002-01-21,9.2212
2002-01-18,9.3551
2002-01-17,9.3139
2002-01-16,9.0975
2002-01-15,9.3654
2002-01-14,8.9739
2002-01-11,9.283
2002-01-10,9.2212
2002-01-09,9.5303
2002-01-08,9.623
2002-01-07,9.4788
2002-01-04,9.9115
2002-01-03,9.8497
2002-01-02,9.7054
2002-01-01,9.6951
2001-12-31,9.6951
2001-12-28,9.6951
2001-12-27,9.6848
2001-12-26,9.2727
2001-12-25,9.2727
2001-12-24,9.2727
2001-12-21,9.2727
2001-12-20,9.2933
2001-12-19,9.5715
2001-12-18,10.0969
2001-12-17,10.1278
2001-12-14,9.8291
2001-12-13,9.9321
2001-12-12,10.2309
2001-12-11,10.3545
2001-12-10,10.1485
2001-12-07,10.3339
2001-12-06,10.4885
2001-12-05,10.4885
2001-12-04,10.066
2001-12-03,9.8291
2001-11-30,9.8085
2001-11-29,9.6333
2001-11-28,9.7878
2001-11-27,9.8806
2001-11-26,10.0969
2001-11-23,10.1278
2001-11-22,9.9218
2001-11-21,10.0248
2001-11-20,10.1485
2001-11-19,10.4266
2001-11-16,10.2824
2001-11-15,10.2
2001-11-14,10.303
2001-11-13,10.1278
2001-11-12,9.5303
2001-11-09,9.6951
2001-11-08,9.8909
2001-11-07,9.6745
2001-11-06,9.6539
2001-11-05,9.4478
2001-11-02,8.9533
2001-11-01,9.0048
2001-10-31,8.8091
2001-10-30,8.706
2001-10-29,9.1594
2001-10-26,9.52
2001-10-25,9.52
2001-10-24,9.86
2001-10-23,9.5715
2001-10-22,9.3139
2001-10-19,9.046
2001-10-18,9.4375
2001-10-17,9.5303
2001-10-16,8.7575
2001-10-15,8.7575
2001-10-12,8.9224
2001-10-11,8.9224
2001-10-10,8.9636
2001-10-09,8.5515
2001-10-08,8.4691
2001-10-05,8.3969
2001-10-04,8.8194
2001-10-03,8.4382
2001-10-02,8.5618
2001-10-01,8.3866
2001-09-28,8.6236
2001-09-27,8.6236
2001-09-26,8.2012
2001-09-25,8.16
2001-09-24,7.8612
2001-09-21,7.14
2001-09-20,7.6654
2001-09-19,8.0672
2001-09-18,8.2424
2001-09-17,8.5
2001-09-14,7.9848
2001-09-13,8.8606
2001-09-12,8.8915
2001-09-11,9.1285
2001-09-10,9.4685
2001-09-07,9.6848
2001-09-06,9.8497
2001-09-05,10.1072
2001-09-04,10.3648
2001-09-03,10.2103
2001-08-31,10.3339
2001-08-30,10.2927
2001-08-29,10.6533
2001-08-28,10.5297
2001-08-27,10.7151
2001-08-24,10.6533
2001-08-23,10.3751
2001-08-22,10.1691
2001-08-21,9.8909
2001-08-20,9.9012
2001-08-17,9.8909
2001-08-16,10.2515
2001-08-15,10.3133
2001-08-14,10.3133
2001-08-13,10.1897
2001-08-10,9.9115
2001-08-09,10.0042
2001-08-08,10.2206
2001-08-07,10.3751
2001-08-06,10.4575
2001-08-03,10.303
2001-08-02,10.3854
2001-08-01,10.3648
2001-07-31,10.3545
2001-07-30,10.2
2001-07-27,9.8394
2001-07-26,9.7982
2001-07-25,9.7054
2001-07-24,10.0969
2001-07-23,10.2
2001-07-20,10.0866
2001-07-19,10.1072
2001-07-18,9.8703
2001-07-17,10.1794
2001-07-16,10.0351
2001-07-13,9.7878
2001-07-12,9.7878
2001-07-11,9.9115
2001-07-10,10.4369
2001-07-09,10.406
2001-07-06,10.2103
2001-07-05,10.9212
2001-07-04,11.0036
2001-07-03,11.3333
2001-07-02,11.4363
2001-06-29,11.0242
2001-06-28,10.952
2001-06-27,10.9418
2001-06-26,10.8387
2001-06-25,10.9212
2001-06-22,10.9624
2001-06-21,10.952
2001-06-20,11.1787
2001-06-19,11.0345
2001-06-18,10.9314
2001-06-15,11.4054
2001-06-14,11.4569
2001-06-13,11.4363
2001-06-12,11.3333
2001-06-11,11.5702
2001-06-08,11.5496
2001-06-07,11.4981
2001-06-06,11.6012
2001-06-05,11.6114
2001-06-04,11.5908
2001-06-01,11.3539
2001-05-31,11.5908
2001-05-30,11.3127
2001-05-29,11.292
2001-05-28,11.4054
2001-05-25,11.323
2001-05-24,11.5085
2001-05-23,11.632
2001-05-22,11.4673
2001-05-21,11.6218
2001-05-18,11.7042
2001-05-17,11.663
2001-05-16,11.4879
2001-05-15,11.5908
2001-05-14,11.4569
2001-05-11,11.5394
2001-05-10,11.663
2001-05-09,11.3848
2001-05-08,11.1994
2001-05-07,11.1581
2001-05-04,11.1581
2001-05-03,11.0654
2001-05-02,11.22
2001-05-01,11.5394
2001-04-30,11.5394
2001-04-27,11.4363
2001-04-26,11.22
2001-04-25,10.6739
2001-04-24,10.7667
2001-04-23,10.5812
2001-04-20,10.9314
2001-04-19,11.4363
2001-04-18,11.4261
2001-04-17,11.1787
2001-04-16,11.2714
2001-04-13,11.2714
2001-04-12,11.2714
2001-04-11,11.1581
2001-04-10,11.0242
2001-04-09,10.8697
2001-04-06,10.7151
2001-04-05,10.7048
2001-04-04,10.4885
2001-04-03,10.1278
2001-04-02,10.6945
2001-03-30,10.6636
2001-03-29,10.5812
2001-03-28,10.4472
2001-03-27,10.7151
2001-03-26,10.3442
2001-03-23,9.9527
2001-03-22,9.6024
2001-03-21,10.1278
2001-03-20,10.4575
2001-03-19,10.643
2001-03-16,10.612
2001-03-15,11.0242
2001-03-13,11.2302
2001-03-12,11.2612
2001-03-09,11.7248
2001-03-08,11.7145
2001-03-07,11.7763
2001-03-06,11.6939
2001-03-05,11.5908
2001-03-02,11.3642
2001-03-01,11.189
2001-02-28,11.4467
2001-02-27,11.529
2001-02-26,11.5187
2001-02-23,11.3951
2001-02-22,11.3848
2001-02-21,11.7145
2001-02-20,11.7661
2001-02-19,12.2606
2001-02-16,12.1679
2001-02-15,12.2503
2001-02-14,11.9308
2001-02-13,12.3636
2001-02-12,12.3636
2001-02-09,12.1369
2001-02-08,12.2606
2001-02-07,12.1679
2001-02-06,11.9412
2001-02-05,12.0339
2001-02-02,11.9412
2001-02-01,12.3326
2001-01-31,12.1575
2001-01-30,12.0442
2001-01-29,11.9102
2001-01-25,12.5079
2001-01-23,12.4769
2001-01-22,12.1575
2001-01-19,12.0648
2001-01-18,12.7551
2001-01-17,12.6726
2001-01-16,12.4151
2001-01-15,12.4873
2001-01-12,12.4461
2001-01-11,12.3636
2001-01-10,12.3018
2001-01-09,12.2194
2001-01-08,12.4357
2001-01-05,12.2091
2001-01-04,12.1781
2001-01-03,11.5085
2001-01-02,11.5085
2001-01-01,11.7454
2000-12-29,11.7454
2000-12-28,11.5085
2000-12-27,11.3745
2000-12-22,11.0654
2000-12-21,10.9314
2000-12-20,10.6636
2000-12-19,11.292
2000-12-18,10.8181
2000-12-15,10.9418
2000-12-14,11.292
2000-12-13,11.4363
2000-12-12,11.4879
2000-12-11,11.6424
2000-12-08,11.1067
2000-12-07,11.1067
2000-12-06,10.6636
2000-12-05,10.6636
2000-12-04,10.1588
2000-12-01,10.5914
2000-11-30,10.5297
2000-11-29,10.952
2000-11-28,10.6224
2000-11-27,10.8079
2000-11-24,10.952
2000-11-23,10.612
2000-11-22,10.4575
2000-11-21,10.7667
2000-11-20,10.7667
2000-11-17,11.56
2000-11-16,11.9514
2000-11-15,12.1575
2000-11-14,12.1267
2000-11-13,11.6527
2000-11-10,11.5394
2000-11-09,11.7454
2000-11-08,11.9514
2000-11-07,12.2091
2000-11-06,12.2503
2000-11-03,12.2606
2000-11-02,12.3224
2000-11-01,11.3642
2000-10-31,11.3642
2000-10-30,11.6012
2000-10-27,11.5806
2000-10-26,11.3951
2000-10-25,12.0648
2000-10-24,12.3224
2000-10-23,11.7248
2000-10-20,12.0545
2000-10-19,11.9824
2000-10-18,11.5394
2000-10-17,11.9824
2000-10-16,11.7351
2000-10-13,11.7145
2000-10-12,11.3642
2000-10-11,11.9514
2000-10-10,12.5903
2000-10-09,12.343
2000-10-06,12.7242
2000-10-05,12.8787
2000-10-04,12.5697
2000-10-03,12.8581
2000-10-02,12.7861
2000-09-29,12.8169
2000-09-28,12.8685
2000-09-27,12.6726
2000-09-26,12.7345
2000-09-25,12.7757
2000-09-22,12.8169
2000-09-21,12.3842
2000-09-20,12.4975
2000-09-19,12.5903
2000-09-18,12.6006
2000-09-15,12.9302
2000-09-14,12.8787
2000-09-13,12.4873
2000-09-12,12.5697
2000-09-11,12.5697
2000-09-08,12.2914
2000-09-07,12.4563
2000-09-06,12.2503
2000-09-05,12.2914
2000-09-04,12.1473
2000-09-01,12.2606
2000-08-31,12.4667
2000-08-30,12.4563
2000-08-29,12.1575
2000-08-28,12.3636
2000-08-25,12.4254
2000-08-24,12.312
2000-08-23,12.683
2000-08-22,12.7448
2000-08-21,12.7448
2000-08-18,12.9508
2000-08-17,12.6624
2000-08-16,12.683
2000-08-15,12.4254
2000-08-14,12.2503
2000-08-11,12.1885
2000-08-10,11.9618
2000-08-09,12.0133
2000-08-08,11.9206
2000-08-07,11.8381
2000-08-04,11.6114
2000-08-03,11.5702
2000-08-02,11.5702
2000-08-01,11.4467
2000-07-31,11.4775
2000-07-28,11.4775
2000-07-27,11.3642
2000-07-26,11.5806
2000-07-25,11.4879
2000-07-24,11.3642
2000-07-21,11.4673
2000-07-20,11.56
2000-07-19,11.5187
2000-07-18,11.4879
2000-07-17,11.4569
2000-07-14,11.5908
2000-07-13,11.5806
2000-07-12,11.4879
2000-07-11,11.6012
2000-07-10,11.663
2000-07-07,11.3642
2000-07-06,11.4879
2000-07-05,11.3539
2000-07-04,11.5908
2000-07-03,11.323
2000-06-30,11.3848
2000-06-29,11.0963
2000-06-28,11.22
2000-06-27,11.2302
2000-06-26,11.1994
2000-06-23,11.0242
2000-06-22,11.1273
2000-06-21,10.8181
2000-06-20,10.9727
2000-06-19,11.3642
2000-06-16,11.2302
2000-06-15,11.1067
2000-06-14,10.9212
2000-06-13,10.7873
2000-06-12,10.8181
2000-06-09,10.9418
2000-06-08,11.1787
2000-06-07,11.0757
2000-06-06,10.8903
2000-06-05,11.189
2000-06-02,11.2096
2000-06-01,11.2302
2000-05-31,10.8285
2000-05-30,10.7357
2000-05-29,11.3642
2000-05-26,10.6018
2000-05-25,10.8079
2000-05-24,10.4472
2000-05-23,10.4575
2000-05-22,10.406
2000-05-19,10.5709
2000-05-18,10.7769
2000-05-17,10.6636
2000-05-16,11.0654
2000-05-15,10.9418
2000-05-12,11.0448
2000-05-11,11.1169
2000-05-10,10.8594
2000-05-09,11.3642
2000-05-08,11.56
2000-05-05,11.4879
2000-05-04,11.7145
2000-05-03,11.5394
2000-05-02,12.0442
2000-05-01,11.3642
2000-04-28,11.8175
2000-04-27,11.5085
2000-04-26,11.7969
2000-04-25,11.7145
2000-04-24,11.3642
2000-04-21,11.3642
2000-04-20,11.5702
2000-04-19,11.2406
2000-04-18,11.3745
2000-04-17,11.4673
2000-04-14,11.6424
2000-04-13,11.8279
2000-04-12,11.5496
2000-04-11,11.4467
2000-04-10,11.6218
2000-04-07,11.4157
2000-04-06,11.189
2000-04-05,11.5187
2000-04-04,11.7145
2000-04-03,11.5908
2000-03-31,11.5702
2000-03-30,11.7042
2000-03-29,11.8587
2000-03-28,11.972
2000-03-27,11.7661
2000-03-24,11.8794
2000-03-23,11.7248
2000-03-22,11.9308
2000-03-21,12.0545
2000-03-20,12.2091
2000-03-17,12.2194
2000-03-16,11.9206
2000-03-15,11.7248
2000-03-14,11.632
2000-03-13,11.5187
2000-03-10,11.529
2000-03-09,11.3642
2000-03-08,11.2818
2000-03-07,11.189
2000-03-06,11.2302
2000-03-03,11.2714
2000-03-02,11.3848
2000-03-01,11.2096
2000-02-29,11.2302
2000-02-28,11.1375
2000-02-25,11.1994
2000-02-24,11.1273
2000-02-23,11.4363
2000-02-22,11.189
2000-02-21,11.3436
2000-02-18,11.1479
2000-02-17,11.4363
2000-02-16,11.4467
2000-02-15,10.9006
2000-02-14,10.7254
2000-02-11,10.2309
2000-02-10,10.8181
2000-02-09,11.0448
2000-02-08,11.2508
2000-02-07,11.0654
2000-02-04,10.7357
2000-02-03,10.643
2000-02-02,10.4987
2000-02-01,10.4987
2000-01-31,10.3751
2000-01-28,10.3751
2000-01-27,10.7048
2000-01-26,10.6739
2000-01-25,10.406
2000-01-24,10.406
2000-01-21,10.2927
2000-01-20,10.6224
2000-01-19,10.406
2000-01-18,10.406
2000-01-17,10.9624
2000-01-14,11.2612
2000-01-13,10.9727
2000-01-12,11.0654
2000-01-11,11.1685
2000-01-10,11.56
2000-01-07,11.663
2000-01-06,11.1685
2000-01-05,11.1685
2000-01-04,11.4467
2000-01-03,11.7248
