,sct:pl
2018-11-23,2.7
2018-11-22,2.7
2018-11-21,2.68
2018-11-20,2.7
2018-11-19,2.7
2018-11-16,2.88
2018-11-15,2.7
2018-11-14,2.7
2018-11-08,2.88
2018-11-01,2.88
2018-10-31,2.88
2018-10-25,2.88
2018-10-24,2.8
2018-10-22,2.8
2018-10-19,2.74
2018-10-18,2.8
2018-10-16,2.88
2018-10-12,2.88
2018-10-11,2.82
2018-10-10,2.98
2018-10-09,2.92
2018-10-04,2.98
2018-10-03,2.98
2018-10-02,2.98
2018-09-28,3.08
2018-09-21,3.08
2018-09-19,3.1
2018-09-17,3.0
2018-09-14,3.16
2018-09-12,3.12
2018-09-11,2.92
2018-09-07,3.16
2018-09-05,3.16
2018-09-04,2.98
2018-08-31,3.22
2018-08-30,3.24
2018-08-29,3.06
2018-08-28,3.0
2018-08-23,3.06
2018-08-22,3.06
2018-08-20,3.06
2018-08-17,3.06
2018-08-16,3.06
2018-08-15,3.0
2018-08-10,2.98
2018-08-09,2.98
2018-08-08,2.94
2018-08-06,2.88
2018-08-02,2.88
2018-07-31,2.88
2018-07-30,2.8
2018-07-25,2.88
2018-07-20,2.88
2018-07-19,2.76
2018-07-18,2.8
2018-07-16,2.88
2018-07-13,2.8
2018-07-12,2.8
2018-07-06,2.84
2018-07-05,2.82
2018-07-04,2.88
2018-06-29,2.88
2018-06-28,2.8
2018-06-27,2.8
2018-06-25,2.8
2018-06-23,2.88
2018-06-22,2.88
2018-06-19,2.88
2018-06-18,2.88
2018-06-15,2.88
2018-06-13,2.84
2018-06-12,2.84
2018-06-11,2.78
2018-06-08,2.76
2018-06-07,2.74
2018-06-06,2.7
2018-06-05,2.7
2018-06-04,2.7
2018-06-01,2.66
2018-05-31,2.76
2018-05-30,2.66
2018-05-29,2.74
2018-05-25,2.8
2018-05-24,2.8
2018-05-23,2.8
2018-05-18,2.82
2018-05-17,2.82
2018-05-16,2.76
2018-05-15,2.94
2018-05-14,2.92
2018-05-07,2.9
2018-05-04,2.9
2018-05-03,2.8
2018-05-02,2.92
2018-04-30,2.8
2018-04-27,2.94
2018-04-26,2.94
2018-04-24,2.94
2018-04-23,2.94
2018-04-20,2.88
2018-04-18,2.8
2018-04-16,2.84
2018-04-13,2.86
2018-04-12,2.86
2018-04-10,2.78
2018-04-09,2.68
2018-04-06,2.7
2018-04-05,2.76
2018-04-03,2.8
2018-03-29,2.9
2018-03-28,2.8
2018-03-27,2.78
2018-03-23,2.78
2018-03-22,2.68
2018-03-21,2.74
2018-03-19,2.74
2018-03-16,2.7
2018-03-15,2.78
2018-03-14,2.74
2018-03-13,2.72
2018-03-12,2.68
2018-03-08,2.66
2018-03-06,2.64
2018-03-05,2.64
2018-03-01,2.5
2018-02-27,2.62
2018-02-26,2.5
2018-02-22,2.6
2018-02-21,2.5
2018-02-20,2.5
2018-02-19,2.7
2018-02-16,2.74
2018-02-15,2.7
2018-02-14,2.62
2018-02-09,2.64
2018-02-06,2.64
2018-01-31,2.66
2018-01-30,2.64
2018-01-26,2.74
2018-01-25,2.74
2018-01-23,2.7
2018-01-22,2.7
2018-01-19,2.7
2018-01-16,2.66
2018-01-15,2.76
2018-01-12,2.76
2018-01-11,2.78
2018-01-09,2.78
2018-01-08,2.76
2018-01-05,2.76
2018-01-04,2.76
2018-01-03,2.74
2018-01-02,2.76
2017-12-29,2.65
2017-12-28,2.71
2017-12-27,2.71
2017-12-21,2.75
2017-12-20,2.75
2017-12-19,2.79
2017-12-18,2.7
2017-12-15,2.8
2017-12-14,2.77
2017-12-13,2.85
2017-12-12,2.75
2017-12-11,2.66
2017-12-08,2.67
2017-12-07,2.6
2017-12-06,2.56
2017-12-05,2.55
2017-12-04,2.4
2017-11-29,2.38
2017-11-27,2.41
2017-11-24,2.43
2017-11-23,2.4
2017-11-22,2.4
2017-11-21,2.4
2017-11-20,2.4
2017-11-17,2.3
2017-11-16,2.28
2017-11-14,2.19
2017-11-13,2.2
2017-11-10,2.17
2017-11-09,2.17
2017-11-08,2.1
2017-11-06,2.07
2017-11-03,2.07
2017-11-02,2.17
2017-11-01,2.16
2017-10-31,2.1
2017-10-30,2.1
2017-10-27,2.07
2017-10-26,2.1
2017-10-24,2.1
2017-10-23,2.1
2017-10-20,2.1
2017-10-19,2.18
2017-10-18,2.15
2017-10-17,2.15
2017-10-16,2.1
2017-10-12,2.04
2017-10-11,2.1
2017-10-10,2.04
2017-10-09,2.04
2017-10-06,2.1
2017-10-04,2.1
2017-10-03,2.16
2017-10-02,2.23
2017-09-29,2.05
2017-09-28,2.0
2017-09-27,1.97
2017-09-26,1.97
2017-09-25,1.96
2017-09-22,1.97
2017-09-21,1.97
2017-09-20,2.05
2017-09-18,2.06
2017-09-15,1.92
2017-09-14,2.06
2017-09-12,1.99
2017-09-11,1.99
2017-09-08,1.99
2017-09-07,1.99
2017-09-06,2.02
2017-09-04,2.2
2017-09-01,1.9
2017-08-31,1.61
2017-08-29,1.63
2017-08-28,1.66
2017-08-25,1.65
2017-08-24,1.76
2017-08-23,1.62
2017-08-22,1.61
2017-08-18,1.6
2017-08-17,1.6
2017-08-14,1.6
2017-08-11,1.61
2017-08-10,1.69
2017-08-07,1.69
2017-08-04,1.69
2017-08-03,1.69
2017-08-01,1.68
2017-07-31,1.68
2017-07-27,1.68
2017-07-17,1.6
2017-07-14,1.69
2017-07-12,1.69
2017-07-11,1.7
2017-07-10,1.7
2017-07-07,1.7
2017-07-06,1.7
2017-07-05,1.7
2017-07-04,1.7
2017-07-03,1.7
2017-06-29,1.68
2017-06-26,1.65
2017-06-22,1.63
2017-06-19,1.61
2017-06-16,1.61
2017-06-15,1.6
2017-06-14,1.63
2017-06-13,1.66
2017-06-09,1.66
2017-06-08,1.63
2017-06-07,1.61
2017-06-06,1.63
2017-06-05,1.59
2017-06-02,1.58
2017-06-01,1.57
2017-05-30,1.57
2017-05-29,1.57
2017-05-26,1.6
2017-05-25,1.62
2017-05-23,1.62
2017-05-19,1.57
2017-05-18,1.53
2017-05-17,1.65
2017-05-16,1.72
2017-05-15,1.73
2017-05-12,1.7
2017-05-11,1.74
2017-05-10,1.75
2017-05-09,1.77
2017-05-08,1.76
2017-05-05,1.68
2017-05-04,1.68
2017-05-03,1.68
2017-05-02,1.68
2017-05-01,1.79
2017-04-28,1.79
2017-04-27,1.79
2017-04-26,1.79
2017-04-25,1.73
2017-04-24,1.69
2017-04-21,1.53
2017-04-20,1.52
2017-04-19,1.5
2017-04-18,1.59
2017-04-13,1.5
2017-04-12,1.5
2017-04-11,1.5
2017-04-10,1.56
2017-04-07,1.49
2017-04-05,1.45
2017-04-04,1.41
2017-04-03,1.42
2017-03-31,1.4
2017-03-30,1.33
2017-03-28,1.3
2017-03-27,1.28
2017-03-24,1.28
2017-03-23,1.28
2017-03-22,1.28
2017-03-20,1.28
2017-03-17,1.36
2017-03-10,1.3
2017-03-09,1.35
2017-03-08,1.35
2017-03-07,1.3
2017-03-06,1.4
2017-03-03,1.3
2017-03-02,1.32
2017-03-01,1.48
2017-02-28,1.36
2017-02-27,1.28
2017-02-24,1.29
2017-02-23,1.29
2017-02-22,1.24
2017-02-21,1.24
2017-02-20,1.22
2017-02-17,1.12
2017-02-16,1.13
2017-02-14,1.24
2017-02-13,1.24
2017-02-09,1.24
2017-02-08,1.24
2017-02-07,1.2
2017-02-06,1.19
2017-02-03,1.19
2017-02-02,1.11
2017-01-31,1.1
2017-01-27,1.15
2017-01-25,1.15
2017-01-24,1.2
2017-01-23,1.2
2017-01-20,1.2
2017-01-19,1.2
2017-01-18,1.2
2017-01-17,1.2
2017-01-16,1.2
2017-01-13,1.2
2017-01-12,1.2
2017-01-11,1.18
2017-01-10,1.29
2017-01-09,1.29
2017-01-06,1.29
2017-01-05,1.29
2017-01-04,1.29
2017-01-03,1.29
2017-01-02,1.08
2016-12-31,1.054
2016-12-29,1.09
2016-12-28,1.09
2016-12-27,1.09
2016-12-23,1.1
2016-12-20,1.1
2016-12-19,1.1
2016-12-16,1.1
2016-12-14,1.08
2016-12-13,1.09
2016-12-12,1.1
2016-12-09,1.1
2016-12-08,1.1
2016-12-07,1.1
2016-12-06,1.1
2016-12-05,1.1
2016-12-02,1.1
2016-12-01,1.1
2016-11-30,1.1
2016-11-29,1.1
2016-11-28,1.1
2016-11-25,1.1
2016-11-24,1.1
2016-11-23,1.1
2016-11-22,1.1
2016-11-21,1.1
2016-11-18,1.1
2016-11-17,1.1
2016-11-16,1.1
2016-11-14,1.1
2016-11-11,1.1
2016-11-09,1.11
2016-11-08,1.15
2016-11-07,1.15
2016-11-03,1.25
2016-10-31,1.09
2016-10-26,1.2
2016-10-25,1.2
2016-10-24,1.2
2016-10-21,1.2
2016-10-20,1.2
2016-10-12,1.2
2016-10-07,1.16
2016-10-06,1.16
2016-10-05,1.16
2016-10-04,1.16
2016-10-03,1.16
2016-09-30,1.16
2016-09-29,1.16
2016-09-28,1.2
2016-09-27,1.2
2016-09-26,1.2
2016-09-23,1.2
2016-09-22,1.2
2016-09-21,1.2
2016-09-20,1.2
2016-09-15,1.2
2016-09-14,1.2
2016-09-13,1.27
2016-09-12,1.27
2016-09-09,1.27
2016-09-08,1.27
2016-09-07,1.27
2016-09-06,1.27
2016-09-05,1.27
2016-09-02,1.27
2016-09-01,1.27
2016-08-31,1.27
2016-08-30,1.27
2016-08-29,1.28
2016-08-26,1.28
2016-08-25,1.28
2016-08-24,1.28
2016-08-23,1.28
2016-08-22,1.28
2016-08-19,1.28
2016-08-18,1.28
2016-08-17,1.28
2016-08-16,1.28
2016-08-15,1.28
2016-08-11,1.28
2016-08-10,1.26
2016-08-09,1.26
2016-08-08,1.28
2016-08-04,1.18
2016-08-03,1.16
2016-08-02,1.15
2016-08-01,1.15
2016-07-29,1.15
2016-07-28,1.15
2016-07-27,1.15
2016-07-26,1.15
2016-07-25,1.04
2016-07-22,1.04
2016-07-21,1.04
2016-07-19,1.04
2016-07-18,1.15
2016-07-15,1.15
2016-07-14,1.15
2016-07-13,1.15
2016-07-12,1.15
2016-07-11,1.15
2016-07-08,1.15
2016-07-07,1.15
2016-07-06,1.15
2016-07-05,1.15
2016-07-04,1.15
2016-07-01,1.15
2016-06-24,1.06
2016-06-22,1.06
2016-06-20,1.14
2016-06-16,1.06
2016-06-15,1.06
2016-06-13,1.06
2016-06-10,1.15
2016-06-09,1.15
2016-06-08,1.15
2016-06-02,1.15
2016-06-01,1.16
2016-05-30,1.16
2016-05-27,1.16
2016-05-24,1.16
2016-05-23,1.15
2016-05-20,1.3
2016-05-18,1.3
2016-05-16,1.29
2016-05-12,1.28
2016-05-11,1.28
2016-05-10,1.28
2016-05-06,1.23
2016-05-05,1.23
2016-05-04,1.22
2016-05-03,1.22
2016-04-25,1.23
2016-04-22,1.22
2016-04-21,1.23
2016-04-20,1.22
2016-04-18,1.23
2016-04-15,1.22
2016-04-13,1.23
2016-04-11,1.28
2016-04-08,1.23
2016-04-07,1.12
2016-04-06,1.06
2016-04-01,1.05
2016-03-24,1.05
2016-03-23,1.05
2016-03-22,1.05
2016-03-18,1.05
2016-03-16,1.05
2016-03-15,1.0
2016-03-14,1.0
2016-03-11,1.05
2016-03-08,1.0
2016-02-26,0.96
2016-02-24,1.05
2016-02-18,1.04
2016-02-17,1.04
2016-02-16,0.95
2016-02-15,0.95
2016-02-12,1.02
2016-02-11,1.02
2016-02-10,1.05
2016-02-09,1.05
2016-02-08,1.05
2016-02-05,1.05
2016-02-04,1.05
2016-02-03,1.05
2016-02-02,1.05
2016-01-29,1.02
2016-01-28,1.05
2016-01-27,1.05
2016-01-26,1.05
2016-01-25,1.05
2016-01-22,1.05
2016-01-21,1.05
2016-01-20,1.05
2016-01-19,1.05
2016-01-18,1.05
2016-01-15,1.1
2016-01-14,1.18
2016-01-13,1.18
2016-01-12,1.18
2016-01-11,1.2
2016-01-08,1.2
2016-01-07,1.2
2016-01-06,1.21
2016-01-05,1.21
2016-01-04,1.21
2016-01-01,1.23
2015-12-31,1.23
2015-12-30,1.23
2015-12-29,1.23
2015-12-28,1.23
2015-12-25,1.24
2015-12-24,1.24
2015-12-23,1.24
2015-12-22,1.24
2015-12-21,1.1
2015-12-18,1.1
2015-12-17,1.03
2015-12-16,1.03
2015-12-15,1.03
2015-12-14,1.03
2015-12-11,1.03
2015-12-10,1.1
2015-12-09,1.1
2015-12-08,1.1
2015-12-07,1.02
2015-12-04,1.25
2015-12-03,1.25
2015-12-02,1.25
2015-12-01,1.25
2015-11-30,1.25
2015-11-27,1.25
2015-11-26,1.25
2015-11-25,1.25
2015-11-24,1.25
2015-11-23,1.25
2015-11-20,1.25
2015-11-19,1.25
2015-11-18,1.25
2015-11-17,1.15
2015-11-16,1.15
2015-11-13,1.15
2015-11-12,1.07
2015-11-11,1.07
2015-11-10,1.07
2015-11-09,1.15
2015-11-06,1.15
2015-11-05,1.15
2015-11-04,1.15
2015-11-03,1.15
2015-11-02,1.07
2015-10-30,1.07
2015-10-29,1.07
2015-10-28,1.07
2015-10-27,1.07
2015-10-26,1.07
2015-10-23,1.15
2015-10-22,1.15
2015-10-21,1.15
2015-10-20,1.15
2015-10-19,1.15
2015-10-16,1.15
2015-10-15,1.15
2015-10-14,1.1
2015-10-13,1.1
2015-10-12,1.07
2015-10-09,1.07
2015-10-08,1.07
2015-10-07,1.07
2015-10-06,1.06
2015-10-05,1.06
2015-10-02,1.07
2015-10-01,1.07
2015-09-30,1.07
2015-09-29,1.07
2015-09-28,1.07
2015-09-25,1.07
2015-09-24,1.07
2015-09-23,1.07
2015-09-22,1.07
2015-09-21,1.07
2015-09-18,1.07
2015-09-17,1.07
2015-09-16,1.06
2015-09-15,1.06
2015-09-14,1.06
2015-09-11,1.15
2015-09-10,1.15
2015-09-09,1.15
2015-09-08,1.15
2015-09-07,1.15
2015-09-04,1.15
2015-09-03,1.15
2015-09-02,1.15
2015-09-01,1.15
2015-08-31,1.05
2015-08-28,1.05
2015-08-27,1.05
2015-08-26,1.05
2015-08-25,1.05
2015-08-24,1.07
2015-08-21,1.07
2015-08-20,1.07
2015-08-19,1.07
2015-08-18,1.07
2015-08-17,1.07
2015-08-14,1.07
2015-08-13,1.13
2015-08-12,1.13
2015-08-11,1.13
2015-08-10,1.13
2015-08-07,1.13
2015-08-06,1.13
2015-08-05,1.13
2015-08-04,1.13
2015-08-03,1.13
2015-07-31,1.14
2015-07-30,1.14
2015-07-29,1.14
2015-07-28,1.11
2015-07-27,1.11
2015-07-24,1.11
2015-07-23,1.1
2015-07-22,1.1
2015-07-21,1.1
2015-07-20,1.1
2015-07-17,1.1
2015-07-16,1.1
2015-07-15,1.1
2015-07-14,1.1
2015-07-13,1.1
2015-07-10,1.1
2015-07-09,0.99
2015-07-08,0.99
2015-07-07,0.99
2015-07-06,0.99
2015-07-03,1.05
2015-07-02,0.99
2015-07-01,0.99
2015-06-30,0.99
2015-06-29,0.99
2015-06-26,1.07
2015-06-25,1.07
2015-06-24,1.07
2015-06-23,1.07
2015-06-22,1.06
2015-06-19,1.05
2015-06-18,1.05
2015-06-17,1.05
2015-06-16,1.07
2015-06-15,1.2
2015-06-12,1.2
2015-06-11,1.2
2015-06-10,1.2
2015-06-09,1.2
2015-06-08,1.2
2015-06-05,1.2
2015-06-04,1.2
2015-06-03,1.2
2015-06-02,1.2
2015-06-01,1.2
2015-05-29,1.2
2015-05-28,1.2
2015-05-27,1.2
2015-05-26,1.2
2015-05-25,1.2
2015-05-22,1.29
2015-05-21,1.26
2015-05-20,1.25
2015-05-19,1.3
2015-05-18,1.3
2015-05-15,1.25
2015-05-14,1.22
2015-05-13,1.3
2015-05-12,1.3
2015-05-11,1.3
2015-05-08,1.3
2015-05-07,1.3
2015-05-06,1.3
2015-05-05,1.3
2015-05-04,1.3
2015-05-01,1.01
2015-04-30,1.01
2015-04-29,1.01
2015-04-28,1.01
2015-04-27,1.01
2015-04-24,1.35
2015-04-23,1.35
2015-04-22,1.35
2015-04-21,1.35
2015-04-20,1.35
2015-04-17,1.36
2015-04-16,1.35
2015-04-15,1.35
2015-04-14,1.35
2015-04-13,1.3
2015-04-10,1.21
2015-04-09,1.0
2015-04-08,0.93
2015-04-07,0.93
2015-04-06,0.93
2015-04-03,0.93
2015-04-02,0.93
2015-04-01,0.93
2015-03-31,0.93
2015-03-30,0.93
2015-03-27,0.91
2015-03-26,0.91
2015-03-25,0.91
2015-03-24,0.86
2015-03-23,0.86
2015-03-20,0.86
2015-03-19,0.86
2015-03-18,0.86
2015-03-17,0.86
2015-03-16,0.86
2015-03-13,0.85
2015-03-12,0.85
2015-03-11,0.9
2015-03-10,0.85
2015-03-09,0.84
2015-03-06,0.85
2015-03-05,0.85
2015-03-04,0.84
2015-03-03,0.84
2015-03-02,0.85
2015-02-27,0.85
2015-02-26,0.85
2015-02-25,0.87
2015-02-24,0.87
2015-02-23,0.85
2015-02-20,0.85
2015-02-19,0.85
2015-02-18,0.87
2015-02-17,0.88
2015-02-16,0.85
2015-02-13,0.84
2015-02-12,0.85
2015-02-11,0.85
2015-02-10,0.85
2015-02-09,0.84
2015-02-06,0.9
2015-02-05,0.9
2015-02-04,0.9
2015-02-03,0.9
2015-02-02,0.9
2015-01-30,0.9
2015-01-29,0.9
2015-01-28,0.9
2015-01-27,0.9
2015-01-26,0.9
2015-01-23,0.9
2015-01-22,0.9
2015-01-21,0.85
2015-01-20,1.0
2015-01-19,1.0
2015-01-16,1.0
2015-01-15,1.0
2015-01-14,1.0
2015-01-13,1.0
2015-01-12,0.98
2015-01-09,0.92
2015-01-08,0.92
2015-01-07,0.92
2015-01-06,0.92
2015-01-05,0.84
2015-01-02,0.91
2015-01-01,0.91
2014-12-31,0.91
2014-12-30,0.83
2014-12-29,0.99
2014-12-26,0.82
2014-12-25,0.82
2014-12-24,0.82
2014-12-23,0.82
2014-12-22,0.82
2014-12-19,0.82
2014-12-18,0.78
2014-12-17,1.01
2014-12-16,1.01
2014-12-15,1.01
2014-12-12,1.01
2014-12-11,1.01
2014-12-10,1.02
2014-12-09,1.02
2014-12-08,1.02
2014-12-05,1.02
2014-12-04,1.05
2014-12-03,1.05
2014-12-02,1.05
2014-12-01,1.05
2014-11-28,1.05
2014-11-27,1.05
2014-11-26,1.05
2014-11-25,1.05
2014-11-24,1.05
2014-11-21,1.05
2014-11-20,1.05
2014-11-19,1.05
2014-11-18,1.05
2014-11-17,1.05
2014-11-14,1.04
2014-11-13,1.04
2014-11-12,1.04
2014-11-11,1.04
2014-11-10,1.15
2014-11-07,1.15
2014-11-06,1.15
2014-11-05,1.15
2014-11-04,1.07
2014-11-03,1.12
2014-10-31,1.12
2014-10-30,1.07
2014-10-29,1.07
2014-10-28,1.07
2014-10-27,1.07
2014-10-24,1.07
2014-10-23,1.07
2014-10-22,1.07
2014-10-21,1.07
2014-10-20,1.07
2014-10-17,1.07
2014-10-16,1.1
2014-10-15,1.1
2014-10-14,1.1
2014-10-13,1.1
2014-10-10,1.1
2014-10-09,1.1
2014-10-08,1.24
2014-10-07,1.24
2014-10-06,1.07
2014-10-03,1.17
2014-10-02,1.17
2014-10-01,1.17
2014-09-30,1.2
2014-09-29,1.24
2014-09-26,1.24
2014-09-25,1.24
2014-09-24,1.24
2014-09-23,1.24
2014-09-22,1.24
2014-09-19,1.19
2014-09-18,1.28
2014-09-17,1.28
2014-09-16,1.28
2014-09-15,1.28
2014-09-12,1.29
2014-09-11,1.29
2014-09-10,1.29
2014-09-09,1.29
2014-09-08,1.29
2014-09-05,1.27
2014-09-04,1.27
2014-09-03,1.31
2014-09-02,1.31
2014-09-01,1.2
2014-08-29,1.14
2014-08-28,1.14
2014-08-27,1.14
2014-08-26,1.15
2014-08-25,1.15
2014-08-22,1.15
2014-08-21,1.1
2014-08-20,1.1
2014-08-19,1.1
2014-08-18,1.1
2014-08-15,1.1
2014-08-14,1.1
2014-08-13,1.1
2014-08-12,1.1
2014-08-11,1.2
2014-08-08,1.1
2014-08-07,1.2
2014-08-06,1.2
2014-08-05,1.2
2014-08-04,1.2
2014-08-01,1.2
2014-07-31,1.2
2014-07-30,1.2
2014-07-29,1.2
2014-07-28,1.2
2014-07-25,1.23
2014-07-24,1.2
2014-07-23,1.2
2014-07-22,1.2
2014-07-21,1.21
2014-07-18,1.25
2014-07-17,1.25
2014-07-16,1.25
2014-07-15,1.2
2014-07-14,1.2
2014-07-11,1.2
2014-07-10,1.2
2014-07-09,1.3
2014-07-08,1.3
2014-07-07,1.3
2014-07-04,1.3
2014-07-03,1.3
2014-07-02,1.2
2014-07-01,1.2
2014-06-30,1.2
2014-06-27,1.2
2014-06-26,1.2
2014-06-25,1.2
2014-06-24,1.2
2014-06-23,1.2
2014-06-20,1.2
2014-06-19,1.29
2014-06-18,1.32
2014-06-17,1.32
2014-06-16,1.32
2014-06-13,1.32
2014-06-12,1.32
2014-06-11,1.32
2014-06-10,1.2
2014-06-09,1.35
2014-06-06,1.35
2014-06-05,1.29
2014-06-04,1.29
2014-06-03,1.29
2014-06-02,1.29
2014-05-30,1.08
2014-05-29,1.13
2014-05-28,1.13
2014-05-27,1.13
2014-05-26,1.13
2014-05-23,1.13
2014-05-22,1.03
2014-05-21,1.15
2014-05-20,1.15
2014-05-19,1.26
2014-05-16,1.43
2014-05-15,1.45
2014-05-14,1.45
2014-05-13,1.45
2014-05-12,1.45
2014-05-09,1.4
2014-05-08,1.4
2014-05-07,1.4
2014-05-06,1.35
2014-05-05,1.35
2014-05-02,1.4
2014-05-01,1.4
2014-04-30,1.4
2014-04-29,1.4
2014-04-28,1.4
2014-04-25,1.3
2014-04-24,1.3
2014-04-23,1.24
2014-04-22,1.3
2014-04-21,1.49
2014-04-18,1.49
2014-04-17,1.49
2014-04-16,1.49
2014-04-15,1.59
2014-04-14,1.59
2014-04-11,1.59
2014-04-10,1.48
2014-04-09,1.25
2014-04-08,1.09
2014-04-07,1.06
2014-04-04,1.06
2014-04-03,1.05
2014-04-02,0.96
2014-04-01,0.95
2014-03-31,0.95
2014-03-28,0.88
2014-03-27,0.77
2014-03-26,0.76
2014-03-25,0.76
2014-03-24,0.74
2014-03-21,0.74
2014-03-20,0.71
2014-03-19,0.74
2014-03-18,0.74
2014-03-17,0.71
2014-03-14,0.71
2014-03-13,0.71
2014-03-12,0.73
2014-03-11,0.73
2014-03-10,0.73
2014-03-07,0.74
2014-03-06,0.7
2014-03-05,0.74
2014-03-04,0.7
2014-03-03,0.7
2014-02-28,0.71
2014-02-27,0.7
2014-02-26,0.72
2014-02-25,0.72
2014-02-24,0.74
2014-02-21,0.74
2014-02-20,0.75
2014-02-19,0.72
2014-02-18,0.72
2014-02-17,0.73
2014-02-14,0.73
2014-02-13,0.74
2014-02-12,0.78
2014-02-11,0.73
2014-02-10,0.73
2014-02-07,0.73
2014-02-06,0.74
2014-02-05,0.74
2014-02-04,0.78
2014-02-03,0.74
2014-01-31,0.74
2014-01-30,0.74
2014-01-29,0.74
2014-01-28,0.74
2014-01-27,0.74
2014-01-24,0.74
2014-01-23,0.77
2014-01-22,0.77
2014-01-21,0.77
2014-01-20,0.77
2014-01-17,0.79
2014-01-16,0.79
2014-01-15,0.79
2014-01-14,0.79
2014-01-13,0.79
2014-01-10,0.79
2014-01-09,0.74
2014-01-08,0.74
2014-01-07,0.75
2014-01-06,0.77
2014-01-03,0.77
2014-01-02,0.79
2014-01-01,0.78
2013-12-31,0.78
2013-12-30,0.78
2013-12-27,0.79
2013-12-26,0.79
2013-12-25,0.79
2013-12-24,0.79
2013-12-23,0.79
2013-12-20,0.77
2013-12-19,0.77
2013-12-18,0.74
2013-12-17,0.74
2013-12-16,0.74
2013-12-13,0.74
2013-12-12,0.81
2013-12-11,0.81
2013-12-10,0.83
2013-12-09,0.85
2013-12-06,0.85
2013-12-05,0.85
2013-12-04,0.81
2013-12-03,0.81
2013-12-02,0.81
2013-11-29,0.81
2013-11-28,0.92
2013-11-27,0.93
2013-11-26,0.87
2013-11-25,0.88
2013-11-22,0.88
2013-11-21,0.88
2013-11-20,0.88
2013-11-19,0.88
2013-11-18,0.85
2013-11-15,0.77
2013-11-14,0.82
2013-11-13,0.82
2013-11-12,0.82
2013-11-11,0.82
2013-11-08,0.82
2013-11-07,0.8
2013-11-06,0.81
2013-11-05,0.81
2013-11-04,0.81
2013-11-01,0.82
2013-10-31,0.82
2013-10-30,0.82
2013-10-29,0.8
2013-10-28,0.83
2013-10-25,0.83
2013-10-24,0.83
2013-10-23,0.76
2013-10-22,0.76
2013-10-21,0.82
2013-10-18,0.82
2013-10-17,0.79
2013-10-16,0.79
2013-10-15,0.79
2013-10-14,0.79
2013-10-11,0.79
2013-10-10,0.8
2013-10-09,0.8
2013-10-08,0.83
2013-10-07,0.8
2013-10-04,0.8
2013-10-03,0.72
2013-10-02,0.72
2013-10-01,0.72
2013-09-30,0.72
2013-09-27,0.72
2013-09-26,0.72
2013-09-25,0.72
2013-09-24,0.72
2013-09-23,0.72
2013-09-20,0.72
2013-09-19,0.72
2013-09-18,0.72
2013-09-17,0.72
2013-09-16,0.72
2013-09-13,0.72
2013-09-12,0.72
2013-09-11,0.72
2013-09-10,0.72
2013-09-09,0.72
2013-09-06,0.72
2013-09-05,0.73
2013-09-04,0.72
2013-09-03,0.72
2013-09-02,0.72
2013-08-30,0.8
2013-08-29,0.8
2013-08-28,0.8
2013-08-27,0.8
2013-08-26,0.8
2013-08-23,0.8
2013-08-22,0.8
2013-08-21,0.8
2013-08-20,0.8
2013-08-19,0.8
2013-08-16,0.8
2013-08-15,0.8
2013-08-14,0.8
2013-08-13,0.8
2013-08-12,0.8
2013-08-09,0.8
2013-08-08,0.8
2013-08-07,0.8
2013-08-06,0.8
2013-08-05,0.8
2013-08-02,0.8
2013-08-01,0.8
2013-07-31,0.8
2013-07-30,0.8
2013-07-29,0.8
2013-07-26,0.75
2013-07-25,0.75
2013-07-24,0.75
2013-07-23,0.75
2013-07-22,0.75
2013-07-19,0.75
2013-07-18,0.75
2013-07-17,0.75
2013-07-16,0.75
2013-07-15,0.75
2013-07-12,0.75
2013-07-11,0.75
2013-07-10,0.95
2013-07-09,0.95
2013-07-08,0.95
2013-07-05,0.95
2013-07-04,0.75
2013-07-03,0.61
2013-07-02,0.61
2013-07-01,0.61
2013-06-28,0.61
2013-06-27,0.61
2013-06-26,0.61
2013-06-25,0.85
2013-06-24,0.85
2013-06-21,0.85
2013-06-20,0.85
2013-06-19,0.85
2013-06-18,0.85
2013-06-17,0.88
2013-06-14,0.93
2013-06-13,0.6
2013-06-12,0.6
2013-06-11,0.6
2013-06-10,0.6
2013-06-07,0.6
2013-06-06,0.6
2013-06-05,0.6
2013-06-04,0.6
2013-06-03,0.6
2013-05-31,0.6
2013-05-30,0.6
2013-05-29,0.6
2013-05-28,0.6
2013-05-27,0.6
2013-05-24,0.81
2013-05-23,0.81
2013-05-22,0.81
2013-05-21,0.81
2013-05-20,0.74
2013-05-17,0.57
2013-05-16,0.57
2013-05-15,0.57
2013-05-14,0.57
2013-05-13,0.57
2013-05-10,0.57
2013-05-09,0.57
2013-05-08,0.57
2013-05-07,0.57
2013-05-06,0.57
2013-05-03,0.57
2013-05-02,0.53
2013-05-01,0.53
2013-04-30,0.53
2013-04-29,0.95
2013-04-26,0.95
2013-04-25,0.95
2013-04-24,0.95
2013-04-23,0.95
2013-04-22,0.95
2013-04-19,0.95
2013-04-18,0.95
2013-04-17,0.95
2013-04-16,0.95
2013-04-15,0.95
2013-04-12,0.95
2013-04-11,0.95
2013-04-10,0.95
2013-04-09,0.95
2013-04-08,0.95
2013-04-05,0.95
2013-04-04,0.95
2013-04-03,0.95
2013-04-02,0.95
2013-04-01,0.95
2013-03-29,0.95
2013-03-28,0.95
2013-03-27,0.95
2013-03-26,0.95
2013-03-25,0.95
2013-03-22,0.95
2013-03-21,0.95
2013-03-20,0.95
2013-03-19,0.95
2013-03-18,0.95
2013-03-15,0.95
2013-03-14,0.95
2013-03-13,0.96
2013-03-12,0.96
2013-03-11,0.95
2013-03-08,0.95
2013-03-07,0.95
2013-03-06,0.95
2013-03-05,0.95
2013-03-04,0.95
2013-03-01,0.96
2013-02-28,0.96
2013-02-27,0.96
2013-02-26,0.96
2013-02-25,0.96
2013-02-22,0.96
2013-02-21,0.96
2013-02-20,0.96
2013-02-19,0.96
2013-02-18,0.96
2013-02-15,0.96
2013-02-14,0.96
2013-02-13,0.96
2013-02-12,0.96
2013-02-11,0.96
2013-02-08,0.96
2013-02-07,0.96
2013-02-06,0.96
2013-02-05,0.96
2013-02-04,0.96
2013-02-01,0.96
2013-01-31,0.96
2013-01-30,0.96
2013-01-29,0.96
2013-01-28,0.96
2013-01-25,0.96
2013-01-24,0.96
2013-01-23,0.95
2013-01-22,0.96
2013-01-21,0.96
2013-01-18,0.96
2013-01-17,0.96
2013-01-16,0.96
2013-01-15,0.96
2013-01-14,0.96
2013-01-11,0.96
2013-01-10,0.96
2013-01-09,0.96
2013-01-08,0.96
2013-01-07,0.96
2013-01-04,0.96
2013-01-03,0.96
2013-01-02,0.96
2013-01-01,0.96
2012-12-31,0.96
2012-12-28,0.96
2012-12-27,0.96
2012-12-26,0.96
2012-12-25,0.96
2012-12-24,0.96
2012-12-21,0.96
2012-12-20,0.95
2012-12-19,0.95
2012-12-18,0.95
2012-12-17,0.95
2012-12-14,0.95
2012-12-13,0.95
2012-12-12,0.95
2012-12-11,0.95
2012-12-10,0.95
2012-12-07,0.95
2012-12-06,0.95
2012-12-05,0.95
2012-12-04,0.95
2012-12-03,0.67
2012-11-30,0.67
2012-11-29,0.67
2012-11-28,0.67
2012-11-27,0.67
2012-11-26,0.67
2012-11-23,1.5
2012-11-22,1.5
2012-11-21,1.5
2012-11-20,1.5
2012-11-19,1.5
2012-11-16,1.5
2012-11-15,1.5
2012-11-14,1.5
2012-11-13,1.5
2012-11-12,1.2
2012-11-09,1.2
2012-11-08,1.2
2012-11-07,1.2
2012-11-06,1.2
2012-11-05,1.58
2012-11-02,1.58
2012-11-01,1.58
2012-10-31,1.58
2012-10-30,1.58
2012-10-29,1.58
2012-10-26,1.58
2012-10-25,1.58
2012-10-24,1.58
2012-10-23,1.58
2012-10-22,1.58
2012-10-19,1.58
2012-10-18,1.58
2012-10-17,1.58
2012-10-16,1.58
2012-10-15,1.58
2012-10-12,1.58
2012-10-11,1.58
2012-10-10,1.58
2012-10-09,1.58
2012-10-08,1.58
2012-10-05,1.58
2012-10-04,1.58
2012-10-03,1.58
2012-10-02,1.58
2012-10-01,1.58
2012-09-28,1.58
2012-09-27,1.58
2012-09-26,1.58
2012-09-25,1.58
2012-09-24,1.58
2012-09-21,1.58
2012-09-20,1.58
2012-09-19,1.58
2012-09-18,1.58
2012-09-17,1.58
2012-09-14,1.58
2012-09-13,1.58
2012-09-12,1.58
2012-09-11,1.58
2012-09-10,1.58
2012-09-07,1.59
2012-09-06,1.59
2012-09-05,1.59
2012-09-04,1.59
2012-09-03,1.59
2012-08-31,1.59
2012-08-30,1.59
2012-08-29,1.59
2012-08-28,1.59
2012-08-27,1.59
2012-08-24,1.59
2012-08-23,1.59
2012-08-22,1.59
2012-08-21,1.59
2012-08-20,1.59
2012-08-17,1.59
2012-08-16,1.59
2012-08-15,1.59
2012-08-14,1.59
2012-08-13,1.59
2012-08-10,1.59
2012-08-09,1.59
2012-08-08,1.59
2012-08-07,1.59
2012-08-06,1.59
2012-08-03,1.59
2012-08-02,1.59
2012-08-01,1.78
2012-07-31,1.78
2012-07-30,1.78
2012-07-27,1.78
2012-07-26,1.78
2012-07-25,1.78
2012-07-24,1.78
2012-07-23,1.78
2012-07-20,1.78
2012-07-19,1.78
2012-07-18,1.78
2012-07-17,1.78
2012-07-16,1.78
2012-07-13,1.78
2012-07-12,1.78
2012-07-11,1.78
2012-07-10,1.78
2012-07-09,1.78
2012-07-06,1.78
2012-07-05,1.78
2012-07-04,1.78
2012-07-03,1.78
2012-07-02,1.78
2012-06-29,1.78
2012-06-28,1.78
2012-06-27,1.78
2012-06-26,1.78
2012-06-25,1.78
2012-06-22,1.78
2012-06-21,1.78
2012-06-20,1.78
2012-06-19,1.78
2012-06-18,1.78
2012-06-15,1.78
2012-06-14,1.78
2012-06-13,1.78
2012-06-12,1.78
2012-06-11,1.78
2012-06-08,1.72
2012-06-07,1.72
2012-06-06,1.72
2012-06-05,1.72
2012-06-04,1.72
2012-06-01,1.72
2012-05-31,1.72
2012-05-30,1.72
2012-05-29,1.72
2012-05-28,1.72
2012-05-25,1.72
2012-05-24,1.72
2012-05-23,1.72
2012-05-22,2.1
2012-05-21,2.1
2012-05-18,2.1
2012-05-17,2.1
2012-05-16,2.1
2012-05-15,2.1
2012-05-14,2.1
2012-05-11,2.1
2012-05-10,2.1
2012-05-09,2.1
2012-05-08,2.1
2012-05-07,2.1
2012-05-04,2.1
2012-05-03,2.1
2012-05-02,2.1
2012-05-01,2.1
2012-04-30,2.1
2012-04-27,2.1
2012-04-26,2.1
2012-04-25,2.1
2012-04-24,2.1
2012-04-23,2.1
2012-04-20,2.1
2012-04-19,2.1
2012-04-18,2.1
2012-04-17,2.1
2012-04-16,2.1
2012-04-13,2.1
2012-04-12,2.1
2012-04-11,2.1
2012-04-10,2.1
2012-04-09,2.1
2012-04-06,2.1
2012-04-05,2.1
2012-04-04,2.1
2012-04-03,2.1
2012-04-02,2.1
2012-03-30,2.1
2012-03-29,2.1
2012-03-28,2.1
2012-03-27,2.1
2012-03-26,2.1
2012-03-23,2.1
2012-03-22,2.1
2012-03-21,2.1
2012-03-20,2.1
2012-03-19,2.1
2012-03-16,2.1
2012-03-15,2.1
2012-03-14,2.1
2012-03-13,2.1
2012-03-12,2.1
2012-03-09,2.1
2012-03-08,2.1
2012-03-07,2.1
2012-03-06,2.1
2012-03-05,2.1
2012-03-02,2.1
2012-03-01,2.1
2012-02-29,2.1
2012-02-28,2.1
2012-02-27,2.1
2012-02-24,2.1
2012-02-23,2.1
2012-02-22,2.1
2012-02-21,2.1
2012-02-20,1.8
2012-02-17,1.75
2012-02-16,1.75
2012-02-15,1.51
2012-02-14,1.39
2012-02-13,1.39
2012-02-10,3.9
2012-02-09,3.9
2012-02-08,3.9
2012-02-07,3.9
2012-02-06,3.9
2012-02-03,3.9
2012-02-02,3.9
2012-02-01,3.9
2012-01-31,3.9
2012-01-30,3.9
2012-01-27,3.9
2012-01-26,3.9
2012-01-25,3.9
2012-01-24,3.9
2012-01-23,3.9
2012-01-20,3.9
2012-01-19,3.9
2012-01-18,3.9
2012-01-17,3.9
2012-01-16,3.9
2012-01-13,3.9
2012-01-12,3.9
2012-01-11,3.9
2012-01-10,3.9
2012-01-09,3.9
2012-01-06,3.9
2012-01-05,3.9
2012-01-04,3.9
2012-01-03,3.9
2012-01-02,3.9
2011-12-30,4.0
2011-12-29,3.9
2011-12-28,3.6
2011-12-27,3.6
2011-12-26,3.6
2011-12-23,3.6
2011-12-22,3.6
2011-12-21,3.6
2011-12-20,3.6
2011-12-19,3.6
2011-12-16,3.6
2011-12-15,3.7
2011-12-14,3.7
2011-12-13,3.7
2011-12-12,3.7
2011-12-09,3.7
2011-12-08,3.7
2011-12-07,3.7
2011-12-06,3.7
2011-12-05,3.7
2011-12-02,3.7
2011-12-01,3.7
2011-11-30,3.7
2011-11-29,3.7
2011-11-28,3.7
2011-11-25,3.7
2011-11-24,3.7
2011-11-23,3.7
2011-11-22,3.7
2011-11-21,3.7
2011-11-18,3.7
2011-11-17,3.7
2011-11-16,20.46
2011-11-15,20.17
2011-11-14,20.39
2011-11-11,20.44
2011-11-10,20.1
2011-11-09,19.85
2011-11-08,20.33
2011-11-07,19.84
2011-11-04,19.73
2011-11-03,19.73
2011-11-02,19.34
2011-11-01,19.14
2011-10-31,19.19
2011-10-28,19.23
2011-10-27,19.54
2011-10-26,3.7
2011-10-25,18.9
2011-10-24,19.35
2011-10-21,18.8
2011-10-20,18.03
2011-10-19,17.84
2011-10-18,17.96
2011-10-17,17.78
2011-10-14,3.7
2011-10-13,3.7
2011-10-12,16.96
2011-10-11,16.5
2011-10-10,17.55
2011-10-07,17.0
2011-10-06,3.7
2011-10-05,16.98
2011-10-04,3.65
2011-10-03,16.28
2011-09-30,3.65
2011-09-29,16.9
2011-09-28,16.6
2011-09-27,3.7
2011-09-26,17.0
2011-09-23,3.7
2011-09-22,16.4
2011-09-21,17.26
2011-09-20,17.57
2011-09-19,17.8
2011-09-16,17.83
2011-09-15,3.7
2011-09-14,17.4
2011-09-13,17.42
2011-09-12,17.09
2011-09-09,16.9
2011-09-08,17.12
2011-09-07,17.26
2011-09-06,17.24
2011-09-02,16.8
2011-09-01,3.7
2011-08-31,16.9
2011-08-30,17.07
2011-08-29,17.08
2011-08-26,16.42
2011-08-25,15.84
2011-08-24,16.24
2011-08-23,16.03
2011-08-22,15.21
2011-08-19,3.7
2011-08-18,15.45
2011-08-17,16.17
2011-08-16,3.7
2011-08-15,16.44
2011-08-12,16.93
2011-08-11,16.88
2011-08-10,16.1
2011-08-09,16.74
2011-08-08,15.67
2011-08-05,16.9
2011-08-04,15.52
2011-08-03,16.63
2011-08-02,3.7
2011-08-01,17.09
2011-07-29,17.2
2011-07-28,17.18
2011-07-27,17.38
2011-07-26,17.79
2011-07-25,17.78
2011-07-22,18.0
2011-07-21,18.02
2011-07-20,17.89
2011-07-19,17.96
2011-07-18,17.36
2011-07-15,17.5
2011-07-14,17.68
2011-07-13,17.61
2011-07-12,17.61
2011-07-11,3.7
2011-07-08,18.11
2011-07-07,18.47
2011-07-06,17.58
2011-07-05,17.7
2011-07-04,3.7
2011-07-01,17.37
2011-06-30,17.1
2011-06-29,17.09
2011-06-28,17.15
2011-06-27,17.01
2011-06-24,16.85
2011-06-23,3.7
2011-06-22,17.23
2011-06-21,17.43
2011-06-20,16.8
2011-06-17,16.57
2011-06-16,16.14
2011-06-15,15.98
2011-06-14,16.24
2011-06-13,15.57
2011-06-10,15.55
2011-06-09,16.11
2011-06-08,15.8
2011-06-07,16.07
2011-06-06,15.84
2011-06-03,16.35
2011-06-02,16.29
2011-06-01,16.42
2011-05-31,16.76
2011-05-27,16.6
2011-05-26,16.58
2011-05-25,16.06
2011-05-24,15.84
2011-05-23,15.78
2011-05-20,16.15
2011-05-19,16.47
2011-05-18,16.3
2011-05-17,15.65
2011-05-16,15.79
2011-05-13,16.31
2011-05-12,16.35
2011-05-11,15.8
2011-05-10,15.92
2011-05-09,15.47
2011-05-06,3.7
2011-05-05,3.7
2011-05-04,3.7
2011-05-03,3.7
2011-05-02,3.7
2011-04-29,3.7
2011-04-28,3.7
2011-04-27,3.7
2011-04-26,3.7
2011-04-25,3.7
2011-04-22,3.7
2011-04-21,3.7
2011-04-20,3.7
2011-04-19,3.7
2011-04-18,3.7
2011-04-15,3.7
2011-04-14,3.7
2011-04-13,3.7
2011-04-12,3.7
2011-04-11,3.7
2011-04-08,3.7
2011-04-07,3.7
2011-04-06,3.7
2011-04-05,3.7
2011-04-04,3.7
2011-04-01,3.7
2011-03-31,3.7
2011-03-30,3.7
2011-03-29,3.7
2011-03-28,3.7
2011-03-25,3.7
2011-03-24,3.7
2011-03-23,3.7
2011-03-22,3.7
2011-03-21,3.7
2011-03-18,3.7
2011-03-17,3.7
2011-03-16,3.7
2011-03-15,3.7
2011-03-14,3.7
2011-03-11,3.7
2011-03-10,3.7
2011-03-09,3.7
2011-03-08,3.7
2011-03-07,3.7
2011-03-04,3.7
2011-03-03,3.7
2011-03-02,3.7
2011-03-01,3.7
2011-02-28,3.7
2011-02-25,3.7
2011-02-24,3.7
2011-02-23,3.7
2011-02-22,3.7
2011-02-21,3.7
2011-02-18,3.7
2011-02-17,3.7
2011-02-16,3.7
2011-02-15,3.7
2011-02-14,3.7
2011-02-11,3.7
2011-02-10,3.7
2011-02-09,3.7
2011-02-08,3.7
2011-02-07,3.7
2011-02-04,3.7
2011-02-03,3.7
2011-02-02,3.7
2011-02-01,3.7
2011-01-31,3.7
2011-01-28,3.7
2011-01-27,3.7
2011-01-26,3.7
2011-01-25,3.7
2011-01-24,3.7
2011-01-21,3.7
2011-01-20,3.7
2011-01-19,3.7
2011-01-18,3.7
2011-01-17,3.7
2011-01-14,3.7
2011-01-13,3.7
2011-01-12,3.7
2011-01-11,3.7
2011-01-10,3.7
2011-01-07,3.7
2011-01-06,3.7
2011-01-05,3.7
2011-01-04,3.72
2011-01-03,3.72
2010-12-31,2.49
2010-12-30,2.49
2010-12-29,3.5
2010-12-28,3.7
2010-12-27,3.5
2010-12-24,3.5
2010-12-23,3.5
2010-12-22,3.5
2010-12-21,3.5
2010-12-20,3.7
2010-12-17,3.7
2010-12-16,3.7
2010-12-15,3.7
2010-12-14,3.7
2010-12-13,3.7
2010-12-10,3.7
2010-12-09,3.7
2010-12-08,3.7
2010-12-07,3.7
2010-12-06,3.7
2010-12-03,3.7
2010-12-02,3.7
2010-12-01,3.7
2010-11-30,3.45
2010-11-29,3.45
2010-11-26,3.45
2010-11-25,3.45
2010-11-24,3.45
2010-11-23,3.45
2010-11-22,3.45
2010-11-19,3.45
2010-11-18,3.45
2010-11-17,3.45
2010-11-16,3.45
2010-11-15,3.45
2010-11-12,3.45
2010-11-11,3.45
2010-11-10,3.45
2010-11-09,3.7
2010-11-08,3.7
2010-11-05,13.04
2010-11-04,12.68
2010-11-03,11.99
2010-11-02,12.06
2010-11-01,11.8
2010-10-29,3.7
2010-10-28,3.7
2010-10-27,3.4
2010-10-26,3.4
2010-10-25,3.4
2010-10-22,3.4
2010-10-21,3.4
2010-10-20,3.4
2010-10-19,3.4
2010-10-18,3.4
2010-10-15,3.45
2010-10-14,3.4
2010-10-13,3.4
2010-10-12,3.4
2010-10-11,3.4
2010-10-08,3.4
2010-10-07,3.4
2010-10-06,3.4
2010-10-05,3.4
2010-10-04,3.4
2010-10-01,3.4
2010-09-30,3.45
2010-09-29,3.45
2010-09-28,3.45
2010-09-27,3.45
2010-09-24,3.45
2010-09-23,3.45
2010-09-22,3.45
2010-09-21,3.45
2010-09-20,3.45
2010-09-17,3.45
2010-09-16,3.45
2010-09-15,3.45
2010-09-14,3.45
2010-09-13,3.45
2010-09-10,3.75
2010-09-09,3.75
2010-09-08,3.75
2010-09-07,3.7
2010-09-06,3.8
2010-09-03,3.7
2010-09-02,3.7
2010-09-01,3.7
2010-08-31,3.4
2010-08-30,3.5
2010-08-27,3.4
2010-08-26,3.7
2010-08-25,3.7
2010-08-24,3.7
2010-08-23,3.6
2010-08-20,3.6
2010-08-19,3.6
2010-08-18,3.6
2010-08-17,3.6
2010-08-16,3.6
2010-08-13,3.6
2010-08-12,3.6
2010-08-11,3.6
2010-08-10,3.6
2010-08-09,3.6
2010-08-06,3.6
2010-08-05,3.6
2010-08-04,3.6
2010-08-03,3.17
2010-08-02,3.17
2010-07-30,3.6
2010-07-29,3.6
2010-07-28,3.6
2010-07-27,3.6
2010-07-26,3.6
2010-07-23,3.6
2010-07-22,3.6
2010-07-21,3.2
2010-07-20,2.77
2010-07-19,2.77
2010-07-16,3.4
2010-07-15,3.4
2010-07-14,3.4
2010-07-13,3.4
2010-07-12,3.4
2010-07-09,3.4
2010-07-08,3.2
2010-07-07,3.2
2010-07-06,3.2
2010-07-05,3.2
2010-07-02,3.2
2010-07-01,3.2
2010-06-30,3.2
2010-06-29,7.81
2010-06-28,7.99
2010-06-25,3.2
2010-06-24,3.2
2010-06-23,3.2
2010-06-22,3.2
2010-06-21,2.8
2010-06-18,3.2
2010-06-17,3.2
2010-06-16,3.2
2010-06-15,3.2
2010-06-14,3.2
2010-06-11,8.23
2010-06-10,7.93
2010-06-09,3.2
2010-06-08,7.87
2010-06-07,8.27
2010-06-04,3.2
2010-06-03,3.2
2010-06-02,3.2
2010-06-01,3.47
2010-05-31,3.16
2010-05-28,3.31
2010-05-27,9.64
2010-05-26,3.31
2010-05-25,3.31
2010-05-24,3.31
2010-05-21,3.31
2010-05-20,3.31
2010-05-19,3.31
2010-05-18,3.31
2010-05-17,10.46
2010-05-14,3.63
2010-05-13,3.63
2010-05-12,3.63
2010-05-11,3.63
2010-05-10,3.63
2010-05-07,3.63
2010-05-06,3.63
2010-05-05,9.17
2010-05-04,3.63
2010-05-03,3.63
2010-04-30,3.31
2010-04-29,3.31
2010-04-28,3.31
2010-04-27,3.5
2010-04-26,3.3
2010-04-23,3.3
2010-04-22,3.3
2010-04-21,3.3
2010-04-20,3.3
2010-04-19,3.31
2010-04-16,3.31
2010-04-15,3.3
2010-04-14,3.3
2010-04-13,3.11
2010-04-12,3.4
2010-04-09,3.4
2010-04-08,3.43
2010-04-07,3.43
2010-04-06,3.43
2010-04-05,3.4
2010-04-02,3.4
2010-04-01,3.4
2010-03-31,3.5
2010-03-30,3.5
2010-03-29,3.5
2010-03-26,3.5
2010-03-25,3.41
2010-03-24,3.4
2010-03-23,3.4
2010-03-22,3.5
2010-03-19,3.41
2010-03-18,3.4
2010-03-17,3.43
2010-03-16,3.43
2010-03-15,3.43
2010-03-12,3.43
2010-03-11,4.1
2010-03-10,3.94
2010-03-09,3.4
2010-03-08,3.4
2010-03-05,3.4
2010-03-04,3.41
2010-03-03,3.41
2010-03-02,3.42
2010-03-01,3.41
2010-02-26,4.2
2010-02-25,3.37
2010-02-24,3.37
2010-02-23,3.96
2010-02-22,3.96
2010-02-19,3.37
2010-02-18,3.37
2010-02-17,3.36
2010-02-16,4.05
2010-02-15,4.05
2010-02-12,7.98
2010-02-11,4.1
2010-02-10,4.1
2010-02-09,4.1
2010-02-08,4.1
2010-02-05,4.1
2010-02-04,4.1
2010-02-03,4.1
2010-02-02,8.31
2010-02-01,4.1
2010-01-29,4.0
2010-01-28,4.0
2010-01-27,4.0
2010-01-26,3.6
2010-01-25,3.6
2010-01-22,3.62
2010-01-21,3.69
2010-01-20,4.1
2010-01-19,4.1
2010-01-18,4.1
2010-01-15,4.1
2010-01-14,4.1
2010-01-13,4.1
2010-01-12,4.1
2010-01-11,4.16
2010-01-08,3.7
2010-01-07,3.69
2010-01-06,4.25
2010-01-05,4.16
2010-01-04,4.16
2009-12-31,3.8
2009-12-30,3.71
2009-12-29,7.75
2009-12-28,4.16
2009-12-25,3.71
2009-12-24,7.84
2009-12-23,4.16
2009-12-22,3.71
2009-12-21,3.71
2009-12-18,4.16
2009-12-17,3.71
2009-12-16,3.71
2009-12-15,4.16
2009-12-14,3.71
2009-12-11,3.71
2009-12-10,3.7
2009-12-09,3.69
2009-12-08,4.16
2009-12-07,4.16
2009-12-04,3.75
2009-12-03,3.75
2009-12-02,3.75
2009-12-01,3.75
2009-11-30,3.75
2009-11-27,4.16
2009-11-26,3.7
2009-11-25,3.69
2009-11-24,3.6
2009-11-23,4.16
2009-11-20,3.71
2009-11-19,3.71
2009-11-18,3.71
2009-11-17,3.71
2009-11-16,3.71
2009-11-13,7.47
2009-11-12,3.77
2009-11-11,3.77
2009-11-10,3.79
2009-11-09,3.81
2009-11-06,3.83
2009-11-05,3.85
2009-11-04,3.87
2009-11-03,3.6
2009-11-02,3.91
2009-10-30,3.93
2009-10-29,4.15
2009-10-28,3.97
2009-10-27,3.99
2009-10-26,4.0
2009-10-23,4.25
2009-10-22,4.2
2009-10-21,4.2
2009-10-20,4.2
2009-10-19,4.2
2009-10-16,4.2
2009-10-15,4.2
2009-10-14,4.2
2009-10-13,4.2
2009-10-12,4.2
2009-10-09,4.2
2009-10-08,4.2
2009-10-07,4.37
2009-10-06,4.35
2009-10-05,4.35
2009-10-02,4.25
2009-10-01,4.25
2009-09-30,4.25
2009-09-29,4.25
2009-09-28,4.2
2009-09-25,4.2
2009-09-24,4.2
2009-09-23,4.2
2009-09-22,4.2
2009-09-21,4.2
2009-09-18,4.2
2009-09-17,4.2
2009-09-16,4.2
2009-09-15,4.2
2009-09-14,4.2
2009-09-11,4.2
2009-09-10,4.2
2009-09-09,4.2
2009-09-08,4.2
2009-09-07,4.2
2009-09-04,4.2
2009-09-03,4.2
2009-09-02,4.1
2009-09-01,4.1
2009-08-31,4.1
2009-08-28,4.1
2009-08-27,4.1
2009-08-26,3.75
2009-08-25,4.1
2009-08-24,4.1
2009-08-21,4.1
2009-08-20,4.1
2009-08-19,4.15
2009-08-18,4.15
2009-08-17,4.15
2009-08-14,4.15
2009-08-13,4.15
2009-08-12,4.15
2009-08-11,4.15
2009-08-10,4.15
2009-08-07,4.0
2009-08-06,4.0
2009-08-05,4.0
2009-08-04,4.15
2009-08-03,4.15
2009-07-31,4.15
2009-07-30,4.15
2009-07-29,4.15
2009-07-28,4.15
2009-07-27,4.15
2009-07-24,4.15
2009-07-23,4.15
2009-07-22,4.15
2009-07-21,4.3
2009-07-20,4.4
2009-07-17,4.4
2009-07-16,4.5
2009-07-15,4.55
2009-07-14,4.65
2009-07-13,4.68
2009-07-10,4.68
2009-07-09,4.68
2009-07-08,4.68
2009-07-07,4.68
2009-07-06,4.68
2009-07-03,4.68
2009-07-02,4.0
2009-07-01,4.68
2009-06-30,4.64
2009-06-29,4.64
2009-06-26,4.64
2009-06-25,4.64
2009-06-24,4.64
2009-06-23,4.64
2009-06-22,4.64
2009-06-19,3.99
2009-06-18,4.64
2009-06-17,4.64
2009-06-16,4.64
2009-06-15,4.64
2009-06-12,4.68
2009-06-11,4.68
2009-06-10,4.68
2009-06-09,4.68
2009-06-08,4.68
2009-06-05,4.68
2009-06-04,4.68
2009-06-03,4.68
2009-06-02,4.68
2009-06-01,4.68
2009-05-29,4.68
2009-05-28,4.68
2009-05-27,4.68
2009-05-26,4.68
2009-05-25,4.68
2009-05-22,4.75
2009-05-21,4.75
2009-05-20,4.75
2009-05-19,4.75
2009-05-18,4.75
2009-05-15,4.75
2009-05-14,4.0
2009-05-13,4.75
2009-05-12,4.75
2009-05-11,4.7
2009-05-08,4.7
2009-05-07,4.7
2009-05-06,4.7
2009-05-05,4.7
2009-05-04,4.95
2009-05-01,5.2
2009-04-30,5.2
2009-04-29,5.2
2009-04-28,5.2
2009-04-27,5.2
2009-04-24,5.2
2009-04-23,5.41
2009-04-22,5.3
2009-04-21,5.3
2009-04-20,5.3
2009-04-17,5.3
2009-04-16,5.3
2009-04-15,6.8
2009-04-14,6.8
2009-04-13,6.8
2009-04-10,6.8
2009-04-09,6.8
2009-04-08,6.8
2009-04-07,6.8
2009-04-06,6.8
2009-04-03,6.8
2009-04-02,6.8
2009-04-01,6.8
2009-03-31,6.8
2009-03-30,6.8
2009-03-27,6.8
2009-03-26,6.8
2009-03-25,6.8
2009-03-24,6.8
2009-03-23,6.8
2009-03-20,6.8
2009-03-19,6.8
2009-03-18,6.8
2009-03-17,6.8
2009-03-16,6.8
2009-03-13,6.8
2009-03-12,6.8
2009-03-11,6.8
2009-03-10,6.8
2009-03-09,6.8
2009-03-06,6.8
2009-03-05,6.8
2009-03-04,6.8
2009-03-03,6.8
2009-03-02,7.32
2009-02-27,7.32
2009-02-26,7.32
2009-02-25,7.32
2009-02-24,7.32
2009-02-23,7.32
2009-02-20,7.32
2009-02-19,7.32
2009-02-18,7.32
2009-02-17,7.32
2009-02-16,7.32
2009-02-13,7.32
2009-02-12,7.32
2009-02-11,7.32
2009-02-10,7.32
2009-02-09,7.32
2009-02-06,7.32
2009-02-05,7.32
2009-02-04,7.32
2009-02-03,7.32
2009-02-02,7.32
2009-01-30,7.32
2009-01-29,7.32
2009-01-28,7.32
2009-01-27,7.32
2009-01-26,7.32
2009-01-23,7.32
2009-01-22,7.32
2009-01-21,7.32
2009-01-20,7.32
2009-01-19,7.32
2009-01-16,7.32
2009-01-15,7.32
2009-01-14,7.32
2009-01-13,7.71
2009-01-12,7.71
2009-01-09,7.71
2009-01-08,7.71
2009-01-07,7.71
2009-01-06,7.71
2009-01-05,7.71
2009-01-02,7.71
2009-01-01,7.71
2008-12-31,7.71
2008-12-30,7.71
2008-12-29,7.71
2008-12-26,7.71
2008-12-25,7.71
2008-12-24,7.71
2008-12-23,7.71
2008-12-22,7.71
2008-12-19,7.71
2008-12-18,7.71
2008-12-17,7.71
2008-12-16,7.75
2008-12-15,7.92
2008-12-12,8.8
2008-12-11,8.8
2008-12-10,8.8
2008-12-09,8.8
2008-12-08,8.8
2008-12-05,8.8
2008-12-04,8.8
2008-12-03,8.8
2008-12-02,8.8
2008-12-01,9.0
2008-11-28,9.0
2008-11-27,9.0
2008-11-26,9.2
2008-11-25,9.4
2008-11-24,9.6
2008-11-21,9.8
2008-11-20,9.8
2008-11-19,9.8
2008-11-18,9.8
2008-11-17,9.8
2008-11-14,10.0
2008-11-13,9.9
2008-11-12,9.9
2008-11-11,9.9
2008-11-10,9.9
2008-11-07,9.9
2008-11-06,9.9
2008-11-05,9.9
2008-11-04,9.9
2008-11-03,9.9
2008-10-31,9.9
2008-10-30,9.9
2008-10-29,9.9
2008-10-28,9.9
2008-10-27,9.9
2008-10-24,9.9
2008-10-23,9.9
2008-10-22,9.9
2008-10-21,9.9
2008-10-20,9.9
2008-10-17,9.9
2008-10-16,9.9
2008-10-15,9.9
2008-10-14,9.9
2008-10-13,9.9
2008-10-10,9.92
2008-10-09,9.91
2008-10-08,9.91
2008-10-07,9.9
2008-10-06,9.9
2008-10-03,9.9
2008-10-02,9.9
2008-10-01,9.9
2008-09-30,9.9
2008-09-29,9.9
2008-09-26,9.9
2008-09-25,9.9
2008-09-24,9.9
2008-09-23,9.9
2008-09-22,9.9
2008-09-19,9.9
2008-09-18,9.9
2008-09-17,9.9
2008-09-16,9.9
2008-09-15,9.9
2008-09-12,9.9
2008-09-11,10.0
2008-09-10,9.9
2008-09-09,9.9
2008-09-08,9.9
2008-09-05,9.9
2008-09-04,9.9
2008-09-03,9.9
2008-09-02,9.9
2008-09-01,9.9
2008-08-29,9.9
2008-08-28,9.9
2008-08-27,9.9
2008-08-26,9.9
2008-08-25,10.0
2008-08-22,10.0
2008-08-21,8.9
2008-08-20,8.9
2008-08-19,10.0
2008-08-18,10.0
2008-08-15,9.0
2008-08-14,9.0
2008-08-13,9.0
2008-08-12,8.95
2008-08-11,8.9
2008-08-08,8.9
2008-08-07,8.17
2008-08-06,8.9
2008-08-05,8.9
2008-08-04,8.9
2008-08-01,8.9
2008-07-31,8.9
2008-07-30,8.9
2008-07-29,8.9
2008-07-28,8.9
2008-07-25,8.9
2008-07-24,8.9
2008-07-23,9.0
2008-07-22,8.9
2008-07-21,8.9
2008-07-18,8.9
2008-07-17,8.9
2008-07-16,8.9
2008-07-15,8.9
2008-07-14,8.9
2008-07-11,8.9
2008-07-10,8.9
2008-07-09,8.9
2008-07-08,8.9
2008-07-07,8.9
2008-07-04,8.9
2008-07-03,8.9
2008-07-02,8.9
2008-07-01,8.9
2008-06-30,8.9
2008-06-27,8.9
2008-06-26,8.9
2008-06-25,8.9
2008-06-24,8.9
2008-06-23,6.17
2008-06-20,8.9
2008-06-19,8.9
2008-06-18,8.9
2008-06-17,8.9
2008-06-16,8.9
2008-06-13,8.9
2008-06-12,8.9
2008-06-11,8.9
2008-06-10,8.9
2008-06-09,8.9
2008-06-06,8.9
2008-06-05,8.9
2008-06-04,8.9
2008-06-03,8.9
2008-06-02,8.9
2008-05-30,8.91
2008-05-29,8.9
2008-05-28,8.9
2008-05-27,8.9
2008-05-26,8.9
2008-05-23,8.9
2008-05-22,8.9
2008-05-21,8.9
2008-05-20,8.9
2008-05-19,8.9
2008-05-16,8.9
2008-05-15,8.9
2008-05-14,8.9
2008-05-13,8.9
2008-05-12,8.9
2008-05-09,8.9
2008-05-08,8.99
2008-05-07,8.9
2008-05-06,8.9
2008-05-05,8.9
2008-05-02,8.9
2008-05-01,8.9
2008-04-30,8.9
2008-04-29,8.9
2008-04-28,8.9
2008-04-25,8.9
2008-04-24,8.9
2008-04-23,8.9
2008-04-22,8.9
2008-04-21,8.9
2008-04-18,8.9
2008-04-17,8.9
2008-04-16,8.9
2008-04-15,8.9
2008-04-14,8.9
2008-04-11,8.9
2008-04-10,8.9
2008-04-09,8.9
2008-04-08,8.9
2008-04-07,8.9
2008-04-04,8.9
2008-04-03,8.9
2008-04-02,8.9
2008-04-01,8.9
2008-03-31,8.9
2008-03-28,8.9
2008-03-27,8.9
2008-03-26,9.0
2008-03-25,8.9
2008-03-24,7.76
2008-03-21,8.9
2008-03-20,8.9
2008-03-19,8.9
2008-03-18,8.9
2008-03-17,6.88
2008-03-14,8.9
2008-03-13,8.9
2008-03-12,8.9
2008-03-11,8.9
2008-03-10,8.9
2008-03-07,8.9
2008-03-06,8.9
2008-03-05,8.9
2008-03-04,8.9
2008-03-03,8.9
2008-02-29,8.9
2008-02-28,8.9
2008-02-27,8.9
2008-02-26,8.9
2008-02-25,8.9
2008-02-22,8.9
2008-02-21,8.9
2008-02-20,8.9
2008-02-19,8.9
2008-02-18,8.9
2008-02-15,8.9
2008-02-14,8.9
2008-02-13,8.9
2008-02-12,8.99
2008-02-11,8.9
2008-02-08,8.99
2008-02-07,8.99
2008-02-06,8.99
2008-02-05,8.99
2008-02-04,8.99
2008-02-01,8.99
2008-01-31,8.99
2008-01-30,8.99
2008-01-29,8.99
2008-01-28,8.99
2008-01-25,8.99
2008-01-24,8.99
2008-01-23,8.99
2008-01-22,8.99
2008-01-21,8.99
2008-01-18,8.99
2008-01-17,8.99
2008-01-16,8.99
2008-01-15,8.99
2008-01-14,8.99
2008-01-11,8.99
2008-01-10,8.99
2008-01-09,8.99
2008-01-08,8.99
2008-01-07,8.99
2008-01-04,8.99
2008-01-03,8.99
2008-01-02,9.0
2007-12-31,8.99
2007-12-28,8.99
2007-12-27,8.99
2007-12-26,8.99
2007-12-25,8.99
2007-12-24,8.99
2007-12-21,8.99
2007-12-20,8.99
2007-12-19,8.99
2007-12-18,8.99
2007-12-17,8.99
2007-12-14,8.99
2007-12-13,8.99
2007-12-12,8.99
2007-12-11,9.0
2007-12-10,8.99
2007-12-07,9.0
2007-12-06,8.99
2007-12-05,9.0
2007-12-04,8.99
2007-12-03,8.99
2007-11-30,8.99
2007-11-29,8.99
2007-11-28,8.99
2007-11-27,8.99
2007-11-26,9.0
2007-11-23,8.99
2007-11-22,9.0
2007-11-21,8.99
2007-11-20,8.99
2007-11-19,8.99
2007-11-16,8.99
2007-11-15,9.0
2007-11-14,8.99
2007-11-13,8.99
2007-11-12,9.0
2007-11-09,8.99
2007-11-08,8.99
2007-11-07,8.99
2007-11-06,8.99
2007-11-05,8.99
2007-11-02,8.99
2007-11-01,8.99
2007-10-31,8.99
2007-10-30,8.9
2007-10-29,8.9
2007-10-26,8.9
2007-10-25,8.9
2007-10-24,8.9
2007-10-23,9.0
2007-10-22,8.91
2007-10-19,8.9
2007-10-18,8.9
2007-10-17,8.9
2007-10-16,8.9
2007-10-15,8.9
2007-10-12,8.9
2007-10-11,8.9
2007-10-10,8.9
2007-10-09,8.9
2007-10-08,8.9
2007-10-05,8.9
2007-10-04,8.9
2007-10-03,8.9
2007-10-02,9.0
2007-10-01,8.9
2007-09-28,8.9
2007-09-27,9.0
2007-09-26,8.9
2007-09-25,8.9
2007-09-24,8.9
2007-09-21,9.0
2007-09-20,8.9
2007-09-19,8.9
2007-09-18,8.9
2007-09-17,8.9
2007-09-14,9.0
2007-09-13,8.9
2007-09-12,8.9
2007-09-11,8.9
2007-09-10,8.06
2007-09-07,9.0
2007-09-06,8.9
2007-09-05,8.9
2007-09-04,9.0
2007-09-03,9.0
2007-08-31,8.5
2007-08-30,8.5
2007-08-29,8.5
2007-08-28,8.5
2007-08-27,8.5
2007-08-24,8.5
2007-08-23,8.5
2007-08-22,8.5
2007-08-21,8.5
2007-08-20,8.5
2007-08-17,8.5
2007-08-16,8.5
2007-08-15,8.5
2007-08-14,7.76
2007-08-13,9.0
2007-08-10,8.5
2007-08-09,8.5
2007-08-08,9.0
2007-08-07,9.1
2007-08-06,9.0
2007-08-03,9.0
2007-08-02,9.0
2007-08-01,9.0
2007-07-31,9.0
2007-07-30,9.0
2007-07-27,9.0
2007-07-26,9.0
2007-07-25,9.0
2007-07-24,9.0
2007-07-23,9.0
2007-07-20,9.0
2007-07-19,9.0
2007-07-18,9.0
2007-07-17,9.0
2007-07-16,9.0
2007-07-13,9.0
2007-07-12,9.0
2007-07-11,8.5
2007-07-10,9.0
2007-07-09,8.5
2007-07-06,8.75
2007-07-05,8.75
2007-07-04,8.5
2007-07-03,8.5
2007-07-02,8.5
2007-06-29,9.0
2007-06-28,8.5
2007-06-27,8.5
2007-06-26,8.5
2007-06-25,8.5
2007-06-22,8.3
2007-06-21,8.3
2007-06-20,8.3
2007-06-19,8.3
2007-06-18,8.3
2007-06-15,8.5
2007-06-14,8.3
2007-06-13,8.3
2007-06-12,8.3
2007-06-11,8.3
2007-06-08,8.3
2007-06-07,8.3
2007-06-06,8.3
2007-06-05,8.3
2007-06-04,8.3
2007-06-01,9.15
2007-05-31,8.3
2007-05-30,8.3
2007-05-29,9.23
2007-05-25,8.3
2007-05-24,8.2
2007-05-23,8.1
2007-05-22,8.0
2007-05-21,8.0
2007-05-18,8.0
2007-05-17,7.8
2007-05-16,7.8
2007-05-15,7.8
2007-05-14,7.8
2007-05-11,7.8
2007-05-10,7.8
2007-05-09,7.8
2007-05-08,7.8
2007-05-07,7.8
2007-05-04,7.8
2007-05-03,7.6
2007-05-02,7.6
2007-05-01,9.76
2007-04-30,7.6
2007-04-27,7.6
2007-04-26,7.6
2007-04-25,7.6
2007-04-24,7.6
2007-04-23,7.6
2007-04-20,7.6
2007-04-19,7.4
2007-04-18,7.4
2007-04-17,7.5
2007-04-16,7.5
2007-04-13,7.5
2007-04-12,7.4
2007-04-11,7.4
2007-04-10,7.4
2007-04-09,9.08
2007-04-05,7.4
2007-04-04,7.4
2007-04-03,7.6
2007-04-02,7.4
2007-03-30,7.4
2007-03-29,7.4
2007-03-28,7.5
2007-03-27,7.4
2007-03-26,9.03
2007-03-23,7.05
2007-03-22,7.05
2007-03-21,7.05
2007-03-20,7.05
2007-03-19,7.05
2007-03-16,7.05
2007-03-15,7.0
2007-03-14,6.6
2007-03-13,7.09
2007-03-12,7.09
2007-03-09,6.7
2007-03-08,6.46
2007-03-07,6.45
2007-03-06,6.45
2007-03-05,6.45
2007-03-02,6.45
2007-03-01,6.45
2007-02-28,6.45
2007-02-27,6.45
2007-02-26,6.45
2007-02-23,6.45
2007-02-22,6.45
2007-02-21,6.3
2007-02-20,6.31
2007-02-19,6.31
2007-02-16,6.31
2007-02-15,6.3
2007-02-14,6.3
2007-02-13,6.0
2007-02-12,6.0
2007-02-09,6.0
2007-02-08,6.0
2007-02-07,6.0
2007-02-06,6.0
2007-02-05,6.0
2007-02-02,6.0
2007-02-01,6.0
2007-01-31,6.0
2007-01-30,6.0
2007-01-29,6.0
2007-01-26,6.0
2007-01-25,5.9
2007-01-24,5.9
2007-01-23,5.92
2007-01-22,5.9
2007-01-19,6.0
2007-01-18,5.8
2007-01-17,5.8
2007-01-16,5.9
2007-01-15,5.8
2007-01-12,5.8
2007-01-11,5.9
2007-01-10,5.8
2007-01-09,5.8
2007-01-08,5.8
2007-01-05,5.8
2007-01-04,5.8
2007-01-03,5.9
2007-01-02,5.8
2006-12-29,5.9
2006-12-28,5.8
2006-12-27,5.8
2006-12-26,7.8
2006-12-22,5.8
2006-12-21,5.8
2006-12-20,5.8
2006-12-19,5.8
2006-12-18,5.65
2006-12-15,5.46
2006-12-14,5.46
2006-12-13,5.46
2006-12-12,5.65
2006-12-11,5.65
2006-12-08,5.6
2006-12-07,5.5
2006-12-06,5.6
2006-12-05,5.46
2006-12-04,5.46
2006-12-01,5.45
2006-11-30,5.49
2006-11-29,5.2
2006-11-28,5.34
2006-11-27,5.3
2006-11-24,5.25
2006-11-23,5.3
2006-11-22,5.25
2006-11-21,5.25
2006-11-20,5.2
2006-11-17,5.2
2006-11-16,5.2
2006-11-15,5.2
2006-11-14,5.2
2006-11-13,5.1
2006-11-10,5.1
2006-11-09,5.1
2006-11-08,5.1
2006-11-07,5.1
2006-11-06,5.1
2006-11-03,5.1
2006-11-02,5.1
2006-11-01,5.1
2006-10-31,5.1
2006-10-30,5.1
2006-10-27,5.1
2006-10-26,5.1
2006-10-25,5.1
2006-10-24,5.1
2006-10-23,5.1
2006-10-20,5.1
2006-10-19,5.1
2006-10-18,5.1
2006-10-17,5.1
2006-10-16,5.1
2006-10-13,5.05
2006-10-12,5.05
2006-10-11,5.03
2006-10-10,5.03
2006-10-09,5.0
2006-10-06,5.0
2006-10-05,5.0
2006-10-04,5.0
2006-10-03,5.0
2006-10-02,5.0
2006-09-29,5.0
2006-09-28,5.0
2006-09-27,5.0
2006-09-26,5.0
2006-09-25,5.0
2006-09-22,5.0
2006-09-21,5.0
2006-09-20,5.0
2006-09-19,5.0
2006-09-18,5.0
2006-09-15,5.0
2006-09-14,5.0
2006-09-13,4.99
2006-09-12,5.0
2006-09-11,4.99
2006-09-08,4.99
2006-09-07,4.99
2006-09-06,4.99
2006-09-05,4.99
2006-09-04,4.99
2006-09-01,4.99
2006-08-31,4.99
2006-08-30,5.01
2006-08-29,4.99
2006-08-28,4.99
2006-08-25,4.99
2006-08-24,4.99
2006-08-23,4.99
2006-08-22,5.0
2006-08-21,5.0
2006-08-18,4.9
2006-08-17,4.99
2006-08-16,4.91
2006-08-15,4.99
2006-08-14,4.91
2006-08-11,5.0
2006-08-10,5.0
2006-08-09,5.0
2006-08-08,4.92
2006-08-07,4.9
2006-08-04,5.0
2006-08-03,4.91
2006-08-02,5.0
2006-08-01,4.9
2006-07-31,4.99
2006-07-28,5.0
2006-07-27,4.9
2006-07-26,4.99
2006-07-25,4.9
2006-07-24,4.9
2006-07-21,4.9
2006-07-20,5.0
2006-07-19,4.99
2006-07-18,4.9
2006-07-17,4.9
2006-07-14,4.9
2006-07-13,4.9
2006-07-12,4.9
2006-07-11,4.9
2006-07-10,4.9
2006-07-07,4.9
2006-07-06,4.9
2006-07-05,4.9
2006-07-04,4.9
2006-07-03,4.9
2006-06-30,5.0
2006-06-29,4.9
2006-06-28,4.9
2006-06-27,4.9
2006-06-26,4.9
2006-06-23,5.0
2006-06-22,4.9
2006-06-21,4.9
2006-06-20,4.9
2006-06-19,4.9
2006-06-14,4.9
2006-06-13,4.9
2006-06-12,4.9
2006-06-09,4.9
2006-06-08,4.9
2006-06-07,4.9
2006-06-06,4.9
2006-06-05,4.9
2006-06-02,4.9
2006-06-01,4.9
2006-05-31,4.99
2006-05-30,4.9
2006-05-29,4.9
2006-05-26,4.9
2006-05-25,4.9
2006-05-24,4.9
2006-05-23,5.0
2006-05-22,4.9
2006-05-19,4.81
2006-05-18,5.0
2006-05-17,4.99
2006-05-16,4.9
2006-05-15,4.9
2006-05-12,4.9
2006-05-11,4.9
2006-05-10,4.84
2006-05-09,4.84
2006-05-08,4.84
2006-05-05,4.84
2006-05-04,4.9
2006-05-03,4.84
2006-05-02,4.84
2006-04-28,4.93
2006-04-27,4.84
2006-04-26,4.84
2006-04-25,4.85
2006-04-24,4.85
2006-04-21,4.85
2006-04-20,4.85
2006-04-19,4.85
2006-04-18,4.85
2006-04-13,4.85
2006-04-12,4.85
2006-04-10,4.85
2006-04-07,4.85
2006-04-06,4.9
2006-04-05,4.89
2006-04-04,4.85
2006-04-03,4.89
2006-03-31,4.9
2006-03-30,4.6
2006-03-29,4.57
2006-03-28,4.57
2006-03-27,4.9
2006-03-24,4.57
2006-03-23,4.75
2006-03-22,4.57
2006-03-21,4.57
2006-03-20,4.6
2006-03-17,4.6
2006-03-16,4.49
2006-03-15,4.49
2006-03-14,4.4
2006-03-13,4.4
2006-03-10,4.4
2006-03-09,4.4
2006-03-08,4.4
2006-03-07,4.4
2006-03-06,4.4
2006-03-03,4.49
2006-03-02,4.49
2006-03-01,4.5
2006-02-28,4.5
2006-02-27,4.5
2006-02-24,4.5
2006-02-23,4.5
2006-02-22,4.48
2006-02-21,4.45
2006-02-20,4.44
2006-02-17,4.43
2006-02-16,4.43
2006-02-15,4.44
2006-02-14,4.44
2006-02-13,4.44
2006-02-10,4.44
2006-02-09,4.44
2006-02-08,4.4
2006-02-07,4.4
2006-02-06,4.4
2006-02-03,4.4
2006-02-02,4.4
2006-02-01,4.4
2006-01-31,4.4
2006-01-30,4.3
2006-01-27,4.3
2006-01-26,4.34
2006-01-25,4.34
2006-01-24,4.34
2006-01-23,4.34
2006-01-20,4.35
2006-01-19,4.35
2006-01-18,4.14
2006-01-17,4.35
2006-01-16,4.24
2006-01-13,4.14
2006-01-12,4.1
2006-01-11,3.85
2006-01-10,4.0
2006-01-09,3.85
2006-01-06,3.85
2006-01-05,3.85
2006-01-04,3.85
2006-01-03,3.85
2006-01-02,3.85
2005-12-30,3.96
2005-12-29,3.96
2005-12-28,3.96
2005-12-27,3.96
2005-12-23,3.96
2005-12-22,3.85
2005-12-21,3.85
2005-12-20,3.85
2005-12-19,3.9
2005-12-16,3.86
2005-12-15,3.9
2005-12-14,3.9
2005-12-13,3.9
2005-12-12,3.9
2005-12-09,3.9
2005-12-08,3.9
2005-12-07,3.9
2005-12-06,4.0
2005-12-05,3.85
2005-12-02,3.85
2005-12-01,3.85
2005-11-29,3.85
2005-11-28,3.85
2005-11-25,3.85
2005-11-24,3.85
2005-11-23,3.85
2005-11-22,3.85
2005-11-21,3.85
2005-11-18,3.85
2005-11-17,3.85
2005-11-16,3.85
2005-11-15,3.85
2005-11-14,3.86
2005-11-11,3.86
2005-11-10,3.86
2005-11-09,3.86
2005-11-08,3.86
2005-11-07,3.86
2005-11-04,3.86
2005-11-03,3.86
2005-11-02,3.86
2005-11-01,3.86
2005-10-31,3.86
2005-10-28,3.95
2005-10-27,3.95
2005-10-26,3.95
2005-10-25,3.95
2005-10-24,3.95
2005-10-21,3.95
2005-10-20,3.95
2005-10-19,3.95
2005-10-18,3.95
2005-10-17,3.95
2005-10-14,3.95
2005-10-13,3.95
2005-10-12,3.95
2005-10-11,3.95
2005-10-10,3.95
2005-10-07,3.95
2005-10-06,3.95
2005-10-05,3.95
2005-10-04,3.95
2005-10-03,3.95
2005-09-30,4.0
2005-09-29,4.0
2005-09-28,3.99
2005-09-27,4.0
2005-09-26,3.95
2005-09-23,3.96
2005-09-22,3.95
2005-09-21,3.95
2005-09-20,4.04
2005-09-19,3.95
2005-09-16,3.85
2005-09-15,3.85
2005-09-14,3.85
2005-09-13,3.85
2005-09-12,3.85
2005-09-09,3.85
2005-09-08,3.85
2005-09-07,3.85
2005-09-06,3.85
2005-09-05,3.85
2005-09-02,3.47
2005-09-01,3.47
2005-08-31,3.85
2005-08-30,3.47
2005-08-29,3.8
2005-08-26,3.49
2005-08-25,3.49
2005-08-24,3.85
2005-08-23,3.85
2005-08-19,3.9
2005-08-18,3.9
2005-08-17,3.9
2005-08-15,3.91
2005-08-11,3.95
2005-08-10,3.95
2005-08-08,3.95
2005-08-03,4.03
2005-07-22,4.04
2005-07-19,4.05
2005-07-14,4.04
2005-07-13,3.99
2005-07-11,4.04
2005-07-06,4.04
2005-07-05,3.95
2005-06-23,4.04
2005-06-20,4.01
2005-06-16,3.98
2005-06-15,3.9
2005-06-14,3.87
2005-06-13,3.95
2005-06-10,3.88
2005-05-30,3.89
2005-05-27,3.89
2005-05-12,3.97
2005-05-03,3.95
2005-05-02,3.76
2005-04-28,3.95
2005-04-26,3.98
2005-04-22,3.83
2005-04-20,3.99
2005-04-14,4.0
2005-04-06,4.0
2005-04-05,3.99
2005-04-04,4.0
2005-03-30,3.98
2005-03-18,3.97
2005-03-17,3.6
2005-03-14,3.98
2005-03-10,3.99
2005-03-08,3.99
2005-02-28,3.96
2005-02-24,3.96
2005-02-21,4.0
2005-02-15,4.0
2005-02-14,4.05
2005-02-10,3.96
2005-02-09,3.79
2005-02-08,3.76
2005-02-07,3.76
2005-02-04,3.76
2005-02-03,3.76
2005-02-02,3.76
2005-02-01,3.99
2005-01-31,3.66
2005-01-28,3.99
2005-01-27,3.75
2005-01-26,3.45
2005-01-25,3.45
2005-01-24,3.75
2005-01-21,3.4
2005-01-20,3.4
2005-01-19,3.4
2005-01-18,3.4
2005-01-17,3.4
2005-01-14,3.4
2005-01-13,3.75
2005-01-12,3.3
2005-01-11,3.3
2005-01-10,3.3
2005-01-07,3.5
2005-01-06,3.5
2005-01-05,3.5
2005-01-04,3.5
2005-01-03,3.69
2004-12-31,3.57
2004-12-30,3.6
2004-12-29,3.6
2004-12-28,3.6
2004-12-27,3.78
2004-12-24,3.62
2004-12-23,3.62
2004-12-21,3.62
2004-12-20,3.62
2004-12-16,3.62
2004-12-15,3.79
2004-12-14,3.62
2004-12-13,3.62
2004-12-10,3.62
2004-12-09,3.62
2004-12-08,3.73
2004-12-07,3.6
2004-12-06,3.73
2004-12-03,3.62
2004-12-02,3.62
2004-12-01,3.6
2004-11-30,3.62
2004-11-29,3.6
2004-11-26,3.63
2004-11-25,3.79
2004-11-24,3.59
2004-11-22,3.61
2004-11-19,3.61
2004-11-18,3.78
2004-11-17,3.56
2004-11-16,3.56
2004-11-15,3.56
2004-11-12,3.79
2004-11-11,3.7
2004-11-10,3.51
2004-11-09,3.76
2004-11-08,3.75
2004-11-05,3.45
2004-11-04,3.7
2004-11-03,3.7
2004-11-02,3.7
2004-11-01,3.7
2004-10-29,3.71
2004-10-28,3.8
2004-10-27,3.7
2004-10-26,3.7
2004-10-25,3.7
2004-10-22,3.71
2004-10-21,3.77
2004-10-20,3.7
2004-10-19,3.7
2004-10-18,3.7
2004-10-15,3.78
2004-10-14,3.75
2004-10-13,3.71
2004-10-12,3.71
2004-10-11,3.71
2004-10-08,3.71
2004-10-07,3.71
2004-10-06,3.71
2004-10-05,3.71
2004-10-04,3.71
2004-10-01,3.71
2004-09-30,3.71
2004-09-29,3.8
2004-09-28,3.71
2004-09-27,3.71
2004-09-24,3.74
2004-09-23,3.71
2004-09-22,3.71
2004-09-21,3.74
2004-09-20,3.71
2004-09-17,3.71
2004-09-16,3.71
2004-09-15,3.71
2004-09-14,3.71
2004-09-13,3.71
2004-09-10,3.71
2004-09-09,3.79
2004-09-08,3.7
2004-09-07,3.7
2004-09-06,3.75
2004-09-03,3.41
2004-09-02,3.75
2004-09-01,3.75
2004-08-31,3.71
2004-08-30,3.79
2004-08-27,3.7
2004-08-26,3.7
2004-08-25,3.7
2004-08-24,3.7
2004-08-23,3.71
2004-08-20,3.71
2004-08-19,3.71
2004-08-18,3.71
2004-08-17,3.79
2004-08-16,3.79
2004-08-13,3.65
2004-08-12,3.65
2004-08-11,3.65
2004-08-10,3.7
2004-08-09,3.65
2004-08-06,3.65
2004-08-05,3.65
2004-08-04,3.65
2004-08-03,3.68
2004-08-02,3.65
2004-07-30,3.61
2004-07-29,3.61
2004-07-28,3.61
2004-07-27,3.61
2004-07-26,3.61
2004-07-23,3.61
2004-07-22,3.67
2004-07-21,3.61
2004-07-20,3.69
2004-07-19,3.69
2004-07-16,3.7
2004-07-15,3.6
2004-07-14,3.61
2004-07-13,3.7
2004-07-12,3.5
2004-07-09,3.5
2004-07-08,3.5
2004-07-07,3.7
2004-07-06,3.5
2004-07-05,3.5
2004-07-02,3.51
2004-07-01,3.51
2004-06-30,3.51
2004-06-29,3.7
2004-06-28,3.45
2004-06-25,3.5
2004-06-24,3.38
2004-06-23,3.55
2004-06-22,3.35
2004-06-21,3.35
2004-06-18,3.38
2004-06-17,3.35
2004-06-16,3.4
2004-06-15,3.35
2004-06-14,3.42
2004-06-11,3.34
2004-06-10,3.43
2004-06-09,3.4
2004-06-08,3.4
2004-06-07,3.41
2004-06-04,3.43
2004-06-03,3.7
2004-06-02,3.43
2004-06-01,3.43
2004-05-31,3.43
2004-05-28,3.43
2004-05-27,3.43
2004-05-26,3.63
2004-05-25,3.43
2004-05-24,3.41
2004-05-21,3.7
2004-05-20,3.43
2004-05-19,3.7
2004-05-18,3.34
2004-05-17,3.34
2004-05-14,3.66
2004-05-13,3.36
2004-05-12,3.36
2004-05-11,3.36
2004-05-10,3.69
2004-05-07,3.39
2004-05-06,3.41
2004-05-05,3.4
2004-05-04,3.41
2004-05-03,3.38
2004-04-30,3.39
2004-04-29,3.38
2004-04-28,3.45
2004-04-27,3.45
2004-04-26,3.41
2004-04-23,3.5
2004-04-22,3.5
2004-04-21,3.74
2004-04-20,3.41
2004-04-19,3.4
2004-04-16,3.51
2004-04-15,3.5
2004-04-14,3.52
2004-04-13,3.51
2004-04-08,3.5
2004-04-07,3.47
2004-04-06,3.77
2004-04-05,3.8
2004-04-02,3.8
2004-04-01,3.33
2004-03-31,3.54
2004-03-30,3.84
2004-03-29,3.42
2004-03-26,3.42
2004-03-25,3.42
2004-03-24,3.44
2004-03-23,3.44
2004-03-22,3.43
2004-03-19,3.8
2004-03-18,3.8
2004-03-17,3.65
2004-03-16,3.65
2004-03-15,3.85
2004-03-12,3.85
2004-03-11,3.85
2004-03-10,3.6
2004-03-09,3.97
2004-03-08,3.75
2004-03-05,3.31
2004-03-04,3.59
2004-03-03,3.3
2004-03-02,3.3
2004-03-01,3.3
2004-02-27,3.3
2004-02-26,3.29
2004-02-25,3.32
2004-02-24,3.32
2004-02-23,3.32
2004-02-20,3.5
2004-02-19,3.57
2004-02-18,3.52
2004-02-17,3.52
2004-02-16,3.55
2004-02-13,3.5
2004-02-12,3.49
2004-02-11,3.28
2004-02-10,3.28
2004-02-09,3.49
2004-02-06,3.33
2004-02-05,3.5
2004-02-04,3.23
2004-02-03,3.24
2004-02-02,3.5
2004-01-30,3.22
2004-01-29,3.5
2004-01-28,3.21
2004-01-27,3.21
2004-01-26,3.21
2004-01-23,3.21
2004-01-22,3.44
2004-01-21,3.21
2004-01-20,3.21
2004-01-19,3.25
2004-01-16,3.37
2004-01-15,3.43
2004-01-14,3.21
2004-01-13,3.21
2004-01-12,3.07
2004-01-09,3.49
2004-01-08,3.01
2004-01-07,2.93
2004-01-06,3.0
2004-01-05,3.1
2004-01-02,3.05
2003-12-31,3.39
2003-12-30,3.39
2003-12-29,3.1
2003-12-24,2.91
2003-12-23,2.91
2003-12-22,2.91
2003-12-19,2.91
2003-12-18,2.91
2003-12-17,3.0
2003-12-16,2.9
2003-12-15,2.99
2003-12-12,2.99
2003-12-11,3.0
2003-12-10,2.9
2003-12-09,2.9
2003-12-08,2.9
2003-12-02,2.9
2003-12-01,2.9
2003-11-28,3.0
2003-11-27,2.9
2003-11-24,2.9
2003-11-21,3.0
2003-11-20,2.86
2003-11-19,2.9
2003-11-18,2.9
2003-11-17,2.9
2003-11-14,2.9
2003-11-13,2.95
2003-11-12,2.82
2003-11-11,2.82
2003-11-10,2.9
2003-11-07,2.8
2003-11-06,2.84
2003-11-05,2.86
2003-11-04,2.98
2003-11-03,2.9
2003-10-31,2.93
2003-10-30,2.84
2003-10-29,2.94
2003-10-28,2.82
2003-10-27,2.79
2003-10-24,2.95
2003-10-23,2.95
2003-10-22,2.81
2003-10-21,2.98
2003-10-20,2.8
2003-10-17,2.82
2003-10-16,2.83
2003-10-15,2.83
2003-10-14,2.83
2003-10-13,2.89
2003-10-10,2.83
2003-10-09,2.89
2003-10-08,2.83
2003-10-07,2.88
2003-10-06,2.88
2003-10-03,2.88
2003-10-02,2.88
2003-10-01,2.88
2003-09-30,2.88
2003-09-29,2.98
2003-09-26,2.83
2003-09-25,2.85
2003-09-24,2.81
2003-09-23,3.0
2003-09-22,2.8
2003-09-19,2.92
2003-09-18,2.79
2003-09-17,2.79
2003-09-16,2.79
2003-09-15,2.79
2003-09-12,2.79
2003-09-11,2.79
2003-09-10,2.79
2003-09-09,2.79
2003-09-08,2.79
2003-09-05,2.79
2003-09-04,2.78
2003-09-03,2.93
2003-09-02,2.79
2003-09-01,2.92
2003-08-29,2.78
2003-08-28,2.87
2003-08-27,2.87
2003-08-26,2.85
2003-08-25,2.85
2003-08-22,2.88
2003-08-21,2.88
2003-08-20,2.88
2003-08-19,2.88
2003-08-18,2.94
2003-08-15,2.83
2003-08-14,2.83
2003-08-13,2.83
2003-08-12,2.78
2003-08-11,2.82
2003-08-08,2.82
2003-08-07,2.9
2003-08-06,2.82
2003-08-05,2.9
2003-08-04,2.8
2003-08-01,2.8
2003-07-31,2.78
2003-07-30,2.9
2003-07-29,2.77
2003-07-28,2.77
2003-07-25,2.8
2003-07-24,2.99
2003-07-23,2.76
2003-07-22,2.84
2003-07-21,2.75
2003-07-18,2.8
2003-07-17,3.0
2003-07-16,2.78
2003-07-15,2.75
2003-07-14,2.75
2003-07-11,2.75
2003-07-10,2.9
2003-07-09,2.74
2003-07-08,2.74
2003-07-07,2.74
2003-07-04,2.98
2003-07-03,2.72
2003-07-02,2.72
2003-07-01,2.72
2003-06-30,2.71
2003-06-27,2.98
2003-06-26,2.61
2003-06-25,2.61
2003-06-24,2.6
2003-06-23,2.6
2003-06-20,2.6
2003-06-19,2.59
2003-06-18,2.59
2003-06-17,2.74
2003-06-16,2.68
2003-06-13,2.55
2003-06-12,2.68
2003-06-11,2.54
2003-06-10,2.37
2003-06-09,2.37
2003-06-06,2.68
2003-06-05,2.37
2003-06-04,2.37
2003-06-03,2.37
2003-06-02,2.37
2003-05-30,2.5
2003-05-29,2.5
2003-05-28,2.69
2003-05-27,2.5
2003-05-26,2.5
2003-05-23,2.65
2003-05-22,2.31
2003-05-21,2.68
2003-05-20,2.68
2003-05-19,2.31
2003-05-16,2.57
2003-05-15,2.57
2003-05-14,2.57
2003-05-13,2.57
2003-05-12,2.31
2003-05-09,2.31
2003-05-08,2.69
2003-05-07,2.25
2003-05-06,2.25
2003-05-05,2.25
2003-05-02,2.5
2003-04-30,2.5
2003-04-29,2.62
2003-04-28,2.62
2003-04-25,2.62
2003-04-24,2.62
2003-04-23,2.62
2003-04-22,2.62
2003-04-17,2.62
2003-04-16,2.62
2003-04-15,2.62
2003-04-14,2.62
2003-04-11,2.62
2003-04-10,2.62
2003-04-09,2.62
2003-04-08,2.62
2003-04-07,2.63
2003-04-04,2.62
2003-04-03,2.62
2003-04-02,2.62
2003-04-01,2.62
2003-03-31,2.66
2003-03-28,2.69
2003-03-27,2.74
2003-03-26,2.65
2003-03-25,2.65
2003-03-24,2.65
2003-03-21,2.65
2003-03-20,2.65
2003-03-19,2.65
2003-03-18,2.65
2003-03-17,2.65
2003-03-14,2.65
2003-03-13,2.65
2003-03-12,2.65
2003-03-11,2.74
2003-03-10,2.68
2003-03-07,2.67
2003-03-06,2.84
2003-03-05,2.56
2003-03-04,2.7
2003-03-03,2.71
2003-02-28,2.89
2003-02-27,2.89
2003-02-26,2.7
2003-02-25,2.7
2003-02-24,2.64
2003-02-21,2.67
2003-02-20,2.68
2003-02-19,2.67
2003-02-18,2.68
2003-02-17,2.68
2003-02-14,2.94
2003-02-13,2.57
2003-02-12,2.78
2003-02-11,2.95
2003-02-10,2.95
2003-02-07,2.79
2003-02-06,2.96
2003-02-05,2.79
2003-02-04,2.79
2003-02-03,2.79
2003-01-31,2.78
2003-01-30,3.0
2003-01-29,2.76
2003-01-28,2.51
2003-01-27,2.56
2003-01-24,2.7
2003-01-23,2.7
2003-01-22,2.7
2003-01-21,2.7
2003-01-20,3.0
2003-01-17,3.03
2003-01-16,3.02
2003-01-15,3.02
2003-01-14,2.76
2003-01-13,2.77
2003-01-10,3.02
2003-01-09,2.76
2003-01-08,2.77
2003-01-07,2.76
2003-01-06,2.77
2003-01-03,2.77
2003-01-02,2.8
2002-12-31,3.0
2002-12-30,3.02
2002-12-27,3.03
2002-12-23,3.04
2002-12-20,3.02
2002-12-19,3.1
2002-12-18,2.75
2002-12-17,2.79
2002-12-16,2.79
2002-12-13,2.8
2002-12-12,2.79
2002-12-11,2.78
2002-12-10,2.7
2002-12-09,2.78
2002-12-06,2.71
2002-12-05,2.7
2002-12-04,2.7
2002-12-03,2.7
2002-12-02,2.69
2002-11-29,2.69
2002-11-28,2.8
2002-11-27,2.7
2002-11-26,2.69
2002-11-25,2.69
2002-11-22,2.7
2002-11-21,2.79
2002-11-20,2.7
2002-11-19,2.71
2002-11-18,2.7
2002-11-15,2.72
2002-11-14,2.79
2002-11-13,2.71
2002-11-12,2.71
2002-11-11,2.69
2002-11-08,2.72
2002-11-07,2.72
2002-11-06,2.72
2002-11-05,2.85
2002-11-04,2.7
2002-10-31,2.73
2002-10-30,2.8
2002-10-29,2.72
2002-10-28,2.72
2002-10-25,2.72
2002-10-24,2.7
2002-10-23,2.84
2002-10-22,2.69
2002-10-21,2.69
2002-10-18,2.69
2002-10-17,2.84
2002-10-16,2.33
2002-10-15,2.38
2002-10-14,2.6
2002-10-11,2.39
2002-10-10,2.71
2002-10-09,2.39
2002-10-08,2.39
2002-10-07,2.39
2002-10-04,2.64
2002-10-03,2.68
2002-10-02,2.69
2002-10-01,2.69
2002-09-30,2.68
2002-09-27,2.84
2002-09-26,2.85
2002-09-25,2.64
2002-09-24,2.64
2002-09-23,2.68
2002-09-20,2.7
2002-09-19,2.71
2002-09-18,2.71
2002-09-17,2.71
2002-09-16,2.71
2002-09-13,2.72
2002-09-12,2.85
2002-09-11,2.85
2002-09-10,2.71
2002-09-09,2.7
2002-09-06,2.85
2002-09-05,2.85
2002-09-04,2.85
2002-09-03,2.85
2002-09-02,2.68
2002-08-30,2.68
2002-08-29,2.84
2002-08-28,2.83
2002-08-27,2.67
2002-08-26,2.67
2002-08-23,2.66
2002-08-22,2.65
2002-08-21,2.65
2002-08-20,2.66
2002-08-19,2.64
2002-08-16,2.67
2002-08-14,2.66
2002-08-13,2.84
2002-08-12,2.88
2002-08-09,2.88
2002-08-08,2.75
2002-08-07,2.78
2002-08-06,2.76
2002-08-05,2.77
2002-08-02,2.78
2002-08-01,2.76
2002-07-31,2.75
2002-07-30,2.73
2002-07-29,2.7
2002-07-26,2.94
2002-07-25,2.78
2002-07-24,2.95
2002-07-23,2.78
2002-07-22,2.76
2002-07-19,2.76
2002-07-18,2.94
2002-07-17,2.95
2002-07-16,2.74
2002-07-15,2.9
2002-07-11,2.9
2002-07-10,2.7
2002-07-09,2.71
2002-07-08,2.84
2002-07-05,2.61
2002-07-04,2.61
2002-07-03,2.62
2002-07-02,2.61
2002-07-01,2.7
2002-06-28,2.89
2002-06-27,2.89
2002-06-26,2.66
2002-06-25,2.66
2002-06-24,2.66
2002-06-21,2.66
2002-06-20,2.66
2002-06-19,2.7
2002-06-18,2.71
2002-06-17,2.7
2002-06-14,2.7
2002-06-13,2.7
2002-06-12,2.71
2002-06-11,2.7
2002-06-07,2.75
2002-06-06,2.68
2002-06-05,2.66
2002-06-04,2.8
2002-06-03,2.67
2002-05-31,2.88
2002-05-29,2.89
2002-05-28,2.4
2002-05-27,2.74
2002-05-24,2.22
2002-05-23,2.67
2002-05-22,2.67
2002-05-21,2.67
2002-05-20,2.67
2002-05-17,2.68
2002-05-16,2.89
2002-05-15,2.66
2002-05-14,2.66
2002-05-13,2.66
2002-05-10,2.66
2002-05-09,2.66
2002-05-08,2.66
2002-05-07,2.66
2002-05-06,2.66
2002-05-03,2.65
2002-05-02,2.81
2002-04-30,2.81
2002-04-29,2.81
2002-04-26,2.81
2002-04-24,2.85
2002-04-23,2.9
2002-04-22,2.86
2002-04-19,2.85
2002-04-18,2.81
2002-04-17,2.94
2002-04-16,2.85
2002-04-15,2.8
2002-04-12,2.8
2002-04-11,2.81
2002-04-10,2.89
2002-04-09,2.81
2002-04-08,2.81
2002-04-05,2.81
2002-04-04,2.86
2002-04-03,2.86
2002-04-02,2.95
2002-03-27,2.89
2002-03-26,2.78
2002-03-25,2.78
2002-03-22,2.77
2002-03-21,2.77
2002-03-20,2.77
2002-03-19,2.77
2002-03-18,2.77
2002-03-15,2.77
2002-03-14,2.77
2002-03-13,2.77
2002-03-12,2.77
2002-03-11,2.78
2002-03-08,2.88
2002-03-07,2.88
2002-03-06,2.76
2002-03-05,2.89
2002-03-04,2.62
2002-03-01,2.63
2002-02-28,2.6
2002-02-27,2.98
2002-02-26,2.7
2002-02-25,2.59
2002-02-22,2.77
2002-02-21,2.59
2002-02-20,2.56
2002-02-19,2.75
2002-02-18,2.75
2002-02-15,2.99
2002-02-14,2.69
2002-02-13,2.9
2002-02-11,2.68
2002-02-08,2.69
2002-02-07,2.69
2002-02-06,2.69
2002-02-05,2.69
2002-02-04,2.9
2002-02-01,2.9
2002-01-31,2.71
2002-01-30,2.87
2002-01-29,2.66
2002-01-28,2.66
2002-01-25,2.9
2002-01-24,2.78
2002-01-23,2.64
2002-01-22,2.64
2002-01-21,2.64
2002-01-18,2.63
2002-01-17,2.63
2002-01-16,2.63
2002-01-15,2.63
2002-01-14,2.63
2002-01-11,2.63
2002-01-10,2.63
2002-01-09,2.63
2002-01-08,2.63
2002-01-07,2.63
2002-01-04,2.63
2002-01-03,2.63
2002-01-02,2.67
2001-12-28,2.9
2001-12-27,2.94
2001-12-21,2.94
2001-12-20,2.59
2001-12-19,2.59
2001-12-18,2.64
2001-12-17,2.64
2001-12-14,2.65
2001-12-13,2.72
2001-12-12,2.61
2001-12-11,2.63
2001-12-10,2.67
2001-12-07,2.6
2001-12-06,2.57
2001-12-05,2.63
2001-12-04,2.63
2001-12-03,2.81
2001-11-30,2.57
2001-11-29,2.85
2001-11-28,2.54
2001-11-27,2.55
2001-11-26,2.54
2001-11-23,2.6
2001-11-22,2.53
2001-11-21,2.53
2001-11-20,2.53
2001-11-19,2.53
2001-11-16,2.53
2001-11-15,2.52
2001-11-14,2.74
2001-11-13,2.75
2001-11-12,2.74
2001-11-09,2.73
2001-11-08,2.75
2001-11-07,2.72
2001-11-06,2.72
2001-11-05,2.89
2001-11-02,2.57
2001-10-31,2.5
2001-10-30,2.89
2001-10-29,2.47
2001-10-25,2.83
2001-10-24,2.9
2001-10-23,2.95
2001-10-22,2.59
2001-10-19,2.1
2001-10-18,2.32
2001-10-17,2.32
2001-10-15,2.01
2001-10-12,2.01
2001-10-11,2.04
2001-10-10,2.05
2001-10-09,2.0
2001-10-08,1.81
2001-10-04,1.87
2001-10-03,1.87
2001-10-02,1.88
2001-10-01,2.09
2001-09-27,1.9
2001-09-24,1.62
2001-09-21,1.776
2001-09-20,1.776
2001-09-19,9.49
2001-09-18,8.89
2001-09-17,9.49
2001-09-14,8.88
2001-09-13,9.48
2001-09-12,9.48
2001-09-11,9.09
2001-09-10,9.09
2001-09-07,9.1
2001-09-06,9.95
2001-09-05,9.1
2001-09-04,9.09
2001-09-03,9.1
2001-08-31,9.1
2001-08-30,9.1
2001-08-29,9.11
2001-08-28,9.1
2001-08-27,9.1
2001-08-24,9.15
2001-08-23,9.15
2001-08-22,9.15
2001-08-21,9.99
2001-08-20,10.0
2001-08-17,10.0
2001-08-16,10.0
2001-08-14,10.0
2001-08-13,10.0
2001-08-10,10.0
2001-08-09,10.0
2001-08-08,10.0
2001-08-07,10.0
2001-08-06,10.05
2001-08-03,10.05
2001-08-02,10.05
2001-08-01,10.65
2001-07-31,9.3
2001-07-30,10.5
2001-07-27,10.23
2001-07-26,10.25
2001-07-25,10.23
2001-07-24,10.23
2001-07-23,10.23
2001-07-20,10.23
2001-07-19,10.55
2001-07-18,10.55
2001-07-17,10.55
2001-07-16,10.55
2001-07-12,10.58
2001-07-11,10.75
2001-07-10,11.0
2001-07-09,11.0
2001-07-06,11.0
2001-07-05,10.91
2001-07-04,10.9
2001-07-03,12.64
2001-07-02,10.57
2001-06-29,10.56
2001-06-28,10.55
2001-06-27,11.0
2001-06-26,11.2
2001-06-25,11.01
2001-06-22,11.0
2001-06-21,10.55
2001-06-20,10.55
2001-06-19,12.0
2001-06-18,12.11
2001-06-15,12.11
2001-06-13,12.11
2001-06-12,12.5
2001-06-11,12.11
2001-06-08,12.11
2001-06-07,12.1
2001-06-06,12.1
2001-06-05,12.01
2001-06-04,12.01
2001-06-01,12.8
2001-05-31,12.4
2001-05-30,13.0
2001-05-29,12.51
2001-05-28,12.52
2001-05-25,12.52
2001-05-24,12.52
2001-05-23,12.52
2001-05-22,12.52
2001-05-21,12.52
2001-05-18,12.52
2001-05-17,13.19
2001-05-16,12.76
2001-05-15,12.76
2001-05-14,13.15
2001-05-11,12.76
2001-05-10,12.75
2001-05-09,12.75
2001-05-08,12.81
2001-05-04,12.75
2001-05-03,12.76
2001-05-02,12.75
2001-04-30,12.75
2001-04-27,12.75
2001-04-26,12.77
2001-04-24,12.77
2001-04-23,12.76
2001-04-20,12.76
2001-04-19,12.78
2001-04-18,12.75
2001-04-17,13.6
2001-04-12,12.8
2001-04-11,13.5
2001-04-10,13.93
2001-04-09,13.49
2001-04-06,12.51
2001-04-05,12.51
2001-04-04,12.5
2001-04-03,12.53
2001-04-02,12.52
2001-03-30,12.52
2001-03-29,13.0
2001-03-28,13.0
2001-03-27,13.6
2001-03-26,13.45
2001-03-23,13.45
2001-03-22,13.1
2001-03-21,12.5
2001-03-20,14.45
2001-03-15,13.2
2001-03-13,14.19
2001-03-09,13.01
2001-03-05,13.01
2001-03-02,13.5
2001-03-01,13.5
2001-02-28,13.99
2001-02-26,13.73
2001-02-23,13.7
2001-02-22,13.7
2001-02-21,13.7
2001-02-20,13.7
2001-02-19,13.7
2001-02-16,13.73
2001-02-15,13.73
2001-02-14,14.39
2001-02-13,14.0
2001-02-12,14.1
2001-02-09,14.1
2001-02-08,14.1
2001-02-07,14.0
2001-02-02,13.76
2001-02-01,14.7
2001-01-30,13.74
2001-01-29,13.74
2001-01-25,13.75
2001-01-23,13.43
2001-01-22,15.18
2001-01-19,15.18
2001-01-18,13.35
2001-01-17,13.35
2001-01-16,13.36
2001-01-15,13.35
2001-01-12,13.34
2001-01-11,13.34
2001-01-09,13.33
2001-01-08,15.5
2001-01-05,13.33
2001-01-04,13.34
2001-01-03,13.33
2001-01-02,13.32
2000-12-29,15.18
2000-12-28,13.22
2000-12-27,13.22
2000-12-22,13.55
2000-12-21,13.22
2000-12-20,13.48
2000-12-18,13.48
2000-12-15,13.48
2000-12-14,13.52
2000-12-13,13.52
2000-12-12,13.51
2000-12-11,13.49
2000-12-07,14.39
2000-12-06,14.0
2000-12-05,13.98
2000-12-04,13.31
2000-11-30,13.31
2000-11-29,13.31
2000-11-28,13.31
2000-11-27,13.31
2000-11-24,13.97
2000-11-23,13.4
2000-11-22,13.4
2000-11-21,13.71
2000-11-20,13.7
2000-11-17,13.4
2000-11-16,13.44
2000-11-15,15.74
2000-11-14,15.99
2000-11-13,13.31
2000-11-10,13.89
2000-11-09,13.36
2000-11-08,13.38
2000-11-07,13.35
2000-11-06,14.97
2000-11-03,14.97
2000-11-02,13.03
2000-11-01,13.01
2000-10-31,13.01
2000-10-30,13.01
2000-10-27,13.0
2000-10-26,13.01
2000-10-25,13.01
2000-10-24,13.01
2000-10-23,14.0
2000-10-20,14.04
2000-10-19,14.5
2000-10-18,14.01
2000-10-17,14.05
2000-10-16,14.01
2000-10-13,14.5
2000-10-12,14.5
2000-10-11,14.68
2000-10-10,14.51
2000-10-09,14.51
2000-10-06,14.53
2000-10-05,14.53
2000-10-04,14.53
2000-10-03,14.53
2000-10-02,14.52
2000-09-29,15.4
2000-09-28,14.51
2000-09-27,14.51
2000-09-26,14.51
2000-09-25,14.52
2000-09-22,14.7
2000-09-21,14.7
2000-09-20,14.7
2000-09-19,14.7
2000-09-18,15.4
2000-09-15,15.44
2000-09-14,14.6
2000-09-13,14.57
2000-09-12,15.0
2000-09-11,15.44
2000-09-08,14.5
2000-09-07,15.48
2000-09-06,14.5
2000-09-05,15.4
2000-09-04,14.4
2000-09-01,15.3
2000-08-31,14.3
2000-08-30,15.35
2000-08-29,14.2
2000-08-28,15.49
2000-08-25,15.0
2000-08-24,15.0
2000-08-23,15.0
2000-08-22,15.0
2000-08-21,15.0
2000-08-18,14.1
2000-08-17,14.96
2000-08-16,15.7
2000-08-15,15.18
2000-08-14,15.18
2000-08-11,15.15
2000-08-10,15.15
2000-08-09,15.97
2000-08-08,15.15
2000-08-07,15.15
2000-08-04,15.15
2000-08-03,15.5
2000-08-02,15.5
2000-08-01,15.5
2000-07-31,15.5
2000-07-28,15.5
2000-07-27,15.71
2000-07-26,15.71
2000-07-25,15.71
2000-07-24,15.12
2000-07-21,15.12
2000-07-20,15.08
2000-07-19,16.59
2000-07-18,16.3
2000-07-17,16.69
2000-07-14,16.3
2000-07-13,16.3
2000-07-12,16.3
2000-07-11,15.01
2000-07-10,15.01
2000-07-07,14.83
2000-07-06,14.83
2000-07-05,16.0
2000-07-04,16.3
2000-07-03,16.3
2000-06-30,16.31
2000-06-29,16.31
2000-06-28,16.31
2000-06-27,16.31
2000-06-26,16.31
2000-06-23,16.31
2000-06-22,16.0
2000-06-21,16.0
2000-06-20,16.0
2000-06-19,16.3
2000-06-16,16.3
2000-06-15,15.72
2000-06-14,15.77
2000-06-13,15.73
2000-06-12,15.75
2000-06-09,16.49
2000-06-08,16.49
2000-06-07,15.2
2000-06-06,15.04
2000-06-05,16.5
2000-06-02,16.79
2000-06-01,14.82
2000-05-31,3.132
2000-05-30,3.132
2000-05-29,3.404
2000-05-26,2.96
2000-05-25,3.29
2000-05-24,2.952
2000-05-23,3.28
2000-05-22,2.866
2000-05-19,2.836
2000-05-18,3.2
2000-05-17,3.202
2000-05-16,3.28
2000-05-15,3.2
2000-05-12,3.3
2000-05-11,3.072
2000-05-10,3.092
2000-05-09,3.078
2000-05-08,3.078
2000-05-05,3.44
2000-05-04,3.108
2000-05-03,3.422
2000-05-02,3.44
2000-05-01,3.46
2000-04-28,3.46
2000-04-27,3.422
2000-04-26,3.426
2000-04-25,3.426
2000-04-24,3.426
2000-04-21,3.426
2000-04-20,3.426
2000-04-19,3.456
2000-04-18,3.422
2000-04-17,3.23
2000-04-14,3.562
2000-04-13,3.562
2000-04-12,3.562
2000-04-11,3.62
2000-04-10,3.6
2000-04-07,3.56
2000-04-06,3.602
2000-04-05,3.602
2000-04-04,3.602
2000-04-03,3.602
2000-03-31,3.61
2000-03-30,3.61
2000-03-29,3.62
2000-03-28,3.62
2000-03-27,3.62
2000-03-24,3.66
2000-03-23,3.62
2000-03-22,3.62
2000-03-21,3.622
2000-03-20,3.652
2000-03-17,3.622
2000-03-16,3.66
2000-03-15,3.7
2000-03-14,3.7
2000-03-13,3.704
2000-03-10,3.704
2000-03-09,3.706
2000-03-08,3.704
2000-03-07,3.702
2000-03-06,3.702
2000-03-03,3.704
2000-03-02,3.67
2000-03-01,3.7
2000-02-29,3.94
2000-02-28,3.898
2000-02-25,3.746
2000-02-24,3.702
2000-02-23,3.64
2000-02-22,3.632
2000-02-21,3.692
2000-02-18,3.7
2000-02-17,3.686
2000-02-16,3.61
2000-02-15,3.642
2000-02-14,3.63
2000-02-11,3.704
2000-02-10,3.94
2000-02-09,3.94
2000-02-08,3.79
2000-02-07,3.998
2000-02-04,3.6
2000-02-03,3.57
2000-02-02,3.562
2000-02-01,3.606
2000-01-31,3.7
2000-01-28,3.7
2000-01-27,3.74
2000-01-26,3.604
2000-01-25,3.602
2000-01-24,3.566
2000-01-21,3.854
2000-01-20,3.7
2000-01-19,3.524
2000-01-18,3.524
2000-01-17,3.524
2000-01-14,3.506
2000-01-13,3.506
2000-01-12,3.5
2000-01-11,3.56
2000-01-10,3.56
2000-01-07,3.56
2000-01-06,3.56
2000-01-05,3.56
2000-01-04,3.586
2000-01-03,3.584
