,sem:pl
2018-11-23,14.1
2018-11-22,14.16
2018-11-21,14.34
2018-11-20,14.5
2018-11-19,14.76
2018-11-16,14.98
2018-11-15,14.8
2018-11-14,15.06
2018-11-13,15.14
2018-11-12,15.34
2018-11-09,15.64
2018-11-08,15.8
2018-11-07,15.86
2018-11-06,15.78
2018-11-05,15.96
2018-11-02,15.96
2018-11-01,16.5
2018-10-31,16.88
2018-10-30,16.78
2018-10-29,16.46
2018-10-26,16.28
2018-10-25,16.34
2018-10-24,15.72
2018-10-23,15.9
2018-10-22,16.4
2018-10-19,16.5
2018-10-18,16.52
2018-10-17,16.7
2018-10-16,17.08
2018-10-15,16.82
2018-10-12,16.84
2018-10-11,17.04
2018-10-10,16.06
2018-10-09,16.84
2018-10-08,16.82
2018-10-05,17.14
2018-10-04,17.44
2018-10-03,17.62
2018-10-02,17.54
2018-10-01,17.26
2018-09-28,17.12
2018-09-27,17.28
2018-09-26,17.1
2018-09-25,17.24
2018-09-24,17.32
2018-09-21,17.1
2018-09-20,17.48
2018-09-19,17.72
2018-09-18,17.58
2018-09-17,17.64
2018-09-14,17.52
2018-09-13,17.94
2018-09-12,17.92
2018-09-11,17.62
2018-09-10,17.5
2018-09-07,17.34
2018-09-06,17.58
2018-09-05,17.64
2018-09-04,17.5
2018-09-03,17.4
2018-08-31,17.8
2018-08-30,18.22
2018-08-29,18.44
2018-08-28,18.46
2018-08-27,18.32
2018-08-24,17.92
2018-08-23,17.94
2018-08-22,18.14
2018-08-21,18.52
2018-08-20,18.3
2018-08-17,18.42
2018-08-16,18.3
2018-08-15,18.04
2018-08-14,18.44
2018-08-13,18.82
2018-08-10,19.74
2018-08-09,20.05
2018-08-08,20.15
2018-08-07,20.4
2018-08-06,20.6
2018-08-03,20.3
2018-08-02,20.3
2018-08-01,20.35
2018-07-31,20.1
2018-07-30,20.45
2018-07-27,20.7
2018-07-26,20.55
2018-07-25,20.75
2018-07-24,20.5
2018-07-23,21.15
2018-07-20,21.6
2018-07-19,22.05
2018-07-18,22.5
2018-07-17,22.5
2018-07-16,22.65
2018-07-13,22.85
2018-07-12,22.85
2018-07-11,22.8
2018-07-10,22.8
2018-07-09,23.0
2018-07-06,23.05
2018-07-05,22.55
2018-07-04,22.2
2018-07-03,22.75
2018-07-02,22.95
2018-06-29,22.95
2018-06-28,22.8
2018-06-27,22.9
2018-06-26,22.7
2018-06-25,22.85
2018-06-23,22.65
2018-06-22,22.65
2018-06-21,22.0
2018-06-20,22.3
2018-06-19,22.8
2018-06-18,23.25
2018-06-15,23.4
2018-06-14,23.8
2018-06-13,24.2
2018-06-12,23.95
2018-06-11,23.5
2018-06-08,23.6
2018-06-07,23.1
2018-06-06,22.75
2018-06-05,22.25
2018-06-04,22.0
2018-06-01,21.85
2018-05-31,21.55
2018-05-30,21.65
2018-05-29,21.1
2018-05-28,21.5
2018-05-25,21.35
2018-05-24,21.65
2018-05-23,21.55
2018-05-22,21.25
2018-05-21,20.35
2018-05-18,20.4
2018-05-17,20.8
2018-05-16,20.55
2018-05-15,19.64
2018-05-14,18.98
2018-05-11,19.12
2018-05-10,19.18
2018-05-09,19.1
2018-05-08,19.22
2018-05-07,19.14
2018-05-04,18.5
2018-05-03,18.54
2018-05-02,18.5
2018-04-30,18.54
2018-04-27,18.56
2018-04-26,18.2
2018-04-25,18.4
2018-04-24,18.5
2018-04-23,18.3
2018-04-20,18.44
2018-04-19,18.62
2018-04-18,18.64
2018-04-17,18.72
2018-04-16,18.56
2018-04-13,18.8
2018-04-12,18.72
2018-04-11,18.34
2018-04-10,18.74
2018-04-09,18.68
2018-04-06,18.92
2018-04-05,18.94
2018-04-04,18.96
2018-04-03,18.4
2018-03-29,18.52
2018-03-28,18.24
2018-03-27,18.72
2018-03-26,18.52
2018-03-23,19.0
2018-03-22,18.98
2018-03-21,19.2
2018-03-20,19.26
2018-03-19,19.32
2018-03-16,19.36
2018-03-15,19.22
2018-03-14,19.08
2018-03-13,19.08
2018-03-12,19.22
2018-03-09,19.3
2018-03-08,19.1
2018-03-07,18.92
2018-03-06,18.68
2018-03-05,18.26
2018-03-02,18.36
2018-03-01,18.86
2018-02-28,19.24
2018-02-27,19.48
2018-02-26,19.7
2018-02-23,18.98
2018-02-22,18.72
2018-02-21,18.78
2018-02-20,18.62
2018-02-19,18.12
2018-02-16,18.0
2018-02-15,18.0
2018-02-14,18.04
2018-02-13,17.78
2018-02-12,17.9
2018-02-09,17.54
2018-02-08,17.6
2018-02-07,18.0
2018-02-06,17.52
2018-02-05,17.8
2018-02-02,18.14
2018-02-01,18.32
2018-01-31,18.38
2018-01-30,18.36
2018-01-29,18.5
2018-01-26,18.58
2018-01-25,18.64
2018-01-24,18.84
2018-01-23,18.86
2018-01-22,18.72
2018-01-19,18.56
2018-01-18,18.5
2018-01-17,18.58
2018-01-16,18.64
2018-01-15,18.62
2018-01-12,18.64
2018-01-11,18.74
2018-01-10,18.86
2018-01-09,18.66
2018-01-08,18.4
2018-01-05,18.06
2018-01-04,18.14
2018-01-03,17.86
2018-01-02,17.86
2017-12-29,17.795
2017-12-28,17.715
2017-12-27,17.725
2017-12-22,17.89
2017-12-21,17.91
2017-12-20,18.0
2017-12-19,17.95
2017-12-18,18.205
2017-12-15,17.75
2017-12-14,17.725
2017-12-13,17.365
2017-12-12,17.415
2017-12-11,17.13
2017-12-08,17.165
2017-12-07,17.0
2017-12-06,17.065
2017-12-05,17.005
2017-12-04,16.955
2017-12-01,16.94
2017-11-30,16.93
2017-11-29,16.925
2017-11-28,16.87
2017-11-27,16.23
2017-11-24,15.495
2017-11-23,15.59
2017-11-22,15.675
2017-11-21,15.75
2017-11-20,15.785
2017-11-17,15.475
2017-11-16,15.71
2017-11-15,15.73
2017-11-14,15.69
2017-11-13,15.735
2017-11-10,16.085
2017-11-09,16.38
2017-11-08,16.655
2017-11-07,16.49
2017-11-06,16.625
2017-11-03,17.15
2017-11-02,17.355
2017-11-01,17.155
2017-10-31,17.165
2017-10-30,17.22
2017-10-27,17.025
2017-10-26,16.87
2017-10-25,16.82
2017-10-24,16.91
2017-10-23,17.07
2017-10-20,17.075
2017-10-19,17.11
2017-10-18,17.095
2017-10-17,17.035
2017-10-16,16.715
2017-10-13,17.01
2017-10-12,17.305
2017-10-11,16.79
2017-10-10,16.82
2017-10-09,16.3
2017-10-06,16.085
2017-10-05,16.4
2017-10-04,16.025
2017-10-03,16.41
2017-10-02,16.06
2017-09-29,16.21
2017-09-28,15.84
2017-09-27,15.44
2017-09-26,15.355
2017-09-25,15.23
2017-09-22,15.305
2017-09-21,15.41
2017-09-20,15.42
2017-09-19,15.44
2017-09-18,15.495
2017-09-15,15.07
2017-09-14,15.115
2017-09-13,15.09
2017-09-12,15.115
2017-09-11,15.25
2017-09-08,14.94
2017-09-07,15.1
2017-09-06,15.215
2017-09-05,15.19
2017-09-04,15.36
2017-09-01,15.375
2017-08-31,15.175
2017-08-30,15.185
2017-08-29,15.015
2017-08-28,15.25
2017-08-25,15.46
2017-08-24,15.62
2017-08-23,15.68
2017-08-22,15.82
2017-08-21,15.79
2017-08-18,15.945
2017-08-17,16.1
2017-08-16,15.91
2017-08-15,16.05
2017-08-14,16.155
2017-08-11,16.15
2017-08-10,16.41
2017-08-09,16.46
2017-08-08,16.605
2017-08-07,16.58
2017-08-04,16.5
2017-08-03,16.245
2017-08-02,16.295
2017-08-01,16.26
2017-07-31,16.405
2017-07-28,16.59
2017-07-27,16.99
2017-07-26,16.99
2017-07-25,16.8
2017-07-24,16.84
2017-07-21,17.025
2017-07-20,17.195
2017-07-19,17.45
2017-07-18,17.27
2017-07-17,17.21
2017-07-14,17.2
2017-07-13,16.985
2017-07-12,16.865
2017-07-11,16.9
2017-07-10,17.05
2017-07-07,16.98
2017-07-06,16.785
2017-07-05,17.0
2017-07-04,16.975
2017-07-03,17.17
2017-06-30,16.975
2017-06-29,16.96
2017-06-28,16.905
2017-06-27,16.955
2017-06-26,17.22
2017-06-23,17.005
2017-06-22,17.095
2017-06-21,17.36
2017-06-20,17.22
2017-06-19,17.35
2017-06-16,17.025
2017-06-15,17.085
2017-06-14,16.945
2017-06-13,16.9
2017-06-12,16.69
2017-06-09,16.88
2017-06-08,16.69
2017-06-07,16.7
2017-06-06,16.915
2017-06-05,16.425
2017-06-02,16.855
2017-06-01,16.7
2017-05-31,16.57
2017-05-30,16.535
2017-05-29,16.34
2017-05-26,16.33
2017-05-25,16.415
2017-05-24,16.28
2017-05-23,16.115
2017-05-22,16.015
2017-05-19,15.995
2017-05-18,15.475
2017-05-17,15.615
2017-05-16,15.6
2017-05-15,15.785
2017-05-12,15.415
2017-05-11,15.295
2017-05-10,15.3
2017-05-09,15.0
2017-05-08,14.675
2017-05-05,14.595
2017-05-04,14.565
2017-05-03,14.565
2017-05-02,14.47
2017-04-28,14.4
2017-04-27,14.35
2017-04-26,14.155
2017-04-25,14.365
2017-04-24,14.445
2017-04-21,14.35
2017-04-20,14.4
2017-04-19,14.235
2017-04-18,14.39
2017-04-13,14.45
2017-04-12,14.5
2017-04-11,14.5
2017-04-10,14.51
2017-04-07,14.53
2017-04-06,14.565
2017-04-05,14.61
2017-04-04,14.31
2017-04-03,14.175
2017-03-31,14.3
2017-03-30,14.09
2017-03-29,13.79
2017-03-28,13.62
2017-03-27,13.54
2017-03-24,13.645
2017-03-23,13.44
2017-03-22,13.405
2017-03-21,13.405
2017-03-20,13.495
2017-03-17,13.37
2017-03-16,13.43
2017-03-15,13.335
2017-03-14,13.255
2017-03-13,13.4
2017-03-10,13.41
2017-03-09,13.485
2017-03-08,13.49
2017-03-07,13.405
2017-03-06,13.4
2017-03-03,13.475
2017-03-02,13.61
2017-03-01,13.735
2017-02-28,13.85
2017-02-27,13.26
2017-02-24,13.35
2017-02-23,13.295
2017-02-22,13.365
2017-02-21,13.4
2017-02-20,13.315
2017-02-17,13.36
2017-02-16,13.305
2017-02-15,13.425
2017-02-14,13.43
2017-02-13,13.35
2017-02-10,13.29
2017-02-09,13.1
2017-02-08,13.075
2017-02-07,13.19
2017-02-06,12.915
2017-02-03,13.06
2017-02-02,12.985
2017-02-01,12.975
2017-01-31,13.15
2017-01-30,13.06
2017-01-27,13.11
2017-01-26,13.17
2017-01-25,12.76
2017-01-24,12.85
2017-01-23,12.85
2017-01-20,13.015
2017-01-19,13.025
2017-01-18,13.05
2017-01-17,12.76
2017-01-16,12.93
2017-01-15,12.93
2017-01-13,13.015
2017-01-12,12.855
2017-01-11,12.845
2017-01-10,12.87
2017-01-09,12.965
2017-01-06,13.18
2017-01-05,13.43
2017-01-04,13.5
2017-01-03,13.6
2017-01-02,13.495
2016-12-31,11.397
2016-12-30,13.4
2016-12-29,13.395
2016-12-28,13.225
2016-12-27,13.345
2016-12-23,13.25
2016-12-22,13.0
2016-12-21,13.0
2016-12-20,12.95
2016-12-19,12.98
2016-12-16,12.95
2016-12-15,12.98
2016-12-14,12.925
2016-12-13,12.945
2016-12-12,12.97
2016-12-09,12.955
2016-12-08,12.845
2016-12-07,12.73
2016-12-06,12.295
2016-12-05,12.23
2016-12-02,12.01
2016-12-01,12.28
2016-11-30,12.15
2016-11-29,12.025
2016-11-28,12.08
2016-11-25,12.375
2016-11-24,12.165
2016-11-23,12.12
2016-11-22,12.225
2016-11-21,11.855
2016-11-18,11.9
2016-11-17,11.675
2016-11-16,11.655
2016-11-15,11.645
2016-11-14,11.755
2016-11-11,11.79
2016-11-10,11.655
2016-11-09,11.56
2016-11-08,11.58
2016-11-07,11.49
2016-11-04,11.355
2016-11-03,11.415
2016-11-02,11.42
2016-11-01,11.52
2016-10-31,11.72
2016-10-28,11.735
2016-10-27,11.675
2016-10-26,11.665
2016-10-25,11.77
2016-10-24,11.795
2016-10-21,11.78
2016-10-20,11.8
2016-10-19,11.91
2016-10-18,11.72
2016-10-17,11.7
2016-10-14,11.625
2016-10-13,11.55
2016-10-12,11.735
2016-10-11,11.725
2016-10-10,11.72
2016-10-07,11.77
2016-10-06,11.71
2016-10-05,11.875
2016-10-04,11.795
2016-10-03,11.325
2016-09-30,11.385
2016-09-29,11.565
2016-09-28,11.51
2016-09-27,11.27
2016-09-26,11.375
2016-09-23,11.47
2016-09-22,11.535
2016-09-21,11.25
2016-09-20,11.4
2016-09-19,11.47
2016-09-16,11.075
2016-09-15,11.485
2016-09-14,11.57
2016-09-13,11.555
2016-09-12,11.9
2016-09-09,11.885
2016-09-08,11.995
2016-09-07,12.11
2016-09-06,11.95
2016-09-05,12.04
2016-09-02,11.91
2016-09-01,11.77
2016-08-31,11.7
2016-08-30,11.85
2016-08-29,11.695
2016-08-26,11.76
2016-08-25,11.76
2016-08-24,11.75
2016-08-23,11.805
2016-08-22,11.78
2016-08-19,11.925
2016-08-18,11.94
2016-08-17,11.77
2016-08-16,11.85
2016-08-15,12.01
2016-08-12,12.05
2016-08-11,12.06
2016-08-10,11.74
2016-08-09,11.57
2016-08-08,11.235
2016-08-05,11.215
2016-08-04,10.955
2016-08-03,10.9
2016-08-02,10.84
2016-08-01,11.2
2016-07-29,11.26
2016-07-28,11.28
2016-07-27,11.28
2016-07-26,11.35
2016-07-25,11.15
2016-07-22,11.02
2016-07-21,10.85
2016-07-20,10.62
2016-07-19,10.5
2016-07-18,10.31
2016-07-15,10.23
2016-07-14,10.52
2016-07-13,10.48
2016-07-12,10.51
2016-07-11,10.44
2016-07-08,10.13
2016-07-07,9.85
2016-07-06,9.72
2016-07-05,9.9
2016-07-04,10.15
2016-07-01,10.07
2016-06-30,9.98
2016-06-29,9.98
2016-06-28,9.79
2016-06-27,9.5
2016-06-24,10.13
2016-06-23,10.65
2016-06-22,10.43
2016-06-21,10.49
2016-06-20,10.45
2016-06-17,10.35
2016-06-16,9.99
2016-06-15,9.94
2016-06-14,10.16
2016-06-13,10.19
2016-06-10,10.73
2016-06-09,10.89
2016-06-08,10.71
2016-06-07,10.67
2016-06-06,10.53
2016-06-03,10.65
2016-06-02,11.0
2016-06-01,10.98
2016-05-31,11.09
2016-05-30,11.12
2016-05-27,10.97
2016-05-26,11.26
2016-05-25,11.16
2016-05-24,10.91
2016-05-23,10.7
2016-05-20,10.76
2016-05-19,10.44
2016-05-18,10.36
2016-05-17,10.53
2016-05-16,10.52
2016-05-13,10.59
2016-05-12,10.63
2016-05-11,10.56
2016-05-10,10.78
2016-05-09,10.83
2016-05-06,10.82
2016-05-05,10.88
2016-05-04,10.78
2016-05-03,10.86
2016-05-02,11.15
2016-04-29,11.1
2016-04-28,11.23
2016-04-27,11.15
2016-04-26,11.09
2016-04-25,11.085
2016-04-22,11.31
2016-04-21,11.45
2016-04-20,11.36
2016-04-19,11.22
2016-04-18,11.31
2016-04-15,11.43
2016-04-14,11.72
2016-04-13,11.56
2016-04-12,11.09
2016-04-11,11.19
2016-04-08,10.99
2016-04-07,10.81
2016-04-06,11.1
2016-04-05,11.1
2016-04-04,11.31
2016-04-01,11.6
2016-03-31,11.61
2016-03-30,11.65
2016-03-29,11.39
2016-03-24,11.52
2016-03-23,11.38
2016-03-22,11.4
2016-03-21,11.46
2016-03-18,11.15
2016-03-17,11.48
2016-03-16,11.35
2016-03-15,11.28
2016-03-14,11.3
2016-03-11,11.16
2016-03-10,11.1
2016-03-09,11.13
2016-03-08,11.06
2016-03-07,11.18
2016-03-04,11.19
2016-03-03,11.1
2016-03-02,11.31
2016-03-01,11.48
2016-02-29,11.44
2016-02-26,11.24
2016-02-25,10.95
2016-02-24,10.74
2016-02-23,10.46
2016-02-22,10.85
2016-02-19,10.7
2016-02-18,10.88
2016-02-17,10.85
2016-02-16,10.52
2016-02-15,10.6
2016-02-12,10.2
2016-02-11,10.1
2016-02-10,10.39
2016-02-09,10.24
2016-02-08,10.69
2016-02-05,10.89
2016-02-04,11.0
2016-02-03,11.13
2016-02-02,11.11
2016-02-01,11.03
2016-01-29,10.95
2016-01-28,10.94
2016-01-27,11.075
2016-01-26,11.1
2016-01-25,11.07
2016-01-22,10.99
2016-01-21,10.97
2016-01-20,11.09
2016-01-19,11.7
2016-01-18,11.37
2016-01-15,11.6
2016-01-14,12.305
2016-01-13,13.0
2016-01-12,12.365
2016-01-11,12.02
2016-01-08,12.38
2016-01-07,12.54
2016-01-06,12.705
2016-01-05,12.605
2016-01-04,12.605
2016-01-01,12.695
2015-12-31,12.695
2015-12-30,12.65
2015-12-29,12.615
2015-12-28,12.53
2015-12-25,12.77
2015-12-24,12.77
2015-12-23,13.405
2015-12-22,13.035
2015-12-21,13.2
2015-12-18,13.44
2015-12-17,13.14
2015-12-16,13.1
2015-12-15,12.905
2015-12-14,12.57
2015-12-11,12.65
2015-12-10,12.665
2015-12-09,12.72
2015-12-08,12.77
2015-12-07,12.955
2015-12-04,12.96
2015-12-03,13.085
2015-12-02,13.305
2015-12-01,13.3
2015-11-30,13.29
2015-11-27,13.015
2015-11-26,13.05
2015-11-25,12.885
2015-11-24,12.9
2015-11-23,12.8
2015-11-20,12.93
2015-11-19,13.04
2015-11-18,12.995
2015-11-17,12.88
2015-11-16,12.945
2015-11-13,12.845
2015-11-12,12.725
2015-11-11,12.885
2015-11-10,12.465
2015-11-09,12.52
2015-11-06,13.23
2015-11-05,13.04
2015-11-04,13.14
2015-11-03,13.175
2015-11-02,12.885
2015-10-30,12.87
2015-10-29,12.835
2015-10-28,12.67
2015-10-27,12.665
2015-10-26,12.64
2015-10-23,12.24
2015-10-22,12.11
2015-10-21,11.895
2015-10-20,11.93
2015-10-19,11.88
2015-10-16,11.955
2015-10-15,12.01
2015-10-14,11.64
2015-10-13,11.79
2015-10-12,11.995
2015-10-09,11.89
2015-10-08,11.765
2015-10-07,11.92
2015-10-06,11.99
2015-10-05,11.8
2015-10-02,11.49
2015-10-01,11.38
2015-09-30,11.585
2015-09-29,11.24
2015-09-28,11.385
2015-09-25,11.705
2015-09-24,11.505
2015-09-23,11.535
2015-09-22,11.175
2015-09-21,11.85
2015-09-18,11.81
2015-09-17,11.97
2015-09-16,11.985
2015-09-15,11.925
2015-09-14,12.06
2015-09-11,12.315
2015-09-10,12.49
2015-09-09,12.69
2015-09-08,12.76
2015-09-07,12.41
2015-09-04,12.4
2015-09-03,12.43
2015-09-02,12.02
2015-09-01,12.385
2015-08-31,12.995
2015-08-28,12.74
2015-08-27,12.92
2015-08-26,12.815
2015-08-25,12.9
2015-08-24,12.655
2015-08-21,13.055
2015-08-20,13.595
2015-08-19,13.4
2015-08-18,13.45
2015-08-17,13.45
2015-08-14,13.395
2015-08-13,13.105
2015-08-12,12.565
2015-08-11,12.99
2015-08-10,12.95
2015-08-07,12.9
2015-08-06,12.955
2015-08-05,13.575
2015-08-04,13.37
2015-08-03,13.145
2015-07-31,12.315
2015-07-30,12.27
2015-07-29,12.44
2015-07-28,12.17
2015-07-27,12.025
2015-07-24,12.015
2015-07-23,12.115
2015-07-22,12.465
2015-07-21,12.7
2015-07-20,12.685
2015-07-17,12.74
2015-07-16,12.85
2015-07-15,12.44
2015-07-14,12.335
2015-07-13,12.405
2015-07-10,12.375
2015-07-09,12.01
2015-07-08,11.455
2015-07-07,11.255
2015-07-06,11.705
2015-07-03,12.3
2015-07-02,12.29
2015-07-01,12.505
2015-06-30,12.11
2015-06-29,12.05
2015-06-26,12.5
2015-06-25,12.345
2015-06-24,12.55
2015-06-23,12.705
2015-06-22,12.85
2015-06-19,12.815
2015-06-18,12.135
2015-06-17,12.18
2015-06-16,12.275
2015-06-15,12.33
2015-06-12,12.87
2015-06-11,12.91
2015-06-10,12.85
2015-06-09,12.53
2015-06-08,12.355
2015-06-05,12.805
2015-06-04,13.125
2015-06-03,13.57
2015-06-02,13.305
2015-06-01,13.06
2015-05-29,13.06
2015-05-28,13.65
2015-05-27,13.595
2015-05-26,13.235
2015-05-25,13.32
2015-05-22,13.74
2015-05-21,13.82
2015-05-20,13.91
2015-05-19,13.785
2015-05-18,13.24
2015-05-15,13.3
2015-05-14,13.245
2015-05-13,13.165
2015-05-12,13.235
2015-05-11,13.195
2015-05-08,13.23
2015-05-07,12.75
2015-05-06,12.7
2015-05-05,12.915
2015-05-04,13.3
2015-05-01,12.79
2015-04-30,12.79
2015-04-29,12.93
2015-04-28,13.315
2015-04-27,13.495
2015-04-24,13.27
2015-04-23,13.18
2015-04-22,13.28
2015-04-21,13.54
2015-04-20,13.39
2015-04-17,13.335
2015-04-16,13.605
2015-04-15,13.975
2015-04-14,13.64
2015-04-13,13.93
2015-04-10,14.185
2015-04-09,13.93
2015-04-08,13.195
2015-04-07,12.765
2015-04-06,12.675
2015-04-03,12.675
2015-04-02,12.675
2015-04-01,12.49
2015-03-31,12.44
2015-03-30,12.51
2015-03-27,12.55
2015-03-26,12.325
2015-03-25,12.675
2015-03-24,12.935
2015-03-23,12.845
2015-03-20,12.81
2015-03-19,12.555
2015-03-18,12.695
2015-03-17,12.835
2015-03-16,12.925
2015-03-13,12.995
2015-03-12,12.86
2015-03-11,12.8
2015-03-10,12.395
2015-03-09,12.485
2015-03-06,12.355
2015-03-05,12.3
2015-03-04,11.895
2015-03-03,12.03
2015-03-02,12.14
2015-02-27,12.36
2015-02-26,12.205
2015-02-25,11.7
2015-02-24,11.26
2015-02-23,10.665
2015-02-20,10.69
2015-02-19,10.495
2015-02-18,10.615
2015-02-17,10.545
2015-02-16,10.615
2015-02-13,10.835
2015-02-12,10.6
2015-02-11,10.515
2015-02-10,10.395
2015-02-09,10.4
2015-02-06,10.665
2015-02-05,10.605
2015-02-04,10.55
2015-02-03,10.6
2015-02-02,10.52
2015-01-30,10.41
2015-01-29,10.19
2015-01-28,10.14
2015-01-27,10.05
2015-01-26,10.45
2015-01-23,10.13
2015-01-22,10.045
2015-01-21,10.085
2015-01-20,10.1
2015-01-19,10.4
2015-01-16,10.4
2015-01-15,10.53
2015-01-14,10.4
2015-01-13,10.2
2015-01-12,10.085
2015-01-09,10.0
2015-01-08,10.05
2015-01-07,9.755
2015-01-06,9.99
2015-01-05,10.07
2015-01-02,10.115
2015-01-01,10.025
2014-12-31,10.025
2014-12-30,10.15
2014-12-29,10.21
2014-12-26,10.21
2014-12-25,10.21
2014-12-24,10.21
2014-12-23,10.145
2014-12-22,9.988
2014-12-19,9.715
2014-12-18,9.883
2014-12-17,9.64
2014-12-16,9.716
2014-12-15,9.619
2014-12-12,9.719
2014-12-11,9.863
2014-12-10,9.774
2014-12-09,9.91
2014-12-08,10.16
2014-12-05,9.924
2014-12-04,9.693
2014-12-03,9.563
2014-12-02,9.563
2014-12-01,9.454
2014-11-28,8.95
2014-11-27,8.935
2014-11-26,9.376
2014-11-25,9.486
2014-11-24,9.473
2014-11-21,9.512
2014-11-20,9.45
2014-11-19,9.374
2014-11-18,9.43
2014-11-17,9.177
2014-11-14,9.203
2014-11-13,9.423
2014-11-12,9.4
2014-11-11,9.612
2014-11-10,9.553
2014-11-07,9.722
2014-11-06,9.809
2014-11-05,9.857
2014-11-04,9.76
2014-11-03,9.826
2014-10-31,9.649
2014-10-30,9.372
2014-10-29,9.463
2014-10-28,9.728
2014-10-27,9.453
2014-10-24,9.668
2014-10-23,9.701
2014-10-22,9.504
2014-10-21,9.434
2014-10-20,9.068
2014-10-17,8.868
2014-10-16,8.468
2014-10-15,8.753
2014-10-14,9.08
2014-10-13,9.088
2014-10-10,9.218
2014-10-09,9.24
2014-10-08,9.545
2014-10-07,9.562
2014-10-06,9.584
2014-10-03,9.779
2014-10-02,9.401
2014-10-01,9.636
2014-09-30,9.699
2014-09-29,9.603
2014-09-26,9.672
2014-09-25,9.401
2014-09-24,9.498
2014-09-23,9.7
2014-09-22,10.28
2014-09-19,10.415
2014-09-18,10.53
2014-09-17,10.58
2014-09-16,10.595
2014-09-15,10.59
2014-09-12,10.65
2014-09-11,10.685
2014-09-10,10.59
2014-09-09,10.35
2014-09-08,10.51
2014-09-05,10.545
2014-09-04,10.66
2014-09-03,10.445
2014-09-02,10.44
2014-09-01,10.375
2014-08-29,10.315
2014-08-28,10.48
2014-08-27,10.545
2014-08-26,10.485
2014-08-25,10.415
2014-08-22,10.495
2014-08-21,10.65
2014-08-20,10.54
2014-08-19,10.68
2014-08-18,10.64
2014-08-15,10.23
2014-08-14,10.22
2014-08-13,10.44
2014-08-12,10.23
2014-08-11,9.956
2014-08-08,9.969
2014-08-07,10.075
2014-08-06,10.575
2014-08-05,10.945
2014-08-04,10.86
2014-08-01,10.81
2014-07-31,10.97
2014-07-30,10.97
2014-07-29,11.275
2014-07-28,11.21
2014-07-25,11.025
2014-07-24,11.135
2014-07-23,11.06
2014-07-22,11.005
2014-07-21,10.705
2014-07-18,10.845
2014-07-17,10.91
2014-07-16,10.78
2014-07-15,10.65
2014-07-14,10.73
2014-07-11,10.4
2014-07-10,10.165
2014-07-09,10.67
2014-07-08,10.705
2014-07-07,10.86
2014-07-04,10.85
2014-07-03,10.78
2014-07-02,10.4
2014-07-01,10.36
2014-06-30,10.32
2014-06-27,10.27
2014-06-26,10.43
2014-06-25,10.44
2014-06-24,10.62
2014-06-23,10.635
2014-06-20,10.595
2014-06-19,10.73
2014-06-18,10.87
2014-06-17,10.955
2014-06-16,10.925
2014-06-13,10.95
2014-06-12,11.105
2014-06-11,11.35
2014-06-10,11.52
2014-06-09,11.475
2014-06-06,10.97
2014-06-05,10.8
2014-06-04,10.8
2014-06-03,10.705
2014-06-02,10.635
2014-05-30,10.41
2014-05-29,10.685
2014-05-28,10.65
2014-05-27,10.56
2014-05-26,10.545
2014-05-23,10.335
2014-05-22,10.235
2014-05-21,10.265
2014-05-20,10.175
2014-05-19,10.3
2014-05-16,10.405
2014-05-15,10.475
2014-05-14,10.99
2014-05-13,10.985
2014-05-12,11.025
2014-05-09,10.76
2014-05-08,10.765
2014-05-07,10.7
2014-05-06,10.68
2014-05-05,10.65
2014-05-02,10.815
2014-05-01,10.815
2014-04-30,10.815
2014-04-29,10.535
2014-04-28,10.55
2014-04-25,10.4
2014-04-24,10.435
2014-04-23,10.44
2014-04-22,10.21
2014-04-21,10.015
2014-04-18,10.015
2014-04-17,10.015
2014-04-16,10.03
2014-04-15,10.0
2014-04-14,10.03
2014-04-11,10.03
2014-04-10,9.814
2014-04-09,10.1
2014-04-08,10.21
2014-04-07,10.4
2014-04-04,10.51
2014-04-03,10.67
2014-04-02,10.635
2014-04-01,10.865
2014-03-31,10.65
2014-03-28,10.615
2014-03-27,10.5
2014-03-26,10.46
2014-03-25,10.515
2014-03-24,10.5
2014-03-21,10.615
2014-03-20,10.48
2014-03-19,10.5
2014-03-18,10.455
2014-03-17,10.25
2014-03-14,9.965
2014-03-13,10.15
2014-03-12,10.36
2014-03-11,10.45
2014-03-10,10.5
2014-03-07,10.55
2014-03-06,10.59
2014-03-05,10.475
2014-03-04,10.36
2014-03-03,10.28
2014-02-28,10.29
2014-02-27,10.3
2014-02-26,10.27
2014-02-25,10.29
2014-02-24,10.345
2014-02-21,10.315
2014-02-20,10.255
2014-02-19,10.25
2014-02-18,10.32
2014-02-17,10.4
2014-02-14,10.445
2014-02-13,10.05
2014-02-12,10.0
2014-02-11,10.045
2014-02-10,10.0
2014-02-07,9.989
2014-02-06,10.1
2014-02-05,10.0
2014-02-04,9.98
2014-02-03,9.88
2014-01-31,9.9
2014-01-30,9.59
2014-01-29,9.503
2014-01-28,9.539
2014-01-27,9.299
2014-01-24,9.338
2014-01-23,9.485
2014-01-22,9.442
2014-01-21,9.46
2014-01-20,9.522
2014-01-17,9.459
2014-01-16,9.412
2014-01-15,9.399
2014-01-14,9.202
2014-01-13,9.443
2014-01-10,9.15
2014-01-09,8.91
2014-01-08,8.942
2014-01-07,9.0
2014-01-06,8.782
2014-01-03,8.781
2014-01-02,8.599
2014-01-01,8.143
2013-12-31,8.143
2013-12-30,8.249
2013-12-27,8.248
2013-12-26,8.31
2013-12-25,8.31
2013-12-24,8.31
2013-12-23,8.299
2013-12-20,8.331
2013-12-19,8.162
2013-12-18,8.133
2013-12-17,8.257
2013-12-16,8.21
2013-12-13,8.305
2013-12-12,8.31
2013-12-11,8.221
2013-12-10,8.28
2013-12-09,8.244
2013-12-06,8.074
2013-12-05,8.123
2013-12-04,8.001
2013-12-03,8.194
2013-12-02,8.2
2013-11-29,8.058
2013-11-28,8.021
2013-11-27,8.0
2013-11-26,7.84
2013-11-25,7.721
2013-11-22,7.787
2013-11-21,7.776
2013-11-20,7.722
2013-11-19,7.84
2013-11-18,7.899
2013-11-15,7.9
2013-11-14,7.936
2013-11-13,7.805
2013-11-12,7.76
2013-11-11,7.76
2013-11-08,7.8
2013-11-07,7.81
2013-11-06,7.5
2013-11-05,7.291
2013-11-04,7.33
2013-11-01,7.278
2013-10-31,7.229
2013-10-30,7.323
2013-10-29,7.246
2013-10-28,7.18
2013-10-25,7.097
2013-10-24,7.248
2013-10-23,7.24
2013-10-22,7.292
2013-10-21,7.306
2013-10-18,7.314
2013-10-17,7.423
2013-10-16,7.24
2013-10-15,7.313
2013-10-14,7.1
2013-10-11,6.982
2013-10-10,7.028
2013-10-09,7.03
2013-10-08,7.0
2013-10-07,7.015
2013-10-04,7.03
2013-10-03,6.986
2013-10-02,6.931
2013-10-01,7.008
2013-09-30,6.94
2013-09-27,6.95
2013-09-26,6.966
2013-09-25,7.03
2013-09-24,6.95
2013-09-23,7.032
2013-09-20,7.05
2013-09-19,6.988
2013-09-18,7.02
2013-09-17,7.01
2013-09-16,7.015
2013-09-13,7.018
2013-09-12,6.99
2013-09-11,6.93
2013-09-10,6.963
2013-09-09,6.916
2013-09-06,6.901
2013-09-05,6.884
2013-09-04,6.855
2013-09-03,6.815
2013-09-02,6.78
2013-08-30,6.68
2013-08-29,6.796
2013-08-28,6.667
2013-08-27,6.83
2013-08-26,6.867
2013-08-23,6.994
2013-08-22,6.95
2013-08-21,6.98
2013-08-20,6.886
2013-08-19,6.9
2013-08-16,6.885
2013-08-15,6.859
2013-08-14,6.7
2013-08-13,6.736
2013-08-12,6.74
2013-08-09,6.74
2013-08-08,6.61
2013-08-07,6.47
2013-08-06,6.53
2013-08-05,6.6
2013-08-02,6.6
2013-08-01,6.638
2013-07-31,6.646
2013-07-30,6.565
2013-07-29,6.61
2013-07-26,6.6
2013-07-25,6.613
2013-07-24,6.663
2013-07-23,6.563
2013-07-22,6.717
2013-07-19,6.485
2013-07-18,6.56
2013-07-17,6.588
2013-07-16,6.626
2013-07-15,6.673
2013-07-12,6.76
2013-07-11,6.75
2013-07-10,6.652
2013-07-09,6.702
2013-07-08,6.734
2013-07-05,6.55
2013-07-04,6.632
2013-07-03,6.43
2013-07-02,6.632
2013-07-01,6.644
2013-06-28,6.532
2013-06-27,6.532
2013-06-26,6.662
2013-06-25,6.468
2013-06-24,6.387
2013-06-21,6.434
2013-06-20,6.6
2013-06-19,6.646
2013-06-18,6.587
2013-06-17,6.51
2013-06-14,6.531
2013-06-13,6.588
2013-06-12,6.45
2013-06-11,6.287
2013-06-10,6.579
2013-06-07,6.598
2013-06-06,6.677
2013-06-05,6.8
2013-06-04,6.947
2013-06-03,6.8
2013-05-31,6.804
2013-05-30,6.926
2013-05-29,6.98
2013-05-28,7.035
2013-05-27,7.016
2013-05-24,7.021
2013-05-23,7.12
2013-05-22,7.149
2013-05-21,7.13
2013-05-20,7.098
2013-05-17,7.045
2013-05-16,6.99
2013-05-15,7.154
2013-05-14,7.009
2013-05-13,7.099
2013-05-10,7.18
2013-05-09,7.175
2013-05-08,7.113
2013-05-07,7.205
2013-05-06,7.206
2013-05-03,7.115
2013-05-02,7.129
2013-05-01,7.18
2013-04-30,7.18
2013-04-29,7.21
2013-04-26,7.17
2013-04-25,7.16
2013-04-24,7.068
2013-04-23,6.934
2013-04-22,6.873
2013-04-19,7.021
2013-04-18,6.883
2013-04-17,6.857
2013-04-16,7.032
2013-04-15,7.079
2013-04-12,6.985
2013-04-11,7.07
2013-04-10,7.108
2013-04-09,7.037
2013-04-08,6.85
2013-04-05,6.916
2013-04-04,6.8
2013-04-03,6.902
2013-04-02,7.003
2013-04-01,7.05
2013-03-29,7.05
2013-03-28,7.05
2013-03-27,7.26
2013-03-26,7.245
2013-03-25,7.164
2013-03-22,7.128
2013-03-21,7.2
2013-03-20,7.1
2013-03-19,7.078
2013-03-18,7.024
2013-03-15,6.913
2013-03-14,6.86
2013-03-13,6.799
2013-03-12,6.777
2013-03-11,6.763
2013-03-08,6.85
2013-03-07,6.71
2013-03-06,6.631
2013-03-05,6.85
2013-03-04,6.58
2013-03-01,6.752
2013-02-28,6.87
2013-02-27,7.15
2013-02-26,7.021
2013-02-25,7.21
2013-02-22,7.11
2013-02-21,7.07
2013-02-20,7.129
2013-02-19,7.185
2013-02-18,7.07
2013-02-15,7.06
2013-02-14,7.114
2013-02-13,7.2
2013-02-12,7.179
2013-02-11,7.158
2013-02-08,7.19
2013-02-07,7.32
2013-02-06,7.205
2013-02-05,7.031
2013-02-04,7.049
2013-02-01,7.2
2013-01-31,7.1
2013-01-30,7.25
2013-01-29,7.117
2013-01-28,7.315
2013-01-25,7.15
2013-01-24,7.15
2013-01-23,7.151
2013-01-22,7.095
2013-01-21,7.068
2013-01-18,6.973
2013-01-17,6.832
2013-01-16,6.75
2013-01-15,6.757
2013-01-14,6.749
2013-01-11,6.628
2013-01-10,6.495
2013-01-09,6.39
2013-01-08,6.31
2013-01-07,6.46
2013-01-04,6.241
2013-01-03,5.94
2013-01-02,5.82
2013-01-01,5.69
2012-12-31,5.69
2012-12-28,5.718
2012-12-27,5.744
2012-12-26,5.67
2012-12-25,5.67
2012-12-24,5.67
2012-12-21,5.803
2012-12-20,5.63
2012-12-19,5.605
2012-12-18,5.38
2012-12-17,5.202
2012-12-14,5.22
2012-12-13,5.26
2012-12-12,5.24
2012-12-11,5.198
2012-12-10,5.102
2012-12-07,5.14
2012-12-06,5.09
2012-12-05,5.113
2012-12-04,5.188
2012-12-03,5.192
2012-11-30,5.149
2012-11-29,5.085
2012-11-28,5.125
2012-11-27,5.028
2012-11-26,5.063
2012-11-23,5.088
2012-11-22,5.127
2012-11-21,5.096
2012-11-20,5.179
2012-11-19,5.135
2012-11-16,5.173
2012-11-15,5.196
2012-11-14,5.249
2012-11-13,5.253
2012-11-12,5.308
2012-11-09,5.316
2012-11-08,5.402
2012-11-07,5.416
2012-11-06,5.476
2012-11-05,5.341
2012-11-02,5.357
2012-11-01,5.451
2012-10-31,5.462
2012-10-30,5.4
2012-10-29,5.359
2012-10-26,5.331
2012-10-25,5.22
2012-10-24,5.149
2012-10-23,5.099
2012-10-22,5.05
2012-10-19,5.02
2012-10-18,5.03
2012-10-17,4.931
2012-10-16,4.98
2012-10-15,4.958
2012-10-12,5.02
2012-10-11,4.954
2012-10-10,4.985
2012-10-09,4.98
2012-10-08,4.927
2012-10-05,4.951
2012-10-04,4.96
2012-10-03,4.94
2012-10-02,4.953
2012-10-01,4.952
2012-09-28,4.989
2012-09-27,4.954
2012-09-26,4.911
2012-09-25,5.066
2012-09-24,5.196
2012-09-21,5.326
2012-09-20,5.233
2012-09-19,5.325
2012-09-18,5.345
2012-09-17,5.43
2012-09-14,5.466
2012-09-13,5.37
2012-09-12,5.45
2012-09-11,5.445
2012-09-10,5.479
2012-09-07,5.413
2012-09-06,5.418
2012-09-05,5.427
2012-09-04,5.36
2012-09-03,5.434
2012-08-31,5.5
2012-08-30,5.37
2012-08-29,5.406
2012-08-28,5.371
2012-08-27,5.426
2012-08-24,5.35
2012-08-23,5.413
2012-08-22,5.47
2012-08-21,5.315
2012-08-20,5.527
2012-08-17,5.17
2012-08-16,5.15
2012-08-15,5.12
2012-08-14,5.1
2012-08-13,5.092
2012-08-10,5.3
2012-08-09,5.18
2012-08-08,5.247
2012-08-07,5.222
2012-08-06,5.06
2012-08-03,5.04
2012-08-02,4.993
2012-08-01,5.091
2012-07-31,5.0
2012-07-30,5.099
2012-07-27,5.015
2012-07-26,5.039
2012-07-25,4.997
2012-07-24,4.93
2012-07-23,4.944
2012-07-20,5.056
2012-07-19,5.06
2012-07-18,4.891
2012-07-17,4.79
2012-07-16,4.95
2012-07-13,4.995
2012-07-12,4.91
2012-07-11,5.02
2012-07-10,5.027
2012-07-09,5.026
2012-07-06,4.961
2012-07-05,5.099
2012-07-04,5.06
2012-07-03,5.043
2012-07-02,4.99
2012-06-29,4.93
2012-06-28,4.815
2012-06-27,4.81
2012-06-26,4.887
2012-06-25,4.98
2012-06-22,4.998
2012-06-21,4.977
2012-06-20,4.95
2012-06-19,4.874
2012-06-18,4.88
2012-06-15,4.764
2012-06-14,4.745
2012-06-13,4.85
2012-06-12,5.006
2012-06-11,5.1
2012-06-08,5.131
2012-06-07,5.04
2012-06-06,4.938
2012-06-05,5.14
2012-06-04,5.082
2012-06-01,5.043
2012-05-31,5.03
2012-05-30,5.11
2012-05-29,5.216
2012-05-28,5.25
2012-05-25,5.272
2012-05-24,5.05
2012-05-23,5.03
2012-05-22,5.114
2012-05-21,4.968
2012-05-18,5.012
2012-05-17,5.156
2012-05-16,5.262
2012-05-15,5.393
2012-05-14,5.386
2012-05-11,5.505
2012-05-10,5.408
2012-05-09,5.4
2012-05-08,5.33
2012-05-07,5.36
2012-05-04,5.356
2012-05-03,5.44
2012-05-02,5.459
2012-05-01,5.429
2012-04-30,5.429
2012-04-27,5.415
2012-04-26,5.36
2012-04-25,5.336
2012-04-24,5.28
2012-04-23,5.205
2012-04-20,5.251
2012-04-19,5.3
2012-04-18,5.43
2012-04-17,5.432
2012-04-16,5.429
2012-04-13,5.58
2012-04-12,5.55
2012-04-11,5.54
2012-04-10,5.603
2012-04-09,5.649
2012-04-06,5.649
2012-04-05,5.649
2012-04-04,5.539
2012-04-03,5.501
2012-04-02,5.545
2012-03-30,5.527
2012-03-29,5.526
2012-03-28,5.52
2012-03-27,5.585
2012-03-26,5.755
2012-03-23,5.686
2012-03-22,5.65
2012-03-21,5.672
2012-03-20,5.61
2012-03-19,5.611
2012-03-16,5.731
2012-03-15,5.598
2012-03-14,5.488
2012-03-13,5.545
2012-03-12,5.308
2012-03-09,5.35
2012-03-08,5.302
2012-03-07,5.412
2012-03-06,5.5
2012-03-05,5.522
2012-03-02,5.62
2012-03-01,5.6
2012-02-29,5.629
2012-02-28,5.646
2012-02-27,5.706
2012-02-24,5.901
2012-02-23,5.801
2012-02-22,5.808
2012-02-21,5.774
2012-02-20,5.83
2012-02-17,5.73
2012-02-16,5.696
2012-02-15,5.814
2012-02-14,5.885
2012-02-13,5.964
2012-02-10,5.875
2012-02-09,5.815
2012-02-08,5.6
2012-02-07,5.302
2012-02-06,5.314
2012-02-03,5.36
2012-02-02,5.29
2012-02-01,5.261
2012-01-31,5.269
2012-01-30,5.23
2012-01-27,5.305
2012-01-26,5.391
2012-01-25,5.341
2012-01-24,5.346
2012-01-23,5.424
2012-01-20,5.281
2012-01-19,5.301
2012-01-18,5.335
2012-01-17,5.303
2012-01-16,5.325
2012-01-13,5.186
2012-01-12,5.256
2012-01-11,5.243
2012-01-10,5.27
2012-01-09,5.3
2012-01-06,5.493
2012-01-05,5.35
2012-01-04,5.45
2012-01-03,5.456
2012-01-02,5.47
2011-12-30,5.37
2011-12-29,5.376
2011-12-28,5.421
2011-12-27,5.477
2011-12-26,5.46
2011-12-23,5.46
2011-12-22,5.368
2011-12-21,5.35
2011-12-20,5.35
2011-12-19,5.23
2011-12-16,5.278
2011-12-15,5.25
2011-12-14,5.21
2011-12-13,5.243
2011-12-12,5.378
2011-12-09,5.566
2011-12-08,5.434
2011-12-07,5.532
2011-12-06,5.498
2011-12-05,5.604
2011-12-02,5.45
2011-12-01,5.235
2011-11-30,5.38
2011-11-29,5.324
2011-11-28,5.49
2011-11-25,5.22
2011-11-24,5.1
2011-11-23,5.15
2011-11-22,5.21
2011-11-21,5.17
2011-11-18,5.44
2011-11-17,5.486
2011-11-16,5.46
2011-11-15,5.571
2011-11-14,5.6
2011-11-11,5.592
2011-11-10,5.505
2011-11-09,5.53
2011-11-08,5.49
2011-11-07,5.463
2011-11-04,5.45
2011-11-03,5.42
2011-11-02,5.34
2011-11-01,5.407
2011-10-31,5.49
2011-10-28,5.577
2011-10-27,5.714
2011-10-26,5.518
2011-10-25,5.54
2011-10-24,5.562
2011-10-21,5.531
2011-10-20,5.468
2011-10-19,5.411
2011-10-18,5.49
2011-10-17,5.59
2011-10-14,5.503
2011-10-13,5.59
2011-10-12,5.689
2011-10-11,5.517
2011-10-10,5.602
2011-10-07,5.65
2011-10-06,5.273
2011-10-05,5.175
2011-10-04,5.142
2011-10-03,5.225
2011-09-30,5.24
2011-09-29,5.13
2011-09-28,5.14
2011-09-27,5.14
2011-09-26,5.0
2011-09-23,5.122
2011-09-22,5.2
2011-09-21,5.537
2011-09-20,5.612
2011-09-19,5.56
2011-09-16,5.695
2011-09-15,5.57
2011-09-14,5.38
2011-09-13,5.286
2011-09-12,5.37
2011-09-09,5.551
2011-09-08,5.761
2011-09-07,5.825
2011-09-06,5.752
2011-09-05,5.712
2011-09-02,5.832
2011-09-01,6.051
2011-08-31,6.187
2011-08-30,5.957
2011-08-29,6.033
2011-08-26,5.825
2011-08-25,5.971
2011-08-24,5.853
2011-08-23,5.817
2011-08-22,5.876
2011-08-19,5.83
2011-08-18,5.9
2011-08-17,6.082
2011-08-16,5.83
2011-08-15,5.879
2011-08-12,5.49
2011-08-11,5.37
2011-08-10,5.562
2011-08-09,5.625
2011-08-08,5.695
2011-08-05,6.09
2011-08-04,6.292
2011-08-03,6.669
2011-08-02,6.71
2011-08-01,6.819
2011-07-29,6.901
2011-07-28,7.0
2011-07-27,7.047
2011-07-26,7.3
2011-07-25,7.378
2011-07-22,7.415
2011-07-21,7.2
2011-07-20,7.11
2011-07-19,7.05
2011-07-18,6.82
2011-07-15,6.98
2011-07-14,7.03
2011-07-13,7.041
2011-07-12,7.12
2011-07-11,7.07
2011-07-08,7.3
2011-07-07,7.4
2011-07-06,7.279
2011-07-05,7.497
2011-07-04,7.577
2011-07-01,7.458
2011-06-30,7.47
2011-06-29,7.467
2011-06-28,7.29
2011-06-27,7.269
2011-06-24,7.278
2011-06-23,7.186
2011-06-22,7.201
2011-06-21,7.251
2011-06-20,7.111
2011-06-17,7.299
2011-06-16,7.293
2011-06-15,7.328
2011-06-14,7.4
2011-06-13,7.319
2011-06-10,7.436
2011-06-09,7.576
2011-06-08,7.541
2011-06-07,7.63
2011-06-06,7.721
2011-06-03,7.944
2011-06-02,7.842
2011-06-01,7.65
2011-05-31,7.799
2011-05-30,7.849
2011-05-27,7.83
2011-05-26,7.747
2011-05-25,7.897
2011-05-24,7.913
2011-05-23,7.96
2011-05-20,8.09
2011-05-19,8.119
2011-05-18,8.001
2011-05-17,8.099
2011-05-16,8.17
2011-05-13,8.211
2011-05-12,8.226
2011-05-11,8.15
2011-05-10,8.201
2011-05-09,8.205
2011-05-06,8.284
2011-05-05,8.168
2011-05-04,8.018
2011-05-03,8.499
2011-05-02,8.475
2011-04-29,8.5
2011-04-28,8.5
2011-04-27,8.34
2011-04-26,8.361
2011-04-25,8.526
2011-04-22,8.526
2011-04-21,8.526
2011-04-20,8.54
2011-04-19,8.281
2011-04-18,8.001
2011-04-15,8.3
2011-04-14,8.311
2011-04-13,8.301
2011-04-12,8.38
2011-04-11,8.533
2011-04-08,8.553
2011-04-07,8.581
2011-04-06,8.563
2011-04-05,8.48
2011-04-04,8.589
2011-04-01,8.533
2011-03-31,8.44
2011-03-30,8.447
2011-03-29,8.51
2011-03-28,8.497
2011-03-25,8.5
2011-03-24,8.603
2011-03-23,8.629
2011-03-22,8.659
2011-03-21,8.792
2011-03-18,8.72
2011-03-17,8.617
2011-03-16,8.628
2011-03-15,8.68
2011-03-14,8.812
2011-03-11,8.859
2011-03-10,8.969
2011-03-09,8.999
2011-03-08,8.991
2011-03-07,8.985
2011-03-04,8.88
2011-03-03,8.81
2011-03-02,8.889
2011-03-01,8.828
2011-02-28,8.77
2011-02-25,8.72
2011-02-24,8.715
2011-02-23,8.659
2011-02-22,8.612
2011-02-21,8.831
2011-02-18,9.17
2011-02-17,9.201
2011-02-16,9.349
2011-02-15,9.201
2011-02-14,9.161
2011-02-11,9.201
2011-02-10,9.2
2011-02-09,9.349
2011-02-08,9.195
2011-02-07,9.039
2011-02-04,8.961
2011-02-03,8.952
2011-02-02,9.028
2011-02-01,8.98
2011-01-31,8.919
2011-01-28,8.907
2011-01-27,8.923
2011-01-26,8.793
2011-01-25,8.765
2011-01-24,8.84
2011-01-21,8.619
2011-01-20,8.72
2011-01-19,8.76
2011-01-18,8.8
2011-01-17,8.62
2011-01-14,8.556
2011-01-13,8.626
2011-01-12,8.6
2011-01-11,8.499
2011-01-10,8.263
2011-01-07,8.453
2011-01-06,8.443
2011-01-05,8.497
2011-01-04,8.431
2011-01-03,8.31
2010-12-31,8.28
2010-12-30,8.43
2010-12-29,8.499
2010-12-28,8.5
2010-12-27,8.518
2010-12-24,8.497
2010-12-23,8.5
2010-12-22,8.554
2010-12-21,8.527
2010-12-20,8.523
2010-12-17,8.485
2010-12-16,8.569
2010-12-15,8.489
2010-12-14,8.462
2010-12-13,8.448
2010-12-10,8.339
2010-12-09,8.3
2010-12-08,8.361
2010-12-07,8.32
2010-12-06,8.408
2010-12-03,8.262
2010-12-02,8.243
2010-12-01,8.154
2010-11-30,7.92
2010-11-29,8.061
2010-11-26,8.172
2010-11-25,8.2
2010-11-24,8.16
2010-11-23,8.234
2010-11-22,8.268
2010-11-19,8.399
2010-11-18,8.44
2010-11-17,8.27
2010-11-16,8.192
2010-11-15,8.244
2010-11-12,8.199
2010-11-11,8.15
2010-11-10,8.244
2010-11-09,8.409
2010-11-08,8.377
2010-11-05,8.307
2010-11-04,8.422
2010-11-03,8.324
2010-11-02,8.4
2010-11-01,8.532
2010-10-29,8.49
2010-10-28,8.54
2010-10-27,8.24
2010-10-26,8.33
2010-10-25,8.04
2010-10-22,7.98
2010-10-21,8.016
2010-10-20,7.978
2010-10-19,8.015
2010-10-18,8.141
2010-10-15,8.15
2010-10-14,8.118
2010-10-13,8.035
2010-10-12,7.968
2010-10-11,8.025
2010-10-08,7.977
2010-10-07,7.962
2010-10-06,7.95
2010-10-05,7.921
2010-10-04,7.825
2010-10-01,7.817
2010-09-30,7.78
2010-09-29,7.752
2010-09-28,7.721
2010-09-27,7.79
2010-09-24,7.852
2010-09-23,7.789
2010-09-22,7.759
2010-09-21,7.949
2010-09-20,7.832
2010-09-17,7.819
2010-09-16,7.907
2010-09-15,7.907
2010-09-14,7.97
2010-09-13,8.0
2010-09-10,7.952
2010-09-09,8.06
2010-09-08,7.97
2010-09-07,7.89
2010-09-06,7.992
2010-09-03,7.876
2010-09-02,7.931
2010-09-01,7.94
2010-08-31,8.01
2010-08-30,7.975
2010-08-27,8.0
2010-08-26,7.825
2010-08-25,7.5
2010-08-24,7.605
2010-08-23,7.709
2010-08-20,7.733
2010-08-19,7.701
2010-08-18,7.847
2010-08-17,7.827
2010-08-16,7.8
2010-08-13,7.754
2010-08-12,7.734
2010-08-11,7.64
2010-08-10,7.8
2010-08-09,7.841
2010-08-06,7.642
2010-08-05,7.74
2010-08-04,7.689
2010-08-03,7.649
2010-08-02,7.643
2010-07-30,7.59
2010-07-29,7.542
2010-07-28,7.604
2010-07-27,7.589
2010-07-26,7.6
2010-07-23,7.561
2010-07-22,7.65
2010-07-21,7.52
2010-07-20,7.455
2010-07-19,7.411
2010-07-16,7.414
2010-07-15,7.509
2010-07-14,7.567
2010-07-13,7.6
2010-07-12,7.595
2010-07-09,7.495
2010-07-08,7.685
2010-07-07,7.493
2010-07-06,7.522
2010-07-05,7.256
2010-07-02,7.176
2010-07-01,7.221
2010-06-30,7.351
2010-06-29,7.355
2010-06-28,7.676
2010-06-25,7.491
2010-06-24,7.58
2010-06-23,7.815
2010-06-22,7.984
2010-06-21,7.95
2010-06-18,7.754
2010-06-17,7.46
2010-06-16,7.5
2010-06-15,7.585
2010-06-14,7.578
2010-06-11,7.56
2010-06-10,7.39
2010-06-09,7.24
2010-06-08,7.2
2010-06-07,7.256
2010-06-04,7.284
2010-06-03,7.538
2010-06-02,7.41
2010-06-01,7.52
2010-05-31,7.344
2010-05-28,7.41
2010-05-27,7.392
2010-05-26,7.279
2010-05-25,7.013
2010-05-24,7.319
2010-05-21,7.303
2010-05-20,7.22
2010-05-19,7.224
2010-05-18,7.375
2010-05-17,7.302
2010-05-14,7.651
2010-05-13,7.63
2010-05-12,7.623
2010-05-11,7.49
2010-05-10,7.399
2010-05-07,6.973
2010-05-06,7.231
2010-05-05,7.214
2010-05-04,7.4
2010-05-03,7.644
2010-04-30,7.6
2010-04-29,7.594
2010-04-28,7.174
2010-04-27,7.6
2010-04-26,7.903
2010-04-23,8.005
2010-04-22,7.86
2010-04-21,8.005
2010-04-20,8.254
2010-04-19,8.099
2010-04-16,7.911
2010-04-15,8.14
2010-04-14,8.2
2010-04-13,8.049
2010-04-12,8.035
2010-04-09,8.008
2010-04-08,7.899
2010-04-07,7.999
2010-04-06,8.0
2010-04-05,7.95
2010-04-02,7.95
2010-04-01,7.95
2010-03-31,7.85
2010-03-30,7.9
2010-03-29,7.986
2010-03-26,7.938
2010-03-25,7.898
2010-03-24,7.899
2010-03-23,7.87
2010-03-22,7.714
2010-03-19,7.633
2010-03-18,7.779
2010-03-17,7.801
2010-03-16,7.734
2010-03-15,7.681
2010-03-12,7.66
2010-03-11,7.69
2010-03-10,7.52
2010-03-09,7.299
2010-03-08,7.382
2010-03-05,7.44
2010-03-04,7.355
2010-03-03,7.481
2010-03-02,7.383
2010-03-01,7.327
2010-02-26,7.069
2010-02-25,6.961
2010-02-24,7.201
2010-02-23,7.151
2010-02-22,7.377
2010-02-19,7.413
2010-02-18,7.375
2010-02-17,7.291
2010-02-16,7.21
2010-02-15,7.36
2010-02-12,7.455
2010-02-11,7.6
2010-02-10,7.665
2010-02-09,7.587
2010-02-08,7.64
2010-02-05,7.65
2010-02-04,7.44
2010-02-03,7.859
2010-02-02,7.85
2010-02-01,7.833
2010-01-29,7.61
2010-01-28,7.693
2010-01-27,7.71
2010-01-26,7.781
2010-01-25,7.797
2010-01-22,7.685
2010-01-21,7.83
2010-01-20,8.061
2010-01-19,8.041
2010-01-18,7.996
2010-01-15,7.947
2010-01-14,8.018
2010-01-13,7.955
2010-01-12,7.962
2010-01-11,8.076
2010-01-08,8.02
2010-01-07,7.94
2010-01-06,7.78
2010-01-05,7.858
2010-01-04,7.75
2009-12-31,7.76
2009-12-30,7.83
2009-12-29,7.76
2009-12-28,7.65
2009-12-24,7.688
2009-12-23,7.65
2009-12-22,7.699
2009-12-21,7.665
2009-12-18,7.719
2009-12-17,7.586
2009-12-16,7.68
2009-12-15,7.51
2009-12-14,7.53
2009-12-11,7.556
2009-12-10,7.507
2009-12-09,7.45
2009-12-08,7.554
2009-12-07,7.645
2009-12-04,7.646
2009-12-03,7.51
2009-12-02,7.408
2009-12-01,7.6
2009-11-30,7.36
2009-11-27,7.429
2009-11-26,7.255
2009-11-25,7.431
2009-11-24,7.531
2009-11-23,7.613
2009-11-20,7.479
2009-11-19,7.55
2009-11-18,7.76
2009-11-17,7.735
2009-11-16,7.795
2009-11-13,7.743
2009-11-12,7.77
2009-11-11,7.746
2009-11-10,7.74
2009-11-09,7.68
2009-11-06,7.525
2009-11-05,7.529
2009-11-04,7.44
2009-11-03,7.42
2009-11-02,7.522
2009-10-30,7.521
2009-10-29,7.64
2009-10-28,7.4
2009-10-27,7.79
2009-10-26,7.97
2009-10-23,8.088
2009-10-22,8.025
2009-10-21,8.194
2009-10-20,8.339
2009-10-19,8.4
2009-10-16,8.28
2009-10-15,8.39
2009-10-14,8.48
2009-10-13,8.398
2009-10-12,8.495
2009-10-09,8.395
2009-10-08,8.432
2009-10-07,8.17
2009-10-06,8.056
2009-10-05,7.919
2009-10-02,7.68
2009-10-01,7.739
2009-09-30,7.73
2009-09-29,7.77
2009-09-28,7.776
2009-09-25,7.737
2009-09-24,7.75
2009-09-23,7.91
2009-09-22,7.845
2009-09-21,7.708
2009-09-18,7.731
2009-09-17,7.48
2009-09-16,7.121
2009-09-15,7.042
2009-09-14,7.02
2009-09-11,7.07
2009-09-10,6.93
2009-09-09,6.97
2009-09-08,6.949
2009-09-07,6.91
2009-09-04,6.841
2009-09-03,6.721
2009-09-02,6.6
2009-09-01,6.77
2009-08-31,6.95
2009-08-28,7.0
2009-08-27,6.99
2009-08-26,7.03
2009-08-25,6.97
2009-08-24,7.09
2009-08-21,6.92
2009-08-20,6.71
2009-08-19,6.65
2009-08-18,6.645
2009-08-17,6.47
2009-08-14,6.59
2009-08-13,6.49
2009-08-12,6.44
2009-08-11,6.465
2009-08-10,6.488
2009-08-07,6.441
2009-08-06,6.49
2009-08-05,6.423
2009-08-04,6.42
2009-08-03,6.415
2009-07-31,6.43
2009-07-30,6.42
2009-07-29,6.4
2009-07-28,6.35
2009-07-27,6.361
2009-07-24,6.37
2009-07-23,6.465
2009-07-22,6.485
2009-07-21,6.348
2009-07-20,6.109
2009-07-17,6.0
2009-07-16,5.97
2009-07-15,5.93
2009-07-14,5.844
2009-07-13,5.81
2009-07-10,5.773
2009-07-09,5.828
2009-07-08,5.84
2009-07-07,5.9
2009-07-06,5.87
2009-07-03,5.856
2009-07-02,5.9
2009-07-01,5.968
2009-06-30,5.79
2009-06-29,5.75
2009-06-26,5.747
2009-06-25,5.743
2009-06-24,5.8
2009-06-23,5.74
2009-06-22,5.74
2009-06-19,5.79
2009-06-18,5.8
2009-06-17,5.8
2009-06-16,5.84
2009-06-15,6.0
2009-06-12,6.073
2009-06-11,6.139
2009-06-10,6.2
2009-06-09,6.19
2009-06-08,6.235
2009-06-05,6.33
2009-06-04,6.31
2009-06-03,6.35
2009-06-02,6.321
2009-06-01,6.26
2009-05-29,6.26
2009-05-28,6.219
2009-05-27,6.35
2009-05-26,6.34
2009-05-25,6.32
2009-05-22,6.339
2009-05-21,6.351
2009-05-20,6.439
2009-05-19,6.41
2009-05-18,6.33
2009-05-15,6.35
2009-05-14,6.27
2009-05-13,6.25
2009-05-12,6.25
2009-05-11,6.3
2009-05-08,6.35
2009-05-07,6.36
2009-05-06,6.4
2009-05-05,6.38
2009-05-04,6.4
2009-05-01,6.35
2009-04-30,6.35
2009-04-29,6.329
2009-04-28,6.15
2009-04-27,6.31
2009-04-24,6.38
2009-04-23,6.32
2009-04-22,6.209
2009-04-21,6.171
2009-04-20,6.11
2009-04-17,6.41
2009-04-16,6.339
2009-04-15,6.3
2009-04-14,6.388
2009-04-13,6.432
2009-04-10,6.432
2009-04-09,6.432
2009-04-08,6.38
2009-04-07,6.49
2009-04-06,6.471
2009-04-03,6.45
2009-04-02,6.36
2009-04-01,6.25
2009-03-31,6.35
2009-03-30,6.2
2009-03-27,6.305
2009-03-26,6.241
2009-03-25,6.171
2009-03-24,6.2
2009-03-23,6.24
2009-03-20,6.19
2009-03-19,6.16
2009-03-18,6.05
2009-03-17,6.0
2009-03-16,6.05
2009-03-13,5.94
2009-03-12,5.9
2009-03-11,5.9
2009-03-10,5.905
2009-03-09,5.85
2009-03-06,5.83
2009-03-05,5.9
2009-03-04,5.884
2009-03-03,5.86
2009-03-02,5.91
2009-02-27,6.0
2009-02-26,5.99
2009-02-25,6.0
2009-02-24,5.956
2009-02-23,6.099
2009-02-20,5.801
2009-02-19,5.77
2009-02-18,5.75
2009-02-17,5.771
2009-02-16,5.86
2009-02-13,5.94
2009-02-12,6.06
2009-02-11,6.08
2009-02-10,6.2
2009-02-09,6.05
2009-02-06,6.1
2009-02-05,6.15
2009-02-04,6.2
2009-02-03,6.15
2009-02-02,6.19
2009-01-30,6.36
2009-01-29,6.3
2009-01-28,6.29
2009-01-27,6.32
2009-01-26,6.35
2009-01-23,6.38
2009-01-22,6.41
2009-01-21,6.42
2009-01-20,6.42
2009-01-19,6.41
2009-01-16,6.55
2009-01-15,6.52
2009-01-14,6.55
2009-01-13,6.644
2009-01-12,6.6
2009-01-09,6.57
2009-01-08,6.55
2009-01-07,6.453
2009-01-06,6.494
2009-01-05,6.411
2009-01-02,6.492
2009-01-01,6.401
2008-12-31,6.401
2008-12-30,6.4
2008-12-29,6.381
2008-12-26,6.341
2008-12-25,6.341
2008-12-24,6.341
2008-12-23,6.42
2008-12-22,6.31
2008-12-19,6.35
2008-12-18,6.345
2008-12-17,6.305
2008-12-16,6.35
2008-12-15,6.38
2008-12-12,6.284
2008-12-11,6.5
2008-12-10,6.576
2008-12-09,6.679
2008-12-08,6.693
2008-12-05,6.46
2008-12-04,6.6
2008-12-03,6.65
2008-12-02,6.671
2008-12-01,6.652
2008-11-28,6.57
2008-11-27,6.662
2008-11-26,6.661
2008-11-25,6.6
2008-11-24,6.506
2008-11-21,6.45
2008-11-20,6.382
2008-11-19,6.501
2008-11-18,6.82
2008-11-17,6.68
2008-11-14,6.57
2008-11-13,6.584
2008-11-12,6.688
2008-11-11,6.67
2008-11-10,6.75
2008-11-07,6.693
2008-11-06,6.625
2008-11-05,6.597
2008-11-04,6.87
2008-11-03,7.02
2008-10-31,6.87
2008-10-30,6.606
2008-10-29,6.58
2008-10-28,6.336
2008-10-27,6.5
2008-10-24,6.619
2008-10-23,6.869
2008-10-22,6.553
2008-10-21,6.649
2008-10-20,6.62
2008-10-17,6.56
2008-10-16,6.786
2008-10-15,6.86
2008-10-14,7.012
2008-10-13,6.6
2008-10-10,6.05
2008-10-09,6.27
2008-10-08,6.47
2008-10-07,6.56
2008-10-06,6.46
2008-10-03,6.771
2008-10-02,6.763
2008-10-01,6.66
2008-09-30,6.9
2008-09-29,6.61
2008-09-26,6.79
2008-09-25,6.95
2008-09-24,6.88
2008-09-23,6.911
2008-09-22,7.149
2008-09-19,7.015
2008-09-18,6.832
2008-09-17,7.17
2008-09-16,7.44
2008-09-15,7.474
2008-09-12,7.471
2008-09-11,7.213
2008-09-10,7.28
2008-09-09,7.358
2008-09-08,7.57
2008-09-05,7.477
2008-09-04,7.58
2008-09-03,7.595
2008-09-02,7.537
2008-09-01,7.539
2008-08-29,7.68
2008-08-28,7.58
2008-08-27,7.59
2008-08-26,7.62
2008-08-25,7.73
2008-08-22,7.75
2008-08-21,7.61
2008-08-20,7.57
2008-08-19,7.58
2008-08-18,7.82
2008-08-15,7.83
2008-08-14,7.72
2008-08-13,7.64
2008-08-12,7.88
2008-08-11,7.89
2008-08-08,7.83
2008-08-07,7.76
2008-08-06,7.78
2008-08-05,7.52
2008-08-04,7.34
2008-08-01,7.5
2008-07-31,7.48
2008-07-30,7.39
2008-07-29,7.28
2008-07-28,7.31
2008-07-25,7.49
2008-07-24,7.75
2008-07-23,7.95
2008-07-22,7.91
2008-07-21,7.83
2008-07-18,7.61
2008-07-17,7.47
2008-07-16,7.25
2008-07-15,7.36
2008-07-14,7.51
2008-07-11,7.51
2008-07-10,7.63
2008-07-09,7.71
2008-07-08,7.68
2008-07-07,7.6
2008-07-04,7.66
2008-07-03,7.64
2008-07-02,7.68
2008-07-01,7.64
2008-06-30,7.92
2008-06-27,8.05
2008-06-26,8.08
2008-06-25,8.23
2008-06-24,8.03
2008-06-23,7.96
2008-06-20,8.01
2008-06-19,8.04
2008-06-18,8.18
2008-06-17,8.35
2008-06-16,8.49
2008-06-13,8.58
2008-06-12,8.64
2008-06-11,8.65
2008-06-10,8.89
2008-06-09,8.85
2008-06-06,8.87
2008-06-05,8.88
2008-06-04,8.82
2008-06-03,8.78
2008-06-02,8.69
2008-05-30,8.8
2008-05-29,8.89
2008-05-28,8.85
2008-05-27,8.82
2008-05-26,9.2
2008-05-23,9.32
2008-05-22,9.4
2008-05-21,9.36
2008-05-20,9.27
2008-05-19,9.59
2008-05-16,9.53
2008-05-15,9.41
2008-05-14,9.5
2008-05-13,9.43
2008-05-12,9.38
2008-05-09,9.19
2008-05-08,9.17
2008-05-07,9.08
2008-05-06,9.04
2008-05-05,9.05
2008-05-02,9.0
2008-05-01,9.0
2008-04-30,9.0
2008-04-29,9.07
2008-04-28,9.1
2008-04-25,8.88
2008-04-24,8.86
2008-04-23,8.93
2008-04-22,8.85
2008-04-21,8.81
2008-04-18,8.86
2008-04-17,8.81
2008-04-16,8.85
2008-04-15,8.75
2008-04-14,8.82
2008-04-11,8.88
2008-04-10,8.68
2008-04-09,8.55
2008-04-08,8.53
2008-04-07,8.66
2008-04-04,8.62
2008-04-03,8.85
2008-04-02,8.56
2008-04-01,8.4
2008-03-31,8.1
2008-03-28,8.24
2008-03-27,8.22
2008-03-26,8.14
2008-03-25,8.12
2008-03-24,7.8
2008-03-21,7.8
2008-03-20,7.8
2008-03-19,7.7
2008-03-18,7.67
2008-03-17,7.47
2008-03-14,7.61
2008-03-13,7.76
2008-03-12,7.93
2008-03-11,7.87
2008-03-10,7.84
2008-03-07,7.91
2008-03-06,8.03
2008-03-05,8.06
2008-03-04,7.96
2008-03-03,8.15
2008-02-29,8.07
2008-02-28,8.12
2008-02-27,8.18
2008-02-26,8.33
2008-02-25,8.48
2008-02-22,8.51
2008-02-21,8.34
2008-02-20,8.31
2008-02-19,8.35
2008-02-18,8.31
2008-02-15,8.22
2008-02-14,8.26
2008-02-13,8.16
2008-02-12,8.12
2008-02-11,7.98
2008-02-08,8.14
2008-02-07,7.89
2008-02-06,8.29
2008-02-05,8.11
2008-02-04,8.44
2008-02-01,8.1
2008-01-31,7.84
2008-01-30,7.78
2008-01-29,7.85
2008-01-28,7.78
2008-01-25,7.92
2008-01-24,7.84
2008-01-23,7.82
2008-01-22,7.88
2008-01-21,7.8
2008-01-18,8.1
2008-01-17,7.95
2008-01-16,8.05
2008-01-15,8.2
2008-01-14,8.14
2008-01-11,7.98
2008-01-10,8.15
2008-01-09,8.25
2008-01-08,8.5
2008-01-07,8.24
2008-01-04,8.57
2008-01-03,8.53
2008-01-02,8.6
2008-01-01,8.77
2007-12-31,8.77
2007-12-28,8.8
2007-12-27,8.9
2007-12-26,9.01
2007-12-25,9.01
2007-12-24,9.01
2007-12-21,9.1
2007-12-20,9.21
2007-12-19,9.46
2007-12-18,9.58
2007-12-17,9.55
2007-12-14,9.67
2007-12-13,9.57
2007-12-12,9.76
2007-12-11,9.83
2007-12-10,9.94
2007-12-07,9.98
2007-12-06,10.0
2007-12-05,10.08
2007-12-04,10.0
2007-12-03,10.02
2007-11-30,10.07
2007-11-29,9.84
2007-11-28,9.78
2007-11-27,9.73
2007-11-26,9.73
2007-11-23,9.83
2007-11-22,9.71
2007-11-21,9.75
2007-11-20,9.93
2007-11-19,10.27
2007-11-16,10.44
2007-11-15,10.65
2007-11-14,10.71
2007-11-13,10.71
2007-11-12,10.7
2007-11-09,10.81
2007-11-08,10.98
2007-11-07,11.15
2007-11-06,10.99
2007-11-05,10.9
2007-11-02,11.0
2007-11-01,11.15
2007-10-31,11.2
2007-10-30,11.29
2007-10-29,11.3
2007-10-26,11.17
2007-10-25,11.45
2007-10-24,11.41
2007-10-23,11.54
2007-10-22,11.46
2007-10-19,11.55
2007-10-18,11.71
2007-10-17,11.7
2007-10-16,11.52
2007-10-15,11.73
2007-10-12,11.75
2007-10-11,11.8
2007-10-10,11.82
2007-10-09,11.84
2007-10-08,11.89
2007-10-05,11.7
2007-10-04,11.62
2007-10-03,11.7
2007-10-02,11.75
2007-10-01,11.45
2007-09-28,11.43
2007-09-27,11.6
2007-09-26,11.44
2007-09-25,11.26
2007-09-24,11.8
2007-09-21,11.8
2007-09-20,11.82
2007-09-19,12.0
2007-09-18,11.56
2007-09-17,11.74
2007-09-14,11.75
2007-09-13,11.7
2007-09-12,11.84
2007-09-11,12.09
2007-09-10,12.1
2007-09-07,12.34
2007-09-06,12.73
2007-09-05,12.6
2007-09-04,12.91
2007-09-03,12.8
2007-08-31,12.31
2007-08-30,12.13
2007-08-29,11.96
2007-08-28,11.93
2007-08-27,12.31
2007-08-24,12.21
2007-08-23,12.1
2007-08-22,11.85
2007-08-21,11.43
2007-08-20,11.45
2007-08-17,11.37
2007-08-16,11.41
2007-08-15,11.79
2007-08-14,11.65
2007-08-13,11.5
2007-08-10,11.46
2007-08-09,12.17
2007-08-08,12.5
2007-08-07,12.57
2007-08-06,12.42
2007-08-03,12.8
2007-08-02,12.76
2007-08-01,12.52
2007-07-31,12.93
2007-07-30,12.91
2007-07-27,12.76
2007-07-26,13.02
2007-07-25,13.15
2007-07-24,13.3
2007-07-23,13.59
2007-07-20,13.55
2007-07-19,13.53
2007-07-18,13.44
2007-07-17,13.42
2007-07-16,13.47
2007-07-13,13.37
2007-07-12,13.32
2007-07-11,13.2
2007-07-10,13.4
2007-07-09,13.31
2007-07-06,13.34
2007-07-05,13.54
2007-07-04,13.52
2007-07-03,13.55
2007-07-02,13.38
2007-06-29,13.34
2007-06-28,13.16
2007-06-27,13.01
2007-06-26,12.71
2007-06-25,12.56
2007-06-22,12.58
2007-06-21,12.52
2007-06-20,12.47
2007-06-19,12.38
2007-06-18,12.31
2007-06-15,12.32
2007-06-14,12.41
2007-06-13,12.4
2007-06-12,12.46
2007-06-11,12.29
2007-06-08,12.21
2007-06-07,12.19
2007-06-06,12.24
2007-06-05,12.55
2007-06-04,12.57
2007-06-01,12.62
2007-05-31,12.62
2007-05-30,12.55
2007-05-29,12.58
2007-05-28,12.6
2007-05-25,12.6
2007-05-24,12.55
2007-05-23,12.54
2007-05-22,12.48
2007-05-21,12.39
2007-05-18,12.23
2007-05-17,12.31
2007-05-16,12.31
2007-05-15,12.42
2007-05-14,12.49
2007-05-11,12.4
2007-05-10,12.36
2007-05-09,12.25
2007-05-08,11.88
2007-05-07,11.95
2007-05-04,11.97
2007-05-03,11.87
2007-05-02,11.75
2007-05-01,11.75
2007-04-30,11.75
2007-04-27,11.75
2007-04-26,11.75
2007-04-25,11.77
2007-04-24,11.78
2007-04-23,11.95
2007-04-20,11.8
2007-04-19,11.75
2007-04-18,11.84
2007-04-17,11.83
2007-04-16,11.8
2007-04-13,11.86
2007-04-12,11.8
2007-04-11,11.9
2007-04-10,11.9
2007-04-09,11.06
2007-04-06,11.06
2007-04-05,11.71
2007-04-04,11.9
2007-04-03,11.93
2007-04-02,11.74
2007-03-30,11.42
2007-03-29,11.41
2007-03-28,10.96
2007-03-27,11.31
2007-03-26,11.21
2007-03-23,11.31
2007-03-22,11.27
2007-03-21,11.28
2007-03-20,11.1
2007-03-19,11.08
2007-03-16,10.86
2007-03-15,10.9
2007-03-14,10.62
2007-03-13,10.82
2007-03-12,11.0
2007-03-09,10.95
2007-03-08,11.01
2007-03-07,10.84
2007-03-06,10.95
2007-03-05,10.68
2007-03-02,11.22
2007-03-01,11.12
2007-02-28,11.07
2007-02-27,11.35
2007-02-26,12.17
2007-02-23,11.9
2007-02-22,11.68
2007-02-21,11.66
2007-02-20,11.61
2007-02-19,11.65
2007-02-16,11.3
2007-02-15,11.31
2007-02-14,11.45
2007-02-13,11.29
2007-02-12,11.55
2007-02-09,10.65
2007-02-08,10.18
2007-02-07,9.91
2007-02-06,9.94
2007-02-05,9.98
2007-02-02,9.89
2007-02-01,9.7
2007-01-31,9.41
2007-01-30,9.25
2007-01-29,9.29
2007-01-26,9.24
2007-01-25,9.21
2007-01-24,9.26
2007-01-23,9.18
2007-01-22,9.15
2007-01-19,9.25
2007-01-18,9.27
2007-01-17,9.26
2007-01-16,9.25
2007-01-15,9.2
2007-01-12,8.98
2007-01-11,8.85
2007-01-10,8.8
2007-01-09,8.8
2007-01-08,8.8
2007-01-05,8.8
2007-01-04,8.83
2007-01-03,8.84
2007-01-02,8.85
2007-01-01,9.76
2006-12-29,8.84
2006-12-28,8.81
2006-12-27,8.66
2006-12-26,9.72
2006-12-25,9.72
2006-12-22,8.56
2006-12-21,8.55
2006-12-20,8.56
2006-12-19,8.52
2006-12-18,8.58
2006-12-15,8.57
2006-12-14,8.53
2006-12-13,8.57
2006-12-12,8.59
2006-12-11,8.61
2006-12-08,8.68
2006-12-07,8.71
2006-12-06,8.65
2006-12-05,8.55
2006-12-04,8.56
2006-12-01,8.52
2006-11-30,8.58
2006-11-29,8.51
2006-11-28,8.33
2006-11-27,8.33
2006-11-24,8.31
2006-11-23,8.31
2006-11-22,8.26
2006-11-21,8.25
2006-11-20,8.28
2006-11-17,8.28
2006-11-16,8.23
2006-11-15,8.34
2006-11-14,8.35
2006-11-13,8.27
2006-11-10,8.28
2006-11-09,8.37
2006-11-08,8.26
2006-11-07,8.16
2006-11-06,7.9
2006-11-03,7.88
2006-11-02,7.9
2006-11-01,7.91
2006-10-31,7.95
2006-10-30,7.88
2006-10-27,7.9
2006-10-26,7.86
2006-10-25,7.93
2006-10-24,7.98
2006-10-23,7.96
2006-10-20,8.04
2006-10-19,7.97
2006-10-18,8.01
2006-10-17,8.07
2006-10-16,8.05
2006-10-13,8.08
2006-10-12,8.1
2006-10-11,8.09
2006-10-10,8.1
2006-10-09,8.1
2006-10-06,8.08
2006-10-05,8.09
2006-10-04,8.06
2006-10-03,8.03
2006-10-02,8.07
2006-09-29,8.1
2006-09-28,8.1
2006-09-27,8.1
2006-09-26,8.09
2006-09-25,8.08
2006-09-22,8.17
2006-09-21,8.11
2006-09-20,8.12
2006-09-19,8.15
2006-09-18,8.17
2006-09-15,8.15
2006-09-14,8.16
2006-09-13,8.21
2006-09-12,8.16
2006-09-11,8.19
2006-09-08,8.18
2006-09-07,8.15
2006-09-06,8.23
2006-09-05,8.26
2006-09-04,8.28
2006-09-01,8.3
2006-08-31,8.34
2006-08-30,8.41
2006-08-29,8.3
2006-08-28,8.17
2006-08-25,8.15
2006-08-24,8.22
2006-08-23,8.16
2006-08-22,8.13
2006-08-21,8.1
2006-08-18,8.12
2006-08-17,8.08
2006-08-16,8.11
2006-08-15,8.11
2006-08-14,8.13
2006-08-11,8.1
2006-08-10,8.14
2006-08-09,8.14
2006-08-08,8.13
2006-08-07,8.08
2006-08-04,8.05
2006-08-03,7.91
2006-08-02,7.88
2006-08-01,7.85
2006-07-31,7.83
2006-07-28,7.84
2006-07-27,7.83
2006-07-26,7.82
2006-07-25,7.83
2006-07-24,7.86
2006-07-21,7.9
2006-07-20,7.89
2006-07-19,7.88
2006-07-18,7.87
2006-07-17,7.85
2006-07-14,7.91
2006-07-13,8.14
2006-07-12,8.13
2006-07-11,8.13
2006-07-10,8.13
2006-07-07,8.12
2006-07-06,8.2
2006-07-05,8.15
2006-07-04,8.22
2006-07-03,8.25
2006-06-30,8.25
2006-06-29,8.2
2006-06-28,8.25
2006-06-27,8.25
2006-06-26,8.29
2006-06-23,8.28
2006-06-22,8.23
2006-06-21,8.25
2006-06-20,8.24
2006-06-19,8.28
2006-06-16,8.82
2006-06-15,8.82
2006-06-14,8.34
2006-06-13,8.32
2006-06-12,8.51
2006-06-09,8.57
2006-06-08,8.42
2006-06-07,8.44
2006-06-06,8.33
2006-06-05,8.46
2006-06-02,8.4
2006-06-01,8.25
2006-05-31,8.15
2006-05-30,8.07
2006-05-29,8.0
2006-05-26,7.85
2006-05-25,7.88
2006-05-24,7.86
2006-05-23,7.8
2006-05-22,7.89
2006-05-19,8.15
2006-05-18,7.98
2006-05-17,8.14
2006-05-16,8.34
2006-05-15,8.45
2006-05-12,8.46
2006-05-11,8.74
2006-05-10,8.78
2006-05-09,8.75
2006-05-08,8.73
2006-05-05,8.7
2006-05-04,8.78
2006-05-03,8.81
2006-05-02,8.92
2006-04-28,8.88
2006-04-27,9.0
2006-04-26,9.15
2006-04-25,9.1
2006-04-24,8.9
2006-04-21,9.36
2006-04-20,9.36
2006-04-19,9.39
2006-04-18,9.26
2006-04-17,9.71
2006-04-14,9.71
2006-04-13,9.19
2006-04-12,9.18
2006-04-11,9.2
2006-04-10,9.1
2006-04-07,9.0
2006-04-06,8.91
2006-04-05,8.83
2006-04-04,8.8
2006-04-03,8.83
2006-03-31,8.76
2006-03-30,8.7
2006-03-29,8.85
2006-03-28,8.86
2006-03-27,8.9
2006-03-24,8.7
2006-03-23,8.54
2006-03-22,8.3
2006-03-21,8.27
2006-03-20,8.28
2006-03-17,8.47
2006-03-16,8.42
2006-03-15,8.34
2006-03-14,8.3
2006-03-13,8.42
2006-03-10,8.39
2006-03-09,8.35
2006-03-08,8.35
2006-03-07,8.21
2006-03-06,8.25
2006-03-03,8.2
2006-03-02,8.25
2006-03-01,8.38
2006-02-28,8.33
2006-02-27,8.46
2006-02-24,8.55
2006-02-23,8.25
2006-02-22,7.98
2006-02-21,8.09
2006-02-20,7.74
2006-02-17,7.49
2006-02-16,7.39
2006-02-15,7.29
2006-02-14,7.28
2006-02-13,7.3
2006-02-10,7.37
2006-02-09,7.38
2006-02-08,7.38
2006-02-07,7.44
2006-02-06,7.48
2006-02-03,7.48
2006-02-02,7.5
2006-02-01,7.53
2006-01-31,7.45
2006-01-30,7.49
2006-01-27,7.58
2006-01-26,7.53
2006-01-25,7.5
2006-01-24,7.45
2006-01-23,7.46
2006-01-20,7.53
2006-01-19,7.5
2006-01-18,7.42
2006-01-17,7.5
2006-01-16,7.58
2006-01-13,7.57
2006-01-12,7.65
2006-01-11,7.67
2006-01-10,7.58
2006-01-09,7.32
2006-01-06,7.05
2006-01-05,7.0
2006-01-04,6.9
2006-01-03,6.87
2006-01-02,6.8
2005-12-30,6.81
2005-12-29,6.87
2005-12-28,6.76
2005-12-27,6.8
2005-12-26,9.62
2005-12-23,6.76
2005-12-22,6.75
2005-12-21,6.71
2005-12-20,6.73
2005-12-19,6.75
2005-12-16,6.82
2005-12-15,6.6
2005-12-14,6.55
2005-12-13,6.66
2005-12-12,6.58
2005-12-09,6.55
2005-12-08,6.6
2005-12-07,6.53
2005-12-06,6.4
2005-12-05,6.19
2005-12-02,6.2
2005-12-01,6.22
2005-11-30,6.2
2005-11-29,6.1
2005-11-28,6.08
2005-11-25,6.0
2005-11-24,6.0
2005-11-23,6.0
2005-11-22,5.97
2005-11-21,5.95
2005-11-18,5.95
2005-11-17,5.93
2005-11-16,5.95
2005-11-15,5.96
2005-11-14,5.91
2005-11-11,5.92
2005-11-10,5.98
2005-11-09,5.87
2005-11-08,5.75
2005-11-07,5.75
2005-11-04,5.78
2005-11-03,5.73
2005-11-02,5.72
2005-11-01,5.72
2005-10-31,5.7
2005-10-28,5.7
2005-10-27,5.62
2005-10-26,5.68
2005-10-25,5.7
2005-10-24,5.82
2005-10-21,5.8
2005-10-20,5.8
2005-10-19,5.8
2005-10-18,5.8
2005-10-17,5.7
2005-10-14,5.75
2005-10-13,5.82
2005-10-12,5.83
2005-10-11,5.86
2005-10-10,5.88
2005-10-07,5.86
2005-10-06,5.89
2005-10-05,5.9
2005-10-04,5.9
2005-10-03,5.66
2005-09-30,5.65
2005-09-29,5.55
2005-09-28,5.4
2005-09-27,5.41
2005-09-26,5.5
2005-09-23,5.5
2005-09-22,5.4
2005-09-21,5.23
2005-09-20,5.15
2005-09-19,5.1
2005-09-16,5.02
2005-09-15,5.0
2005-09-14,5.06
2005-09-13,4.96
2005-09-12,4.93
2005-09-09,4.88
2005-09-08,4.89
2005-09-07,4.81
2005-09-06,4.82
2005-09-05,4.78
2005-09-02,4.82
2005-09-01,4.82
2005-08-31,4.82
2005-08-30,4.8
2005-08-29,4.8
2005-08-26,4.8
2005-08-25,4.82
2005-08-24,4.82
2005-08-23,4.82
2005-08-22,4.83
2005-08-19,4.79
2005-08-18,4.82
2005-08-17,4.82
2005-08-16,4.78
2005-08-15,8.33
2005-08-12,8.31
2005-08-11,4.81
2005-08-10,4.77
2005-08-09,8.25
2005-08-08,4.84
2005-08-05,4.84
2005-08-04,4.72
2005-08-03,4.75
2005-08-02,4.73
2005-08-01,4.77
2005-07-29,4.75
2005-07-28,4.75
2005-07-27,4.75
2005-07-26,8.37
2005-07-25,4.72
2005-07-22,4.8
2005-07-21,4.8
2005-07-20,4.8
2005-07-19,4.72
2005-07-18,4.66
2005-07-15,4.7
2005-07-14,4.64
2005-07-13,4.68
2005-07-12,4.6
2005-07-11,4.63
2005-07-08,4.68
2005-07-07,4.68
2005-07-06,4.72
2005-07-05,4.71
2005-07-04,4.67
2005-07-01,4.6
2005-06-30,4.64
2005-06-29,4.64
2005-06-28,4.6
2005-06-27,4.6
2005-06-24,4.6
2005-06-23,4.64
2005-06-22,4.6
2005-06-21,4.65
2005-06-20,4.6
2005-06-17,4.59
2005-06-16,4.59
2005-06-15,4.6
2005-06-14,8.43
2005-06-13,4.68
2005-06-10,4.68
2005-06-09,4.67
2005-06-08,4.59
2005-06-07,4.57
2005-06-06,4.59
2005-06-03,17.06
2005-06-02,4.63
2005-06-01,4.57
2005-05-31,4.6
2005-05-30,4.57
2005-05-27,4.59
2005-05-26,4.58
2005-05-25,4.6
2005-05-24,4.59
2005-05-23,4.66
2005-05-20,4.62
2005-05-19,4.69
2005-05-18,4.69
2005-05-17,4.6
2005-05-16,4.62
2005-05-13,4.64
2005-05-12,4.65
2005-05-11,4.62
2005-05-10,4.7
2005-05-09,4.7
2005-05-06,4.7
2005-05-05,4.7
2005-05-04,4.75
2005-05-03,4.7
2005-05-02,4.71
2005-04-29,4.76
2005-04-28,4.77
2005-04-27,4.79
2005-04-26,4.79
2005-04-25,18.7
2005-04-22,4.78
2005-04-21,4.78
2005-04-20,4.7
2005-04-19,4.72
2005-04-18,4.72
2005-04-15,4.79
2005-04-14,4.8
2005-04-13,4.81
2005-04-12,4.79
2005-04-11,4.71
2005-04-08,4.8
2005-04-07,4.8
2005-04-06,4.8
2005-04-05,4.67
2005-04-04,4.71
2005-04-01,4.67
2005-03-31,4.72
2005-03-30,4.78
2005-03-29,4.73
2005-03-28,19.26
2005-03-25,19.26
2005-03-24,4.75
2005-03-23,4.74
2005-03-22,4.61
2005-03-21,4.64
2005-03-18,4.61
2005-03-17,4.64
2005-03-16,4.65
2005-03-15,4.63
2005-03-14,4.64
2005-03-11,4.69
2005-03-10,4.71
2005-03-09,4.7
2005-03-08,4.7
2005-03-07,4.68
2005-03-04,4.74
2005-03-03,4.72
2005-03-02,4.8
2005-03-01,4.83
2005-02-28,4.84
2005-02-25,4.74
2005-02-24,4.72
2005-02-23,4.71
2005-02-22,4.75
2005-02-21,4.78
2005-02-18,4.85
2005-02-17,4.82
2005-02-16,4.9
2005-02-15,4.76
2005-02-14,4.7
2005-02-11,4.7
2005-02-10,4.73
2005-02-09,4.68
2005-02-08,4.7
2005-02-07,4.72
2005-02-04,4.75
2005-02-03,4.75
2005-02-02,4.72
2005-02-01,4.65
2005-01-31,4.74
2005-01-28,4.7
2005-01-27,4.57
2005-01-26,4.46
2005-01-25,4.32
2005-01-24,4.24
2005-01-21,4.25
2005-01-20,4.21
2005-01-19,4.26
2005-01-18,4.13
2005-01-17,4.11
2005-01-14,4.1
2005-01-13,4.09
2005-01-12,4.1
2005-01-11,4.07
2005-01-10,4.1
2005-01-07,4.09
2005-01-06,4.09
2005-01-05,4.05
2005-01-04,4.07
2005-01-03,4.05
2004-12-31,4.1
2004-12-30,4.08
2004-12-29,4.09
2004-12-28,4.1
2004-12-27,4.1
2004-12-24,4.07
2004-12-23,4.1
2004-12-22,4.08
2004-12-21,4.11
2004-12-20,4.13
2004-12-17,4.09
2004-12-16,4.14
2004-12-15,4.1
2004-12-14,4.09
2004-12-13,4.08
2004-12-10,4.05
2004-12-09,4.09
2004-12-08,4.12
2004-12-07,4.11
2004-12-06,4.04
2004-12-03,4.11
2004-12-02,4.11
2004-12-01,4.13
2004-11-30,4.15
2004-11-29,4.18
2004-11-26,4.16
2004-11-25,4.16
2004-11-24,4.2
2004-11-23,4.2
2004-11-22,4.2
2004-11-19,4.2
2004-11-18,4.15
2004-11-17,4.15
2004-11-16,4.18
2004-11-15,4.2
2004-11-12,4.2
2004-11-11,4.16
2004-11-10,4.17
2004-11-09,4.17
2004-11-08,4.17
2004-11-05,4.2
2004-11-04,4.19
2004-11-03,4.2
2004-11-02,4.19
2004-11-01,4.14
2004-10-29,4.17
2004-10-28,4.2
2004-10-27,4.19
2004-10-26,4.13
2004-10-25,4.18
2004-10-22,4.19
2004-10-21,4.22
2004-10-20,4.2
2004-10-19,4.22
2004-10-18,4.22
2004-10-15,4.22
2004-10-14,4.24
2004-10-13,4.19
2004-10-12,4.16
2004-10-11,4.18
2004-10-08,4.14
2004-10-07,4.2
2004-10-06,4.15
2004-10-05,4.0
2004-10-04,4.0
2004-10-01,3.9
2004-09-30,3.91
2004-09-29,3.96
2004-09-28,3.96
2004-09-27,3.97
2004-09-24,3.95
2004-09-23,3.93
2004-09-22,3.93
2004-09-21,4.0
2004-09-20,3.92
2004-09-17,3.91
2004-09-16,3.88
2004-09-15,3.88
2004-09-14,3.87
2004-09-13,3.87
2004-09-10,3.86
2004-09-09,3.84
2004-09-08,3.77
2004-09-07,3.79
2004-09-06,3.81
2004-09-03,3.8
2004-09-02,3.84
2004-09-01,3.72
2004-08-31,3.82
2004-08-30,3.82
2004-08-27,3.81
2004-08-26,3.85
2004-08-25,3.75
2004-08-24,3.71
2004-08-23,3.71
2004-08-20,3.75
2004-08-19,3.8
2004-08-18,3.75
2004-08-17,3.63
2004-08-16,3.61
2004-08-13,3.61
2004-08-12,3.65
2004-08-11,3.6
2004-08-10,3.69
2004-08-09,3.6
2004-08-06,3.65
2004-08-05,3.67
2004-08-04,3.65
2004-08-03,3.7
2004-08-02,3.74
2004-07-30,3.78
2004-07-29,3.77
2004-07-28,3.7
2004-07-27,3.71
2004-07-26,3.7
2004-07-23,3.72
2004-07-22,3.79
2004-07-21,3.76
2004-07-20,3.8
2004-07-19,3.71
2004-07-16,3.8
2004-07-15,3.85
2004-07-14,3.82
2004-07-13,3.7
2004-07-12,3.56
2004-07-09,3.56
2004-07-08,3.55
2004-07-07,3.5
2004-07-06,3.71
2004-07-05,3.73
2004-07-02,3.83
2004-07-01,3.83
2004-06-30,3.85
2004-06-29,3.85
2004-06-28,3.76
2004-06-25,3.79
2004-06-24,3.76
2004-06-23,3.77
2004-06-22,3.78
2004-06-21,3.78
2004-06-18,3.74
2004-06-17,3.75
2004-06-16,3.75
2004-06-15,3.78
2004-06-14,3.78
2004-06-11,3.79
2004-06-10,3.79
2004-06-09,3.72
2004-06-08,3.75
2004-06-07,3.69
2004-06-04,3.76
2004-06-03,3.79
2004-06-02,3.79
2004-06-01,3.75
2004-05-31,3.71
2004-05-28,3.75
2004-05-27,3.66
2004-05-26,3.75
2004-05-25,3.76
2004-05-24,3.8
2004-05-21,3.8
2004-05-20,3.86
2004-05-19,3.81
2004-05-18,3.69
2004-05-17,3.87
2004-05-14,3.9
2004-05-13,3.9
2004-05-12,4.01
2004-05-11,3.91
2004-05-10,3.9
2004-05-07,4.05
2004-05-06,4.05
2004-05-05,4.05
2004-05-04,4.04
2004-05-03,4.01
2004-04-30,4.0
2004-04-29,4.01
2004-04-28,3.99
2004-04-27,3.98
2004-04-26,4.0
2004-04-23,3.96
2004-04-22,4.0
2004-04-21,4.0
2004-04-20,4.01
2004-04-19,3.98
2004-04-16,3.98
2004-04-15,4.09
2004-04-14,4.06
2004-04-13,4.1
2004-04-12,18.98
2004-04-09,18.98
2004-04-08,4.15
2004-04-07,4.05
2004-04-06,4.13
2004-04-05,4.09
2004-04-02,4.1
2004-04-01,4.1
2004-03-31,4.1
2004-03-30,4.11
2004-03-29,4.12
2004-03-26,3.95
2004-03-25,3.93
2004-03-24,3.8
2004-03-23,3.87
2004-03-22,3.86
2004-03-19,3.8
2004-03-18,3.8
2004-03-17,3.83
2004-03-16,3.76
2004-03-15,3.76
2004-03-12,3.88
2004-03-11,3.9
2004-03-10,3.9
2004-03-09,3.91
2004-03-08,3.92
2004-03-05,3.87
2004-03-04,3.87
2004-03-03,3.87
2004-03-02,3.86
2004-03-01,3.82
2004-02-27,3.87
2004-02-26,3.88
2004-02-25,3.89
2004-02-24,3.88
2004-02-23,3.88
2004-02-20,3.84
2004-02-19,3.9
2004-02-18,3.92
2004-02-17,3.83
2004-02-16,3.83
2004-02-13,3.8
2004-02-12,3.84
2004-02-11,3.83
2004-02-10,3.84
2004-02-09,3.85
2004-02-06,3.84
2004-02-05,3.9
2004-02-04,3.75
2004-02-03,3.67
2004-02-02,3.53
2004-01-30,3.52
2004-01-29,3.47
2004-01-28,3.53
2004-01-27,3.5
2004-01-26,3.5
2004-01-23,3.5
2004-01-22,3.46
2004-01-21,3.55
2004-01-20,3.56
2004-01-19,3.59
2004-01-16,3.6
2004-01-15,3.6
2004-01-14,3.6
2004-01-13,3.58
2004-01-12,3.54
2004-01-09,3.62
2004-01-08,3.6
2004-01-07,3.58
2004-01-06,3.59
2004-01-05,3.63
2004-01-02,3.61
2004-01-01,15.4
2003-12-31,3.6
2003-12-30,3.55
2003-12-29,3.64
2003-12-26,15.28
2003-12-25,15.28
2003-12-24,3.64
2003-12-23,3.6
2003-12-22,3.6
2003-12-19,3.6
2003-12-18,3.63
2003-12-17,3.58
2003-12-16,3.57
2003-12-15,3.7
2003-12-12,3.68
2003-12-11,3.65
2003-12-10,3.64
2003-12-09,3.53
2003-12-08,3.46
2003-12-05,3.41
2003-12-04,3.45
2003-12-03,3.54
2003-12-02,3.65
2003-12-01,3.8
2003-11-28,3.75
2003-11-27,3.7
2003-11-26,3.45
2003-11-25,3.48
2003-11-24,3.5
2003-11-21,3.3
2003-11-20,3.3
2003-11-19,3.31
2003-11-18,3.35
2003-11-17,3.25
2003-11-14,3.3
2003-11-13,3.3
2003-11-12,3.3
2003-11-11,3.22
2003-11-10,3.27
2003-11-07,3.34
2003-11-06,3.35
2003-11-05,3.33
2003-11-04,3.33
2003-11-03,3.32
2003-10-31,3.21
2003-10-30,3.18
2003-10-29,3.2
2003-10-28,3.06
2003-10-27,3.05
2003-10-24,3.0
2003-10-23,3.02
2003-10-22,3.01
2003-10-21,3.02
2003-10-20,3.0
2003-10-17,2.97
2003-10-16,2.97
2003-10-15,3.03
2003-10-14,3.0
2003-10-13,3.0
2003-10-10,3.0
2003-10-09,2.95
2003-10-08,2.94
2003-10-07,2.93
2003-10-06,2.94
2003-10-03,2.95
2003-10-02,2.97
2003-10-01,2.97
2003-09-30,2.96
2003-09-29,3.01
2003-09-26,3.03
2003-09-25,3.01
2003-09-24,3.01
2003-09-23,3.01
2003-09-22,3.05
2003-09-19,3.01
2003-09-18,3.04
2003-09-17,3.05
2003-09-16,3.01
2003-09-15,3.01
2003-09-12,3.02
2003-09-11,3.06
2003-09-10,3.0
2003-09-09,3.04
2003-09-08,3.07
2003-09-05,3.04
2003-09-04,3.09
2003-09-03,3.09
2003-09-02,3.1
2003-09-01,3.09
2003-08-29,3.11
2003-08-28,3.07
2003-08-27,3.09
2003-08-26,3.1
2003-08-25,3.1
2003-08-22,2.99
2003-08-21,2.96
2003-08-20,2.95
2003-08-19,2.96
2003-08-18,2.93
2003-08-15,2.95
2003-08-14,2.95
2003-08-13,2.95
2003-08-12,2.95
2003-08-11,2.92
2003-08-08,2.82
2003-08-07,2.79
2003-08-06,2.79
2003-08-05,2.81
2003-08-04,2.82
2003-08-01,2.89
2003-07-31,2.86
2003-07-30,2.87
2003-07-29,2.87
2003-07-28,2.88
2003-07-25,2.94
2003-07-24,2.93
2003-07-23,2.93
2003-07-22,2.93
2003-07-21,2.95
2003-07-18,2.93
2003-07-17,2.93
2003-07-16,2.92
2003-07-15,2.9
2003-07-14,2.83
2003-07-11,2.8
2003-07-10,2.79
2003-07-09,2.8
2003-07-08,2.78
2003-07-07,2.8
2003-07-04,2.75
2003-07-03,2.8
2003-07-02,2.76
2003-07-01,2.74
2003-06-30,2.83
2003-06-27,2.86
2003-06-26,2.87
2003-06-25,2.88
2003-06-24,2.87
2003-06-23,2.9
2003-06-20,2.88
2003-06-19,2.89
2003-06-18,2.89
2003-06-17,2.92
2003-06-16,2.89
2003-06-13,2.9
2003-06-12,2.93
2003-06-11,2.94
2003-06-10,2.96
2003-06-09,2.92
2003-06-06,2.85
2003-06-05,2.75
2003-06-04,2.7
2003-06-03,2.69
2003-06-02,2.69
2003-05-30,2.68
2003-05-29,2.69
2003-05-28,2.67
2003-05-27,2.62
2003-05-26,2.65
2003-05-23,2.66
2003-05-22,2.64
2003-05-21,2.66
2003-05-20,2.66
2003-05-19,2.65
2003-05-16,2.65
2003-05-15,2.64
2003-05-14,2.65
2003-05-13,2.65
2003-05-12,2.67
2003-05-09,2.67
2003-05-08,2.66
2003-05-07,2.7
2003-05-06,2.7
2003-05-05,2.67
2003-05-02,2.65
2003-05-01,2.69
2003-04-30,2.69
2003-04-29,2.65
2003-04-28,2.65
2003-04-25,2.66
2003-04-24,2.67
2003-04-23,2.58
2003-04-22,2.62
2003-04-21,2.64
2003-04-18,2.64
2003-04-17,2.64
2003-04-16,2.68
2003-04-15,2.7
2003-04-14,2.72
2003-04-11,2.76
2003-04-10,2.76
2003-04-09,2.75
2003-04-08,2.74
2003-04-07,2.76
2003-04-04,2.67
2003-04-03,2.67
2003-04-02,2.68
2003-04-01,2.7
2003-03-31,2.66
2003-03-28,2.79
2003-03-27,2.79
2003-03-26,2.75
2003-03-25,2.72
2003-03-24,2.85
2003-03-21,2.87
2003-03-20,2.75
2003-03-19,2.75
2003-03-18,2.8
2003-03-17,2.82
2003-03-14,2.83
2003-03-13,2.9
2003-03-12,2.87
2003-03-11,2.87
2003-03-10,2.88
2003-03-07,2.91
2003-03-06,2.87
2003-03-05,2.86
2003-03-04,2.89
2003-03-03,2.91
2003-02-28,2.94
2003-02-27,2.91
2003-02-26,2.94
2003-02-25,2.93
2003-02-24,2.97
2003-02-21,3.0
2003-02-20,2.97
2003-02-19,2.99
2003-02-18,3.0
2003-02-17,2.99
2003-02-14,2.99
2003-02-13,3.0
2003-02-12,3.01
2003-02-11,3.04
2003-02-10,3.0
2003-02-07,3.09
2003-02-06,3.08
2003-02-05,3.07
2003-02-04,3.07
2003-02-03,3.09
2003-01-31,3.0
2003-01-30,3.05
2003-01-29,3.07
2003-01-28,3.06
2003-01-27,3.04
2003-01-24,3.08
2003-01-23,3.14
2003-01-22,3.11
2003-01-21,3.11
2003-01-20,3.15
2003-01-17,3.15
2003-01-16,3.23
2003-01-15,3.24
2003-01-14,3.23
2003-01-13,3.23
2003-01-10,3.26
2003-01-09,3.25
2003-01-08,3.2
2003-01-07,3.25
2003-01-06,3.29
2003-01-03,3.28
2003-01-02,3.32
2003-01-01,3.3
2002-12-31,3.3
2002-12-30,3.33
2002-12-27,3.3
2002-12-26,3.3
2002-12-25,3.3
2002-12-24,3.3
2002-12-23,3.3
2002-12-20,3.32
2002-12-19,3.33
2002-12-18,3.4
2002-12-17,3.31
2002-12-16,3.34
2002-12-13,3.34
2002-12-12,3.4
2002-12-11,3.4
2002-12-10,3.42
2002-12-09,3.41
2002-12-06,3.4
2002-12-05,3.43
2002-12-04,3.44
2002-12-03,3.47
2002-12-02,3.45
2002-11-29,3.47
2002-11-28,3.5
2002-11-27,3.43
2002-11-26,3.42
2002-11-25,3.48
2002-11-22,3.49
2002-11-21,3.46
2002-11-20,3.45
2002-11-19,3.45
2002-11-18,3.5
2002-11-15,3.49
2002-11-14,3.5
2002-11-13,3.5
2002-11-12,3.49
2002-11-11,3.5
2002-11-08,3.44
2002-11-07,3.46
2002-11-06,3.46
2002-11-05,3.47
2002-11-04,3.5
2002-11-01,3.47
2002-10-31,3.47
2002-10-30,3.5
2002-10-29,3.48
2002-10-28,3.46
2002-10-25,3.45
2002-10-24,3.49
2002-10-23,3.45
2002-10-22,3.5
2002-10-21,3.55
2002-10-18,3.5
2002-10-17,3.49
2002-10-16,3.49
2002-10-15,3.49
2002-10-14,3.45
2002-10-11,3.55
2002-10-10,3.6
2002-10-09,3.56
2002-10-08,3.51
2002-10-07,3.45
2002-10-04,3.3
2002-10-03,3.33
2002-10-02,3.25
2002-10-01,3.29
2002-09-30,3.37
2002-09-27,3.4
2002-09-26,3.49
2002-09-25,3.22
2002-09-24,3.32
2002-09-23,3.46
2002-09-20,3.57
2002-09-19,3.6
2002-09-18,3.6
2002-09-17,3.62
2002-09-16,3.64
2002-09-13,3.73
2002-09-12,3.76
2002-09-11,3.7
2002-09-10,3.72
2002-09-09,3.72
2002-09-06,3.75
2002-09-05,3.72
2002-09-04,3.72
2002-09-03,3.74
2002-09-02,3.79
2002-08-30,3.84
2002-08-29,3.81
2002-08-28,3.83
2002-08-27,3.9
2002-08-26,3.81
2002-08-23,3.78
2002-08-22,3.75
2002-08-21,3.75
2002-08-20,3.75
2002-08-19,3.8
2002-08-16,3.8
2002-08-15,3.85
2002-08-14,3.85
2002-08-13,3.94
2002-08-12,3.94
2002-08-09,3.97
2002-08-08,3.9
2002-08-07,3.78
2002-08-06,3.83
2002-08-05,3.95
2002-08-02,3.93
2002-08-01,3.95
2002-07-31,3.98
2002-07-30,4.02
2002-07-29,4.04
2002-07-26,3.94
2002-07-25,4.01
2002-07-24,4.04
2002-07-23,4.2
2002-07-22,4.4
2002-07-19,4.41
2002-07-18,4.5
2002-07-17,4.53
2002-07-16,4.5
2002-07-15,4.53
2002-07-12,4.49
2002-07-11,4.49
2002-07-10,4.5
2002-07-09,4.48
2002-07-08,4.55
2002-07-05,4.56
2002-07-04,4.55
2002-07-03,4.55
2002-07-02,4.6
2002-07-01,4.56
2002-06-28,4.69
2002-06-27,4.73
2002-06-26,4.6
2002-06-25,4.7
2002-06-24,4.67
2002-06-21,4.79
2002-06-20,4.71
2002-06-19,4.78
2002-06-18,4.76
2002-06-17,4.78
2002-06-14,4.82
2002-06-13,4.69
2002-06-12,4.6
2002-06-11,4.51
2002-06-10,4.58
2002-06-07,4.58
2002-06-06,4.7
2002-06-05,4.69
2002-06-04,4.6
2002-06-03,4.65
2002-05-31,4.59
2002-05-30,4.62
2002-05-29,4.62
2002-05-28,4.7
2002-05-27,4.7
2002-05-24,4.85
2002-05-23,5.0
2002-05-22,4.66
2002-05-21,4.6
2002-05-20,4.5
2002-05-17,4.5
2002-05-16,4.55
2002-05-15,4.55
2002-05-14,4.5
2002-05-13,4.54
2002-05-10,4.48
2002-05-09,4.5
2002-05-08,4.4
2002-05-07,4.35
2002-05-06,4.33
2002-05-03,4.41
2002-05-02,4.48
2002-05-01,4.58
2002-04-30,4.58
2002-04-29,4.54
2002-04-26,4.54
2002-04-25,4.54
2002-04-24,4.54
2002-04-23,4.5
2002-04-22,4.45
2002-04-19,4.54
2002-04-18,4.5
2002-04-17,4.56
2002-04-16,4.5
2002-04-15,4.5
2002-04-12,4.5
2002-04-11,4.55
2002-04-10,4.5
2002-04-09,4.64
2002-04-08,4.67
2002-04-05,4.69
2002-04-04,4.69
2002-04-03,4.65
2002-04-02,4.78
2002-04-01,4.75
2002-03-29,4.75
2002-03-28,4.75
2002-03-27,4.75
2002-03-26,4.76
2002-03-25,4.76
2002-03-22,4.7
2002-03-21,4.64
2002-03-20,4.69
2002-03-19,4.7
2002-03-18,4.71
2002-03-15,4.69
2002-03-14,4.64
2002-03-13,4.54
2002-03-12,4.4
2002-03-11,4.39
2002-03-08,4.4
2002-03-07,4.4
2002-03-06,4.46
2002-03-05,4.4
2002-03-04,4.37
2002-03-01,4.3
2002-02-28,4.32
2002-02-27,4.4
2002-02-26,4.4
2002-02-25,4.39
2002-02-22,4.38
2002-02-21,4.39
2002-02-20,4.39
2002-02-19,4.35
2002-02-18,4.28
2002-02-15,4.34
2002-02-14,4.28
2002-02-13,4.3
2002-02-12,4.28
2002-02-11,4.28
2002-02-08,4.29
2002-02-07,4.32
2002-02-06,4.37
2002-02-05,4.43
2002-02-04,4.41
2002-02-01,4.45
2002-01-31,4.5
2002-01-30,4.49
2002-01-29,4.4
2002-01-28,4.4
2002-01-25,4.39
2002-01-24,4.38
2002-01-23,4.4
2002-01-22,4.39
2002-01-21,4.38
2002-01-18,4.4
2002-01-17,4.43
2002-01-16,4.4
2002-01-15,4.44
2002-01-14,4.37
2002-01-11,4.37
2002-01-10,4.42
2002-01-09,4.45
2002-01-08,4.51
2002-01-07,4.51
2002-01-04,4.5
2002-01-03,4.5
2002-01-02,4.5
2002-01-01,4.74
2001-12-31,4.74
2001-12-28,4.74
2001-12-27,4.27
2001-12-26,4.32
2001-12-25,4.32
2001-12-24,4.32
2001-12-21,4.32
2001-12-20,4.35
2001-12-19,4.44
2001-12-18,4.4
2001-12-17,4.39
2001-12-14,4.41
2001-12-13,4.43
2001-12-12,4.44
2001-12-11,4.44
2001-12-10,4.46
2001-12-07,4.51
2001-12-06,4.5
2001-12-05,4.6
2001-12-04,4.64
2001-12-03,4.58
2001-11-30,4.5
2001-11-29,4.37
2001-11-28,4.45
2001-11-27,4.47
2001-11-26,4.57
2001-11-23,4.34
2001-11-22,4.2
2001-11-21,4.21
2001-11-20,4.24
2001-11-19,4.15
2001-11-16,4.15
2001-11-15,4.09
2001-11-14,4.1
2001-11-13,4.15
2001-11-12,4.08
2001-11-09,4.09
2001-11-08,4.08
2001-11-07,4.07
2001-11-06,4.04
2001-11-05,4.04
2001-11-02,4.0
2001-11-01,4.01
2001-10-31,4.01
2001-10-30,3.96
2001-10-29,3.96
2001-10-26,4.0
2001-10-25,4.0
2001-10-24,4.01
2001-10-23,4.01
2001-10-22,4.03
2001-10-19,3.99
2001-10-18,4.03
2001-10-17,4.05
2001-10-16,4.0
2001-10-15,4.0
2001-10-12,4.04
2001-10-11,4.0
2001-10-10,4.02
2001-10-09,3.97
2001-10-08,3.97
2001-10-05,4.07
2001-10-04,4.07
2001-10-03,3.98
2001-10-02,4.01
2001-10-01,3.99
2001-09-28,3.83
2001-09-27,3.83
2001-09-26,4.0
2001-09-25,3.79
2001-09-24,3.7
2001-09-21,3.6
2001-09-20,3.7
2001-09-19,3.64
2001-09-18,3.61
2001-09-17,3.52
2001-09-14,3.7
2001-09-13,3.8
2001-09-12,3.8
2001-09-11,3.9
2001-09-10,3.95
2001-09-07,3.83
2001-09-06,4.0
2001-09-05,4.0
2001-09-04,4.02
2001-09-03,4.0
2001-08-31,3.96
2001-08-30,4.0
2001-08-29,3.98
2001-08-28,3.98
2001-08-27,3.99
2001-08-24,3.87
2001-08-23,3.88
2001-08-22,3.82
2001-08-21,3.88
2001-08-20,3.81
2001-08-17,3.85
2001-08-16,3.99
2001-08-15,3.97
2001-08-14,3.97
2001-08-13,3.94
2001-08-10,4.0
2001-08-09,3.99
2001-08-08,3.92
2001-08-07,3.9
2001-08-06,3.92
2001-08-03,3.96
2001-08-02,3.99
2001-08-01,4.0
2001-07-31,4.03
2001-07-30,4.03
2001-07-27,4.02
2001-07-26,4.03
2001-07-25,4.03
2001-07-24,4.0
2001-07-23,3.98
2001-07-20,3.97
2001-07-19,4.0
2001-07-18,3.96
2001-07-17,3.97
2001-07-16,3.99
2001-07-13,4.0
2001-07-12,4.0
2001-07-11,4.0
2001-07-10,4.0
2001-07-09,4.0
2001-07-06,3.96
2001-07-05,4.0
2001-07-04,4.0
2001-07-03,4.0
2001-07-02,3.9
2001-06-29,3.92
2001-06-28,3.92
2001-06-27,3.89
2001-06-26,3.93
2001-06-25,3.85
2001-06-22,3.8
2001-06-21,3.72
2001-06-20,3.65
2001-06-19,3.7
2001-06-18,3.75
2001-06-15,3.91
2001-06-14,3.52
2001-06-13,3.52
2001-06-12,4.03
2001-06-11,4.2
2001-06-08,4.25
2001-06-07,4.2
2001-06-06,4.25
2001-06-05,4.29
2001-06-04,4.31
2001-06-01,4.34
2001-05-31,4.39
2001-05-30,4.32
2001-05-29,4.34
2001-05-28,4.36
2001-05-25,4.45
2001-05-24,4.44
2001-05-23,4.44
2001-05-22,4.49
2001-05-21,4.5
2001-05-18,4.5
2001-05-17,4.55
2001-05-16,4.55
2001-05-15,4.64
2001-05-14,4.57
2001-05-11,4.53
2001-05-10,4.53
2001-05-09,4.54
2001-05-08,4.5
2001-05-07,4.6
2001-05-04,4.6
2001-05-03,4.49
2001-05-02,4.25
2001-05-01,4.25
2001-04-30,4.25
2001-04-27,4.19
2001-04-26,4.19
2001-04-25,4.2
2001-04-24,4.2
2001-04-23,4.2
2001-04-20,4.3
2001-04-19,4.25
2001-04-18,4.3
2001-04-17,4.24
2001-04-16,4.3
2001-04-13,4.3
2001-04-12,4.3
2001-04-11,4.31
2001-04-10,4.35
2001-04-09,4.36
2001-04-06,4.33
2001-04-05,4.35
2001-04-04,4.25
2001-04-03,4.34
2001-04-02,4.45
2001-03-30,4.38
2001-03-29,4.39
2001-03-28,4.35
2001-03-27,4.33
2001-03-26,4.35
2001-03-23,4.3
2001-03-22,4.22
2001-03-21,4.3
2001-03-20,4.3
2001-03-19,4.15
2001-03-16,4.14
2001-03-15,4.08
2001-03-13,4.23
2001-03-12,4.24
2001-03-09,4.28
2001-03-08,4.36
2001-03-07,4.36
2001-03-06,4.38
2001-03-05,4.36
2001-03-02,4.25
2001-03-01,4.25
2001-02-28,4.27
2001-02-27,4.33
2001-02-26,4.33
2001-02-23,4.3
2001-02-22,4.32
2001-02-21,4.3
2001-02-20,4.28
2001-02-19,4.2
2001-02-16,4.17
2001-02-15,4.2
2001-02-14,4.18
2001-02-13,4.2
2001-02-12,4.15
2001-02-09,4.2
2001-02-08,4.4
2001-02-07,4.46
2001-02-06,4.5
2001-02-05,4.56
2001-02-02,4.47
2001-02-01,4.6
2001-01-31,4.6
2001-01-30,4.35
2001-01-29,4.35
2001-01-25,4.31
2001-01-23,4.31
2001-01-22,4.39
2001-01-19,4.26
2001-01-18,4.18
2001-01-17,4.05
2001-01-16,3.94
2001-01-15,3.95
2001-01-12,4.0
2001-01-11,3.88
2001-01-10,3.85
2001-01-09,3.85
2001-01-08,3.88
2001-01-05,3.8
2001-01-04,3.69
2001-01-03,3.7
2001-01-02,3.83
2001-01-01,3.85
2000-12-29,3.85
2000-12-28,3.87
2000-12-27,3.84
2000-12-22,3.84
2000-12-21,3.8
2000-12-20,3.72
2000-12-19,3.8
2000-12-18,3.65
2000-12-15,3.65
2000-12-14,3.83
2000-12-13,4.0
2000-12-12,4.04
2000-12-11,4.01
2000-12-08,4.03
2000-12-07,4.03
2000-12-06,4.06
2000-12-05,4.14
2000-12-04,4.05
2000-12-01,4.15
2000-11-30,4.15
2000-11-29,4.15
2000-11-28,4.0
2000-11-27,4.03
2000-11-24,3.99
2000-11-23,3.99
2000-11-22,3.94
2000-11-21,4.09
2000-11-20,4.15
2000-11-17,4.05
2000-11-16,3.7
2000-11-15,3.5
2000-11-14,3.51
2000-11-13,3.37
2000-11-10,3.53
2000-11-09,3.57
2000-11-08,3.63
2000-11-07,3.62
2000-11-06,3.6
2000-11-03,3.56
2000-11-02,3.7
2000-11-01,3.7
2000-10-31,3.7
2000-10-30,3.7
2000-10-27,3.66
2000-10-26,3.65
2000-10-25,3.69
2000-10-24,3.69
2000-10-23,3.66
2000-10-20,3.71
2000-10-19,3.75
2000-10-18,3.74
2000-10-17,3.81
2000-10-16,3.84
2000-10-13,3.81
2000-10-12,3.8
2000-10-11,3.75
2000-10-10,3.8
2000-10-09,3.8
2000-10-06,3.82
2000-10-05,3.89
2000-10-04,3.89
2000-10-03,3.85
2000-10-02,3.81
2000-09-29,3.84
2000-09-28,3.84
2000-09-27,3.89
2000-09-26,3.88
2000-09-25,3.92
2000-09-22,3.85
2000-09-21,3.85
2000-09-20,3.9
2000-09-19,3.76
2000-09-18,3.78
2000-09-15,3.9
2000-09-14,3.96
2000-09-13,19.98
2000-09-12,19.8
2000-09-11,19.82
2000-09-08,19.92
2000-09-07,19.81
2000-09-06,20.0
2000-09-05,20.4
2000-09-04,20.5
2000-09-01,20.49
2000-08-31,20.1
2000-08-30,20.2
2000-08-29,20.35
2000-08-28,19.75
2000-08-25,19.5
2000-08-24,19.6
2000-08-23,19.99
2000-08-22,20.2
2000-08-21,19.95
2000-08-18,19.61
2000-08-17,20.0
2000-08-16,19.9
2000-08-15,20.4
2000-08-14,20.4
2000-08-11,21.55
2000-08-10,21.55
2000-08-09,21.9
2000-08-08,21.44
2000-08-07,21.3
2000-08-04,21.3
2000-08-03,21.65
2000-08-02,22.15
2000-08-01,21.68
2000-07-31,20.05
2000-07-28,20.0
2000-07-27,19.99
2000-07-26,19.99
2000-07-25,18.4
2000-07-24,18.3
2000-07-21,18.3
2000-07-20,18.3
2000-07-19,18.15
2000-07-18,18.1
2000-07-17,18.29
2000-07-14,18.45
2000-07-13,18.49
2000-07-12,18.0
2000-07-11,17.52
2000-07-10,17.68
2000-07-07,17.33
2000-07-06,17.33
2000-07-05,17.01
2000-07-04,17.31
2000-07-03,17.3
2000-06-30,16.71
2000-06-29,16.54
2000-06-28,16.75
2000-06-27,17.1
2000-06-26,17.66
2000-06-23,18.39
2000-06-22,18.4
2000-06-21,18.4
2000-06-20,19.0
2000-06-19,19.0
2000-06-16,19.0
2000-06-15,18.7
2000-06-14,18.9
2000-06-13,18.41
2000-06-12,18.5
2000-06-09,18.5
2000-06-08,18.3
2000-06-07,18.17
2000-06-06,18.4
2000-06-05,18.99
2000-06-02,19.11
2000-06-01,19.0
2000-05-31,18.2
2000-05-30,18.1
2000-05-29,18.4
2000-05-26,18.45
2000-05-25,18.5
2000-05-24,18.5
2000-05-23,18.49
2000-05-22,18.4
2000-05-19,18.14
2000-05-18,17.7
2000-05-17,17.91
2000-05-16,18.01
2000-05-15,18.0
2000-05-12,18.46
2000-05-11,18.45
2000-05-10,18.26
2000-05-09,18.14
2000-05-08,18.14
2000-05-05,18.49
2000-05-04,18.4
2000-05-03,18.57
2000-05-02,18.9
2000-05-01,18.29
2000-04-28,18.29
2000-04-27,18.2
2000-04-26,18.5
2000-04-25,18.0
2000-04-24,18.0
2000-04-21,18.0
2000-04-20,18.0
2000-04-19,17.15
2000-04-18,17.45
2000-04-17,17.55
2000-04-14,17.51
2000-04-13,17.98
2000-04-12,17.65
2000-04-11,17.7
2000-04-10,17.8
2000-04-07,17.8
2000-04-06,17.83
2000-04-05,17.6
2000-04-04,17.75
2000-04-03,17.8
2000-03-31,17.84
2000-03-30,17.9
2000-03-29,17.83
2000-03-28,17.77
2000-03-27,17.7
2000-03-24,18.0
2000-03-23,17.42
2000-03-22,17.1
2000-03-21,17.66
2000-03-20,17.55
2000-03-17,18.25
2000-03-16,18.3
2000-03-15,17.95
2000-03-14,18.3
2000-03-13,17.32
2000-03-10,18.01
2000-03-09,17.42
2000-03-08,17.11
2000-03-07,17.1
2000-03-06,17.1
2000-03-03,17.25
2000-03-02,17.29
2000-03-01,17.1
2000-02-29,17.2
2000-02-28,17.16
2000-02-25,17.1
2000-02-24,17.08
2000-02-23,17.02
2000-02-22,17.02
2000-02-21,17.02
2000-02-18,17.17
2000-02-17,17.3
2000-02-16,17.25
2000-02-15,17.2
2000-02-14,17.3
2000-02-11,17.12
2000-02-10,17.15
2000-02-09,17.15
2000-02-08,17.17
2000-02-07,17.16
2000-02-04,17.1
2000-02-03,17.2
2000-02-02,17.2
2000-02-01,17.07
2000-01-31,17.15
2000-01-28,17.1
2000-01-27,17.14
2000-01-26,17.08
2000-01-25,17.04
2000-01-24,17.1
2000-01-21,17.07
2000-01-20,17.16
2000-01-19,17.22
2000-01-18,17.09
2000-01-17,17.5
2000-01-14,17.39
2000-01-13,17.03
2000-01-12,17.08
2000-01-11,17.07
2000-01-10,17.15
2000-01-07,17.1
2000-01-06,17.05
2000-01-05,16.98
2000-01-04,17.14
2000-01-03,17.01
