,slben:pl
2018-11-23,1.7
2018-11-22,1.7
2018-11-21,1.78
2018-11-20,1.585
2018-11-19,1.515
2018-11-16,1.41
2018-11-15,1.74
2018-11-14,1.74
2018-11-13,1.79
2018-11-12,1.785
2018-11-09,1.845
2018-11-08,1.85
2018-11-07,1.91
2018-11-06,1.93
2018-11-05,1.86
2018-11-02,1.95
2018-11-01,2.0
2018-10-31,1.95
2018-10-30,1.96
2018-10-29,1.95
2018-10-26,2.03
2018-10-25,2.01
2018-10-24,2.04
2018-10-23,2.0
2018-10-22,2.0
2018-10-19,2.0
2018-10-18,2.01
2018-10-17,2.07
2018-10-16,2.05
2018-10-15,1.995
2018-10-12,1.99
2018-10-11,2.11
2018-10-10,2.1
2018-10-09,2.13
2018-10-08,2.05
2018-10-05,2.07
2018-10-04,2.1
2018-10-03,2.04
2018-10-02,2.13
2018-10-01,2.06
2018-09-28,2.11
2018-09-27,2.18
2018-09-26,2.09
2018-09-25,2.07
2018-09-24,2.19
2018-09-21,2.1
2018-09-20,1.995
2018-09-19,2.09
2018-09-18,2.06
2018-09-17,2.06
2018-09-14,2.01
2018-09-13,2.02
2018-09-12,2.03
2018-09-11,2.01
2018-09-10,2.03
2018-09-07,2.0
2018-09-06,2.05
2018-09-05,1.885
2018-09-04,2.22
2018-09-03,2.33
2018-08-31,2.33
2018-08-30,2.38
2018-08-29,2.24
2018-08-28,2.15
2018-08-27,2.16
2018-08-24,2.2
2018-08-23,2.22
2018-08-22,2.2
2018-08-21,2.24
2018-08-20,2.18
2018-08-17,1.975
2018-08-16,1.97
2018-08-15,2.0
2018-08-14,1.8
2018-08-13,1.79
2018-08-10,1.85
2018-08-09,1.715
2018-08-08,1.705
2018-08-07,1.74
2018-08-06,1.745
2018-08-03,1.7
2018-08-02,1.695
2018-08-01,1.765
2018-07-31,1.68
2018-07-30,1.68
2018-07-27,1.635
2018-07-26,1.655
2018-07-25,1.66
2018-07-24,1.67
2018-07-23,1.655
2018-07-20,1.635
2018-07-19,1.66
2018-07-18,1.66
2018-07-17,1.7
2018-07-16,1.65
2018-07-13,1.8
2018-07-12,1.755
2018-07-11,1.82
2018-07-10,1.84
2018-07-09,1.795
2018-07-06,1.8
2018-07-05,1.83
2018-07-04,1.78
2018-07-03,1.59
2018-07-02,1.365
2018-06-29,1.35
2018-06-28,1.36
2018-06-27,1.35
2018-06-26,1.35
2018-06-23,1.35
2018-06-22,1.35
2018-06-21,1.4
2018-06-20,1.4
2018-06-19,1.35
2018-06-18,1.355
2018-06-15,1.4
2018-06-14,1.335
2018-06-13,1.395
2018-06-12,1.335
2018-06-11,1.265
2018-06-08,1.325
2018-06-07,1.325
2018-06-06,1.35
2018-06-05,1.35
2018-06-04,1.345
2018-06-01,1.325
2018-05-31,1.395
2018-05-30,1.32
2018-05-29,1.34
2018-05-28,1.34
2018-05-25,1.355
2018-05-24,1.35
2018-05-23,1.36
2018-05-22,1.36
2018-05-21,1.365
2018-05-18,1.4
2018-05-17,1.42
2018-05-16,1.4
2018-05-15,1.365
2018-05-14,1.43
2018-05-08,1.32
2018-05-07,1.325
2018-05-04,1.32
2018-05-03,1.36
2018-05-02,1.37
2018-04-30,1.3
2018-04-27,1.395
2018-04-26,1.38
2018-04-24,1.365
2018-04-23,1.4
2018-04-20,1.38
2018-04-19,1.37
2018-04-18,1.37
2018-04-17,1.365
2018-04-16,1.39
2018-04-13,1.5
2018-04-12,1.5
2018-04-11,1.45
2018-04-10,1.405
2018-04-09,1.405
2018-04-06,1.48
2018-04-05,1.47
2018-04-04,1.415
2018-04-03,1.49
2018-03-29,1.36
2018-03-28,1.37
2018-03-27,1.4
2018-03-26,1.37
2018-03-23,1.37
2018-03-22,1.37
2018-03-21,1.37
2018-03-20,1.38
2018-03-19,1.38
2018-03-16,1.4
2018-03-15,1.415
2018-03-14,1.365
2018-03-13,1.355
2018-03-12,1.45
2018-03-09,1.4
2018-03-08,1.4
2018-03-07,1.375
2018-03-06,1.37
2018-03-05,1.4
2018-03-02,1.37
2018-03-01,1.37
2018-02-28,1.29
2018-02-27,1.29
2018-02-26,1.325
2018-02-23,1.305
2018-02-22,1.265
2018-02-21,1.25
2018-02-20,1.3
2018-02-19,1.295
2018-02-16,1.295
2018-02-15,1.25
2018-02-14,1.26
2018-02-12,1.255
2018-02-09,1.25
2018-02-08,1.26
2018-02-07,1.265
2018-02-06,1.26
2018-02-05,1.3
2018-02-02,1.245
2018-02-01,1.33
2018-01-31,1.265
2018-01-30,1.3
2018-01-29,1.395
2018-01-26,1.37
2018-01-25,1.36
2018-01-24,1.295
2018-01-23,1.365
2018-01-22,1.29
2018-01-19,1.22
2018-01-18,1.25
2018-01-17,1.23
2018-01-16,1.23
2018-01-15,1.27
2018-01-12,1.245
2018-01-11,1.195
2018-01-10,1.23
2018-01-09,1.2
2018-01-08,1.2
2018-01-05,1.18
2018-01-04,1.165
2018-01-03,1.225
2018-01-02,1.11
2017-12-29,1.15
2017-12-28,1.146
2017-12-27,1.213
2017-12-22,1.144
2017-12-21,1.15
2017-12-20,1.17
2017-12-19,1.2
2017-12-18,1.2
2017-12-15,1.18
2017-12-14,1.151
2017-12-13,1.16
2017-12-12,1.13
2017-12-11,1.11
2017-12-07,1.15
2017-12-06,1.12
2017-12-05,1.2
2017-12-04,1.131
2017-11-30,1.2
2017-11-29,1.145
2017-11-28,1.22
2017-11-27,1.107
2017-11-24,1.126
2017-11-23,1.171
2017-11-22,1.172
2017-11-21,1.2
2017-11-20,1.202
2017-11-17,1.211
2017-11-16,1.212
2017-11-15,1.232
2017-11-14,1.217
2017-11-13,1.206
2017-11-10,1.329
2017-11-09,1.28
2017-11-08,1.285
2017-11-07,1.3
2017-11-06,1.35
2017-11-03,1.325
2017-11-02,1.325
2017-11-01,1.342
2017-10-31,1.338
2017-10-30,1.342
2017-10-27,1.336
2017-10-26,1.336
2017-10-25,1.332
2017-10-24,1.323
2017-10-23,1.322
2017-10-20,1.345
2017-10-19,1.4
2017-10-18,1.46
2017-10-17,1.46
2017-10-16,1.46
2017-10-13,1.435
2017-10-12,1.56
2017-10-11,1.58
2017-10-10,1.581
2017-10-09,1.6
2017-10-06,1.58
2017-10-05,1.6
2017-10-04,1.615
2017-10-03,1.61
2017-10-02,1.56
2017-09-29,1.405
2017-09-28,1.408
2017-09-27,1.456
2017-09-26,1.5
2017-09-25,1.462
2017-09-22,1.421
2017-09-21,1.5
2017-09-20,1.374
2017-09-19,1.365
2017-09-18,1.37
2017-09-15,1.37
2017-09-14,1.326
2017-09-13,1.274
2017-09-12,1.4
2017-09-11,1.4
2017-09-08,1.341
2017-09-07,1.32
2017-09-06,1.24
2017-09-05,1.3
2017-09-04,1.25
2017-09-01,1.217
2017-08-31,1.214
2017-08-30,1.214
2017-08-29,1.24
2017-08-28,1.3
2017-08-24,1.256
2017-08-23,1.31
2017-08-22,1.3
2017-08-21,1.28
2017-08-18,1.28
2017-08-17,1.327
2017-08-16,1.39
2017-08-15,1.117
2017-08-14,1.174
2017-08-11,1.35
2017-08-10,1.151
2017-08-09,1.141
2017-08-08,1.17
2017-08-07,1.164
2017-08-04,1.082
2017-08-03,1.13
2017-08-02,1.12
2017-08-01,1.076
2017-07-31,1.075
2017-07-28,1.091
2017-07-27,1.09
2017-07-26,1.091
2017-07-25,1.084
2017-07-24,1.123
2017-07-21,1.122
2017-07-20,1.15
2017-07-19,1.116
2017-07-18,1.117
2017-07-17,1.122
2017-07-14,1.11
2017-07-13,1.14
2017-07-12,1.098
2017-07-11,1.096
2017-07-10,1.06
2017-07-07,1.04
2017-07-06,1.04
2017-07-05,1.04
2017-07-04,1.04
2017-07-03,1.04
2017-06-30,1.04
2017-06-29,1.04
2017-06-28,1.022
2017-06-27,1.022
2017-06-26,1.02
2017-06-23,1.02
2017-06-22,1.02
2017-06-21,1.05
2017-06-20,1.05
2017-06-19,1.05
2017-06-16,1.03
2017-06-14,1.03
2017-06-13,1.03
2017-06-12,1.031
2017-06-09,1.05
2017-06-08,1.05
2017-06-07,1.05
2017-06-06,1.023
2017-06-05,1.05
2017-06-02,1.042
2017-06-01,1.06
2017-05-31,1.04
2017-05-30,1.021
2017-05-29,1.02
2017-05-26,1.04
2017-05-25,1.04
2017-05-24,1.04
2017-05-23,1.03
2017-05-22,1.04
2017-05-19,1.06
2017-05-18,1.05
2017-05-17,1.06
2017-05-16,1.05
2017-05-15,1.051
2017-05-12,1.1
2017-05-11,1.061
2017-05-10,1.07
2017-05-09,1.07
2017-05-08,1.051
2017-05-05,1.067
2017-05-04,1.04
2017-05-03,1.041
2017-05-02,1.055
2017-04-28,1.055
2017-04-27,1.05
2017-04-26,1.05
2017-04-25,1.06
2017-04-24,1.051
2017-04-21,1.05
2017-04-20,1.03
2017-04-19,1.021
2017-04-18,1.05
2017-04-13,1.065
2017-04-12,1.017
2017-04-11,1.017
2017-04-10,1.018
2017-04-07,1.05
2017-04-06,1.05
2017-04-05,1.021
2017-04-04,1.022
2017-04-03,1.013
2017-03-31,1.051
2017-03-30,1.07
2017-03-29,1.06
2017-03-28,1.06
2017-03-27,1.06
2017-03-24,1.05
2017-03-23,1.05
2017-03-22,1.05
2017-03-21,1.05
2017-03-20,1.051
2017-03-17,1.051
2017-03-16,1.051
2017-03-15,1.052
2017-03-14,1.052
2017-03-13,1.051
2017-03-10,1.05
2017-03-09,1.071
2017-03-08,1.128
2017-03-07,1.128
2017-03-06,1.137
2017-03-03,1.096
2017-03-02,1.047
2017-03-01,1.049
2017-02-28,1.099
2017-02-27,1.046
2017-02-24,1.05
2017-02-23,1.099
2017-02-22,1.05
2017-02-21,1.07
2017-02-20,1.055
2017-02-17,1.088
2017-02-16,1.054
2017-02-15,1.081
2017-02-14,1.048
2017-02-13,1.076
2017-02-10,1.1
2017-02-09,1.034
2017-02-08,1.031
2017-02-07,1.031
2017-02-06,1.051
2017-02-03,1.05
2017-02-02,1.05
2017-02-01,1.05
2017-01-31,1.04
2017-01-30,1.08
2017-01-27,1.1
2017-01-26,1.132
2017-01-25,1.16
2017-01-24,1.19
2017-01-23,1.19
2017-01-20,1.184
2017-01-19,1.2
2017-01-18,1.2
2017-01-17,1.19
2017-01-16,1.147
2017-01-13,1.117
2017-01-12,1.183
2017-01-11,1.199
2017-01-10,1.16
2017-01-09,1.065
2017-01-06,1.05
2017-01-05,1.059
2017-01-04,1.026
2017-01-03,0.971
2017-01-02,0.972
2016-12-31,0.98
2016-12-30,0.98
2016-12-29,0.994
2016-12-28,0.98
2016-12-27,0.98
2016-12-23,0.971
2016-12-22,0.98
2016-12-21,0.971
2016-12-20,0.976
2016-12-19,0.977
2016-12-16,0.962
2016-12-15,0.965
2016-12-14,0.956
2016-12-13,1.01
2016-12-12,1.009
2016-12-09,0.978
2016-12-08,0.972
2016-12-07,0.95
2016-12-06,1.02
2016-12-05,0.97
2016-12-02,0.98
2016-12-01,0.97
2016-11-30,0.96
2016-11-29,0.961
2016-11-28,0.98
2016-11-25,1.026
2016-11-24,0.96
2016-11-23,0.953
2016-11-22,1.0
2016-11-21,1.0
2016-11-18,0.949
2016-11-17,0.94
2016-11-16,0.94
2016-11-15,0.94
2016-11-14,0.935
2016-11-11,0.937
2016-11-10,0.975
2016-11-09,0.922
2016-11-08,0.954
2016-11-07,0.927
2016-11-04,0.97
2016-11-03,0.998
2016-11-02,0.938
2016-10-31,0.936
2016-10-28,0.916
2016-10-27,0.929
2016-10-26,0.924
2016-10-25,0.95
2016-10-24,0.918
2016-10-21,0.92
2016-10-20,0.923
2016-10-19,0.922
2016-10-18,0.925
2016-10-17,0.922
2016-10-14,0.925
2016-10-13,0.917
2016-10-12,0.916
2016-10-11,0.914
2016-10-10,0.911
2016-10-07,0.914
2016-10-06,0.914
2016-10-05,0.93
2016-10-04,0.95
2016-10-03,0.932
2016-09-30,0.932
2016-09-29,0.924
2016-09-28,0.94
2016-09-27,0.936
2016-09-26,0.944
2016-09-23,0.922
2016-09-22,0.951
2016-09-21,0.95
2016-09-20,0.951
2016-09-16,0.93
2016-09-15,0.997
2016-09-14,0.925
2016-09-13,0.95
2016-09-12,0.931
2016-09-09,0.93
2016-09-08,0.963
2016-09-07,0.959
2016-09-06,0.956
2016-09-05,0.951
2016-09-02,0.962
2016-09-01,1.008
2016-08-31,0.99
2016-08-30,0.963
2016-08-29,0.962
2016-08-26,1.005
2016-08-25,0.956
2016-08-24,0.955
2016-08-23,0.952
2016-08-22,0.952
2016-08-19,0.96
2016-08-18,0.999
2016-08-17,0.951
2016-08-16,0.957
2016-08-12,1.018
2016-08-11,0.953
2016-08-10,0.96
2016-08-09,0.952
2016-08-08,0.961
2016-08-05,0.939
2016-08-04,0.941
2016-08-03,0.924
2016-08-02,0.955
2016-08-01,0.934
2016-07-29,0.934
2016-07-28,0.95
2016-07-27,0.955
2016-07-26,0.95
2016-07-25,0.956
2016-07-22,0.937
2016-07-20,0.934
2016-07-19,0.921
2016-07-18,0.961
2016-07-15,0.959
2016-07-14,0.945
2016-07-13,0.959
2016-07-12,0.921
2016-07-11,0.92
2016-07-08,0.916
2016-07-07,0.914
2016-07-06,0.947
2016-07-05,0.9
2016-07-04,0.915
2016-07-01,0.916
2016-06-29,0.915
2016-06-28,0.9
2016-06-27,0.888
2016-06-24,0.871
2016-06-23,0.902
2016-06-22,0.891
2016-06-21,0.902
2016-06-20,0.914
2016-06-17,0.911
2016-06-16,0.911
2016-06-15,0.935
2016-06-14,0.935
2016-06-13,0.88
2016-06-09,0.87
2016-06-08,0.9
2016-06-07,0.921
2016-06-06,0.921
2016-06-03,0.921
2016-06-02,0.971
2016-06-01,0.951
2016-05-31,1.0
2016-05-30,1.07
2016-05-27,1.07
2016-05-26,1.036
2016-05-25,1.035
2016-05-24,1.027
2016-05-23,1.01
2016-05-20,1.03
2016-05-19,1.078
2016-05-18,1.0
2016-05-17,1.05
2016-05-16,1.05
2016-05-13,1.149
2016-05-12,1.138
2016-05-11,1.14
2016-05-10,1.127
2016-05-09,1.061
2016-05-06,1.17
2016-05-05,1.125
2016-05-04,1.115
2016-05-03,1.133
2016-05-02,1.19
2016-04-29,1.2
2016-04-28,1.16
2016-04-27,1.15
2016-04-26,1.17
2016-04-25,1.25
2016-04-22,1.161
2016-04-21,1.151
2016-04-20,1.12
2016-04-19,1.154
2016-04-18,1.23
2016-04-15,1.23
2016-04-14,1.217
2016-04-13,1.24
2016-04-12,1.266
2016-04-11,1.225
2016-04-08,1.297
2016-04-07,1.233
2016-04-06,1.24
2016-04-05,1.25
2016-04-04,1.35
2016-04-01,1.2
2016-03-31,1.295
2016-03-30,1.181
2016-03-29,1.201
2016-03-24,1.19
2016-03-23,1.2
2016-03-22,1.231
2016-03-21,1.223
2016-03-18,1.265
2016-03-17,1.282
2016-03-16,1.263
2016-03-15,1.29
2016-03-14,1.329
2016-03-11,1.31
2016-03-10,1.31
2016-03-09,1.26
2016-03-08,1.218
2016-03-07,1.25
2016-03-04,1.15
2016-03-03,1.12
2016-03-02,1.131
2016-03-01,1.13
2016-02-29,1.15
2016-02-26,1.131
2016-02-25,1.088
2016-02-24,1.086
2016-02-23,1.082
2016-02-22,1.1
2016-02-19,1.119
2016-02-18,1.087
2016-02-17,1.08
2016-02-16,1.184
2016-02-15,1.17
2016-02-12,1.2
2016-02-11,1.18
2016-02-10,1.25
2016-02-09,1.18
2016-02-08,1.154
2016-02-05,1.1
2016-02-04,1.09
2016-02-03,1.09
2016-02-02,1.14
2016-02-01,1.106
2016-01-29,1.101
2016-01-28,1.116
2016-01-27,1.14
2016-01-26,1.121
2016-01-25,1.18
2016-01-22,1.18
2016-01-21,1.16
2016-01-20,1.17
2016-01-19,1.05
2016-01-18,1.05
2016-01-15,1.041
2016-01-14,1.05
2016-01-13,1.05
2016-01-12,1.041
2016-01-11,1.11
2016-01-08,1.22
2016-01-07,1.19
2016-01-06,1.13
2016-01-05,1.09
2016-01-04,1.076
2015-12-31,1.04
2015-12-30,0.976
2015-12-29,0.972
2015-12-28,1.0
2015-12-23,1.02
2015-12-22,1.02
2015-12-21,1.0
2015-12-18,1.01
2015-12-17,0.975
2015-12-16,0.962
2015-12-15,1.04
2015-12-14,1.03
2015-12-11,1.13
2015-12-10,1.185
2015-12-09,1.183
2015-12-08,1.261
2015-12-07,1.278
2015-12-04,1.3
2015-12-03,1.45
2015-12-02,1.348
2015-12-01,1.098
2015-11-30,0.96
2015-11-27,1.01
2015-11-26,0.95
2015-11-25,1.0
2015-11-24,0.923
2015-11-23,0.926
2015-11-20,1.035
2015-11-19,0.903
2015-11-18,0.896
2015-11-16,0.911
2015-11-13,0.94
2015-11-12,0.938
2015-11-11,0.935
2015-11-10,1.03
2015-11-09,1.022
2015-11-06,1.021
2015-11-05,1.02
2015-11-04,1.05
2015-11-03,0.986
2015-11-02,1.003
2015-10-30,1.019
2015-10-29,1.005
2015-10-28,1.06
2015-10-27,1.06
2015-10-26,1.06
2015-10-23,1.062
2015-10-22,1.062
2015-10-21,1.096
2015-10-20,1.081
2015-10-19,1.081
2015-10-16,1.114
2015-10-15,1.075
2015-10-14,1.061
2015-10-13,1.06
2015-10-12,1.07
2015-10-09,1.065
2015-10-08,1.07
2015-10-07,1.087
2015-10-06,1.029
2015-10-05,1.086
2015-10-02,1.054
2015-10-01,1.098
2015-09-30,0.935
2015-09-29,0.9
2015-09-28,0.9
2015-09-25,0.86
2015-09-24,0.862
2015-09-23,0.898
2015-09-22,0.861
2015-09-21,0.88
2015-09-18,0.88
2015-09-17,0.893
2015-09-16,0.899
2015-09-15,0.899
2015-09-14,0.823
2015-09-11,0.841
2015-09-10,0.83
2015-09-09,0.829
2015-09-08,0.822
2015-09-07,0.811
2015-09-04,0.811
2015-09-03,0.81
2015-09-02,0.81
2015-09-01,0.81
2015-08-31,0.84
2015-08-28,0.84
2015-08-27,0.903
2015-08-26,0.801
2015-08-25,0.791
2015-08-24,0.8
2015-08-21,0.86
2015-08-20,0.83
2015-08-19,0.84
2015-08-18,0.855
2015-08-17,0.877
2015-08-14,0.85
2015-08-13,0.901
2015-08-12,0.91
2015-08-11,0.901
2015-08-10,0.901
2015-08-07,0.901
2015-08-06,0.925
2015-08-05,0.92
2015-08-04,0.93
2015-08-03,0.931
2015-07-31,0.936
2015-07-30,0.936
2015-07-29,0.934
2015-07-28,0.935
2015-07-27,0.95
2015-07-24,0.955
2015-07-23,0.935
2015-07-22,0.949
2015-07-21,0.951
2015-07-20,0.955
2015-07-17,0.949
2015-07-16,0.971
2015-07-15,0.94
2015-07-14,0.935
2015-07-13,0.95
2015-07-10,0.956
2015-07-09,0.915
2015-07-08,0.882
2015-07-07,0.881
2015-07-06,0.899
2015-07-03,0.902
2015-07-02,0.902
2015-07-01,0.901
2015-06-30,0.911
2015-06-29,0.91
2015-06-26,0.95
2015-06-25,0.959
2015-06-24,0.99
2015-06-23,1.0
2015-06-22,0.972
2015-06-19,1.0
2015-06-18,1.0
2015-06-17,1.0
2015-06-16,0.999
2015-06-15,1.033
2015-06-12,1.08
2015-06-11,1.08
2015-06-10,1.036
2015-06-09,1.04
2015-06-08,1.003
2015-06-05,1.086
2015-06-04,1.086
2015-06-03,1.15
2015-06-02,1.187
2015-06-01,1.244
2015-05-29,1.185
2015-05-28,1.27
2015-05-27,1.26
2015-05-26,1.26
2015-05-25,1.291
2015-05-22,1.3
2015-05-21,1.3
2015-05-20,1.296
2015-05-19,1.3
2015-05-18,1.4
2015-05-15,1.58
2015-05-14,1.57
2015-05-13,1.491
2015-05-12,1.491
2015-05-11,1.42
2015-05-08,1.39
2015-05-07,1.25
2015-05-06,1.201
2015-05-05,1.3
2015-05-04,1.37
2015-04-30,1.44
2015-04-29,1.431
2015-04-28,1.43
2015-04-27,1.467
2015-04-24,1.47
2015-04-23,1.48
2015-04-22,1.45
2015-04-21,1.455
2015-04-20,1.485
2015-04-17,1.571
2015-04-16,1.467
2015-04-15,1.432
2015-04-14,1.422
2015-04-13,1.42
2015-04-10,1.42
2015-04-09,1.411
2015-04-08,1.421
2015-04-07,1.411
2015-04-02,1.451
2015-04-01,1.46
2015-03-31,1.4
2015-03-30,1.411
2015-03-27,1.385
2015-03-26,1.41
2015-03-25,1.401
2015-03-24,1.412
2015-03-23,1.51
2015-03-20,1.55
2015-03-19,1.5
2015-03-18,1.5
2015-03-17,1.5
2015-03-16,1.502
2015-03-13,1.52
2015-03-12,1.52
2015-03-11,1.53
2015-03-10,1.532
2015-03-09,1.535
2015-03-06,1.601
2015-03-05,1.55
2015-03-04,1.53
2015-03-03,1.54
2015-03-02,1.57
2015-02-27,1.595
2015-02-26,1.56
2015-02-25,1.53
2015-02-24,1.59
2015-02-23,1.6
2015-02-20,1.482
2015-02-19,1.499
2015-02-18,1.445
2015-02-17,1.403
2015-02-16,1.55
2015-02-13,1.52
2015-02-12,1.557
2015-02-11,1.58
2015-02-10,1.5
2015-02-09,1.393
2015-02-06,1.556
2015-02-05,1.55
2015-02-04,1.649
2015-02-03,1.66
2015-02-02,1.655
2015-01-30,1.622
2015-01-29,1.67
2015-01-28,1.673
2015-01-27,1.651
2015-01-26,1.899
2015-01-23,1.661
2015-01-22,1.63
2015-01-21,1.85
2015-01-20,1.46
2015-01-19,1.35
2015-01-16,1.099
2015-01-15,0.97
2015-01-14,0.922
2015-01-13,0.91
2015-01-12,0.911
2015-01-09,0.921
2015-01-08,0.939
2015-01-07,0.902
2015-01-06,0.92
2015-01-05,0.94
2015-01-02,0.91
2014-12-31,0.91
2014-12-30,0.95
2014-12-29,0.91
2014-12-24,0.91
2014-12-23,0.91
2014-12-22,0.91
2014-12-19,0.93
2014-12-18,0.979
2014-12-17,0.92
2014-12-16,0.871
2014-12-15,0.88
2014-12-12,0.78
2014-12-11,0.82
2014-12-10,0.782
2014-12-09,0.793
2014-12-08,0.82
2014-12-05,0.82
2014-12-04,0.81
2014-12-03,0.785
2014-12-02,0.815
2014-12-01,0.817
2014-11-28,0.77
2014-11-27,0.771
2014-11-26,0.825
2014-11-25,0.837
2014-11-24,0.845
2014-11-21,0.843
2014-11-20,0.843
2014-11-19,0.845
2014-11-18,0.81
2014-11-17,0.82
2014-11-14,0.85
2014-11-13,0.85
2014-11-12,0.821
2014-11-11,0.88
2014-11-10,0.87
2014-11-07,0.9
2014-11-06,0.88
2014-11-05,0.883
2014-11-04,0.881
2014-11-03,0.881
2014-10-31,0.887
2014-10-30,0.901
2014-10-29,0.881
2014-10-28,0.909
2014-10-27,0.903
2014-10-24,0.91
2014-10-23,0.948
2014-10-22,0.919
2014-10-21,0.913
2014-10-20,0.904
2014-10-17,0.915
2014-10-16,0.974
2014-10-15,0.924
2014-10-14,0.922
2014-10-13,0.923
2014-10-10,0.934
2014-10-09,0.934
2014-10-08,0.941
2014-10-07,0.94
2014-10-06,0.928
2014-10-03,0.922
2014-10-02,0.92
2014-10-01,0.99
2014-09-30,0.935
2014-09-29,0.95
2014-09-26,0.926
2014-09-25,0.926
2014-09-24,0.913
2014-09-23,0.902
2014-09-22,0.902
2014-09-19,0.902
2014-09-18,0.91
2014-09-17,0.92
2014-09-16,0.938
2014-09-15,0.942
2014-09-12,0.901
2014-09-11,0.891
2014-09-10,0.901
2014-09-09,0.948
2014-09-08,0.952
2014-09-05,0.966
2014-09-04,0.931
2014-09-03,0.927
2014-09-02,0.891
2014-09-01,0.93
2014-08-29,0.915
2014-08-28,0.93
2014-08-27,0.911
2014-08-26,0.928
2014-08-25,0.97
2014-08-22,0.951
2014-08-21,0.94
2014-08-20,1.003
2014-08-19,0.933
2014-08-18,0.98
2014-08-15,0.98
2014-08-14,0.88
2014-08-13,0.9
2014-08-12,0.91
2014-08-11,0.901
2014-08-08,0.91
2014-08-07,0.894
2014-08-06,0.912
2014-08-05,1.02
2014-08-04,0.94
2014-08-01,1.03
2014-07-31,1.02
2014-07-30,1.03
2014-07-29,1.03
2014-07-28,1.1
2014-07-25,1.094
2014-07-24,1.07
2014-07-23,1.04
2014-07-22,1.04
2014-07-21,1.02
2014-07-18,1.05
2014-07-17,1.1
2014-07-16,1.05
2014-07-15,1.02
2014-07-14,1.19
2014-07-11,1.09
2014-07-10,1.0
2014-07-09,1.03
2014-07-08,1.0
2014-07-07,1.066
2014-07-04,1.1
2014-07-03,1.1
2014-07-02,1.1
2014-07-01,1.1
2014-06-30,1.1
2014-06-27,1.149
2014-06-26,1.17
2014-06-25,1.14
2014-06-24,1.15
2014-06-23,1.151
2014-06-20,1.15
2014-06-19,1.197
2014-06-18,1.16
2014-06-17,1.17
2014-06-16,1.23
2014-06-13,1.239
2014-06-12,1.16
2014-06-11,1.2
2014-06-10,1.239
2014-06-09,1.24
2014-06-06,1.175
2014-06-05,1.16
2014-06-04,1.16
2014-06-03,1.16
2014-06-02,1.2
2014-05-30,1.13
2014-05-29,1.1
2014-05-28,1.121
2014-05-27,1.15
2014-05-26,1.14
2014-05-23,1.15
2014-05-22,1.299
2014-05-21,1.15
2014-05-20,1.201
2014-05-19,1.2
2014-05-16,1.409
2014-05-15,1.52
2014-05-14,1.85
2014-05-13,1.84
2014-05-12,1.789
2014-05-09,1.778
2014-05-08,1.721
2014-05-07,1.859
2014-05-06,1.849
2014-05-05,1.72
2014-05-02,1.84
2014-04-30,1.818
2014-04-29,2.08
2014-04-28,2.26
2014-04-25,2.275
2014-04-24,2.45
2014-04-23,2.47
2014-04-22,2.55
2014-04-17,2.7
2014-04-16,2.502
2014-04-15,2.54
2014-04-14,2.696
2014-04-11,2.7
2014-04-10,2.9
2014-04-09,2.89
2014-04-08,2.86
2014-04-07,2.935
2014-04-04,2.84
2014-04-03,2.9
2014-04-02,2.85
2014-04-01,2.63
2014-03-31,2.56
2014-03-28,2.28
2014-03-27,2.13
2014-03-26,2.21
2014-03-25,1.84
2014-03-24,1.89
2014-03-21,2.29
2014-03-20,3.02
2014-03-19,2.41
2014-03-18,1.89
2014-03-17,1.77
2014-03-14,1.61
2014-03-13,1.44
2014-03-12,1.41
2014-03-11,1.4
2014-03-10,1.4
2014-03-07,1.28
2014-03-06,1.22
2014-03-05,1.25
2014-03-04,1.27
2014-03-03,1.2
2014-02-28,1.28
2014-02-27,1.28
2014-02-26,1.23
2014-02-25,1.16
2014-02-24,1.25
2014-02-21,0.95
2014-02-20,0.95
2014-02-19,0.94
2014-02-18,0.93
2014-02-17,0.96
2014-02-14,0.95
2014-02-13,0.93
2014-02-12,0.92
2014-02-11,0.88
2014-02-10,0.92
2014-02-07,0.89
2014-02-06,0.88
2014-02-05,0.88
2014-02-04,0.88
2014-02-03,0.85
2014-01-31,0.85
2014-01-30,0.88
2014-01-29,0.85
2014-01-28,0.86
2014-01-27,0.85
2014-01-24,0.86
2014-01-23,0.86
2014-01-22,0.86
2014-01-21,0.9
2014-01-20,0.87
2014-01-17,0.9
2014-01-16,0.85
2014-01-15,0.87
2014-01-14,0.91
2014-01-13,0.89
2014-01-10,0.84
2014-01-09,0.83
2014-01-08,0.8
2014-01-07,0.84
2014-01-06,0.8
2014-01-03,0.83
2014-01-02,0.81
2013-12-31,0.84
2013-12-30,0.78
2013-12-27,0.78
2013-12-24,0.77
2013-12-23,0.78
2013-12-20,0.78
2013-12-19,0.78
2013-12-18,0.76
2013-12-17,0.8
2013-12-16,0.8
2013-12-13,0.84
2013-12-12,0.67
2013-12-11,0.68
2013-12-10,0.7
2013-12-09,0.7
2013-12-06,0.76
2013-12-05,0.72
2013-12-04,0.72
2013-12-03,0.72
2013-12-02,0.76
2013-11-29,0.69
2013-11-28,0.77
2013-11-27,0.68
2013-11-26,0.75
2013-11-25,0.63
2013-11-22,0.62
2013-11-21,0.63
2013-11-20,0.64
2013-11-19,0.63
2013-11-18,0.63
2013-11-15,0.67
2013-11-14,0.61
2013-11-13,0.63
2013-11-12,0.66
2013-11-11,0.63
2013-11-08,0.64
2013-11-07,0.63
2013-11-06,0.65
2013-11-05,0.62
2013-11-04,0.62
2013-11-01,0.63
2013-10-31,0.63
2013-10-30,0.62
2013-10-29,0.62
2013-10-28,0.61
2013-10-25,0.62
2013-10-24,0.62
2013-10-23,0.65
2013-10-22,0.65
2013-10-21,0.65
2013-10-18,0.65
2013-10-17,0.64
2013-10-16,0.64
2013-10-15,0.65
2013-10-14,0.65
2013-10-11,0.64
2013-10-10,0.65
2013-10-09,0.64
2013-10-08,0.63
2013-10-07,0.63
2013-10-04,0.63
2013-10-03,0.63
2013-10-02,0.66
2013-10-01,0.66
2013-09-30,0.7
2013-09-27,0.7
2013-09-26,0.7
2013-09-25,0.68
2013-09-24,0.74
2013-09-23,0.66
2013-09-20,0.66
2013-09-19,0.64
2013-09-18,0.64
2013-09-17,0.68
2013-09-16,0.65
2013-09-13,0.61
2013-09-12,0.62
2013-09-11,0.62
2013-09-10,0.62
2013-09-09,0.62
2013-09-06,0.65
2013-09-05,0.63
2013-09-04,0.64
2013-09-03,0.64
2013-09-02,0.64
2013-08-30,0.63
2013-08-29,0.62
2013-08-28,0.63
2013-08-27,0.66
2013-08-26,0.66
2013-08-23,0.65
2013-08-22,0.65
2013-08-21,0.66
2013-08-20,0.67
2013-08-19,0.67
2013-08-16,0.68
2013-08-14,0.68
2013-08-13,0.67
2013-08-12,0.67
2013-08-09,0.67
2013-08-08,0.66
2013-08-07,0.68
2013-08-06,0.68
2013-08-05,0.69
2013-08-02,0.73
2013-08-01,0.73
2013-07-31,0.74
2013-07-30,0.7
2013-07-29,0.7
2013-07-26,0.7
2013-07-25,0.68
2013-07-24,0.68
2013-07-23,0.69
2013-07-22,0.67
2013-07-19,0.67
2013-07-18,0.66
2013-07-17,0.67
2013-07-16,0.65
2013-07-15,0.67
2013-07-12,0.67
2013-07-11,0.67
2013-07-10,0.67
2013-07-09,0.66
2013-07-08,0.62
2013-07-05,0.71
2013-07-04,0.65
2013-07-03,0.64
2013-07-02,0.67
2013-07-01,0.66
2013-06-28,0.66
2013-06-27,0.66
2013-06-26,0.66
2013-06-25,0.68
2013-06-24,0.67
2013-06-21,0.7
2013-06-20,0.7
2013-06-19,0.71
2013-06-18,0.7
2013-06-17,0.71
2013-06-14,0.74
2013-06-13,0.73
2013-06-12,0.73
2013-06-11,0.75
2013-06-10,0.78
2013-06-07,0.76
2013-06-06,0.73
2013-06-05,0.82
2013-06-04,0.75
2013-06-03,0.8
2013-05-31,0.79
2013-05-30,0.77
2013-05-29,0.75
2013-05-28,0.74
2013-05-27,0.76
2013-05-24,0.8
2013-05-23,0.76
2013-05-22,0.75
2013-05-21,0.77
2013-05-20,0.8
2013-05-17,0.8
2013-05-16,0.78
2013-05-15,0.87
2013-05-14,0.86
2013-05-13,0.81
2013-05-10,0.92
2013-05-09,0.92
2013-05-08,0.9
2013-05-07,0.91
2013-05-06,1.04
2013-05-03,1.02
2013-05-02,0.94
2013-04-30,0.93
2013-04-29,0.93
2013-04-26,0.91
2013-04-25,0.92
2013-04-24,0.92
2013-04-23,0.92
2013-04-22,0.9
2013-04-19,0.89
2013-04-18,0.87
2013-04-17,0.85
2013-04-16,0.85
2013-04-15,0.85
2013-04-12,0.91
2013-04-11,0.98
2013-04-10,0.97
2013-04-09,0.76
2013-04-08,0.9
2013-04-05,1.01
2013-04-04,1.1
2013-04-03,1.11
2013-04-02,1.06
2013-03-28,1.04
2013-03-27,1.1
2013-03-26,1.1
2013-03-25,1.12
2013-03-22,1.08
2013-03-21,1.1
2013-03-20,1.05
2013-03-19,1.09
2013-03-18,0.93
2013-03-15,0.8
2013-03-14,0.76
2013-03-13,0.77
2013-03-12,0.75
2013-03-11,0.69
2013-03-08,0.67
2013-03-07,0.68
2013-03-06,0.66
2013-03-05,0.63
2013-03-04,0.7
2013-03-01,0.61
2013-02-28,0.61
2013-02-27,0.59
2013-02-26,0.64
2013-02-25,0.58
2013-02-22,0.62
2013-02-21,0.65
2013-02-20,0.61
2013-02-19,0.51
2013-02-18,0.5
2013-02-15,0.5
2013-02-14,0.52
2013-02-13,0.52
2013-02-12,0.49
2013-02-11,0.5
2013-02-08,0.45
2013-02-07,0.47
2013-02-06,0.43
2013-02-05,0.43
2013-02-04,0.44
2013-02-01,0.48
2013-01-31,0.46
2013-01-30,0.46
2013-01-29,0.45
2013-01-28,0.49
2013-01-25,0.46
2013-01-24,0.48
2013-01-23,0.46
2013-01-22,0.48
2013-01-21,0.5
2013-01-18,0.48
2013-01-17,0.48
2013-01-16,0.46
2013-01-15,0.47
2013-01-14,0.5
2013-01-11,0.49
2013-01-10,0.52
2013-01-09,0.45
2013-01-08,0.42
2013-01-07,0.45
2013-01-04,0.45
2013-01-03,0.44
2013-01-02,0.41
2012-12-31,0.41
2012-12-28,0.42
2012-12-27,0.4
2012-12-21,0.43
2012-12-20,0.42
2012-12-19,0.48
2012-12-18,0.38
2012-12-17,0.38
2012-12-14,0.42
2012-12-13,0.38
2012-12-12,0.39
2012-12-11,0.4
2012-12-10,0.37
2012-12-07,0.41
2012-12-06,0.39
2012-12-05,0.41
2012-12-04,0.41
2012-12-03,0.42
2012-11-30,0.42
2012-11-29,0.43
2012-11-28,0.44
2012-11-27,0.43
2012-11-26,0.42
2012-11-23,0.42
2012-11-22,0.44
2012-11-21,0.43
2012-11-20,0.45
2012-11-19,0.48
2012-11-16,0.45
2012-11-15,0.45
2012-11-14,0.45
2012-11-13,0.46
2012-11-12,0.46
2012-11-09,0.46
2012-11-08,0.45
2012-11-07,0.47
2012-11-06,0.45
2012-11-05,0.45
2012-11-02,0.47
2012-11-01,0.43
2012-10-31,0.47
2012-10-30,0.47
2012-10-29,0.47
2012-10-26,0.47
2012-10-25,0.51
2012-10-24,0.46
2012-10-23,0.46
2012-10-22,0.47
2012-10-19,0.47
2012-10-18,0.5
2012-10-17,0.52
2012-10-16,0.46
2012-10-15,0.51
2012-10-12,0.47
2012-10-11,0.46
2012-10-10,0.47
2012-10-09,0.47
2012-10-08,0.49
2012-10-05,0.53
2012-10-04,0.46
2012-10-03,0.47
2012-10-02,0.49
2012-10-01,0.49
2012-09-28,0.5
2012-09-27,0.5
2012-09-26,0.49
2012-09-25,0.5
2012-09-24,0.5
2012-09-21,0.53
2012-09-20,0.53
2012-09-19,0.53
2012-09-18,0.53
2012-09-17,0.53
2012-09-14,0.54
2012-09-13,0.57
2012-09-12,0.55
2012-09-11,0.54
2012-09-10,0.54
2012-09-07,0.54
2012-09-06,0.55
2012-09-05,0.55
2012-09-04,0.55
2012-09-03,0.55
2012-08-31,0.55
2012-08-30,0.55
2012-08-29,0.55
2012-08-28,0.55
2012-08-27,0.55
2012-08-24,0.55
2012-08-23,0.58
2012-08-22,0.57
2012-08-21,0.6
2012-08-20,0.58
2012-08-17,0.59
2012-08-16,0.56
2012-08-15,0.59
2012-08-14,0.57
2012-08-13,0.56
2012-08-10,0.59
2012-08-09,0.57
2012-08-08,0.57
2012-08-07,0.57
2012-08-06,0.57
2012-08-03,0.59
2012-08-02,0.6
2012-08-01,0.56
2012-07-31,0.56
2012-07-30,0.57
2012-07-27,0.56
2012-07-26,0.58
2012-07-25,0.58
2012-07-24,0.58
2012-07-23,0.57
2012-07-20,0.57
2012-07-19,0.57
2012-07-18,0.57
2012-07-17,0.56
2012-07-16,0.58
2012-07-13,0.6
2012-07-12,0.58
2012-07-11,0.63
2012-07-10,0.56
2012-07-09,0.55
2012-07-06,0.56
2012-07-05,0.58
2012-07-04,0.57
2012-07-03,0.63
2012-07-02,0.61
2012-06-29,0.69
2012-06-28,0.6
2012-06-27,0.6
2012-06-26,0.6
2012-06-25,0.71
2012-06-22,0.72
2012-06-21,0.57
2012-06-20,0.6
2012-06-19,0.61
2012-06-18,0.65
2012-06-15,0.64
2012-06-14,0.64
2012-06-13,0.63
2012-06-12,0.63
2012-06-11,0.63
2012-06-08,0.63
2012-06-07,0.7
2012-06-06,0.64
2012-06-05,0.63
2012-06-04,0.61
2012-06-01,0.64
2012-05-31,0.63
2012-05-30,0.6
2012-05-29,0.62
2012-05-28,0.62
2012-05-25,0.64
2012-05-24,0.64
2012-05-23,0.65
2012-05-22,0.62
2012-05-21,0.61
2012-05-18,0.65
2012-05-17,0.65
2012-05-16,0.65
2012-05-15,0.7
2012-05-14,0.7
2012-05-11,0.68
2012-05-10,0.69
2012-05-09,0.74
2012-05-08,0.69
2012-05-07,0.69
2012-05-04,0.68
2012-05-03,0.68
2012-05-02,0.67
2012-04-30,0.65
2012-04-27,0.65
2012-04-26,0.65
2012-04-24,0.64
2012-04-23,0.64
2012-04-20,0.64
2012-04-19,0.67
2012-04-18,0.67
2012-04-17,0.66
2012-04-16,0.64
2012-04-13,0.7
2012-04-12,0.68
2012-04-11,0.73
2012-04-10,0.73
2012-04-05,0.78
2012-04-04,0.81
2012-04-03,0.82
2012-04-02,0.91
2012-03-30,0.85
2012-03-29,0.85
2012-03-28,0.85
2012-03-27,0.84
2012-03-26,0.9
2012-03-23,0.9
2012-03-22,0.9
2012-03-21,0.91
2012-03-20,0.91
2012-03-19,0.91
2012-03-16,0.91
2012-03-15,0.9
2012-03-14,0.9
2012-03-13,0.9
2012-03-12,0.9
2012-03-09,0.91
2012-03-08,0.91
2012-03-07,0.94
2012-03-06,0.95
2012-03-05,0.94
2012-03-02,0.96
2012-03-01,0.97
2012-02-29,0.89
2012-02-28,0.95
2012-02-27,0.89
2012-02-24,0.96
2012-02-23,0.97
2012-02-22,0.97
2012-02-21,0.97
2012-02-20,1.07
2012-02-17,1.0
2012-02-16,0.95
2012-02-15,1.0
2012-02-14,0.87
2012-02-13,0.86
2012-02-10,0.85
2012-02-09,0.85
2012-02-08,0.82
2012-02-07,0.81
2012-02-06,0.85
2012-02-03,0.82
2012-02-02,0.81
2012-02-01,0.81
2012-01-31,0.82
2012-01-30,0.81
2012-01-27,0.77
2012-01-26,0.8
2012-01-25,0.8
2012-01-24,0.85
2012-01-23,0.81
2012-01-20,0.81
2012-01-19,0.8
2012-01-18,0.8
2012-01-17,0.77
2012-01-16,0.76
2012-01-13,0.7
2012-01-12,0.7
2012-01-11,0.75
2012-01-10,0.64
2012-01-09,0.74
2012-01-06,0.62
2012-01-05,0.65
2012-01-04,0.65
2012-01-03,0.68
2012-01-02,0.65
2011-12-30,0.69
2011-12-29,0.64
2011-12-28,0.62
2011-12-27,0.65
2011-12-23,0.66
2011-12-22,0.65
2011-12-21,0.66
2011-12-20,0.65
2011-12-19,0.64
2011-12-16,0.7
2011-12-15,0.7
2011-12-14,0.73
2011-12-13,0.73
2011-12-12,0.67
2011-12-09,0.73
2011-12-08,0.73
2011-12-07,0.8
2011-12-06,0.74
2011-12-05,0.72
2011-12-02,0.72
2011-12-01,0.72
2011-11-30,0.72
2011-11-29,0.73
2011-11-28,0.73
2011-11-25,0.75
2011-11-24,0.76
2011-11-23,0.76
2011-11-22,0.77
2011-11-21,0.77
2011-11-18,0.77
2011-11-17,0.86
2011-11-16,0.74
2011-11-15,0.74
2011-11-14,0.76
2011-11-11,0.8
2011-11-10,0.8
2011-11-09,0.78
2011-11-08,0.8
2011-11-07,0.8
2011-11-04,0.8
2011-11-03,0.82
2011-11-02,0.8
2011-11-01,0.93
2011-10-31,0.79
2011-10-28,0.83
2011-10-27,0.84
2011-10-26,0.85
2011-10-25,0.87
2011-10-24,0.87
2011-10-21,0.87
2011-10-20,0.9
2011-10-19,0.87
2011-10-18,0.85
2011-10-17,0.83
2011-10-14,0.87
2011-10-13,0.86
2011-10-12,0.9
2011-10-11,0.88
2011-10-10,0.87
2011-10-07,0.84
2011-10-06,0.89
2011-10-05,0.96
2011-10-04,0.84
2011-10-03,1.35
2011-09-30,1.0
2011-09-29,0.93
2011-09-28,0.89
2011-09-27,0.96
2011-09-26,0.88
2011-09-23,0.95
2011-09-22,0.94
2011-09-21,1.0
2011-09-20,0.98
2011-09-19,1.0
2011-09-16,0.95
2011-09-15,1.0
2011-09-14,1.0
2011-09-13,0.94
2011-09-12,0.97
2011-09-09,0.99
2011-09-08,0.96
2011-09-07,1.0
2011-09-06,1.0
2011-09-05,1.05
2011-09-02,1.1
2011-09-01,1.09
2011-08-31,1.05
2011-08-30,1.01
2011-08-29,0.95
2011-08-26,1.05
2011-08-25,1.05
2011-08-24,1.0
2011-08-23,1.01
2011-08-22,1.01
2011-08-19,1.01
2011-08-18,1.01
2011-08-17,1.01
2011-08-16,1.02
2011-08-12,1.02
2011-08-11,1.03
2011-08-10,1.02
2011-08-09,0.94
2011-08-08,1.0
2011-08-05,1.1
2011-08-04,1.16
2011-08-03,1.09
2011-08-02,1.14
2011-08-01,1.13
2011-07-29,1.19
2011-07-28,1.12
2011-07-27,1.09
2011-07-26,1.2
2011-07-25,1.18
2011-07-22,1.14
2011-07-21,1.2
2011-07-20,1.14
2011-07-19,1.14
2011-07-18,1.12
2011-07-15,1.15
2011-07-14,1.27
2011-07-13,1.16
2011-07-12,1.16
2011-07-11,1.29
2011-07-08,1.14
2011-07-07,1.15
2011-07-06,1.2
2011-07-05,1.25
2011-07-04,1.17
2011-07-01,1.17
2011-06-30,1.17
2011-06-29,1.2
2011-06-28,1.15
2011-06-27,1.15
2011-06-24,1.25
2011-06-23,1.2
2011-06-22,1.18
2011-06-21,1.2
2011-06-20,1.19
2011-06-17,1.2
2011-06-16,1.25
2011-06-15,1.25
2011-06-14,1.25
2011-06-13,1.26
2011-06-10,1.26
2011-06-09,1.23
2011-06-08,1.29
2011-06-07,1.37
2011-06-06,1.27
2011-06-03,1.26
2011-06-02,1.27
2011-06-01,1.27
2011-05-31,1.26
2011-05-30,1.28
2011-05-27,1.3
2011-05-26,1.4
2011-05-25,1.4
2011-05-24,1.32
2011-05-23,1.32
2011-05-20,1.32
2011-05-19,1.32
2011-05-18,1.27
2011-05-17,1.26
2011-05-16,1.27
2011-05-13,1.28
2011-05-12,1.26
2011-05-11,1.27
2011-05-10,1.25
2011-05-09,1.25
2011-05-06,1.25
2011-05-05,1.5
2011-05-04,1.3
2011-05-03,1.4
2011-05-02,1.24
2011-04-29,1.28
2011-04-28,1.3
2011-04-27,1.27
2011-04-26,1.26
2011-04-21,1.25
2011-04-20,1.3
2011-04-19,1.31
2011-04-18,1.3
2011-04-15,1.43
2011-04-14,1.45
2011-04-13,1.43
2011-04-12,1.43
2011-04-11,1.45
2011-04-08,1.53
2011-04-07,1.44
2011-04-06,1.45
2011-04-05,1.43
2011-04-04,1.44
2011-04-01,1.46
2011-03-31,1.44
2011-03-30,1.43
2011-03-29,1.46
2011-03-28,1.5
2011-03-25,1.5
2011-03-24,1.53
2011-03-23,1.5
2011-03-22,1.55
2011-03-21,1.5
2011-03-18,1.48
2011-03-17,1.45
2011-03-16,1.48
2011-03-15,1.41
2011-03-14,1.55
2011-03-11,1.55
2011-03-10,1.55
2011-03-09,1.55
2011-03-08,1.55
2011-03-07,1.55
2011-03-04,1.55
2011-03-03,1.57
2011-03-02,1.55
2011-03-01,1.51
2011-02-28,1.55
2011-02-25,1.58
2011-02-24,1.58
2011-02-23,1.47
2011-02-22,1.58
2011-02-21,1.45
2011-02-18,1.52
2011-02-17,1.54
2011-02-16,1.5
2011-02-15,1.5
2011-02-14,1.47
2011-02-11,1.49
2011-02-10,1.52
2011-02-09,1.5
2011-02-08,1.5
2011-02-07,1.48
2011-02-04,1.5
2011-02-03,1.52
2011-02-02,1.51
2011-02-01,1.56
2011-01-31,1.56
2011-01-28,1.57
2011-01-27,1.56
2011-01-26,1.56
2011-01-25,1.55
2011-01-24,1.55
2011-01-21,1.55
2011-01-20,1.55
2011-01-19,1.55
2011-01-18,1.55
2011-01-17,1.55
2011-01-14,1.56
2011-01-13,1.55
2011-01-12,1.56
2011-01-11,1.55
2011-01-10,1.56
2011-01-07,1.55
2011-01-06,1.55
2011-01-05,1.51
2011-01-04,1.5
2011-01-03,1.55
2010-12-31,1.51
2010-12-30,1.51
2010-12-29,1.51
2010-12-28,1.55
2010-12-27,1.56
2010-12-23,1.63
2010-12-22,1.6
2010-12-21,1.63
2010-12-20,1.56
2010-12-17,1.58
2010-12-16,1.66
2010-12-15,1.69
2010-12-14,1.69
2010-12-13,1.69
2010-12-10,1.69
2010-12-09,1.77
2010-12-08,1.72
2010-12-07,1.72
2010-12-06,1.76
2010-12-03,1.73
2010-12-02,1.73
2010-12-01,1.72
2010-11-30,1.61
2010-11-29,1.7
2010-11-26,1.7
2010-11-25,1.62
2010-11-24,1.72
2010-11-23,1.76
2010-11-22,1.78
2010-11-19,1.77
2010-11-18,1.76
2010-11-17,1.8
2010-11-16,1.78
2010-11-15,1.78
2010-11-12,1.85
2010-11-11,1.86
2010-11-10,1.91
2010-11-09,1.88
2010-11-08,2.0
2010-11-05,1.86
2010-11-04,1.91
2010-11-03,2.0
2010-11-02,2.0
2010-11-01,2.0
2010-10-29,2.0
2010-10-28,2.03
2010-10-27,2.01
2010-10-26,2.03
2010-10-25,2.0
2010-10-22,2.06
2010-10-21,2.04
2010-10-20,2.04
2010-10-19,2.02
2010-10-18,2.05
2010-10-15,2.07
2010-10-14,2.01
2010-10-13,2.03
2010-10-12,2.02
2010-10-11,2.05
2010-10-08,2.05
2010-10-07,2.06
2010-10-06,2.17
2010-10-05,2.24
2010-10-04,2.27
2010-10-01,2.22
2010-09-30,2.15
2010-09-29,2.02
2010-09-28,2.03
2010-09-27,2.09
2010-09-24,2.1
2010-09-23,2.13
2010-09-22,2.2
2010-09-21,2.16
2010-09-20,2.19
2010-09-17,2.2
2010-09-16,2.2
2010-09-15,2.26
2010-09-14,2.25
2010-09-13,2.25
2010-09-10,2.26
2010-09-09,2.3
2010-09-08,2.25
2010-09-07,2.25
2010-09-06,2.25
2010-09-03,2.32
2010-09-02,2.35
2010-09-01,2.32
2010-08-31,2.31
2010-08-30,2.32
2010-08-27,2.33
2010-08-26,2.32
2010-08-25,2.32
2010-08-24,2.36
2010-08-23,2.37
2010-08-20,2.37
2010-08-19,2.37
2010-08-18,2.36
2010-08-17,2.36
2010-08-16,2.37
2010-08-13,2.5
2010-08-12,2.39
2010-08-11,2.38
2010-08-10,2.38
2010-08-09,2.39
2010-08-06,2.43
2010-08-05,2.5
2010-08-04,2.4
2010-08-03,2.55
2010-08-02,2.42
2010-07-30,2.39
2010-07-29,2.4
2010-07-28,2.4
2010-07-27,2.4
2010-07-26,2.31
2010-07-23,2.35
2010-07-22,2.44
2010-07-21,2.4
2010-07-20,2.35
2010-07-19,2.39
2010-07-16,2.28
2010-07-15,2.3
2010-07-14,2.35
2010-07-13,2.31
2010-07-12,2.29
2010-07-09,2.37
2010-07-08,2.45
2010-07-07,2.29
2010-07-06,2.3
2010-07-05,2.36
2010-07-02,2.36
2010-07-01,2.36
2010-06-30,2.35
2010-06-29,2.38
2010-06-28,2.38
2010-06-25,2.38
2010-06-24,2.38
2010-06-23,2.4
2010-06-22,2.4
2010-06-21,2.38
2010-06-18,2.48
2010-06-17,2.4
2010-06-16,2.47
2010-06-15,2.39
2010-06-14,2.45
2010-06-11,2.36
2010-06-10,2.36
2010-06-09,2.31
2010-06-08,2.32
2010-06-07,2.4
2010-06-04,2.3
2010-06-03,2.4
2010-06-02,2.29
2010-06-01,2.37
2010-05-31,2.44
2010-05-28,2.44
2010-05-27,2.4
2010-05-26,2.39
2010-05-25,2.35
2010-05-24,2.37
2010-05-21,2.39
2010-05-20,2.42
2010-05-19,2.45
2010-05-18,2.49
2010-05-17,2.41
2010-05-14,2.35
2010-05-13,2.64
2010-05-12,2.6
2010-05-11,2.42
2010-05-10,2.91
2010-05-07,3.14
2010-05-06,3.17
2010-05-05,2.99
2010-05-04,3.05
2010-05-03,3.11
2010-04-30,3.11
2010-04-29,2.95
2010-04-28,2.91
2010-04-27,3.03
2010-04-26,3.1
2010-04-23,3.15
2010-04-22,3.17
2010-04-21,3.28
2010-04-20,3.28
2010-04-19,3.1
2010-04-16,3.38
2010-04-15,3.32
2010-04-14,3.3
2010-04-13,3.45
2010-04-12,3.15
2010-04-09,3.1
2010-04-08,3.29
2010-04-07,3.35
2010-04-06,3.39
2010-04-01,3.44
2010-03-31,3.44
2010-03-30,3.43
2010-03-29,3.35
2010-03-26,3.5
2010-03-25,3.25
2010-03-24,3.15
2010-03-23,3.1
2010-03-22,3.08
2010-03-19,3.02
2010-03-18,2.99
2010-03-17,2.98
2010-03-16,3.0
2010-03-15,3.0
2010-03-12,2.91
2010-03-11,2.98
2010-03-10,2.87
2010-03-09,2.9
2010-03-08,2.98
2010-03-05,2.89
2010-03-04,2.85
2010-03-03,2.63
2010-03-02,2.58
2010-03-01,2.69
2010-02-26,2.5
2010-02-25,2.5
2010-02-24,2.5
2010-02-23,2.55
2010-02-22,2.5
2010-02-19,2.54
2010-02-18,2.45
2010-02-17,2.43
2010-02-16,2.54
2010-02-15,2.54
2010-02-12,2.45
2010-02-11,2.41
2010-02-10,2.41
2010-02-09,2.36
2010-02-08,2.3
2010-02-05,2.36
2010-02-04,2.57
2010-02-03,2.55
2010-02-02,2.41
2010-02-01,2.41
2010-01-29,2.52
2010-01-28,2.52
2010-01-27,2.51
2010-01-26,2.49
2010-01-25,2.46
2010-01-22,2.55
2010-01-21,2.55
2010-01-20,2.55
2010-01-19,2.55
2010-01-18,2.6
2010-01-15,2.56
2010-01-14,2.55
2010-01-13,2.55
2010-01-12,2.59
2010-01-11,2.55
2010-01-08,2.55
2010-01-07,2.61
2010-01-06,2.5
2010-01-05,2.55
2010-01-04,2.51
2009-12-31,2.55
2009-12-30,2.55
2009-12-29,2.55
2009-12-28,2.5
2009-12-24,2.49
2009-12-23,2.48
2009-12-22,2.51
2009-12-21,2.72
2009-12-18,2.55
2009-12-17,2.53
2009-12-16,2.53
2009-12-15,2.51
2009-12-14,2.52
2009-12-11,2.56
2009-12-10,2.55
2009-12-09,2.59
2009-12-08,2.7
2009-12-07,2.67
2009-12-04,2.7
2009-12-03,2.71
2009-12-02,2.73
2009-12-01,2.75
2009-11-30,2.79
2009-11-27,2.8
2009-11-26,2.74
2009-11-25,2.75
2009-11-24,2.85
2009-11-23,2.76
2009-11-20,2.8
2009-11-19,2.82
2009-11-18,2.82
2009-11-17,2.81
2009-11-16,2.84
2009-11-13,2.8
2009-11-12,2.84
2009-11-11,2.86
2009-11-10,2.98
2009-11-09,2.98
2009-11-06,2.76
2009-11-05,2.67
2009-11-04,2.65
2009-11-03,2.65
2009-11-02,2.63
2009-10-30,2.9
2009-10-29,2.94
2009-10-28,2.93
2009-10-27,2.93
2009-10-26,2.96
2009-10-23,3.01
2009-10-22,2.98
2009-10-21,3.03
2009-10-20,3.05
2009-10-19,3.05
2009-10-16,3.03
2009-10-15,3.01
2009-10-14,2.91
2009-10-13,2.91
2009-10-12,3.0
2009-10-09,2.98
2009-10-08,3.06
2009-10-07,3.11
2009-10-06,3.09
2009-10-05,3.07
2009-10-02,2.96
2009-10-01,3.42
2009-09-30,3.55
2009-09-29,2.99
2009-09-28,2.75
2009-09-25,2.5
2009-09-24,2.4
2009-09-23,2.34
2009-09-22,2.31
2009-09-21,2.35
2009-09-18,2.31
2009-09-17,2.35
2009-09-16,2.29
2009-09-15,2.3
2009-09-14,2.21
2009-09-11,2.19
2009-09-10,2.1
2009-09-09,2.01
2009-09-08,2.01
2009-09-07,2.02
2009-09-04,2.01
2009-09-03,2.01
2009-09-02,2.01
2009-09-01,2.05
2009-08-31,2.06
2009-08-28,2.05
2009-08-27,2.07
2009-08-26,2.1
2009-08-25,2.08
2009-08-24,2.07
2009-08-21,2.14
2009-08-20,2.11
2009-08-19,2.05
2009-08-18,2.1
2009-08-17,2.08
2009-08-14,2.13
2009-08-13,2.02
2009-08-12,1.99
2009-08-11,1.96
2009-08-10,1.97
2009-08-07,1.98
2009-08-06,1.95
2009-08-05,2.0
2009-08-04,2.0
2009-08-03,1.94
2009-07-31,1.93
2009-07-30,2.13
2009-07-29,1.9
2009-07-28,1.8
2009-07-27,1.8
2009-07-24,1.79
2009-07-23,1.79
2009-07-22,1.79
2009-07-21,1.81
2009-07-20,1.82
2009-07-17,1.81
2009-07-16,1.82
2009-07-15,1.81
2009-07-14,1.88
2009-07-13,1.84
2009-07-10,1.77
2009-07-09,1.87
2009-07-08,1.78
2009-07-07,1.77
2009-07-06,1.78
2009-07-03,1.78
2009-07-02,1.79
2009-07-01,1.8
2009-06-30,1.8
2009-06-29,1.83
2009-06-26,1.85
2009-06-25,1.87
2009-06-24,1.85
2009-06-23,1.84
2009-06-22,1.87
2009-06-19,1.85
2009-06-18,1.86
2009-06-17,1.89
2009-06-16,1.84
2009-06-15,1.82
2009-06-12,1.9
2009-06-10,1.77
2009-06-09,1.76
2009-06-08,1.85
2009-06-05,1.76
2009-06-04,1.74
2009-06-03,1.73
2009-06-02,1.77
2009-06-01,1.76
2009-05-29,1.75
2009-05-28,1.74
2009-05-27,1.75
2009-05-26,1.75
2009-05-25,1.75
2009-05-22,1.75
2009-05-21,1.78
2009-05-20,1.73
2009-05-19,1.72
2009-05-18,1.72
2009-05-15,1.75
2009-05-14,1.75
2009-05-13,1.7
2009-05-12,1.8
2009-05-11,1.77
2009-05-08,1.85
2009-05-07,1.75
2009-05-06,1.85
2009-05-05,1.73
2009-05-04,1.78
2009-04-30,1.77
2009-04-29,1.73
2009-04-28,1.72
2009-04-27,1.78
2009-04-24,1.78
2009-04-23,1.76
2009-04-22,1.76
2009-04-21,1.8
2009-04-20,1.81
2009-04-17,1.81
2009-04-16,1.86
2009-04-15,1.87
2009-04-14,1.86
2009-04-09,1.85
2009-04-08,1.85
2009-04-07,1.85
2009-04-06,1.82
2009-04-03,1.87
2009-04-02,1.85
2009-04-01,1.86
2009-03-31,2.0
2009-03-30,1.86
2009-03-27,1.95
2009-03-26,1.86
2009-03-25,1.86
2009-03-24,1.88
2009-03-23,1.95
2009-03-20,1.96
2009-03-19,1.95
2009-03-18,1.97
2009-03-17,1.97
2009-03-16,2.0
2009-03-13,1.97
2009-03-12,1.96
2009-03-11,1.98
2009-03-10,1.96
2009-03-09,2.0
2009-03-06,1.96
2009-03-05,1.96
2009-03-04,2.01
2009-03-03,2.01
2009-03-02,2.01
2009-02-27,2.02
2009-02-26,2.01
2009-02-25,2.01
2009-02-24,2.01
2009-02-23,2.01
2009-02-20,2.02
2009-02-19,2.08
2009-02-18,2.11
2009-02-17,2.15
2009-02-16,2.1
2009-02-13,2.08
2009-02-12,2.08
2009-02-11,2.08
2009-02-10,2.14
2009-02-09,2.07
2009-02-06,2.09
2009-02-05,2.11
2009-02-04,2.15
2009-02-03,2.16
2009-02-02,2.16
2009-01-30,2.18
2009-01-29,2.21
2009-01-28,2.28
2009-01-27,2.27
2009-01-26,2.27
2009-01-23,2.15
2009-01-22,2.15
2009-01-21,2.15
2009-01-20,2.15
2009-01-19,2.15
2009-01-16,2.15
2009-01-15,2.2
2009-01-14,2.15
2009-01-13,2.2
2009-01-12,2.25
2009-01-09,2.24
2009-01-08,2.15
2009-01-07,2.15
2009-01-06,2.15
2009-01-05,2.15
2009-01-02,2.1
2008-12-31,2.1
2008-12-30,2.1
2008-12-29,2.1
2008-12-23,2.12
2008-12-22,2.1
2008-12-19,2.1
2008-12-18,2.05
2008-12-17,2.05
2008-12-16,2.03
2008-12-15,2.03
2008-12-12,2.03
2008-12-11,2.03
2008-12-10,2.06
2008-12-09,2.06
2008-12-08,2.09
2008-12-05,2.06
2008-12-04,2.06
2008-12-03,2.06
2008-12-02,2.06
2008-12-01,2.06
2008-11-28,2.06
2008-11-27,2.09
2008-11-26,2.06
2008-11-25,2.06
2008-11-24,2.06
2008-11-21,2.06
2008-11-20,2.06
2008-11-19,2.06
2008-11-18,2.06
2008-11-17,2.06
2008-11-14,2.06
2008-11-13,2.06
2008-11-12,2.06
2008-11-11,2.06
2008-11-10,2.1
2008-11-07,2.05
2008-11-06,2.04
2008-11-05,2.04
2008-11-04,2.04
2008-11-03,2.04
2008-10-31,2.04
2008-10-30,2.1
2008-10-29,2.06
2008-10-28,2.06
2008-10-27,2.05
2008-10-24,2.05
2008-10-23,2.05
2008-10-22,2.05
2008-10-21,2.07
2008-10-20,2.05
2008-10-17,2.05
2008-10-16,2.1
2008-10-15,2.01
2008-10-14,2.1
2008-10-13,2.05
2008-10-10,2.02
2008-10-09,2.03
2008-10-08,2.03
2008-10-07,2.1
2008-10-06,2.1
2008-10-03,2.07
2008-10-02,2.07
2008-10-01,2.05
2008-09-30,2.05
2008-09-29,2.1
2008-09-26,2.08
2008-09-25,2.07
2008-09-24,2.05
2008-09-23,2.07
2008-09-22,2.05
2008-09-19,2.0
2008-09-18,1.97
2008-09-17,1.98
2008-09-16,1.98
2008-09-15,2.0
2008-09-12,2.02
2008-09-11,1.95
2008-09-10,2.05
2008-09-09,2.06
2008-09-08,2.06
2008-09-05,2.05
2008-09-04,2.05
2008-09-03,2.08
2008-09-02,1.99
2008-09-01,1.97
2008-08-29,2.01
2008-08-28,2.01
2008-08-27,2.02
2008-08-26,2.02
2008-08-25,2.03
2008-08-22,2.03
2008-08-21,2.02
2008-08-20,2.1
2008-08-19,2.03
2008-08-18,2.15
2008-08-15,2.01
2008-08-14,2.01
2008-08-13,2.05
2008-08-12,2.01
2008-08-11,2.0
2008-08-08,2.0
2008-08-07,2.01
2008-08-06,2.01
2008-08-05,2.0
2008-08-04,2.0
2008-08-01,2.0
2008-07-31,2.0
2008-07-30,2.05
2008-07-29,2.0
2008-07-28,2.0
2008-07-25,2.0
2008-07-24,2.02
2008-07-23,2.04
2008-07-22,2.04
2008-07-21,2.05
2008-07-18,2.04
2008-07-17,2.04
2008-07-16,2.05
2008-07-15,2.04
2008-07-14,2.06
2008-07-11,2.08
2008-07-10,2.01
2008-07-09,2.0
2008-07-08,2.0
2008-07-07,1.94
2008-07-04,1.94
2008-07-03,1.94
2008-07-02,2.0
2008-07-01,1.94
2008-06-30,1.93
2008-06-27,1.94
2008-06-26,1.96
2008-06-25,1.97
2008-06-24,1.94
2008-06-23,1.95
2008-06-20,1.98
2008-06-19,1.98
2008-06-18,2.0
2008-06-17,2.03
2008-06-16,2.03
2008-06-13,2.05
2008-06-12,2.05
2008-06-11,2.15
2008-06-10,2.15
2008-06-09,2.02
2008-06-06,2.09
2008-06-05,2.1
2008-06-04,2.2
2008-06-03,2.07
2008-06-02,2.07
2008-05-30,2.1
2008-05-29,2.08
2008-05-28,2.07
2008-05-27,2.08
2008-05-26,2.18
2008-05-23,2.12
2008-05-22,2.07
2008-05-21,2.1
2008-05-20,2.17
2008-05-19,2.08
2008-05-16,2.18
2008-05-15,2.12
2008-05-14,2.15
2008-05-13,2.12
2008-05-12,2.15
2008-05-09,2.14
2008-05-08,2.13
2008-05-07,2.16
2008-05-06,2.13
2008-05-05,2.13
2008-05-02,2.17
2008-04-30,2.19
2008-04-29,2.25
2008-04-28,2.26
2008-04-25,2.39
2008-04-24,2.27
2008-04-23,2.27
2008-04-22,2.3
2008-04-21,2.25
2008-04-18,2.13
2008-04-17,2.11
2008-04-16,2.23
2008-04-15,2.34
2008-04-14,2.15
2008-04-11,2.08
2008-04-10,2.08
2008-04-09,2.19
2008-04-08,2.02
2008-04-07,2.02
2008-04-04,2.01
2008-04-03,2.01
2008-04-02,2.0
2008-04-01,2.0
2008-03-31,2.01
2008-03-28,2.0
2008-03-27,2.01
2008-03-26,2.0
2008-03-25,2.07
2008-03-20,2.01
2008-03-19,2.0
2008-03-18,2.0
2008-03-17,2.0
2008-03-14,2.01
2008-03-13,2.01
2008-03-12,2.02
2008-03-11,2.01
2008-03-10,2.02
2008-03-07,2.01
2008-03-06,2.01
2008-03-05,2.02
2008-03-04,2.0
2008-03-03,2.06
2008-02-29,2.01
2008-02-28,2.03
2008-02-27,2.02
2008-02-26,2.01
2008-02-25,2.02
2008-02-22,2.03
2008-02-21,2.03
2008-02-20,2.05
2008-02-19,2.07
2008-02-18,2.08
2008-02-15,2.07
2008-02-14,2.12
2008-02-13,2.07
2008-02-12,2.07
2008-02-11,2.07
2008-02-08,2.07
2008-02-07,2.1
2008-02-06,2.1
2008-02-05,2.03
2008-02-04,2.12
2008-02-01,2.08
2008-01-31,2.05
2008-01-30,2.05
2008-01-29,2.04
2008-01-28,2.04
2008-01-25,2.04
2008-01-24,2.04
2008-01-23,2.02
2008-01-22,2.02
2008-01-21,2.0
2008-01-18,2.06
2008-01-17,2.1
2008-01-16,2.1
2008-01-15,2.11
2008-01-14,2.2
2008-01-11,2.15
2008-01-10,2.12
2008-01-09,2.1
2008-01-08,2.13
2008-01-07,2.04
2008-01-04,2.33
2008-01-03,2.4
2008-01-02,2.42
2007-12-31,2.4
2007-12-28,2.45
2007-12-27,2.5
2007-12-24,2.4
2007-12-21,2.42
2007-12-20,2.42
2007-12-19,2.48
2007-12-18,2.46
2007-12-17,2.49
2007-12-14,2.5
2007-12-13,2.5
2007-12-12,2.49
2007-12-11,2.51
2007-12-10,2.52
2007-12-07,2.54
2007-12-06,2.54
2007-12-05,2.53
2007-12-04,2.5
2007-12-03,2.52
2007-11-30,2.53
2007-11-29,2.51
2007-11-28,2.55
2007-11-27,2.55
2007-11-26,2.51
2007-11-23,2.51
2007-11-22,2.51
2007-11-21,2.55
2007-11-20,2.5
2007-11-19,2.5
2007-11-16,2.52
2007-11-15,2.5
2007-11-14,2.5
2007-11-13,2.5
2007-11-12,2.5
2007-11-09,2.47
2007-11-08,2.54
2007-11-07,2.57
2007-11-06,2.6
2007-11-05,2.59
2007-11-02,2.6
2007-11-01,2.64
2007-10-31,2.61
2007-10-30,2.62
2007-10-29,2.67
2007-10-26,2.66
2007-10-25,2.67
2007-10-24,2.68
2007-10-23,2.66
2007-10-22,2.65
2007-10-19,2.66
2007-10-18,2.68
2007-10-17,2.7
2007-10-16,2.7
2007-10-15,2.71
2007-10-12,2.75
2007-10-11,2.82
2007-10-10,2.7
2007-10-09,2.71
2007-10-08,2.64
2007-10-04,2.64
2007-10-03,2.6
2007-10-02,2.6
2007-10-01,2.58
2007-09-28,2.62
2007-09-27,2.64
2007-09-26,2.61
2007-09-25,2.63
2007-09-24,2.65
2007-09-21,2.75
2007-09-20,2.77
2007-09-19,2.71
2007-09-18,2.78
2007-09-17,2.69
2007-09-14,2.67
2007-09-13,2.72
2007-09-12,2.86
2007-09-11,2.87
2007-09-10,2.77
2007-09-07,2.99
2007-09-06,3.04
2007-09-05,3.01
2007-09-04,3.0
2007-09-03,3.0
2007-08-31,3.01
2007-08-30,3.05
2007-08-29,3.2
2007-08-28,3.12
2007-08-27,3.12
2007-08-24,3.15
2007-08-23,3.21
2007-08-22,3.26
2007-08-21,3.25
2007-08-20,3.25
2007-08-17,3.22
2007-08-16,3.09
2007-08-15,3.25
2007-08-14,3.28
2007-08-13,3.25
2007-08-10,3.16
2007-08-09,3.2
2007-08-08,3.23
2007-08-07,3.27
2007-08-06,3.29
2007-08-03,3.36
2007-08-02,3.37
2007-08-01,3.36
2007-07-31,3.47
2007-07-30,3.43
2007-07-27,3.46
2007-07-26,3.5
2007-07-25,3.51
2007-07-24,3.55
2007-07-23,3.59
2007-07-20,3.58
2007-07-19,3.61
2007-07-18,3.6
2007-07-17,3.6
2007-07-16,3.58
2007-07-13,3.64
2007-07-12,3.69
2007-07-11,3.68
2007-07-10,3.87
2007-07-09,4.2
2007-07-06,4.5
2007-07-05,3.7
2007-07-04,3.65
2007-07-03,3.6
2007-07-02,3.66
2007-06-29,3.72
2007-06-28,3.8
2007-06-27,3.97
2007-06-26,4.06
2007-06-25,4.23
2007-06-22,4.21
2007-06-21,3.87
2007-06-20,4.0
2007-06-19,3.59
2007-06-18,3.65
2007-06-15,4.15
2007-06-14,2.69
2007-06-13,2.83
2007-06-12,2.84
2007-06-11,2.95
2007-06-08,2.95
2007-06-07,2.9
2007-06-06,3.03
2007-06-05,2.97
2007-06-04,3.03
2007-06-01,3.02
2007-05-31,3.05
2007-05-30,3.28
2007-05-29,3.34
2007-05-28,3.5
2007-05-25,3.6
2007-05-24,3.51
2007-05-23,3.88
2007-05-22,4.42
