,son:pl
2018-11-23,0.822
2018-11-22,0.819
2018-11-21,0.8255
2018-11-20,0.831
2018-11-19,0.8385
2018-11-16,0.825
2018-11-15,0.82
2018-11-14,0.867
2018-11-13,0.8945
2018-11-12,0.891
2018-11-09,0.866
2018-11-08,0.859
2018-11-07,0.864
2018-11-06,0.8605
2018-11-05,0.8725
2018-11-02,0.89
2018-11-01,0.889
2018-10-31,0.8845
2018-10-30,0.8825
2018-10-29,0.859
2018-10-26,0.855
2018-10-25,0.8695
2018-10-24,0.866
2018-10-23,0.855
2018-10-22,0.857
2018-10-19,0.8495
2018-10-18,0.847
2018-10-17,0.8365
2018-10-16,0.81
2018-10-15,0.84
2018-10-12,0.872
2018-10-11,0.829
2018-10-10,0.8515
2018-10-09,0.8765
2018-10-08,0.8525
2018-10-05,0.8605
2018-10-04,0.8675
2018-10-03,0.8895
2018-10-02,0.8885
2018-10-01,0.8855
2018-09-28,0.8925
2018-09-27,0.9025
2018-09-26,0.905
2018-09-25,0.89
2018-09-24,0.896
2018-09-21,0.899
2018-09-20,0.9345
2018-09-19,0.959
2018-09-18,0.952
2018-09-17,0.912
2018-09-14,0.898
2018-09-13,0.9045
2018-09-12,0.889
2018-09-11,0.8845
2018-09-10,0.907
2018-09-07,0.8885
2018-09-06,0.9015
2018-09-05,0.9095
2018-09-04,0.92
2018-09-03,0.915
2018-08-31,0.917
2018-08-30,0.927
2018-08-29,0.931
2018-08-28,0.9465
2018-08-27,0.9395
2018-08-24,0.939
2018-08-23,0.9415
2018-08-22,0.962
2018-08-21,0.988
2018-08-20,0.963
2018-08-17,0.9455
2018-08-16,0.954
2018-08-15,0.936
2018-08-14,0.9535
2018-08-13,0.981
2018-08-10,0.987
2018-08-09,0.999
2018-08-08,0.9935
2018-08-07,0.9925
2018-08-06,0.981
2018-08-03,0.9785
2018-08-02,0.9725
2018-08-01,0.989
2018-07-31,0.9725
2018-07-30,0.98
2018-07-27,0.9715
2018-07-26,0.9545
2018-07-25,0.979
2018-07-24,0.9675
2018-07-23,0.99
2018-07-20,0.9915
2018-07-19,0.9985
2018-07-18,1.014
2018-07-17,1.032
2018-07-16,1.03
2018-07-13,1.018
2018-07-12,1.018
2018-07-11,1.013
2018-07-10,1.023
2018-07-09,1.022
2018-07-06,1.023
2018-07-05,1.007
2018-07-04,0.994
2018-07-03,0.996
2018-07-02,1.005
2018-06-29,1.03
2018-06-28,1.054
2018-06-27,1.07
2018-06-26,1.08
2018-06-25,1.086
2018-06-23,1.108
2018-06-22,1.108
2018-06-21,1.082
2018-06-20,1.104
2018-06-19,1.103
2018-06-18,1.118
2018-06-15,1.101
2018-06-14,1.124
2018-06-13,1.137
2018-06-12,1.12
2018-06-11,1.103
2018-06-08,1.095
2018-06-07,1.095
2018-06-06,1.103
2018-06-05,1.064
2018-06-04,1.046
2018-06-01,1.06
2018-05-31,1.057
2018-05-30,1.053
2018-05-29,1.038
2018-05-28,1.057
2018-05-25,1.112
2018-05-24,1.14
2018-05-23,1.152
2018-05-22,1.159
2018-05-21,1.144
2018-05-18,1.16
2018-05-17,1.147
2018-05-16,1.136
2018-05-15,1.125
2018-05-14,1.133
2018-05-11,1.142
2018-05-10,1.139
2018-05-09,1.146
2018-05-08,1.138
2018-05-07,1.142
2018-05-04,1.13
2018-05-03,1.123
2018-05-02,1.118
2018-04-30,1.128
2018-04-27,1.13
2018-04-26,1.127
2018-04-25,1.144
2018-04-24,1.153
2018-04-23,1.148
2018-04-20,1.142
2018-04-19,1.145
2018-04-18,1.149
2018-04-17,1.122
2018-04-16,1.095
2018-04-13,1.101
2018-04-12,1.104
2018-04-11,1.11
2018-04-10,1.125
2018-04-09,1.098
2018-04-06,1.099
2018-04-05,1.124
2018-04-04,1.099
2018-04-03,1.097
2018-03-29,1.095
2018-03-28,1.091
2018-03-27,1.116
2018-03-26,1.113
2018-03-23,1.119
2018-03-22,1.124
2018-03-21,1.168
2018-03-20,1.171
2018-03-19,1.165
2018-03-16,1.165
2018-03-15,1.186
2018-03-14,1.124
2018-03-13,1.132
2018-03-12,1.146
2018-03-09,1.15
2018-03-08,1.15
2018-03-07,1.156
2018-03-06,1.148
2018-03-05,1.146
2018-03-02,1.141
2018-03-01,1.199
2018-02-28,1.204
2018-02-27,1.195
2018-02-26,1.211
2018-02-23,1.214
2018-02-22,1.202
2018-02-21,1.229
2018-02-20,1.219
2018-02-19,1.223
2018-02-16,1.234
2018-02-15,1.216
2018-02-14,1.189
2018-02-13,1.201
2018-02-12,1.206
2018-02-09,1.187
2018-02-08,1.219
2018-02-07,1.229
2018-02-06,1.188
2018-02-05,1.224
2018-02-02,1.248
2018-02-01,1.281
2018-01-31,1.293
2018-01-30,1.291
2018-01-29,1.275
2018-01-26,1.271
2018-01-25,1.293
2018-01-24,1.227
2018-01-23,1.213
2018-01-22,1.223
2018-01-19,1.229
2018-01-18,1.21
2018-01-17,1.198
2018-01-16,1.206
2018-01-15,1.201
2018-01-12,1.217
2018-01-11,1.183
2018-01-10,1.193
2018-01-09,1.193
2018-01-08,1.188
2018-01-05,1.19
2018-01-04,1.19
2018-01-03,1.176
2018-01-02,1.158
2017-12-29,1.126
2017-12-28,1.121
2017-12-27,1.139
2017-12-22,1.138
2017-12-21,1.164
2017-12-20,1.178
2017-12-19,1.173
2017-12-18,1.169
2017-12-15,1.163
2017-12-14,1.126
2017-12-13,1.141
2017-12-12,1.101
2017-12-11,1.073
2017-12-08,1.093
2017-12-07,1.09
2017-12-06,1.083
2017-12-05,1.084
2017-12-04,1.057
2017-12-01,1.024
2017-11-30,1.019
2017-11-29,1.022
2017-11-28,1.02
2017-11-27,1.003
2017-11-24,1.011
2017-11-23,1.03
2017-11-22,1.034
2017-11-21,1.021
2017-11-20,1.021
2017-11-17,1.012
2017-11-16,0.982
2017-11-15,0.975
2017-11-14,0.976
2017-11-13,0.974
2017-11-10,0.99
2017-11-09,1.011
2017-11-08,1.006
2017-11-07,0.988
2017-11-06,0.98
2017-11-03,0.999
2017-11-02,1.022
2017-11-01,1.032
2017-10-31,1.028
2017-10-30,1.03
2017-10-27,1.028
2017-10-26,1.025
2017-10-25,1.013
2017-10-24,1.03
2017-10-23,1.031
2017-10-20,1.033
2017-10-19,1.028
2017-10-18,1.02
2017-10-17,1.016
2017-10-16,1.02
2017-10-13,1.025
2017-10-12,1.031
2017-10-11,1.025
2017-10-10,1.026
2017-10-09,1.018
2017-10-06,1.023
2017-10-05,1.032
2017-10-04,1.025
2017-10-03,1.04
2017-10-02,1.02
2017-09-29,1.021
2017-09-28,1.006
2017-09-27,1.0
2017-09-26,1.001
2017-09-25,1.0
2017-09-22,1.0
2017-09-21,0.997
2017-09-20,1.002
2017-09-19,1.015
2017-09-18,0.999
2017-09-15,0.98
2017-09-14,0.976
2017-09-13,0.96
2017-09-12,0.955
2017-09-11,0.942
2017-09-08,0.932
2017-09-07,0.938
2017-09-06,0.937
2017-09-05,0.936
2017-09-04,0.94
2017-09-01,0.951
2017-08-31,0.941
2017-08-30,0.94
2017-08-29,0.945
2017-08-28,0.962
2017-08-25,0.97
2017-08-24,0.963
2017-08-23,0.96
2017-08-22,0.963
2017-08-21,0.955
2017-08-18,0.97
2017-08-17,0.977
2017-08-16,0.98
2017-08-15,0.98
2017-08-14,0.975
2017-08-11,0.972
2017-08-10,0.977
2017-08-09,0.963
2017-08-08,0.986
2017-08-07,0.981
2017-08-04,0.982
2017-08-03,0.968
2017-08-02,0.966
2017-08-01,0.966
2017-07-31,0.972
2017-07-28,0.959
2017-07-27,0.97
2017-07-26,0.978
2017-07-25,0.965
2017-07-24,0.962
2017-07-21,0.962
2017-07-20,0.978
2017-07-19,0.984
2017-07-18,0.995
2017-07-17,1.015
2017-07-14,0.985
2017-07-13,0.996
2017-07-12,0.97
2017-07-11,0.953
2017-07-10,0.944
2017-07-07,0.949
2017-07-06,0.962
2017-07-05,0.966
2017-07-04,0.956
2017-07-03,0.957
2017-06-30,0.974
2017-06-29,0.967
2017-06-28,0.966
2017-06-27,0.945
2017-06-26,0.937
2017-06-23,0.933
2017-06-22,0.954
2017-06-21,0.943
2017-06-20,0.951
2017-06-19,0.969
2017-06-16,0.929
2017-06-15,0.94
2017-06-14,0.961
2017-06-13,0.957
2017-06-12,0.933
2017-06-09,0.94
2017-06-08,0.932
2017-06-07,0.904
2017-06-06,0.916
2017-06-05,0.917
2017-06-02,0.92
2017-06-01,0.926
2017-05-31,0.917
2017-05-30,0.921
2017-05-29,0.928
2017-05-26,0.913
2017-05-25,0.916
2017-05-24,0.918
2017-05-23,0.924
2017-05-22,0.922
2017-05-19,0.926
2017-05-18,0.92
2017-05-17,0.928
2017-05-16,0.947
2017-05-15,0.965
2017-05-12,0.948
2017-05-11,0.949
2017-05-10,0.974
2017-05-09,0.975
2017-05-08,0.963
2017-05-05,0.968
2017-05-04,0.979
2017-05-03,0.972
2017-05-02,0.979
2017-04-28,0.942
2017-04-27,0.935
2017-04-26,0.926
2017-04-25,0.931
2017-04-24,0.92
2017-04-21,0.903
2017-04-20,0.917
2017-04-19,0.921
2017-04-18,0.92
2017-04-13,0.922
2017-04-12,0.915
2017-04-11,0.913
2017-04-10,0.918
2017-04-07,0.921
2017-04-06,0.931
2017-04-05,0.911
2017-04-04,0.911
2017-04-03,0.92
2017-03-31,0.948
2017-03-30,0.938
2017-03-29,0.917
2017-03-28,0.907
2017-03-27,0.89
2017-03-24,0.888
2017-03-23,0.872
2017-03-22,0.864
2017-03-21,0.871
2017-03-20,0.881
2017-03-17,0.879
2017-03-16,0.86
2017-03-15,0.839
2017-03-14,0.849
2017-03-13,0.866
2017-03-10,0.872
2017-03-09,0.866
2017-03-08,0.824
2017-03-07,0.824
2017-03-06,0.82
2017-03-03,0.839
2017-03-02,0.85
2017-03-01,0.851
2017-02-28,0.829
2017-02-27,0.829
2017-02-24,0.834
2017-02-23,0.841
2017-02-22,0.84
2017-02-21,0.839
2017-02-20,0.822
2017-02-17,0.819
2017-02-16,0.826
2017-02-15,0.834
2017-02-14,0.826
2017-02-13,0.821
2017-02-10,0.819
2017-02-09,0.823
2017-02-08,0.815
2017-02-07,0.81
2017-02-06,0.807
2017-02-03,0.824
2017-02-02,0.799
2017-02-01,0.787
2017-01-31,0.795
2017-01-30,0.784
2017-01-27,0.822
2017-01-26,0.828
2017-01-25,0.836
2017-01-24,0.839
2017-01-23,0.83
2017-01-20,0.856
2017-01-19,0.875
2017-01-18,0.855
2017-01-17,0.837
2017-01-16,0.826
2017-01-15,0.826
2017-01-13,0.842
2017-01-12,0.833
2017-01-11,0.845
2017-01-10,0.859
2017-01-09,0.856
2017-01-06,0.859
2017-01-05,0.865
2017-01-04,0.882
2017-01-03,0.889
2017-01-02,0.891
2016-12-31,0.6702
2016-12-30,0.874
2016-12-29,0.87
2016-12-28,0.868
2016-12-27,0.872
2016-12-23,0.868
2016-12-22,0.874
2016-12-21,0.868
2016-12-20,0.882
2016-12-19,0.868
2016-12-16,0.849
2016-12-15,0.843
2016-12-14,0.831
2016-12-13,0.834
2016-12-12,0.836
2016-12-09,0.83
2016-12-08,0.815
2016-12-07,0.799
2016-12-06,0.797
2016-12-05,0.782
2016-12-02,0.77
2016-12-01,0.78
2016-11-30,0.795
2016-11-29,0.796
2016-11-28,0.785
2016-11-25,0.785
2016-11-24,0.776
2016-11-23,0.777
2016-11-22,0.781
2016-11-21,0.757
2016-11-18,0.761
2016-11-17,0.764
2016-11-16,0.768
2016-11-15,0.769
2016-11-14,0.769
2016-11-11,0.746
2016-11-10,0.751
2016-11-09,0.719
2016-11-08,0.718
2016-11-07,0.712
2016-11-04,0.698
2016-11-03,0.706
2016-11-02,0.699
2016-11-01,0.714
2016-10-31,0.725
2016-10-28,0.729
2016-10-27,0.723
2016-10-26,0.721
2016-10-25,0.73
2016-10-24,0.724
2016-10-21,0.715
2016-10-20,0.713
2016-10-19,0.711
2016-10-18,0.692
2016-10-17,0.689
2016-10-14,0.684
2016-10-13,0.673
2016-10-12,0.68
2016-10-11,0.677
2016-10-10,0.68
2016-10-07,0.684
2016-10-06,0.694
2016-10-05,0.7
2016-10-04,0.716
2016-10-03,0.691
2016-09-30,0.68
2016-09-29,0.683
2016-09-28,0.671
2016-09-27,0.663
2016-09-26,0.681
2016-09-23,0.673
2016-09-22,0.676
2016-09-21,0.662
2016-09-20,0.658
2016-09-19,0.659
2016-09-16,0.66
2016-09-15,0.674
2016-09-14,0.672
2016-09-13,0.67
2016-09-12,0.697
2016-09-09,0.712
2016-09-08,0.73
2016-09-07,0.727
2016-09-06,0.73
2016-09-05,0.739
2016-09-02,0.738
2016-09-01,0.732
2016-08-31,0.748
2016-08-30,0.719
2016-08-29,0.714
2016-08-26,0.716
2016-08-25,0.714
2016-08-24,0.715
2016-08-23,0.714
2016-08-22,0.723
2016-08-19,0.699
2016-08-18,0.675
2016-08-17,0.673
2016-08-16,0.67
2016-08-15,0.6945
2016-08-12,0.705
2016-08-11,0.695
2016-08-10,0.694
2016-08-09,0.69
2016-08-08,0.678
2016-08-05,0.654
2016-08-04,0.66
2016-08-03,0.655
2016-08-02,0.659
2016-08-01,0.681
2016-07-29,0.693
2016-07-28,0.685
2016-07-27,0.707
2016-07-26,0.679
2016-07-25,0.669
2016-07-22,0.682
2016-07-21,0.67
2016-07-20,0.684
2016-07-19,0.657
2016-07-18,0.634
2016-07-15,0.6445
2016-07-14,0.679
2016-07-13,0.71
2016-07-12,0.689
2016-07-11,0.68
2016-07-08,0.648
2016-07-07,0.6545
2016-07-06,0.64
2016-07-05,0.669
2016-07-04,0.696
2016-07-01,0.702
2016-06-30,0.705
2016-06-29,0.728
2016-06-28,0.717
2016-06-27,0.713
2016-06-24,0.739
2016-06-23,0.802
2016-06-22,0.796
2016-06-21,0.792
2016-06-20,0.8095
2016-06-17,0.773
2016-06-16,0.743
2016-06-15,0.776
2016-06-14,0.786
2016-06-13,0.83
2016-06-10,0.871
2016-06-09,0.888
2016-06-08,0.917
2016-06-07,0.917
2016-06-06,0.918
2016-06-03,0.907
2016-06-02,0.924
2016-06-01,0.913
2016-05-31,0.939
2016-05-30,0.951
2016-05-27,0.926
2016-05-26,0.937
2016-05-25,0.937
2016-05-24,0.922
2016-05-23,0.91
2016-05-20,0.908
2016-05-19,0.902
2016-05-18,0.913
2016-05-17,0.909
2016-05-16,0.904
2016-05-13,0.922
2016-05-12,0.944
2016-05-11,0.922
2016-05-10,0.933
2016-05-09,0.941
2016-05-06,0.947
2016-05-05,0.952
2016-05-04,0.95
2016-05-03,0.96
2016-05-02,0.971
2016-04-29,0.966
2016-04-28,0.977
2016-04-27,0.988
2016-04-26,0.975
2016-04-25,0.989
2016-04-22,0.994
2016-04-21,0.986
2016-04-20,0.999
2016-04-19,0.999
2016-04-18,0.996
2016-04-15,1.006
2016-04-14,1.001
2016-04-13,1.001
2016-04-12,0.979
2016-04-11,1.0035
2016-04-08,0.982
2016-04-07,0.9855
2016-04-06,0.98
2016-04-05,1.011
2016-04-04,1.033
2016-04-01,1.053
2016-03-31,1.058
2016-03-30,1.064
2016-03-29,1.036
2016-03-24,1.028
2016-03-23,1.038
2016-03-22,1.038
2016-03-21,1.037
2016-03-18,1.035
2016-03-17,1.037
2016-03-16,1.046
2016-03-15,1.015
2016-03-14,1.014
2016-03-11,0.999
2016-03-10,0.965
2016-03-09,0.965
2016-03-08,0.946
2016-03-07,0.962
2016-03-04,0.964
2016-03-03,0.943
2016-03-02,0.961
2016-03-01,0.961
2016-02-29,0.952
2016-02-26,0.925
2016-02-25,0.907
2016-02-24,0.891
2016-02-23,0.8965
2016-02-22,0.915
2016-02-19,0.87
2016-02-18,0.895
2016-02-17,0.9055
2016-02-16,0.87
2016-02-15,0.883
2016-02-12,0.887
2016-02-11,0.897
2016-02-10,0.954
2016-02-09,0.94
2016-02-08,0.981
2016-02-05,1.007
2016-02-04,0.997
2016-02-03,1.01
2016-02-02,1.043
2016-02-01,1.05
2016-01-29,1.023
2016-01-28,1.008
2016-01-27,1.0
2016-01-26,1.003
2016-01-25,1.023
2016-01-22,1.016
2016-01-21,0.957
2016-01-20,0.92
2016-01-19,0.923
2016-01-18,0.941
2016-01-15,0.989
2016-01-14,1.03
2016-01-13,1.055
2016-01-12,1.042
2016-01-11,1.023
2016-01-08,1.042
2016-01-07,1.064
2016-01-06,1.064
2016-01-05,1.057
2016-01-04,1.052
2016-01-01,1.048
2015-12-31,1.048
2015-12-30,1.056
2015-12-29,1.053
2015-12-28,1.04
2015-12-25,1.06
2015-12-24,1.06
2015-12-23,1.1
2015-12-22,1.077
2015-12-21,1.077
2015-12-18,1.098
2015-12-17,1.083
2015-12-16,1.071
2015-12-15,1.06
2015-12-14,1.02
2015-12-11,1.023
2015-12-10,1.042
2015-12-09,1.05
2015-12-08,1.053
2015-12-07,1.077
2015-12-04,1.083
2015-12-03,1.08
2015-12-02,1.097
2015-12-01,1.096
2015-11-30,1.117
2015-11-27,1.108
2015-11-26,1.1
2015-11-25,1.092
2015-11-24,1.085
2015-11-23,1.096
2015-11-20,1.098
2015-11-19,1.101
2015-11-18,1.087
2015-11-17,1.083
2015-11-16,1.057
2015-11-13,1.037
2015-11-12,1.046
2015-11-11,1.056
2015-11-10,1.034
2015-11-09,1.057
2015-11-06,1.108
2015-11-05,1.105
2015-11-04,1.119
2015-11-03,1.109
2015-11-02,1.089
2015-10-30,1.088
2015-10-29,1.097
2015-10-28,1.093
2015-10-27,1.099
2015-10-26,1.129
2015-10-23,1.125
2015-10-22,1.104
2015-10-21,1.105
2015-10-20,1.115
2015-10-19,1.121
2015-10-16,1.126
2015-10-15,1.116
2015-10-14,1.111
2015-10-13,1.114
2015-10-12,1.126
2015-10-09,1.166
2015-10-08,1.169
2015-10-07,1.171
2015-10-06,1.169
2015-10-05,1.147
2015-10-02,1.109
2015-10-01,1.097
2015-09-30,1.1
2015-09-29,1.061
2015-09-28,1.063
2015-09-25,1.078
2015-09-24,1.057
2015-09-23,1.086
2015-09-22,1.068
2015-09-21,1.105
2015-09-18,1.084
2015-09-17,1.083
2015-09-16,1.072
2015-09-15,1.056
2015-09-14,1.046
2015-09-11,1.053
2015-09-10,1.077
2015-09-09,1.088
2015-09-08,1.086
2015-09-07,1.073
2015-09-04,1.086
2015-09-03,1.122
2015-09-02,1.113
2015-09-01,1.102
2015-08-31,1.136
2015-08-28,1.141
2015-08-27,1.15
2015-08-26,1.113
2015-08-25,1.129
2015-08-24,1.06
2015-08-21,1.142
2015-08-20,1.159
2015-08-19,1.204
2015-08-18,1.227
2015-08-17,1.216
2015-08-14,1.234
2015-08-13,1.236
2015-08-12,1.208
2015-08-11,1.23
2015-08-10,1.257
2015-08-07,1.257
2015-08-06,1.282
2015-08-05,1.297
2015-08-04,1.281
2015-08-03,1.292
2015-07-31,1.263
2015-07-30,1.243
2015-07-29,1.255
2015-07-28,1.255
2015-07-27,1.275
2015-07-24,1.29
2015-07-23,1.29
2015-07-22,1.284
2015-07-21,1.281
2015-07-20,1.29
2015-07-17,1.285
2015-07-16,1.288
2015-07-15,1.274
2015-07-14,1.25
2015-07-13,1.257
2015-07-10,1.237
2015-07-09,1.181
2015-07-08,1.144
2015-07-07,1.132
2015-07-06,1.165
2015-07-03,1.207
2015-07-02,1.208
2015-07-01,1.219
2015-06-30,1.177
2015-06-29,1.179
2015-06-26,1.244
2015-06-25,1.231
2015-06-24,1.232
2015-06-23,1.254
2015-06-22,1.203
2015-06-19,1.188
2015-06-18,1.182
2015-06-17,1.148
2015-06-16,1.158
2015-06-15,1.138
2015-06-12,1.176
2015-06-11,1.2
2015-06-10,1.174
2015-06-09,1.164
2015-06-08,1.143
2015-06-05,1.166
2015-06-04,1.196
2015-06-03,1.217
2015-06-02,1.185
2015-06-01,1.182
2015-05-29,1.199
2015-05-28,1.24
2015-05-27,1.212
2015-05-26,1.186
2015-05-25,1.23
2015-05-22,1.25
2015-05-21,1.253
2015-05-20,1.25
2015-05-19,1.262
2015-05-18,1.274
2015-05-15,1.278
2015-05-14,1.28
2015-05-13,1.277
2015-05-12,1.293
2015-05-11,1.283
2015-05-08,1.262
2015-05-07,1.236
2015-05-06,1.243
2015-05-05,1.224
2015-05-04,1.278
2015-05-01,1.242
2015-04-30,1.242
2015-04-29,1.256
2015-04-28,1.29
2015-04-27,1.313
2015-04-24,1.298
2015-04-23,1.302
2015-04-22,1.304
2015-04-21,1.369
2015-04-20,1.374
2015-04-17,1.384
2015-04-16,1.41
2015-04-15,1.461
2015-04-14,1.441
2015-04-13,1.467
2015-04-10,1.49
2015-04-09,1.489
2015-04-08,1.463
2015-04-07,1.462
2015-04-06,1.435
2015-04-03,1.435
2015-04-02,1.435
2015-04-01,1.427
2015-03-31,1.416
2015-03-30,1.426
2015-03-27,1.425
2015-03-26,1.38
2015-03-25,1.405
2015-03-24,1.42
2015-03-23,1.416
2015-03-20,1.419
2015-03-19,1.395
2015-03-18,1.39
2015-03-17,1.384
2015-03-16,1.393
2015-03-13,1.386
2015-03-12,1.352
2015-03-11,1.329
2015-03-10,1.3
2015-03-09,1.339
2015-03-06,1.317
2015-03-05,1.289
2015-03-04,1.244
2015-03-03,1.232
2015-03-02,1.264
2015-02-27,1.28
2015-02-26,1.268
2015-02-25,1.259
2015-02-24,1.276
2015-02-23,1.271
2015-02-20,1.282
2015-02-19,1.263
2015-02-18,1.257
2015-02-17,1.228
2015-02-16,1.219
2015-02-13,1.223
2015-02-12,1.204
2015-02-11,1.165
2015-02-10,1.19
2015-02-09,1.19
2015-02-06,1.209
2015-02-05,1.214
2015-02-04,1.209
2015-02-03,1.212
2015-02-02,1.159
2015-01-30,1.164
2015-01-29,1.175
2015-01-28,1.181
2015-01-27,1.157
2015-01-26,1.182
2015-01-23,1.174
2015-01-22,1.179
2015-01-21,1.149
2015-01-20,1.11
2015-01-19,1.136
2015-01-16,1.102
2015-01-15,1.11
2015-01-14,1.113
2015-01-13,1.052
2015-01-12,1.005
2015-01-09,1.005
2015-01-08,1.016
2015-01-07,0.999
2015-01-06,0.992
2015-01-05,1.013
2015-01-02,1.033
2015-01-01,1.024
2014-12-31,1.024
2014-12-30,1.033
2014-12-29,1.042
2014-12-26,1.05
2014-12-25,1.05
2014-12-24,1.05
2014-12-23,1.059
2014-12-22,1.03
2014-12-19,1.036
2014-12-18,1.033
2014-12-17,0.988
2014-12-16,1.01
2014-12-15,0.978
2014-12-12,1.012
2014-12-11,1.035
2014-12-10,1.055
2014-12-09,1.072
2014-12-08,1.111
2014-12-05,1.127
2014-12-04,1.092
2014-12-03,1.104
2014-12-02,1.106
2014-12-01,1.113
2014-11-28,1.096
2014-11-27,1.124
2014-11-26,1.126
2014-11-25,1.133
2014-11-24,1.135
2014-11-21,1.129
2014-11-20,1.102
2014-11-19,1.093
2014-11-18,1.085
2014-11-17,1.072
2014-11-14,1.063
2014-11-13,1.074
2014-11-12,1.058
2014-11-11,1.088
2014-11-10,1.087
2014-11-07,1.07
2014-11-06,1.091
2014-11-05,1.072
2014-11-04,1.05
2014-11-03,1.069
2014-10-31,1.069
2014-10-30,1.059
2014-10-29,1.059
2014-10-28,1.066
2014-10-27,1.009
2014-10-24,1.022
2014-10-23,1.02
2014-10-22,1.014
2014-10-21,1.006
2014-10-20,0.979
2014-10-17,0.966
2014-10-16,0.942
2014-10-15,0.997
2014-10-14,1.05
2014-10-13,1.018
2014-10-10,1.037
2014-10-09,1.037
2014-10-08,1.059
2014-10-07,1.066
2014-10-06,1.101
2014-10-03,1.097
2014-10-02,1.09
2014-10-01,1.123
2014-09-30,1.148
2014-09-29,1.139
2014-09-26,1.147
2014-09-25,1.151
2014-09-24,1.161
2014-09-23,1.154
2014-09-22,1.202
2014-09-19,1.217
2014-09-18,1.201
2014-09-17,1.176
2014-09-16,1.179
2014-09-15,1.177
2014-09-12,1.205
2014-09-11,1.201
2014-09-10,1.204
2014-09-09,1.204
2014-09-08,1.214
2014-09-05,1.217
2014-09-04,1.19
2014-09-03,1.163
2014-09-02,1.154
2014-09-01,1.16
2014-08-29,1.158
2014-08-28,1.156
2014-08-27,1.179
2014-08-26,1.18
2014-08-25,1.141
2014-08-22,1.133
2014-08-21,1.16
2014-08-20,1.099
2014-08-19,1.112
2014-08-18,1.118
2014-08-15,1.051
2014-08-14,1.053
2014-08-13,1.065
2014-08-12,1.058
2014-08-11,1.06
2014-08-08,1.054
2014-08-07,1.066
2014-08-06,1.09
2014-08-05,1.128
2014-08-04,1.124
2014-08-01,1.103
2014-07-31,1.124
2014-07-30,1.158
2014-07-29,1.167
2014-07-28,1.169
2014-07-25,1.162
2014-07-24,1.172
2014-07-23,1.169
2014-07-22,1.137
2014-07-21,1.127
2014-07-18,1.134
2014-07-17,1.133
2014-07-16,1.141
2014-07-15,1.102
2014-07-14,1.129
2014-07-11,1.111
2014-07-10,1.089
2014-07-09,1.135
2014-07-08,1.16
2014-07-07,1.196
2014-07-04,1.232
2014-07-03,1.248
2014-07-02,1.22
2014-07-01,1.206
2014-06-30,1.199
2014-06-27,1.211
2014-06-26,1.215
2014-06-25,1.194
2014-06-24,1.217
2014-06-23,1.215
2014-06-20,1.245
2014-06-19,1.26
2014-06-18,1.265
2014-06-17,1.256
2014-06-16,1.253
2014-06-13,1.281
2014-06-12,1.291
2014-06-11,1.302
2014-06-10,1.324
2014-06-09,1.32
2014-06-06,1.277
2014-06-05,1.28
2014-06-04,1.275
2014-06-03,1.303
2014-06-02,1.297
2014-05-30,1.286
2014-05-29,1.3
2014-05-28,1.32
2014-05-27,1.291
2014-05-26,1.297
2014-05-23,1.279
2014-05-22,1.263
2014-05-21,1.25
2014-05-20,1.224
2014-05-19,1.22
2014-05-16,1.238
2014-05-15,1.218
2014-05-14,1.297
2014-05-13,1.289
2014-05-12,1.279
2014-05-09,1.313
2014-05-08,1.323
2014-05-07,1.329
2014-05-06,1.36
2014-05-05,1.354
2014-05-02,1.354
2014-05-01,1.354
2014-04-30,1.354
2014-04-29,1.352
2014-04-28,1.336
2014-04-25,1.341
2014-04-24,1.358
2014-04-23,1.371
2014-04-22,1.379
2014-04-21,1.35
2014-04-18,1.35
2014-04-17,1.35
2014-04-16,1.321
2014-04-15,1.284
2014-04-14,1.298
2014-04-11,1.32
2014-04-10,1.342
2014-04-09,1.326
2014-04-08,1.335
2014-04-07,1.39
2014-04-04,1.404
2014-04-03,1.411
2014-04-02,1.41
2014-04-01,1.419
2014-03-31,1.364
2014-03-28,1.35
2014-03-27,1.333
2014-03-26,1.313
2014-03-25,1.3
2014-03-24,1.302
2014-03-21,1.322
2014-03-20,1.324
2014-03-19,1.296
2014-03-18,1.327
2014-03-17,1.3
2014-03-14,1.29
2014-03-13,1.287
2014-03-12,1.306
2014-03-11,1.325
2014-03-10,1.322
2014-03-07,1.31
2014-03-06,1.32
2014-03-05,1.3
2014-03-04,1.3
2014-03-03,1.26
2014-02-28,1.31
2014-02-27,1.3
2014-02-26,1.29
2014-02-25,1.32
2014-02-24,1.29
2014-02-21,1.28
2014-02-20,1.26
2014-02-19,1.26
2014-02-18,1.26
2014-02-17,1.27
2014-02-14,1.25
2014-02-13,1.23
2014-02-12,1.24
2014-02-11,1.24
2014-02-10,1.24
2014-02-07,1.23
2014-02-06,1.23
2014-02-05,1.18
2014-02-04,1.19
2014-02-03,1.16
2014-01-31,1.17
2014-01-30,1.19
2014-01-29,1.21
2014-01-28,1.22
2014-01-27,1.19
2014-01-24,1.2
2014-01-23,1.21
2014-01-22,1.16
2014-01-21,1.21
2014-01-20,1.22
2014-01-17,1.25
2014-01-16,1.26
2014-01-15,1.27
2014-01-14,1.21
2014-01-13,1.23
2014-01-10,1.2
2014-01-09,1.2
2014-01-08,1.16
2014-01-07,1.11
2014-01-06,1.09
2014-01-03,1.09
2014-01-02,1.09
2014-01-01,1.05
2013-12-31,1.05
2013-12-30,1.04
2013-12-27,1.05
2013-12-26,1.05
2013-12-25,1.05
2013-12-24,1.05
2013-12-23,1.05
2013-12-20,1.07
2013-12-19,1.04
2013-12-18,1.04
2013-12-17,1.04
2013-12-16,1.04
2013-12-13,1.01
2013-12-12,1.02
2013-12-11,1.03
2013-12-10,1.05
2013-12-09,1.04
2013-12-06,1.04
2013-12-05,1.05
2013-12-04,1.06
2013-12-03,1.08
2013-12-02,1.1
2013-11-29,1.1
2013-11-28,1.1
2013-11-27,1.102
2013-11-26,1.095
2013-11-25,1.094
2013-11-22,1.1
2013-11-21,1.085
2013-11-20,1.077
2013-11-19,1.107
2013-11-18,1.11
2013-11-15,1.083
2013-11-14,1.08
2013-11-13,1.067
2013-11-12,1.086
2013-11-11,1.096
2013-11-08,1.097
2013-11-07,1.105
2013-11-06,1.097
2013-11-05,1.1
2013-11-04,1.09
2013-11-01,1.06
2013-10-31,1.065
2013-10-30,1.063
2013-10-29,1.024
2013-10-28,1.016
2013-10-25,1.014
2013-10-24,1.045
2013-10-23,1.049
2013-10-22,1.04
2013-10-21,1.045
2013-10-18,1.023
2013-10-17,0.995
2013-10-16,0.987
2013-10-15,0.992
2013-10-14,0.983
2013-10-11,0.979
2013-10-10,0.97
2013-10-09,0.941
2013-10-08,0.928
2013-10-07,0.927
2013-10-04,0.926
2013-10-03,0.939
2013-10-02,0.94
2013-10-01,0.944
2013-09-30,0.922
2013-09-27,0.931
2013-09-26,0.94
2013-09-25,0.94
2013-09-24,0.922
2013-09-23,0.909
2013-09-20,0.924
2013-09-19,0.928
2013-09-18,0.923
2013-09-17,0.916
2013-09-16,0.92
2013-09-13,0.922
2013-09-12,0.913
2013-09-11,0.901
2013-09-10,0.9
2013-09-09,0.87
2013-09-06,0.87
2013-09-05,0.873
2013-09-04,0.852
2013-09-03,0.84
2013-09-02,0.839
2013-08-30,0.83
2013-08-29,0.826
2013-08-28,0.811
2013-08-27,0.814
2013-08-26,0.839
2013-08-23,0.855
2013-08-22,0.852
2013-08-21,0.85
2013-08-20,0.842
2013-08-19,0.84
2013-08-16,0.853
2013-08-15,0.858
2013-08-14,0.884
2013-08-13,0.858
2013-08-12,0.85
2013-08-09,0.86
2013-08-08,0.814
2013-08-07,0.784
2013-08-06,0.785
2013-08-05,0.794
2013-08-02,0.794
2013-08-01,0.794
2013-07-31,0.779
2013-07-30,0.787
2013-07-29,0.786
2013-07-26,0.794
2013-07-25,0.787
2013-07-24,0.784
2013-07-23,0.777
2013-07-22,0.795
2013-07-19,0.759
2013-07-18,0.741
2013-07-17,0.712
2013-07-16,0.71
2013-07-15,0.709
2013-07-12,0.699
2013-07-11,0.702
2013-07-10,0.739
2013-07-09,0.732
2013-07-08,0.727
2013-07-05,0.689
2013-07-04,0.7
2013-07-03,0.664
2013-07-02,0.7
2013-07-01,0.736
2013-06-28,0.731
2013-06-27,0.735
2013-06-26,0.738
2013-06-25,0.706
2013-06-24,0.671
2013-06-21,0.691
2013-06-20,0.724
2013-06-19,0.753
2013-06-18,0.753
2013-06-17,0.756
2013-06-14,0.733
2013-06-13,0.74
2013-06-12,0.763
2013-06-11,0.758
2013-06-10,0.76
2013-06-07,0.762
2013-06-06,0.749
2013-06-05,0.759
2013-06-04,0.765
2013-06-03,0.76
2013-05-31,0.769
2013-05-30,0.778
2013-05-29,0.781
2013-05-28,0.78
2013-05-27,0.744
2013-05-24,0.753
2013-05-23,0.748
2013-05-22,0.777
2013-05-21,0.783
2013-05-20,0.776
2013-05-17,0.769
2013-05-16,0.765
2013-05-15,0.761
2013-05-14,0.74
2013-05-13,0.754
2013-05-10,0.765
2013-05-09,0.758
2013-05-08,0.75
2013-05-07,0.743
2013-05-06,0.74
2013-05-03,0.737
2013-05-02,0.734
2013-05-01,0.738
2013-04-30,0.738
2013-04-29,0.739
2013-04-26,0.722
2013-04-25,0.74
2013-04-24,0.738
2013-04-23,0.701
2013-04-22,0.685
2013-04-19,0.683
2013-04-18,0.668
2013-04-17,0.67
2013-04-16,0.685
2013-04-15,0.698
2013-04-12,0.698
2013-04-11,0.703
2013-04-10,0.707
2013-04-09,0.675
2013-04-08,0.665
2013-04-05,0.678
2013-04-04,0.682
2013-04-03,0.681
2013-04-02,0.704
2013-04-01,0.7
2013-03-29,0.7
2013-03-28,0.7
2013-03-27,0.702
2013-03-26,0.707
2013-03-25,0.709
2013-03-22,0.709
2013-03-21,0.712
2013-03-20,0.721
2013-03-19,0.703
2013-03-18,0.721
2013-03-15,0.73
2013-03-14,0.727
2013-03-13,0.698
2013-03-12,0.685
2013-03-11,0.69
2013-03-08,0.696
2013-03-07,0.701
2013-03-06,0.697
2013-03-05,0.688
2013-03-04,0.676
2013-03-01,0.688
2013-02-28,0.71
2013-02-27,0.721
2013-02-26,0.714
2013-02-25,0.736
2013-02-22,0.733
2013-02-21,0.73
2013-02-20,0.746
2013-02-19,0.744
2013-02-18,0.744
2013-02-15,0.737
2013-02-14,0.742
2013-02-13,0.74
2013-02-12,0.737
2013-02-11,0.738
2013-02-08,0.735
2013-02-07,0.734
2013-02-06,0.735
2013-02-05,0.735
2013-02-04,0.717
2013-02-01,0.739
2013-01-31,0.73
2013-01-30,0.74
2013-01-29,0.747
2013-01-28,0.745
2013-01-25,0.742
2013-01-24,0.734
2013-01-23,0.747
2013-01-22,0.748
2013-01-21,0.747
2013-01-18,0.732
2013-01-17,0.734
2013-01-16,0.705
2013-01-15,0.714
2013-01-14,0.733
2013-01-11,0.738
2013-01-10,0.744
2013-01-09,0.744
2013-01-08,0.73
2013-01-07,0.732
2013-01-04,0.721
2013-01-03,0.724
2013-01-02,0.722
2013-01-01,0.687
2012-12-31,0.687
2012-12-28,0.698
2012-12-27,0.702
2012-12-26,0.715
2012-12-25,0.715
2012-12-24,0.715
2012-12-21,0.719
2012-12-20,0.718
2012-12-19,0.708
2012-12-18,0.719
2012-12-17,0.693
2012-12-14,0.667
2012-12-13,0.664
2012-12-12,0.655
2012-12-11,0.663
2012-12-10,0.664
2012-12-07,0.664
2012-12-06,0.656
2012-12-05,0.616
2012-12-04,0.598
2012-12-03,0.582
2012-11-30,0.584
2012-11-29,0.581
2012-11-28,0.58
2012-11-27,0.575
2012-11-26,0.573
2012-11-23,0.576
2012-11-22,0.571
2012-11-21,0.578
2012-11-20,0.581
2012-11-19,0.582
2012-11-16,0.552
2012-11-15,0.575
2012-11-14,0.579
2012-11-13,0.571
2012-11-12,0.572
2012-11-09,0.573
2012-11-08,0.579
2012-11-07,0.572
2012-11-06,0.58
2012-11-05,0.58
2012-11-02,0.578
2012-11-01,0.581
2012-10-31,0.572
2012-10-30,0.58
2012-10-29,0.577
2012-10-26,0.58
2012-10-25,0.58
2012-10-24,0.584
2012-10-23,0.579
2012-10-22,0.579
2012-10-19,0.57
2012-10-18,0.582
2012-10-17,0.583
2012-10-16,0.562
2012-10-15,0.558
2012-10-12,0.55
2012-10-11,0.551
2012-10-10,0.545
2012-10-09,0.549
2012-10-08,0.554
2012-10-05,0.556
2012-10-04,0.541
2012-10-03,0.536
2012-10-02,0.538
2012-10-01,0.537
2012-09-28,0.518
2012-09-27,0.525
2012-09-26,0.53
2012-09-25,0.538
2012-09-24,0.536
2012-09-21,0.55
2012-09-20,0.535
2012-09-19,0.515
2012-09-18,0.514
2012-09-17,0.52
2012-09-14,0.53
2012-09-13,0.527
2012-09-12,0.536
2012-09-11,0.54
2012-09-10,0.52
2012-09-07,0.531
2012-09-06,0.54
2012-09-05,0.528
2012-09-04,0.514
2012-09-03,0.511
2012-08-31,0.504
2012-08-30,0.487
2012-08-29,0.5
2012-08-28,0.512
2012-08-27,0.518
2012-08-24,0.49
2012-08-23,0.461
2012-08-22,0.478
2012-08-21,0.476
2012-08-20,0.47
2012-08-17,0.454
2012-08-16,0.446
2012-08-15,0.436
2012-08-14,0.43
2012-08-13,0.423
2012-08-10,0.43
2012-08-09,0.43
2012-08-08,0.428
2012-08-07,0.429
2012-08-06,0.419
2012-08-03,0.418
2012-08-02,0.41
2012-08-01,0.43
2012-07-31,0.431
2012-07-30,0.426
2012-07-27,0.433
2012-07-26,0.422
2012-07-25,0.418
2012-07-24,0.415
2012-07-23,0.418
2012-07-20,0.425
2012-07-19,0.458
2012-07-18,0.447
2012-07-17,0.425
2012-07-16,0.423
2012-07-13,0.425
2012-07-12,0.424
2012-07-11,0.43
2012-07-10,0.43
2012-07-09,0.425
2012-07-06,0.426
2012-07-05,0.43
2012-07-04,0.417
2012-07-03,0.417
2012-07-02,0.414
2012-06-29,0.412
2012-06-28,0.403
2012-06-27,0.409
2012-06-26,0.397
2012-06-25,0.406
2012-06-22,0.407
2012-06-21,0.418
2012-06-20,0.413
2012-06-19,0.392
2012-06-18,0.384
2012-06-15,0.387
2012-06-14,0.368
2012-06-13,0.373
2012-06-12,0.378
2012-06-11,0.381
2012-06-08,0.377
2012-06-07,0.379
2012-06-06,0.377
2012-06-05,0.376
2012-06-04,0.377
2012-06-01,0.37
2012-05-31,0.38
2012-05-30,0.382
2012-05-29,0.39
2012-05-28,0.398
2012-05-25,0.403
2012-05-24,0.403
2012-05-23,0.408
2012-05-22,0.408
2012-05-21,0.402
2012-05-18,0.398
2012-05-17,0.403
2012-05-16,0.404
2012-05-15,0.403
2012-05-14,0.404
2012-05-11,0.413
2012-05-10,0.407
2012-05-09,0.4
2012-05-08,0.4
2012-05-07,0.4
2012-05-04,0.395
2012-05-03,0.405
2012-05-02,0.401
2012-05-01,0.41
2012-04-30,0.41
2012-04-27,0.412
2012-04-26,0.414
2012-04-25,0.418
2012-04-24,0.407
2012-04-23,0.408
2012-04-20,0.425
2012-04-19,0.424
2012-04-18,0.434
2012-04-17,0.435
2012-04-16,0.424
2012-04-13,0.428
2012-04-12,0.436
2012-04-11,0.438
2012-04-10,0.428
2012-04-09,0.437
2012-04-06,0.437
2012-04-05,0.437
2012-04-04,0.44
2012-04-03,0.447
2012-04-02,0.449
2012-03-30,0.446
2012-03-29,0.441
2012-03-28,0.448
2012-03-27,0.447
2012-03-26,0.456
2012-03-23,0.458
2012-03-22,0.448
2012-03-21,0.454
2012-03-20,0.461
2012-03-19,0.456
2012-03-16,0.459
2012-03-15,0.458
2012-03-14,0.465
2012-03-13,0.455
2012-03-12,0.435
2012-03-09,0.44
2012-03-08,0.441
2012-03-07,0.445
2012-03-06,0.447
2012-03-05,0.46
2012-03-02,0.469
2012-03-01,0.463
2012-02-29,0.459
2012-02-28,0.447
2012-02-27,0.45
2012-02-24,0.45
2012-02-23,0.448
2012-02-22,0.457
2012-02-21,0.457
2012-02-20,0.461
2012-02-17,0.456
2012-02-16,0.451
2012-02-15,0.458
2012-02-14,0.464
2012-02-13,0.462
2012-02-10,0.459
2012-02-09,0.47
2012-02-08,0.465
2012-02-07,0.454
2012-02-06,0.448
2012-02-03,0.445
2012-02-02,0.436
2012-02-01,0.44
2012-01-31,0.438
2012-01-30,0.446
2012-01-27,0.457
2012-01-26,0.455
2012-01-25,0.456
2012-01-24,0.463
2012-01-23,0.463
2012-01-20,0.452
2012-01-19,0.455
2012-01-18,0.45
2012-01-17,0.453
2012-01-16,0.45
2012-01-13,0.451
2012-01-12,0.46
2012-01-11,0.457
2012-01-10,0.46
2012-01-09,0.453
2012-01-06,0.45
2012-01-05,0.449
2012-01-04,0.463
2012-01-03,0.473
2012-01-02,0.468
2011-12-30,0.459
2011-12-29,0.461
2011-12-28,0.466
2011-12-27,0.477
2011-12-26,0.461
2011-12-23,0.461
2011-12-22,0.449
2011-12-21,0.445
2011-12-20,0.451
2011-12-19,0.43
2011-12-16,0.43
2011-12-15,0.425
2011-12-14,0.426
2011-12-13,0.44
2011-12-12,0.435
2011-12-09,0.463
2011-12-08,0.468
2011-12-07,0.473
2011-12-06,0.471
2011-12-05,0.482
2011-12-02,0.462
2011-12-01,0.438
2011-11-30,0.441
2011-11-29,0.425
2011-11-28,0.439
2011-11-25,0.437
2011-11-24,0.445
2011-11-23,0.461
2011-11-22,0.459
2011-11-21,0.473
2011-11-18,0.49
2011-11-17,0.486
2011-11-16,0.49
2011-11-15,0.483
2011-11-14,0.495
2011-11-11,0.499
2011-11-10,0.491
2011-11-09,0.486
2011-11-08,0.491
2011-11-07,0.489
2011-11-04,0.489
2011-11-03,0.502
2011-11-02,0.495
2011-11-01,0.509
2011-10-31,0.525
2011-10-28,0.534
2011-10-27,0.53
2011-10-26,0.518
2011-10-25,0.516
2011-10-24,0.528
2011-10-21,0.519
2011-10-20,0.514
2011-10-19,0.526
2011-10-18,0.53
2011-10-17,0.531
2011-10-14,0.529
2011-10-13,0.529
2011-10-12,0.542
2011-10-11,0.525
2011-10-10,0.529
2011-10-07,0.52
2011-10-06,0.523
2011-10-05,0.514
2011-10-04,0.511
2011-10-03,0.52
2011-09-30,0.525
2011-09-29,0.533
2011-09-28,0.529
2011-09-27,0.507
2011-09-26,0.499
2011-09-23,0.503
2011-09-22,0.489
2011-09-21,0.502
2011-09-20,0.51
2011-09-19,0.502
2011-09-16,0.529
2011-09-15,0.522
2011-09-14,0.51
2011-09-13,0.493
2011-09-12,0.483
2011-09-09,0.516
2011-09-08,0.535
2011-09-07,0.52
2011-09-06,0.5
2011-09-05,0.509
2011-09-02,0.535
2011-09-01,0.549
2011-08-31,0.547
2011-08-30,0.539
2011-08-29,0.541
2011-08-26,0.524
2011-08-25,0.53
2011-08-24,0.538
2011-08-23,0.526
2011-08-22,0.531
2011-08-19,0.519
2011-08-18,0.527
2011-08-17,0.555
2011-08-16,0.552
2011-08-15,0.563
2011-08-12,0.549
2011-08-11,0.53
2011-08-10,0.514
2011-08-09,0.536
2011-08-08,0.521
2011-08-05,0.543
2011-08-04,0.572
2011-08-03,0.603
2011-08-02,0.636
2011-08-01,0.65
2011-07-29,0.665
2011-07-28,0.672
2011-07-27,0.65
2011-07-26,0.668
2011-07-25,0.679
2011-07-22,0.689
2011-07-21,0.68
2011-07-20,0.662
2011-07-19,0.651
2011-07-18,0.64
2011-07-15,0.659
2011-07-14,0.67
2011-07-13,0.683
2011-07-12,0.692
2011-07-11,0.677
2011-07-08,0.707
2011-07-07,0.717
2011-07-06,0.7
2011-07-05,0.728
2011-07-04,0.737
2011-07-01,0.73
2011-06-30,0.721
2011-06-29,0.71
2011-06-28,0.7
2011-06-27,0.7
2011-06-24,0.708
2011-06-23,0.702
2011-06-22,0.721
2011-06-21,0.729
2011-06-20,0.716
2011-06-17,0.728
2011-06-16,0.698
2011-06-15,0.719
2011-06-14,0.735
2011-06-13,0.726
2011-06-10,0.733
2011-06-09,0.742
2011-06-08,0.737
2011-06-07,0.749
2011-06-06,0.76
2011-06-03,0.773
2011-06-02,0.765
2011-06-01,0.767
2011-05-31,0.768
2011-05-30,0.776
2011-05-27,0.78
2011-05-26,0.783
2011-05-25,0.791
2011-05-24,0.768
2011-05-23,0.807
2011-05-20,0.815
2011-05-19,0.828
2011-05-18,0.825
2011-05-17,0.831
2011-05-16,0.834
2011-05-13,0.837
2011-05-12,0.841
2011-05-11,0.848
2011-05-10,0.843
2011-05-09,0.834
2011-05-06,0.828
2011-05-05,0.82
2011-05-04,0.811
2011-05-03,0.811
2011-05-02,0.816
2011-04-29,0.811
2011-04-28,0.811
2011-04-27,0.81
2011-04-26,0.81
2011-04-25,1.636
2011-04-22,1.636
2011-04-21,0.811
2011-04-20,0.816
2011-04-19,0.824
2011-04-18,0.807
2011-04-15,0.825
2011-04-14,0.822
2011-04-13,0.828
2011-04-12,0.82
2011-04-11,0.832
2011-04-08,0.832
2011-04-07,0.824
2011-04-06,0.811
2011-04-05,0.813
2011-04-04,0.827
2011-04-01,0.829
2011-03-31,0.824
2011-03-30,0.82
2011-03-29,0.815
2011-03-28,0.816
2011-03-25,0.813
2011-03-24,0.81
2011-03-23,0.8
2011-03-22,0.816
2011-03-21,0.83
2011-03-18,0.814
2011-03-17,0.814
2011-03-16,0.805
2011-03-15,0.835
2011-03-14,0.839
2011-03-11,0.829
2011-03-10,0.827
2011-03-09,0.83
2011-03-08,0.828
2011-03-07,0.827
2011-03-04,0.82
2011-03-03,0.815
2011-03-02,0.819
2011-03-01,0.818
2011-02-28,0.818
2011-02-25,0.814
2011-02-24,0.81
2011-02-23,0.812
2011-02-22,0.812
2011-02-21,0.805
2011-02-18,0.822
2011-02-17,0.822
2011-02-16,0.823
2011-02-15,0.812
2011-02-14,0.81
2011-02-11,0.819
2011-02-10,0.825
2011-02-09,0.824
2011-02-08,0.83
2011-02-07,0.822
2011-02-04,0.823
2011-02-03,0.82
2011-02-02,0.82
2011-02-01,0.824
2011-01-31,0.822
2011-01-28,0.809
2011-01-27,0.805
2011-01-26,0.811
2011-01-25,0.805
2011-01-24,0.818
2011-01-21,0.82
2011-01-20,0.805
2011-01-19,0.781
2011-01-18,0.773
2011-01-17,0.765
2011-01-14,0.77
2011-01-13,0.777
2011-01-12,0.786
2011-01-11,0.771
2011-01-10,0.74
2011-01-07,0.743
2011-01-06,0.773
2011-01-05,0.785
2011-01-04,0.784
2011-01-03,0.778
2010-12-31,0.78
2010-12-30,0.78
2010-12-29,0.795
2010-12-28,0.795
2010-12-27,0.797
2010-12-24,0.81
2010-12-23,0.814
2010-12-22,0.806
2010-12-21,0.803
2010-12-20,0.815
2010-12-17,0.811
2010-12-16,0.799
2010-12-15,0.797
2010-12-14,0.802
2010-12-13,0.802
2010-12-10,0.8
2010-12-09,0.8
2010-12-08,0.801
2010-12-07,0.801
2010-12-06,0.799
2010-12-03,0.785
2010-12-02,0.777
2010-12-01,0.772
2010-11-30,0.744
2010-11-29,0.754
2010-11-26,0.773
2010-11-25,0.783
2010-11-24,0.787
2010-11-23,0.792
2010-11-22,0.798
2010-11-19,0.81
2010-11-18,0.819
2010-11-17,0.814
2010-11-16,0.803
2010-11-15,0.818
2010-11-12,0.795
2010-11-11,0.79
2010-11-10,0.808
2010-11-09,0.817
2010-11-08,0.821
2010-11-05,0.826
2010-11-04,0.849
2010-11-03,0.839
2010-11-02,0.843
2010-11-01,0.849
2010-10-29,0.85
2010-10-28,0.838
2010-10-27,0.836
2010-10-26,0.856
2010-10-25,0.851
2010-10-22,0.846
2010-10-21,0.854
2010-10-20,0.847
2010-10-19,0.844
2010-10-18,0.842
2010-10-15,0.838
2010-10-14,0.832
2010-10-13,0.84
2010-10-12,0.831
2010-10-11,0.838
2010-10-08,0.831
2010-10-07,0.833
2010-10-06,0.821
2010-10-05,0.82
2010-10-04,0.813
2010-10-01,0.818
2010-09-30,0.813
2010-09-29,0.825
2010-09-28,0.827
2010-09-27,0.823
2010-09-24,0.82
2010-09-23,0.813
2010-09-22,0.824
2010-09-21,0.837
2010-09-20,0.829
2010-09-17,0.831
2010-09-16,0.836
2010-09-15,0.85
2010-09-14,0.858
2010-09-13,0.855
2010-09-10,0.851
2010-09-09,0.861
2010-09-08,0.864
2010-09-07,0.858
2010-09-06,0.879
2010-09-03,0.871
2010-09-02,0.866
2010-09-01,0.879
2010-08-31,0.855
2010-08-30,0.854
2010-08-27,0.85
2010-08-26,0.84
2010-08-25,0.819
2010-08-24,0.816
2010-08-23,0.826
2010-08-20,0.818
2010-08-19,0.811
2010-08-18,0.826
2010-08-17,0.832
2010-08-16,0.814
2010-08-13,0.811
2010-08-12,0.807
2010-08-11,0.805
2010-08-10,0.83
2010-08-09,0.835
2010-08-06,0.813
2010-08-05,0.836
2010-08-04,0.825
2010-08-03,0.82
2010-08-02,0.813
2010-07-30,0.806
2010-07-29,0.805
2010-07-28,0.805
2010-07-27,0.806
2010-07-26,0.8
2010-07-23,0.799
2010-07-22,0.809
2010-07-21,0.793
2010-07-20,0.782
2010-07-19,0.779
2010-07-16,0.785
2010-07-15,0.795
2010-07-14,0.796
2010-07-13,0.804
2010-07-12,0.799
2010-07-09,0.8
2010-07-08,0.809
2010-07-07,0.803
2010-07-06,0.79
2010-07-05,0.76
2010-07-02,0.753
2010-07-01,0.754
2010-06-30,0.761
2010-06-29,0.767
2010-06-28,0.799
2010-06-25,0.797
2010-06-24,0.796
2010-06-23,0.815
2010-06-22,0.814
2010-06-21,0.814
2010-06-18,0.784
2010-06-17,0.774
2010-06-16,0.78
2010-06-15,0.782
2010-06-14,0.784
2010-06-11,0.78
2010-06-10,0.762
2010-06-09,0.74
2010-06-08,0.738
2010-06-07,0.735
2010-06-04,0.747
2010-06-03,0.765
2010-06-02,0.745
2010-06-01,0.745
2010-05-31,0.748
2010-05-28,0.749
2010-05-27,0.753
2010-05-26,0.745
2010-05-25,0.72
2010-05-24,0.76
2010-05-21,0.806
2010-05-20,0.78
2010-05-19,0.796
2010-05-18,0.797
2010-05-17,0.795
2010-05-14,0.791
2010-05-13,0.826
2010-05-12,0.834
2010-05-11,0.816
2010-05-10,0.819
2010-05-07,0.723
2010-05-06,0.753
2010-05-05,0.78
2010-05-04,0.783
2010-05-03,0.831
2010-04-30,0.826
2010-04-29,0.823
2010-04-28,0.761
2010-04-27,0.763
2010-04-26,0.826
2010-04-23,0.844
2010-04-22,0.826
2010-04-21,0.84
2010-04-20,0.871
2010-04-19,0.868
2010-04-16,0.876
2010-04-15,0.904
2010-04-14,0.913
2010-04-13,0.889
2010-04-12,0.894
2010-04-09,0.892
2010-04-08,0.874
2010-04-07,0.886
2010-04-06,0.895
2010-04-05,5.049
2010-04-02,5.049
2010-04-01,0.894
2010-03-31,0.88
2010-03-30,0.888
2010-03-29,0.898
2010-03-26,0.88
2010-03-25,0.88
2010-03-24,0.878
2010-03-23,0.885
2010-03-22,0.881
2010-03-19,0.894
2010-03-18,0.886
2010-03-17,0.901
2010-03-16,0.879
2010-03-15,0.86
2010-03-12,0.874
2010-03-11,0.855
2010-03-10,0.855
2010-03-09,0.848
2010-03-08,0.853
2010-03-05,0.861
2010-03-04,0.841
2010-03-03,0.839
2010-03-02,0.824
2010-03-01,0.829
2010-02-26,0.815
2010-02-25,0.81
2010-02-24,0.825
2010-02-23,0.826
2010-02-22,0.85
2010-02-19,0.851
2010-02-18,0.85
2010-02-17,0.848
2010-02-16,0.834
2010-02-15,0.831
2010-02-12,0.833
2010-02-11,0.848
2010-02-10,0.857
2010-02-09,0.835
2010-02-08,0.818
2010-02-05,0.815
2010-02-04,0.823
2010-02-03,0.88
2010-02-02,0.92
2010-02-01,0.92
2010-01-29,0.898
2010-01-28,0.887
2010-01-27,0.901
2010-01-26,0.9
2010-01-25,0.889
2010-01-22,0.884
2010-01-21,0.891
2010-01-20,0.913
2010-01-19,0.93
2010-01-18,0.922
2010-01-15,0.91
2010-01-14,0.931
2010-01-13,0.939
2010-01-12,0.939
2010-01-11,0.948
2010-01-07,0.91
2010-01-06,0.898
2010-01-05,0.895
2010-01-04,0.889
2009-12-31,0.87
2009-12-30,0.87
2009-12-29,0.878
2009-12-28,0.876
2009-12-24,0.87
2009-12-23,0.866
2009-12-22,0.856
2009-12-21,0.851
2009-12-18,0.81
2009-12-17,0.828
2009-12-16,0.857
2009-12-15,0.86
2009-12-14,0.87
2009-12-11,0.867
2009-12-10,0.87
2009-12-09,0.867
2009-12-08,0.887
2009-12-07,0.901
2009-12-04,0.9
2009-12-03,0.9
2009-12-02,0.9
2009-12-01,0.909
2009-11-30,0.897
2009-11-27,0.899
2009-11-26,0.894
2009-11-25,0.916
2009-11-24,0.918
2009-11-23,0.92
2009-11-20,0.915
2009-11-19,0.911
2009-11-18,0.917
2009-11-17,0.917
2009-11-16,0.928
2009-11-13,0.92
2009-11-12,0.94
2009-11-11,0.939
2009-11-10,0.913
2009-11-09,0.911
2009-11-06,0.894
2009-11-05,0.904
2009-11-04,0.897
2009-11-03,0.873
2009-11-02,0.898
2009-10-30,0.895
2009-10-29,0.904
2009-10-28,0.862
2009-10-27,0.889
2009-10-26,0.91
2009-10-23,0.936
2009-10-22,0.933
2009-10-21,0.958
2009-10-20,0.967
2009-10-19,0.968
2009-10-16,0.967
2009-10-15,0.97
2009-10-14,0.977
2009-10-13,0.965
2009-10-12,0.974
2009-10-09,0.957
2009-10-08,0.95
2009-10-07,0.945
2009-10-06,0.949
2009-10-05,0.948
2009-10-02,0.932
2009-10-01,0.939
2009-09-30,0.945
2009-09-29,0.95
2009-09-28,0.95
2009-09-25,0.955
2009-09-24,0.962
2009-09-23,0.966
2009-09-22,0.965
2009-09-21,0.948
2009-09-18,0.96
2009-09-17,0.97
2009-09-16,0.971
2009-09-15,0.971
2009-09-14,0.956
2009-09-11,0.929
2009-09-10,0.869
2009-09-09,0.867
2009-09-08,0.869
2009-09-07,0.87
2009-09-04,0.845
2009-09-03,0.828
2009-09-02,0.816
2009-09-01,0.838
2009-08-31,0.859
2009-08-28,0.86
2009-08-27,0.853
2009-08-26,0.862
2009-08-25,0.893
2009-08-24,0.883
2009-08-21,0.886
2009-08-20,0.875
2009-08-19,0.809
2009-08-18,0.807
2009-08-17,0.794
2009-08-14,0.815
2009-08-13,0.808
2009-08-12,0.797
2009-08-11,0.795
2009-08-10,0.79
2009-08-07,0.779
2009-08-06,0.782
2009-08-05,0.777
2009-08-04,0.755
2009-08-03,0.75
2009-07-31,0.737
2009-07-30,0.738
2009-07-29,0.737
2009-07-28,0.731
2009-07-27,0.737
2009-07-24,0.727
2009-07-23,0.739
2009-07-22,0.728
2009-07-21,0.724
2009-07-20,0.711
2009-07-17,0.696
2009-07-16,0.696
2009-07-15,0.698
2009-07-14,0.692
2009-07-13,0.689
2009-07-10,0.681
2009-07-09,0.691
2009-07-08,0.684
2009-07-07,0.686
2009-07-06,0.683
2009-07-03,0.687
2009-07-02,0.687
2009-07-01,0.701
2009-06-30,0.674
2009-06-29,0.666
2009-06-26,0.661
2009-06-25,0.661
2009-06-24,0.662
2009-06-23,0.652
2009-06-22,0.672
2009-06-19,0.69
2009-06-18,0.677
2009-06-17,0.681
2009-06-16,0.699
2009-06-15,0.694
2009-06-12,0.703
2009-06-11,0.708
2009-06-10,0.702
2009-06-09,0.694
2009-06-08,0.698
2009-06-05,0.711
2009-06-04,0.719
2009-06-03,0.711
2009-06-02,0.716
2009-06-01,0.719
2009-05-29,0.713
2009-05-28,0.724
2009-05-27,0.728
2009-05-26,0.729
2009-05-25,0.724
2009-05-22,0.723
2009-05-21,0.71
2009-05-20,0.729
2009-05-19,0.722
2009-05-18,0.715
2009-05-15,0.693
2009-05-14,0.699
2009-05-13,0.669
2009-05-12,0.701
2009-05-11,0.746
2009-05-08,0.754
2009-05-07,0.735
2009-05-06,0.724
2009-05-05,0.709
2009-05-04,0.692
2009-05-01,0.641
2009-04-30,0.641
2009-04-29,0.625
2009-04-28,0.618
2009-04-27,0.624
2009-04-24,0.622
2009-04-23,0.613
2009-04-22,0.618
2009-04-21,0.616
2009-04-20,0.614
2009-04-17,0.631
2009-04-16,0.63
2009-04-15,0.623
2009-04-14,0.623
2009-04-13,0.611
2009-04-10,0.611
2009-04-09,0.611
2009-04-08,0.595
2009-04-07,0.57
2009-04-06,0.582
2009-04-03,0.573
2009-04-02,0.545
2009-04-01,0.524
2009-03-31,0.511
2009-03-30,0.503
2009-03-27,0.515
2009-03-26,0.514
2009-03-25,0.514
2009-03-24,0.505
2009-03-23,0.512
2009-03-20,0.497
2009-03-19,0.502
2009-03-18,0.492
2009-03-17,0.482
2009-03-16,0.48
2009-03-13,0.471
2009-03-12,0.471
2009-03-11,0.468
2009-03-10,0.471
2009-03-09,0.466
2009-03-06,0.447
2009-03-05,0.448
2009-03-04,0.451
2009-03-03,0.434
2009-03-02,0.434
2009-02-27,0.446
2009-02-26,0.446
2009-02-25,0.44
2009-02-24,0.43
2009-02-23,0.44
2009-02-20,0.437
2009-02-19,0.464
2009-02-18,0.465
2009-02-17,0.475
2009-02-16,0.481
2009-02-13,0.484
2009-02-12,0.48
2009-02-11,0.484
2009-02-10,0.481
2009-02-09,0.485
2009-02-06,0.48
2009-02-05,0.471
2009-02-04,0.479
2009-02-03,0.478
2009-02-02,0.482
2009-01-30,0.483
2009-01-29,0.482
2009-01-28,0.488
2009-01-27,0.483
2009-01-26,0.49
2009-01-23,0.49
2009-01-22,0.496
2009-01-21,0.496
2009-01-20,0.496
2009-01-19,0.497
2009-01-16,0.5
2009-01-15,0.485
2009-01-14,0.48
2009-01-13,0.502
2009-01-12,0.505
2009-01-09,0.495
2009-01-08,0.483
2009-01-07,0.487
2009-01-06,0.489
2009-01-05,0.472
2009-01-02,0.443
2009-01-01,0.437
2008-12-31,0.437
2008-12-30,0.435
2008-12-29,0.435
2008-12-26,0.437
2008-12-25,0.437
2008-12-24,0.437
2008-12-23,0.44
2008-12-22,0.447
2008-12-19,0.441
2008-12-18,0.418
2008-12-17,0.411
2008-12-16,0.403
2008-12-15,0.398
2008-12-12,0.401
2008-12-11,0.403
2008-12-10,0.399
2008-12-09,0.404
2008-12-08,0.405
2008-12-05,0.392
2008-12-04,0.414
2008-12-03,0.413
2008-12-02,0.402
2008-12-01,0.398
2008-11-28,0.411
2008-11-27,0.431
2008-11-26,0.426
2008-11-25,0.426
2008-11-24,0.448
2008-11-21,0.431
2008-11-20,0.424
2008-11-19,0.439
2008-11-18,0.46
2008-11-17,0.467
2008-11-14,0.478
2008-11-13,0.481
2008-11-12,0.501
2008-11-11,0.501
2008-11-10,0.519
2008-11-07,0.517
2008-11-06,0.494
2008-11-05,0.52
2008-11-04,0.544
2008-11-03,0.489
2008-10-31,0.48
2008-10-30,0.488
2008-10-29,0.495
2008-10-28,0.47
2008-10-27,0.466
2008-10-24,0.476
2008-10-23,0.496
2008-10-22,0.494
2008-10-21,0.514
2008-10-20,0.536
2008-10-17,0.525
2008-10-16,0.507
2008-10-15,0.539
2008-10-14,0.57
2008-10-13,0.515
2008-10-10,0.416
2008-10-09,0.448
2008-10-08,0.42
2008-10-07,0.43
2008-10-06,0.467
2008-10-03,0.518
2008-10-02,0.517
2008-10-01,0.539
2008-09-30,0.534
2008-09-29,0.546
2008-09-26,0.57
2008-09-25,0.575
2008-09-24,0.567
2008-09-23,0.586
2008-09-22,0.606
2008-09-19,0.604
2008-09-18,0.561
2008-09-17,0.603
2008-09-16,0.617
2008-09-15,0.629
2008-09-12,0.638
2008-09-11,0.629
2008-09-10,0.64
2008-09-09,0.661
2008-09-08,0.671
2008-09-05,0.659
2008-09-04,0.677
2008-09-03,0.689
2008-09-02,0.683
2008-09-01,0.696
2008-08-29,0.695
2008-08-28,0.7
2008-08-27,0.69
2008-08-26,0.71
2008-08-25,0.685
2008-08-22,0.68
2008-08-21,0.67
2008-08-20,0.675
2008-08-19,0.675
2008-08-18,0.7
2008-08-15,0.7
2008-08-14,0.685
2008-08-13,0.685
2008-08-12,0.7
2008-08-11,0.705
2008-08-08,0.68
2008-08-07,0.67
2008-08-06,0.675
2008-08-05,0.685
2008-08-04,0.67
2008-08-01,0.69
2008-07-31,0.68
2008-07-30,0.685
2008-07-29,0.72
2008-07-28,0.75
2008-07-25,0.785
2008-07-24,0.77
2008-07-23,0.81
2008-07-22,0.785
2008-07-21,0.795
2008-07-18,0.74
2008-07-17,0.7
2008-07-16,0.665
2008-07-15,0.64
2008-07-14,0.66
2008-07-11,0.66
2008-07-10,0.665
2008-07-09,0.67
2008-07-08,0.64
2008-07-07,0.64
2008-07-04,0.615
2008-07-03,0.65
2008-07-02,0.68
2008-07-01,0.675
2008-06-30,0.765
2008-06-27,0.785
2008-06-26,0.815
2008-06-25,0.855
2008-06-24,0.81
2008-06-23,0.81
2008-06-20,0.8
2008-06-19,0.81
2008-06-18,0.87
2008-06-17,0.89
2008-06-16,0.895
2008-06-13,0.905
2008-06-12,0.91
2008-06-11,0.895
2008-06-10,0.91
2008-06-09,0.95
2008-06-06,0.985
2008-06-05,1.025
2008-06-04,1.03
2008-06-03,1.03
2008-06-02,1.025
2008-05-30,1.05
2008-05-29,1.065
2008-05-28,1.065
2008-05-27,1.02
2008-05-26,1.02
2008-05-23,1.02
2008-05-22,1.03
2008-05-21,1.06
2008-05-20,1.09
2008-05-19,1.1
2008-05-16,1.095
2008-05-15,1.105
2008-05-14,1.115
2008-05-13,1.13
2008-05-12,1.13
2008-05-09,1.14
2008-05-08,1.145
2008-05-07,1.145
2008-05-06,1.145
2008-05-05,1.165
2008-05-02,1.155
2008-05-01,4.78
2008-04-30,1.145
2008-04-29,1.15
2008-04-28,1.15
2008-04-25,1.155
2008-04-24,1.15
2008-04-23,1.16
2008-04-22,1.16
2008-04-21,1.17
2008-04-18,1.165
2008-04-17,1.14
2008-04-16,1.155
2008-04-15,1.16
2008-04-14,1.14
2008-04-11,1.145
2008-04-10,1.155
2008-04-09,1.165
2008-04-08,1.17
2008-04-07,1.15
2008-04-04,1.15
2008-04-03,1.16
2008-04-02,1.17
2008-04-01,1.185
2008-03-31,1.165
2008-03-28,1.185
2008-03-27,1.18
2008-03-26,1.175
2008-03-25,1.17
2008-03-24,4.265
2008-03-21,4.265
2008-03-20,1.17
2008-03-19,1.18
2008-03-18,1.2
2008-03-17,1.185
2008-03-14,1.22
2008-03-13,1.23
2008-03-12,1.265
2008-03-11,1.25
2008-03-10,1.235
2008-03-07,1.235
2008-03-06,1.235
2008-03-05,1.215
2008-03-04,1.195
2008-03-03,1.195
2008-02-29,1.21
2008-02-28,1.22
2008-02-27,1.225
2008-02-26,1.225
2008-02-25,1.21
2008-02-22,1.185
2008-02-21,1.19
2008-02-20,1.21
2008-02-19,1.22
2008-02-18,1.21
2008-02-15,1.21
2008-02-14,1.235
2008-02-13,1.25
2008-02-12,1.25
2008-02-11,1.225
2008-02-08,1.25
2008-02-07,1.245
2008-02-06,1.255
2008-02-05,1.25
2008-02-04,1.295
2008-02-01,1.26
2008-01-31,1.26
2008-01-30,1.295
2008-01-29,1.28
2008-01-28,1.275
2008-01-25,1.23
2008-01-24,1.22
2008-01-23,1.18
2008-01-22,1.23
2008-01-21,1.17
2008-01-18,1.23
2008-01-17,1.27
2008-01-16,1.28
2008-01-15,1.31
2008-01-14,1.34
2008-01-11,1.3
2008-01-10,1.35
2008-01-09,1.43
2008-01-08,1.54
2008-01-07,1.56
2008-01-04,1.65
2008-01-03,1.91
2008-01-02,1.95
2008-01-01,5.33
2007-12-31,1.98
2007-12-28,1.96
2007-12-27,1.9
2007-12-26,5.53
2007-12-25,5.53
2007-12-24,1.93
2007-12-21,1.94
2007-12-20,1.9
2007-12-19,1.96
2007-12-18,1.97
2007-12-17,1.97
2007-12-14,2.0
2007-12-13,2.0
2007-12-12,2.04
2007-12-11,2.02
2007-12-10,2.05
2007-12-07,2.04
2007-12-06,2.03
2007-12-05,2.05
2007-12-04,2.02
2007-12-03,2.05
2007-11-30,2.05
2007-11-29,2.01
2007-11-28,2.0
2007-11-27,1.99
2007-11-26,2.0
2007-11-23,1.98
2007-11-22,1.94
2007-11-21,1.93
2007-11-20,2.0
2007-11-19,1.97
2007-11-16,2.07
2007-11-15,2.07
2007-11-14,2.07
2007-11-13,2.08
2007-11-12,2.1
2007-11-09,2.09
2007-11-08,2.02
2007-11-07,2.01
2007-11-06,1.99
2007-11-05,1.99
2007-11-02,2.02
2007-11-01,2.02
2007-10-31,2.02
2007-10-30,2.0
2007-10-29,1.98
2007-10-26,1.97
2007-10-25,1.97
2007-10-24,1.97
2007-10-23,1.99
2007-10-22,1.94
2007-10-19,1.98
2007-10-18,1.99
2007-10-17,1.99
2007-10-16,1.98
2007-10-15,2.01
2007-10-12,2.02
2007-10-11,2.03
2007-10-10,1.97
2007-10-09,1.98
2007-10-08,1.97
2007-10-05,1.97
2007-10-04,1.96
2007-10-03,1.94
2007-10-02,1.91
2007-10-01,1.85
2007-09-28,1.82
2007-09-27,1.81
2007-09-26,1.76
2007-09-25,1.74
2007-09-24,1.84
2007-09-21,1.87
2007-09-20,1.83
2007-09-19,1.82
2007-09-18,1.69
2007-09-17,1.67
2007-09-14,1.78
2007-09-13,1.82
2007-09-12,1.83
2007-09-11,1.84
2007-09-10,1.8
2007-09-07,1.89
2007-09-06,1.97
2007-09-05,1.98
2007-09-04,2.01
2007-09-03,1.99
2007-08-31,1.96
2007-08-30,1.96
2007-08-29,1.93
2007-08-28,1.88
2007-08-27,1.9
2007-08-24,1.88
2007-08-23,1.87
2007-08-22,1.87
2007-08-21,1.83
2007-08-20,1.86
2007-08-17,1.82
2007-08-16,1.75
2007-08-15,1.95
2007-08-14,1.98
2007-08-13,2.03
2007-08-10,2.02
2007-08-09,2.09
2007-08-08,2.1
2007-08-07,2.09
2007-08-06,2.08
2007-08-03,2.11
2007-08-02,2.11
2007-08-01,2.1
2007-07-31,2.15
2007-07-30,2.15
2007-07-27,2.13
2007-07-26,2.08
2007-07-25,2.14
2007-07-24,2.14
2007-07-23,2.15
2007-07-20,2.11
2007-07-19,2.1
2007-07-18,2.12
2007-07-17,2.13
2007-07-16,2.13
2007-07-13,2.12
2007-07-12,2.11
2007-07-11,2.08
2007-07-10,2.09
2007-07-09,2.09
2007-07-06,2.1
2007-07-05,2.1
2007-07-04,2.09
2007-07-03,2.1
2007-07-02,2.11
2007-06-29,2.1
2007-06-28,2.1
2007-06-27,2.08
2007-06-26,2.09
2007-06-25,2.11
2007-06-22,2.11
2007-06-21,2.08
2007-06-20,2.11
2007-06-19,2.13
2007-06-18,2.12
2007-06-15,2.12
2007-06-14,2.1
2007-06-13,2.06
2007-06-12,2.02
2007-06-11,2.06
2007-06-08,2.01
2007-06-07,2.02
2007-06-06,2.08
2007-06-05,2.14
2007-06-04,2.15
2007-06-01,6.75
2007-05-31,2.17
2007-05-30,2.12
2007-05-29,2.14
2007-05-28,2.05
2007-05-25,2.05
2007-05-24,2.05
2007-05-23,2.06
2007-05-22,2.06
2007-05-21,2.03
2007-05-18,2.01
2007-05-17,2.02
2007-05-16,2.02
2007-05-15,2.06
2007-05-14,2.03
2007-05-11,2.05
2007-05-10,2.07
2007-05-09,2.08
2007-05-08,2.08
2007-05-07,2.09
2007-05-04,2.01
2007-05-03,2.0
2007-05-02,2.0
2007-05-01,6.1495
2007-04-30,2.0
2007-04-27,2.0
2007-04-26,1.98
2007-04-25,2.01
2007-04-24,1.98
2007-04-23,2.02
2007-04-20,2.01
2007-04-19,1.95
2007-04-18,1.96
2007-04-17,1.97
2007-04-16,1.98
2007-04-13,1.92
2007-04-12,1.88
2007-04-11,1.87
2007-04-10,1.85
2007-04-09,5.82
2007-04-06,5.82
2007-04-05,1.76
2007-04-04,1.74
2007-04-03,1.72
2007-04-02,1.69
2007-03-30,1.69
2007-03-29,1.68
2007-03-28,1.68
2007-03-27,1.71
2007-03-26,1.72
2007-03-23,1.72
2007-03-22,1.72
2007-03-21,1.64
2007-03-20,1.57
2007-03-19,1.58
2007-03-16,1.55
2007-03-15,1.58
2007-03-14,1.56
2007-03-13,1.57
2007-03-12,1.57
2007-03-09,1.6
2007-03-08,1.6
2007-03-07,1.61
2007-03-06,1.62
2007-03-05,1.56
2007-03-02,1.58
2007-03-01,1.61
2007-02-28,1.63
2007-02-27,1.62
2007-02-26,1.69
2007-02-23,1.73
2007-02-22,1.86
2007-02-21,1.82
2007-02-20,1.95
2007-02-19,1.99
2007-02-16,2.01
2007-02-15,1.82
2007-02-14,1.75
2007-02-13,1.7
2007-02-12,1.68
2007-02-09,1.68
2007-02-08,1.68
2007-02-07,1.68
2007-02-06,1.68
2007-02-05,1.69
2007-02-02,1.7
2007-02-01,1.7
2007-01-31,1.7
2007-01-30,1.69
2007-01-29,1.68
2007-01-26,1.69
2007-01-25,1.69
2007-01-24,1.7
2007-01-23,1.7
2007-01-22,1.7
2007-01-19,1.68
2007-01-18,1.71
2007-01-17,1.71
2007-01-16,1.7
2007-01-15,1.67
2007-01-12,1.67
2007-01-11,1.69
2007-01-10,1.67
2007-01-09,1.56
2007-01-08,1.54
2007-01-05,1.51
2007-01-04,1.51
2007-01-03,1.5
2007-01-02,1.5
2007-01-01,4.06
2006-12-29,1.51
2006-12-28,1.5
2006-12-27,1.49
2006-12-26,3.77
2006-12-25,3.77
2006-12-22,1.51
2006-12-21,1.51
2006-12-20,1.5
2006-12-19,1.5
2006-12-18,1.5
2006-12-15,1.5
2006-12-14,1.5
2006-12-13,1.51
2006-12-12,1.5
2006-12-11,1.5
2006-12-08,1.49
2006-12-07,1.5
2006-12-06,1.51
2006-12-05,1.51
2006-12-04,1.5
2006-12-01,1.5
2006-11-30,1.5
2006-11-29,1.5
2006-11-28,1.5
2006-11-27,1.51
2006-11-24,1.51
2006-11-23,1.52
2006-11-22,1.52
2006-11-21,1.51
2006-11-20,1.5
2006-11-17,1.49
2006-11-16,1.51
2006-11-15,1.52
2006-11-14,1.52
2006-11-13,1.51
2006-11-10,1.49
2006-11-09,1.49
2006-11-08,1.5
2006-11-07,1.48
2006-11-06,1.46
2006-11-03,1.48
2006-11-02,1.47
2006-11-01,1.5
2006-10-31,1.49
2006-10-30,1.48
2006-10-27,1.48
2006-10-26,1.49
2006-10-25,1.49
2006-10-24,1.44
2006-10-23,1.46
2006-10-20,1.43
2006-10-19,1.43
2006-10-18,1.44
2006-10-17,1.44
2006-10-16,1.45
2006-10-13,1.44
2006-10-12,1.43
2006-10-11,1.41
2006-10-10,1.42
2006-10-09,1.41
2006-10-06,1.4
2006-10-05,1.39
2006-10-04,1.38
2006-10-03,1.38
2006-10-02,1.38
2006-09-29,1.37
2006-09-28,1.37
2006-09-27,1.37
2006-09-26,1.35
2006-09-25,1.36
2006-09-22,1.36
2006-09-21,1.36
2006-09-20,1.36
2006-09-19,1.35
2006-09-18,1.33
2006-09-15,1.33
2006-09-14,1.33
2006-09-13,1.31
2006-09-12,1.3
2006-09-11,1.31
2006-09-08,1.31
2006-09-07,1.29
2006-09-06,1.3
2006-09-05,1.3
2006-09-04,1.3
2006-09-01,1.3
2006-08-31,1.3
2006-08-30,1.3
2006-08-29,1.28
2006-08-28,1.29
2006-08-25,1.26
2006-08-24,1.26
2006-08-23,1.26
2006-08-22,1.27
2006-08-21,1.25
2006-08-18,1.26
2006-08-17,1.27
2006-08-16,1.25
2006-08-15,1.26
2006-08-14,1.26
2006-08-11,1.25
2006-08-10,1.24
2006-08-09,1.25
2006-08-08,1.24
2006-08-07,1.24
2006-08-04,1.25
2006-08-03,1.29
2006-08-02,1.26
2006-08-01,1.24
2006-07-31,1.23
2006-07-28,1.24
2006-07-27,1.23
2006-07-26,1.2
2006-07-25,1.2
2006-07-24,1.18
2006-07-21,1.16
2006-07-20,1.17
2006-07-19,1.18
2006-07-18,1.16
2006-07-17,1.16
2006-07-14,1.18
2006-07-13,1.19
2006-07-12,1.19
2006-07-11,1.18
2006-07-10,1.18
2006-07-07,1.16
2006-07-06,1.17
2006-07-05,1.17
2006-07-04,1.16
2006-07-03,1.18
2006-06-30,1.17
2006-06-29,1.16
2006-06-28,1.14
2006-06-27,1.14
2006-06-26,1.15
2006-06-23,1.16
2006-06-22,1.18
2006-06-21,1.17
2006-06-20,1.16
2006-06-19,1.16
2006-06-16,2.27
2006-06-15,2.27
2006-06-14,1.11
2006-06-13,1.12
2006-06-12,1.17
2006-06-09,1.21
2006-06-08,1.21
2006-06-07,1.24
2006-06-06,1.24
2006-06-05,1.24
2006-06-02,1.24
2006-06-01,1.23
2006-05-31,1.22
2006-05-30,1.24
2006-05-29,1.26
2006-05-26,1.27
2006-05-25,1.27
2006-05-24,1.23
2006-05-23,1.25
2006-05-22,1.26
2006-05-19,1.27
2006-05-18,1.27
2006-05-17,1.31
2006-05-16,1.32
2006-05-15,1.33
2006-05-12,1.34
2006-05-11,1.35
2006-05-10,1.35
2006-05-09,1.34
2006-05-08,1.36
2006-05-05,1.33
2006-05-04,1.34
2006-05-03,1.33
2006-05-02,1.33
2006-05-01,41.41
2006-04-28,1.35
2006-04-27,1.36
2006-04-26,1.36
2006-04-25,1.37
2006-04-24,1.36
2006-04-21,1.36
2006-04-20,1.36
2006-04-19,1.37
2006-04-18,1.36
2006-04-17,1.89
2006-04-14,1.89
2006-04-13,1.38
2006-04-12,1.37
2006-04-11,1.37
2006-04-10,1.38
2006-04-07,1.38
2006-04-06,1.37
2006-04-05,1.37
2006-04-04,1.37
2006-04-03,1.36
2006-03-31,1.35
2006-03-30,1.37
2006-03-29,1.37
2006-03-28,1.37
2006-03-27,1.38
2006-03-24,1.38
2006-03-23,1.35
2006-03-22,1.35
2006-03-21,1.35
2006-03-20,1.34
2006-03-17,1.35
2006-03-16,1.35
2006-03-15,1.35
2006-03-14,1.33
2006-03-13,1.34
2006-03-10,1.34
2006-03-09,1.36
2006-03-08,1.33
2006-03-07,1.3
2006-03-06,1.31
2006-03-03,1.31
2006-03-02,1.3
2006-03-01,1.31
2006-02-28,1.3
2006-02-27,1.32
2006-02-24,1.32
2006-02-23,1.33
2006-02-22,1.32
2006-02-21,1.31
2006-02-20,1.33
2006-02-17,1.35
2006-02-16,1.34
2006-02-15,1.34
2006-02-14,1.3
2006-02-13,1.3
2006-02-10,1.22
2006-02-09,1.23
2006-02-08,1.23
2006-02-07,1.22
2006-02-06,1.18
2006-02-03,1.19
2006-02-02,1.18
2006-02-01,1.21
2006-01-31,1.18
2006-01-30,1.19
2006-01-27,1.2
2006-01-26,1.21
2006-01-25,1.21
2006-01-24,1.21
2006-01-23,1.21
2006-01-20,1.21
2006-01-19,1.22
2006-01-18,1.2
2006-01-17,1.22
2006-01-16,1.24
2006-01-13,1.22
2006-01-12,1.24
2006-01-11,1.26
2006-01-10,1.24
2006-01-09,1.22
2006-01-06,1.21
2006-01-05,1.21
2006-01-04,1.21
2006-01-03,1.21
2006-01-02,1.17
2005-12-30,1.18
2005-12-29,1.17
2005-12-28,1.17
2005-12-27,1.53
2005-12-26,1.54
2005-12-23,1.5
2005-12-22,1.5
2005-12-21,1.49
2005-12-20,1.5
2005-12-19,1.49
2005-12-16,1.48
2005-12-15,1.47
2005-12-14,1.47
2005-12-13,1.49
2005-12-12,1.5
2005-12-09,1.51
2005-12-08,1.5
2005-12-07,1.49
2005-12-06,1.5
2005-12-05,1.47
2005-12-02,1.46
2005-12-01,1.47
2005-11-30,1.45
2005-11-29,1.49
2005-11-28,1.49
2005-11-25,1.48
2005-11-24,1.42
2005-11-23,1.43
2005-11-22,1.42
2005-11-21,1.42
2005-11-18,1.42
2005-11-17,1.42
2005-11-16,1.43
2005-11-15,1.43
2005-11-14,1.43
2005-11-11,1.42
2005-11-10,1.41
2005-11-09,1.42
2005-11-08,1.4
2005-11-07,1.39
2005-11-04,1.36
2005-11-03,1.35
2005-11-02,1.34
2005-11-01,1.34
2005-10-31,1.35
2005-10-28,1.34
2005-10-27,1.36
2005-10-26,1.37
2005-10-25,1.35
2005-10-24,1.35
2005-10-21,1.34
2005-10-20,1.36
2005-10-19,1.36
2005-10-18,1.4
2005-10-17,1.4
2005-10-14,1.39
2005-10-13,1.39
2005-10-12,1.4
2005-10-11,1.41
2005-10-10,1.41
2005-10-07,1.42
2005-10-06,1.42
2005-10-05,1.44
2005-10-04,1.43
2005-10-03,1.42
2005-09-30,1.42
2005-09-29,1.4
2005-09-28,1.39
2005-09-27,1.4
2005-09-26,1.37
2005-09-23,1.35
2005-09-22,1.35
2005-09-21,1.35
2005-09-20,1.33
2005-09-19,1.32
2005-09-16,1.31
2005-09-15,1.29
2005-09-14,1.29
2005-09-13,1.29
2005-09-12,1.32
2005-09-09,1.34
2005-09-08,1.31
2005-09-07,1.31
2005-09-06,1.3
2005-09-05,1.33
2005-09-02,1.31
2005-09-01,1.28
2005-08-31,1.27
2005-08-30,1.22
2005-08-29,1.21
2005-08-26,1.21
2005-08-25,1.21
2005-08-24,1.22
2005-08-23,1.22
2005-08-22,1.2
2005-08-19,1.21
2005-08-18,1.2
2005-08-17,1.21
2005-08-16,1.21
2005-08-15,1.21
2005-08-12,1.2
2005-08-11,1.2
2005-08-10,1.21
2005-08-09,1.2
2005-08-08,1.21
2005-08-05,1.22
2005-08-04,1.2
2005-08-03,1.22
2005-08-02,1.21
2005-08-01,1.19
2005-07-29,1.17
2005-07-28,1.16
2005-07-27,1.14
2005-07-26,1.14
2005-07-25,1.15
2005-07-22,1.14
2005-07-21,1.15
2005-07-20,1.15
2005-07-19,1.15
2005-07-18,1.15
2005-07-15,1.14
2005-07-14,1.13
2005-07-13,1.15
2005-07-12,1.14
2005-07-11,1.14
2005-07-08,1.12
2005-07-07,1.15
2005-07-06,1.16
2005-07-05,1.16
2005-07-04,1.16
2005-07-01,1.15
2005-06-30,1.14
2005-06-29,1.13
2005-06-28,1.14
2005-06-27,1.14
2005-06-24,1.15
2005-06-23,1.15
2005-06-22,1.15
2005-06-21,1.15
2005-06-20,1.15
2005-06-17,1.16
2005-06-16,1.16
2005-06-15,1.16
2005-06-14,1.15
2005-06-13,1.17
2005-06-10,1.17
2005-06-09,1.13
2005-06-08,1.12
2005-06-07,1.11
2005-06-06,1.16
2005-06-03,3.0552
2005-06-02,1.19
2005-06-01,1.2
2005-05-31,1.19
2005-05-30,1.2
2005-05-27,1.2
2005-05-26,1.23
2005-05-25,1.22
2005-05-24,1.22
2005-05-23,1.22
2005-05-20,1.22
2005-05-19,1.19
2005-05-18,1.18
2005-05-17,1.18
2005-05-16,1.19
2005-05-13,1.18
2005-05-12,1.19
2005-05-11,1.19
2005-05-10,1.17
2005-05-09,1.18
2005-05-06,1.2
2005-05-05,1.2
2005-05-04,1.2
2005-05-03,1.22
2005-05-02,1.22
2005-04-29,1.23
2005-04-28,1.24
2005-04-27,1.24
2005-04-26,1.24
2005-04-25,1.24
2005-04-22,1.27
2005-04-21,1.26
2005-04-20,1.24
2005-04-19,1.22
2005-04-18,1.19
2005-04-15,1.21
2005-04-14,1.22
2005-04-13,1.23
2005-04-12,1.19
2005-04-11,1.18
2005-04-08,1.18
2005-04-07,1.17
2005-04-06,1.17
2005-04-05,1.18
2005-04-04,1.16
2005-04-01,1.18
2005-03-31,1.16
2005-03-30,1.15
2005-03-29,1.17
2005-03-28,3.0552
2005-03-25,3.0552
2005-03-24,1.17
2005-03-23,1.17
2005-03-22,1.17
2005-03-21,1.16
2005-03-18,1.16
2005-03-17,1.15
2005-03-16,1.16
2005-03-15,1.17
2005-03-14,1.18
2005-03-11,1.17
2005-03-10,1.16
2005-03-09,1.17
2005-03-08,1.17
2005-03-07,1.17
2005-03-04,1.17
2005-03-03,1.18
2005-03-02,1.18
2005-03-01,1.2
2005-02-28,1.18
2005-02-25,1.18
2005-02-24,1.17
2005-02-23,1.16
2005-02-22,1.18
2005-02-21,1.19
2005-02-18,1.19
2005-02-17,1.19
2005-02-16,1.19
2005-02-15,1.19
2005-02-14,1.17
2005-02-11,1.16
2005-02-10,1.17
2005-02-09,1.17
2005-02-08,1.17
2005-02-07,1.17
2005-02-04,1.18
2005-02-03,1.18
2005-02-02,1.17
2005-02-01,1.19
2005-01-31,1.17
2005-01-28,1.16
2005-01-27,1.15
2005-01-26,1.14
2005-01-25,1.14
2005-01-24,1.14
2005-01-21,1.13
2005-01-20,1.13
2005-01-19,1.12
2005-01-18,1.11
2005-01-17,1.1
2005-01-14,1.11
2005-01-13,1.11
2005-01-12,1.1
2005-01-11,1.1
2005-01-10,1.1
2005-01-07,1.12
2005-01-06,1.12
2005-01-05,1.12
2005-01-04,1.11
2005-01-03,1.09
2004-12-31,1.07
2004-12-30,1.07
2004-12-29,1.07
2004-12-28,1.07
2004-12-27,1.08
2004-12-24,1.07
2004-12-23,1.08
2004-12-22,1.07
2004-12-21,1.08
2004-12-20,1.07
2004-12-17,1.05
2004-12-16,1.07
2004-12-15,1.03
2004-12-14,1.03
2004-12-13,1.03
2004-12-10,1.01
2004-12-09,0.99
2004-12-08,0.99
2004-12-07,0.99
2004-12-06,0.99
2004-12-03,0.99
2004-12-02,1.0
2004-12-01,1.0
2004-11-30,0.99
2004-11-29,1.01
2004-11-26,1.03
2004-11-25,1.03
2004-11-24,1.02
2004-11-23,1.02
2004-11-22,1.02
2004-11-19,1.0
2004-11-18,1.0
2004-11-17,1.01
2004-11-16,0.99
2004-11-15,0.99
2004-11-12,0.99
2004-11-11,0.99
2004-11-10,0.99
2004-11-09,0.97
2004-11-08,0.97
2004-11-05,0.96
2004-11-04,0.96
2004-11-03,0.96
2004-11-02,0.98
2004-11-01,0.98
2004-10-29,0.96
2004-10-28,0.95
2004-10-27,0.94
2004-10-26,0.92
2004-10-25,0.93
2004-10-22,0.93
2004-10-21,0.93
2004-10-20,0.92
2004-10-19,0.93
2004-10-18,0.91
2004-10-15,0.91
2004-10-14,0.9
2004-10-13,0.91
2004-10-12,0.91
2004-10-11,0.92
2004-10-08,0.92
2004-10-07,0.93
2004-10-06,0.94
2004-10-05,0.93
2004-10-04,0.93
2004-10-01,0.91
2004-09-30,0.9
2004-09-29,0.91
2004-09-28,0.9
2004-09-27,0.9
2004-09-24,0.88
2004-09-23,0.88
2004-09-22,0.89
2004-09-21,0.89
2004-09-20,0.9
2004-09-17,0.89
2004-09-16,0.89
2004-09-15,0.89
2004-09-14,0.9
2004-09-13,0.9
2004-09-10,0.86
2004-09-09,0.86
2004-09-08,0.86
2004-09-07,0.85
2004-09-06,0.85
2004-09-03,0.87
2004-09-02,0.86
2004-09-01,0.87
2004-08-31,0.86
2004-08-30,0.86
2004-08-27,0.87
2004-08-26,0.87
2004-08-25,0.86
2004-08-24,0.86
2004-08-23,0.84
2004-08-20,0.84
2004-08-19,0.83
2004-08-18,0.84
2004-08-17,0.84
2004-08-16,0.83
2004-08-13,0.82
2004-08-12,0.84
2004-08-11,0.84
2004-08-10,0.84
2004-08-09,0.84
2004-08-06,0.85
2004-08-05,0.86
2004-08-04,0.86
2004-08-03,0.87
2004-08-02,0.86
2004-07-30,0.86
2004-07-29,0.87
2004-07-28,0.84
2004-07-27,0.83
2004-07-26,0.81
2004-07-23,0.83
2004-07-22,0.82
2004-07-21,0.84
2004-07-20,0.83
2004-07-19,0.84
2004-07-16,0.85
2004-07-15,0.86
2004-07-14,0.86
2004-07-13,0.86
2004-07-12,0.86
2004-07-09,0.86
2004-07-08,0.86
2004-07-07,0.85
2004-07-06,0.87
2004-07-05,0.87
2004-07-02,0.88
2004-07-01,0.89
2004-06-30,0.9
2004-06-29,0.9
2004-06-28,0.91
2004-06-25,0.87
2004-06-24,0.88
2004-06-23,0.89
2004-06-22,0.9
2004-06-21,0.89
2004-06-18,0.87
2004-06-17,0.87
2004-06-16,0.88
2004-06-15,0.87
2004-06-14,0.87
2004-06-11,0.86
2004-06-10,0.85
2004-06-09,0.86
2004-06-08,0.88
2004-06-07,0.88
2004-06-04,0.88
2004-06-03,0.87
2004-06-02,0.87
2004-06-01,0.86
2004-05-31,0.86
2004-05-28,0.85
2004-05-27,0.87
2004-05-26,0.87
2004-05-25,0.87
2004-05-24,0.9
2004-05-21,0.88
2004-05-20,0.89
2004-05-19,0.9
2004-05-18,0.88
2004-05-17,0.86
2004-05-14,0.9
2004-05-13,0.93
2004-05-12,0.93
2004-05-11,0.95
2004-05-10,0.94
2004-05-07,0.97
2004-05-06,0.97
2004-05-05,0.98
2004-05-04,0.94
2004-05-03,0.92
2004-04-30,0.92
2004-04-29,0.92
2004-04-28,0.9
2004-04-27,0.89
2004-04-26,0.89
2004-04-23,0.9
2004-04-22,0.91
2004-04-21,0.91
2004-04-20,0.91
2004-04-19,0.91
2004-04-16,0.91
2004-04-15,0.92
2004-04-14,0.92
2004-04-13,0.94
2004-04-12,3.2114
2004-04-09,3.2114
2004-04-08,0.93
2004-04-07,0.93
2004-04-06,0.92
2004-04-05,0.93
2004-04-02,0.94
2004-04-01,0.93
2004-03-31,0.93
2004-03-30,0.92
2004-03-29,0.94
2004-03-26,0.92
2004-03-25,0.93
2004-03-24,0.9
2004-03-23,0.93
2004-03-22,0.94
2004-03-19,0.99
2004-03-18,0.98
2004-03-17,0.99
2004-03-16,0.94
2004-03-15,0.94
2004-03-12,0.97
2004-03-11,0.98
2004-03-10,1.02
2004-03-09,1.05
2004-03-08,1.06
2004-03-05,1.05
2004-03-04,1.06
2004-03-03,1.04
2004-03-02,1.01
2004-03-01,1.0
2004-02-27,0.99
2004-02-26,0.98
2004-02-25,1.01
2004-02-24,0.98
2004-02-23,0.97
2004-02-20,0.93
2004-02-19,0.91
2004-02-18,0.92
2004-02-17,0.91
2004-02-16,0.92
2004-02-13,0.92
2004-02-12,0.92
2004-02-11,0.93
2004-02-10,0.9
2004-02-09,0.88
2004-02-06,0.87
2004-02-05,0.85
2004-02-04,0.87
2004-02-03,0.87
2004-02-02,0.88
2004-01-30,0.85
2004-01-29,0.85
2004-01-28,0.87
2004-01-27,0.85
2004-01-26,0.83
2004-01-23,0.81
2004-01-22,0.81
2004-01-21,0.81
2004-01-20,0.79
2004-01-19,0.81
2004-01-16,0.8
2004-01-15,0.81
2004-01-14,0.79
2004-01-13,0.78
2004-01-12,0.75
2004-01-09,0.73
2004-01-08,0.72
2004-01-07,0.71
2004-01-06,0.71
2004-01-05,0.72
2004-01-02,0.7
2004-01-01,2.8503
2003-12-31,0.66
2003-12-30,0.67
2003-12-29,0.66
2003-12-26,2.8307
2003-12-25,2.8307
2003-12-24,0.66
2003-12-23,0.65
2003-12-22,0.66
2003-12-19,0.67
2003-12-18,0.67
2003-12-17,0.67
2003-12-16,0.67
2003-12-15,0.67
2003-12-12,0.68
2003-12-11,0.68
2003-12-10,0.68
2003-12-09,0.68
2003-12-08,0.69
2003-12-05,0.68
2003-12-04,0.69
2003-12-03,0.7
2003-12-02,0.71
2003-12-01,0.7
2003-11-28,0.7
2003-11-27,0.7
2003-11-26,0.7
2003-11-25,0.7
2003-11-24,0.68
2003-11-21,0.71
2003-11-20,0.69
2003-11-19,0.67
2003-11-18,0.66
2003-11-17,0.63
2003-11-14,0.65
2003-11-13,0.63
2003-11-12,0.63
2003-11-11,0.61
2003-11-10,0.6
2003-11-07,0.61
2003-11-06,0.59
2003-11-05,0.58
2003-11-04,0.59
2003-11-03,0.6
2003-10-31,0.59
2003-10-30,0.61
2003-10-29,0.6
2003-10-28,0.6
2003-10-27,0.58
2003-10-24,0.58
2003-10-23,0.59
2003-10-22,0.57
2003-10-21,0.6
2003-10-20,0.61
2003-10-17,0.61
2003-10-16,0.6
2003-10-15,0.63
2003-10-14,0.63
2003-10-13,0.61
2003-10-10,0.59
2003-10-09,0.58
2003-10-08,0.57
2003-10-07,0.56
2003-10-06,0.55
2003-10-03,0.54
2003-10-02,0.54
2003-10-01,0.52
2003-09-30,0.47
2003-09-29,0.47
2003-09-26,0.47
2003-09-25,0.47
2003-09-24,0.47
2003-09-23,0.47
2003-09-22,0.46
2003-09-19,0.46
2003-09-18,0.46
2003-09-17,0.47
2003-09-16,0.47
2003-09-15,0.48
2003-09-12,0.48
2003-09-11,0.48
2003-09-10,0.48
2003-09-09,0.48
2003-09-08,0.48
2003-09-05,0.48
2003-09-04,0.48
2003-09-03,0.49
2003-09-02,0.47
2003-09-01,0.48
2003-08-29,0.48
2003-08-28,0.47
2003-08-27,0.48
2003-08-26,0.48
2003-08-25,0.47
2003-08-22,0.48
2003-08-21,0.47
2003-08-20,0.47
2003-08-19,0.48
2003-08-18,0.47
2003-08-15,0.47
2003-08-14,0.47
2003-08-13,0.47
2003-08-12,0.47
2003-08-11,0.46
2003-08-08,0.46
2003-08-07,0.46
2003-08-06,0.46
2003-08-05,0.46
2003-08-04,0.46
2003-08-01,0.46
2003-07-31,0.47
2003-07-30,0.48
2003-07-29,0.48
2003-07-28,0.48
2003-07-25,0.48
2003-07-24,0.48
2003-07-23,0.48
2003-07-22,0.47
2003-07-21,0.47
2003-07-18,0.48
2003-07-17,0.48
2003-07-16,0.47
2003-07-15,0.48
2003-07-14,0.49
2003-07-11,0.49
2003-07-10,0.48
2003-07-09,0.48
2003-07-08,0.49
2003-07-07,0.49
2003-07-04,0.48
2003-07-03,0.48
2003-07-02,0.48
2003-07-01,0.48
2003-06-30,0.49
2003-06-27,0.5
2003-06-26,0.49
2003-06-25,0.49
2003-06-24,0.49
2003-06-23,0.49
2003-06-20,0.48
2003-06-19,0.47
2003-06-18,0.47
2003-06-17,0.47
2003-06-16,0.46
2003-06-13,0.46
2003-06-12,0.46
2003-06-11,0.46
2003-06-10,0.47
2003-06-09,0.47
2003-06-06,0.47
2003-06-05,0.45
2003-06-04,0.47
2003-06-03,0.42
2003-06-02,0.42
2003-05-30,0.41
2003-05-29,0.4
2003-05-28,0.41
2003-05-27,0.39
2003-05-26,0.39
2003-05-23,0.39
2003-05-22,0.38
2003-05-21,0.39
2003-05-20,0.39
2003-05-19,0.38
2003-05-16,0.38
2003-05-15,0.38
2003-05-14,0.39
2003-05-13,0.38
2003-05-12,0.38
2003-05-09,0.38
2003-05-08,0.39
2003-05-07,0.39
2003-05-06,0.38
2003-05-05,0.38
2003-05-02,0.38
2003-05-01,2.3329
2003-04-30,0.39
2003-04-29,0.39
2003-04-28,0.38
2003-04-25,0.38
2003-04-24,0.39
2003-04-23,0.39
2003-04-22,0.39
2003-04-21,2.2158
2003-04-18,2.2158
2003-04-17,0.39
2003-04-16,0.39
2003-04-15,0.39
2003-04-14,0.38
2003-04-11,0.39
2003-04-10,0.39
2003-04-09,0.38
2003-04-08,0.39
2003-04-07,0.4
2003-04-04,0.38
2003-04-03,0.38
2003-04-02,0.37
2003-04-01,0.36
2003-03-31,0.37
2003-03-28,0.38
2003-03-27,0.37
2003-03-26,0.37
2003-03-25,0.37
2003-03-24,0.38
2003-03-21,0.37
2003-03-20,0.37
2003-03-19,0.37
2003-03-18,0.39
2003-03-17,0.38
2003-03-14,0.39
2003-03-13,0.37
2003-03-12,0.35
2003-03-11,0.37
2003-03-10,0.36
2003-03-07,0.36
2003-03-06,0.37
2003-03-05,0.37
2003-03-04,0.37
2003-03-03,0.37
2003-02-28,0.37
2003-02-27,0.37
2003-02-26,0.38
2003-02-25,0.37
2003-02-24,0.39
2003-02-21,0.38
2003-02-20,0.39
2003-02-19,0.39
2003-02-18,0.4
2003-02-17,0.39
2003-02-14,0.38
2003-02-13,0.38
2003-02-12,0.4
2003-02-11,0.41
2003-02-10,0.4
2003-02-07,0.4
2003-02-06,0.41
2003-02-05,0.41
2003-02-04,0.4
2003-02-03,0.41
2003-01-31,0.41
2003-01-30,0.4
2003-01-29,0.4
2003-01-28,0.41
2003-01-27,0.42
2003-01-24,0.43
2003-01-23,0.42
2003-01-22,0.43
2003-01-21,0.43
2003-01-20,0.43
2003-01-17,0.43
2003-01-16,0.45
2003-01-15,0.46
2003-01-14,0.45
2003-01-13,0.42
2003-01-10,0.42
2003-01-09,0.41
2003-01-08,0.41
2003-01-07,0.41
2003-01-06,0.41
2003-01-03,0.4
2003-01-02,0.41
2003-01-01,2.1279
2002-12-31,0.4
2002-12-30,0.42
2002-12-27,0.41
2002-12-26,2.1572
2002-12-25,2.1572
2002-12-24,2.1572
2002-12-23,0.41
2002-12-20,0.42
2002-12-19,0.41
2002-12-18,0.42
2002-12-17,0.43
2002-12-16,0.42
2002-12-13,0.42
2002-12-12,0.43
2002-12-11,0.43
2002-12-10,0.43
2002-12-09,0.44
2002-12-06,0.45
2002-12-05,0.44
2002-12-04,0.44
2002-12-03,0.44
2002-12-02,0.45
2002-11-29,0.44
2002-11-28,0.45
2002-11-27,0.44
2002-11-26,0.43
2002-11-25,0.45
2002-11-22,0.43
2002-11-21,0.42
2002-11-20,0.41
2002-11-19,0.4
2002-11-18,0.4
2002-11-15,0.4
2002-11-14,0.39
2002-11-13,0.39
2002-11-12,0.38
2002-11-11,0.39
2002-11-08,0.4
2002-11-07,0.39
2002-11-06,0.39
2002-11-05,0.39
2002-11-04,0.4
2002-11-01,1.9815
2002-10-31,0.38
2002-10-30,0.38
2002-10-29,0.37
2002-10-28,0.39
2002-10-25,0.39
2002-10-24,0.38
2002-10-23,0.37
2002-10-22,0.39
2002-10-21,0.4
2002-10-18,0.41
2002-10-17,0.42
2002-10-16,0.41
2002-10-15,0.42
2002-10-14,0.4
2002-10-11,0.41
2002-10-10,0.39
2002-10-09,0.39
2002-10-08,0.4
2002-10-07,0.39
2002-10-04,0.39
2002-10-03,0.4
2002-10-02,0.41
2002-10-01,0.4
2002-09-30,0.4
2002-09-27,0.41
2002-09-26,0.43
2002-09-25,0.43
2002-09-24,0.44
2002-09-23,0.46
2002-09-20,0.47
2002-09-19,0.47
2002-09-18,0.47
2002-09-17,0.48
2002-09-16,0.5
2002-09-13,0.5
2002-09-12,0.5
2002-09-11,0.5
2002-09-10,0.51
2002-09-09,0.51
2002-09-06,0.51
2002-09-05,0.5
2002-09-04,0.5
2002-09-03,0.51
2002-09-02,0.5
2002-08-30,0.51
2002-08-29,0.52
2002-08-28,0.52
2002-08-27,0.52
2002-08-26,0.52
2002-08-23,0.52
2002-08-22,0.53
2002-08-21,0.52
2002-08-20,0.52
2002-08-19,0.5
2002-08-16,0.51
2002-08-15,2.1475
2002-08-14,0.51
2002-08-13,0.53
2002-08-12,0.54
2002-08-09,0.54
2002-08-08,0.53
2002-08-07,0.52
2002-08-06,0.5
2002-08-05,0.5
2002-08-02,0.52
2002-08-01,0.52
2002-07-31,0.52
2002-07-30,0.53
2002-07-29,0.55
2002-07-26,0.54
2002-07-25,0.55
2002-07-24,0.52
2002-07-23,0.55
2002-07-22,0.56
2002-07-19,0.57
2002-07-18,0.59
2002-07-17,0.59
2002-07-16,0.6
2002-07-15,0.57
2002-07-12,2.411
2002-07-11,0.56
2002-07-10,0.58
2002-07-09,0.59
2002-07-08,0.58
2002-07-05,0.58
2002-07-04,0.56
2002-07-03,0.55
2002-07-02,0.55
2002-07-01,0.56
2002-06-28,0.57
2002-06-27,0.57
2002-06-26,0.57
2002-06-25,0.6
2002-06-24,0.6
2002-06-21,0.62
2002-06-20,0.65
2002-06-19,0.66
2002-06-18,0.66
2002-06-17,0.67
2002-06-14,0.64
2002-06-13,0.67
2002-06-12,0.69
2002-06-11,0.71
2002-06-10,2.4305
2002-06-07,0.74
2002-06-06,0.74
2002-06-05,0.75
2002-06-04,0.75
2002-06-03,0.74
2002-05-31,0.74
2002-05-30,2.4696
2002-05-29,0.76
2002-05-28,0.8
2002-05-27,0.8
2002-05-24,0.79
2002-05-23,0.8
2002-05-22,0.8
2002-05-21,0.79
2002-05-20,0.8
2002-05-17,0.81
2002-05-16,0.81
2002-05-15,0.79
2002-05-14,0.81
2002-05-13,0.81
2002-05-10,0.79
2002-05-09,0.81
2002-05-08,0.82
2002-05-07,0.8
2002-05-06,0.82
2002-05-03,0.83
2002-05-02,0.83
2002-05-01,2.4012
2002-04-30,0.87
2002-04-29,0.89
2002-04-26,0.89
2002-04-25,2.5574
2002-04-24,0.9
2002-04-23,0.89
2002-04-22,0.88
2002-04-19,0.89
2002-04-18,0.89
2002-04-17,0.9
2002-04-16,0.9
2002-04-15,0.89
2002-04-12,0.89
2002-04-11,0.9
2002-04-10,0.9
2002-04-09,0.9
2002-04-08,0.89
2002-04-05,0.9
2002-04-04,0.89
2002-04-03,0.91
2002-04-02,0.91
2002-04-01,2.6746
2002-03-29,2.6746
2002-03-28,2.6746
2002-03-27,0.92
2002-03-26,0.92
2002-03-25,0.92
2002-03-22,0.92
2002-03-21,0.91
2002-03-20,0.91
2002-03-19,0.92
2002-03-18,0.92
2002-03-15,0.91
2002-03-14,0.91
2002-03-13,0.91
2002-03-12,0.9
2002-03-11,0.9
2002-03-08,0.91
2002-03-07,0.88
2002-03-06,0.88
2002-03-05,0.87
2002-03-04,0.86
2002-03-01,0.85
2002-02-28,0.82
2002-02-27,0.82
2002-02-26,0.82
2002-02-25,0.8
2002-02-22,0.8
2002-02-21,0.81
2002-02-20,0.82
2002-02-19,0.82
2002-02-18,0.82
2002-02-15,0.83
2002-02-14,0.84
2002-02-13,0.84
2002-02-12,2.5672
2002-02-11,0.85
2002-02-08,0.83
2002-02-07,0.82
2002-02-06,0.82
2002-02-05,0.81
2002-02-04,0.83
2002-02-01,0.83
2002-01-31,0.81
2002-01-30,0.81
2002-01-29,0.82
2002-01-28,0.83
2002-01-25,0.84
2002-01-24,0.84
2002-01-23,0.85
2002-01-22,0.87
2002-01-21,0.86
2002-01-18,0.86
2002-01-17,0.85
2002-01-16,0.86
2002-01-15,0.86
2002-01-14,0.84
2002-01-11,0.87
2002-01-10,0.87
2002-01-09,0.88
2002-01-08,0.88
2002-01-07,0.88
2002-01-04,0.88
2002-01-03,0.86
2002-01-02,0.82
2002-01-01,2.206
2001-12-31,2.206
2001-12-28,0.81
2001-12-27,0.82
2001-12-26,2.1963
2001-12-25,2.1963
2001-12-24,2.1963
2001-12-21,0.82
2001-12-20,0.81
2001-12-19,0.81
2001-12-18,0.82
2001-12-17,0.81
2001-12-14,0.81
2001-12-13,0.82
2001-12-12,0.8
2001-12-11,0.81
2001-12-10,0.79
2001-12-07,0.81
2001-12-06,0.81
2001-12-05,0.81
2001-12-04,0.77
2001-12-03,0.75
2001-11-30,0.77
2001-11-29,0.78
2001-11-28,0.77
2001-11-27,0.79
2001-11-26,0.81
2001-11-23,0.82
2001-11-22,0.81
2001-11-21,0.81
2001-11-20,0.82
2001-11-19,0.84
2001-11-16,0.83
2001-11-15,0.83
2001-11-14,0.84
2001-11-13,0.85
2001-11-12,0.82
2001-11-09,0.81
2001-11-08,0.83
2001-11-07,0.87
2001-11-06,0.84
2001-11-05,0.83
2001-11-02,0.74
2001-11-01,2.3427
2001-10-31,0.74
2001-10-30,0.72
2001-10-29,0.73
2001-10-26,2.3329
2001-10-25,0.73
2001-10-24,0.76
2001-10-23,0.78
2001-10-22,0.77
2001-10-19,0.76
2001-10-18,0.76
2001-10-17,0.72
2001-10-16,2.2158
2001-10-15,0.64
2001-10-12,0.62
2001-10-11,0.58
2001-10-10,0.58
2001-10-09,0.56
2001-10-08,0.54
2001-10-05,2.206
2001-10-04,0.54
2001-10-03,0.54
2001-10-02,0.55
2001-10-01,0.54
2001-09-28,2.1475
2001-09-27,0.56
2001-09-26,0.56
2001-09-25,0.52
2001-09-24,0.53
2001-09-21,0.51
2001-09-20,0.51
2001-09-19,0.52
2001-09-18,0.52
2001-09-17,0.5
2001-09-14,0.49
2001-09-13,0.52
2001-09-12,0.54
2001-09-11,0.57
2001-09-10,0.61
2001-09-07,0.61
2001-09-06,0.63
2001-09-05,0.64
2001-09-04,0.64
2001-09-03,0.65
2001-08-31,0.65
2001-08-30,0.67
2001-08-29,0.66
2001-08-28,0.64
2001-08-27,0.66
2001-08-24,0.69
2001-08-23,0.71
2001-08-22,0.72
2001-08-21,0.74
2001-08-20,0.72
2001-08-17,0.72
2001-08-16,0.74
2001-08-15,2.5184
2001-08-14,0.76
2001-08-13,0.75
2001-08-10,0.74
2001-08-09,0.77
2001-08-08,0.79
2001-08-07,0.8
2001-08-06,0.8
2001-08-03,0.79
2001-08-02,0.8
2001-08-01,0.81
2001-07-31,0.82
2001-07-30,0.82
2001-07-27,0.83
2001-07-26,0.82
2001-07-25,0.82
2001-07-24,0.84
2001-07-23,0.82
2001-07-20,0.83
2001-07-19,0.85
2001-07-18,0.83
2001-07-17,0.83
2001-07-16,0.82
2001-07-13,2.6941
2001-07-12,0.82
2001-07-11,0.81
2001-07-10,0.83
2001-07-09,0.81
2001-07-06,0.83
2001-07-05,0.85
2001-07-04,0.86
2001-07-03,0.88
2001-07-02,0.85
2001-06-29,0.86
2001-06-28,0.87
2001-06-27,0.87
2001-06-26,0.89
2001-06-25,0.89
2001-06-22,0.91
2001-06-21,0.85
2001-06-20,0.85
2001-06-19,0.89
2001-06-18,0.9
2001-06-15,0.93
2001-06-14,2.9088
2001-06-13,0.88
2001-06-12,0.89
2001-06-11,0.92
2001-06-08,0.96
2001-06-07,0.96
2001-06-06,0.98
2001-06-05,0.99
2001-06-04,1.0
2001-06-01,1.0
2001-05-31,1.01
2001-05-30,1.0
2001-05-29,1.02
2001-05-28,1.02
2001-05-25,1.01
2001-05-24,0.98
2001-05-23,0.96
2001-05-22,0.98
2001-05-21,1.02
2001-05-18,1.01
2001-05-17,1.03
2001-05-16,1.04
2001-05-15,1.04
2001-05-14,1.02
2001-05-11,1.03
2001-05-10,1.05
2001-05-09,1.03
2001-05-08,1.04
2001-05-07,3.1529
2001-05-04,1.07
2001-05-03,1.07
2001-05-02,1.1
2001-05-01,3.1626
2001-04-30,1.13
2001-04-27,1.13
2001-04-26,1.13
2001-04-25,2.9869
2001-04-24,1.13
2001-04-23,1.15
2001-04-20,1.19
2001-04-19,1.22
2001-04-18,1.24
2001-04-17,1.2
2001-04-16,3.1236
2001-04-13,3.1236
2001-04-12,1.19
2001-04-11,1.21
2001-04-10,1.16
2001-04-09,1.12
2001-04-06,1.11
2001-04-05,1.11
2001-04-04,1.07
2001-04-03,1.04
2001-04-02,1.1
2001-03-30,1.12
2001-03-29,1.11
2001-03-28,1.1
2001-03-27,1.14
2001-03-26,1.16
2001-03-23,1.16
2001-03-22,1.16
2001-03-21,1.23
2001-03-20,1.24
2001-03-19,1.24
2001-03-16,1.23
2001-03-15,1.29
2001-03-14,44.26
2001-03-13,1.3
2001-03-12,1.29
2001-03-09,1.3
2001-03-08,1.36
2001-03-07,1.34
2001-03-06,1.33
2001-03-05,1.31
2001-03-02,1.3
2001-03-01,1.31
2001-02-28,1.34
2001-02-27,3.4847
2001-02-26,1.32
2001-02-23,1.31
2001-02-22,1.34
2001-02-21,1.31
2001-02-20,1.32
2001-02-19,1.31
2001-02-16,1.32
2001-02-15,1.35
2001-02-14,1.33
2001-02-13,1.35
2001-02-12,1.34
2001-02-09,1.32
2001-02-08,1.37
2001-02-07,1.38
2001-02-06,1.38
2001-02-05,1.39
2001-02-02,1.45
2001-02-01,1.48
2001-01-31,1.47
2001-01-30,1.46
2001-01-29,1.45
2001-01-26,44.875
2001-01-25,1.44
2001-01-24,44.25
2001-01-23,1.38
2001-01-22,1.39
2001-01-19,1.38
2001-01-18,1.37
2001-01-17,1.38
2001-01-16,1.3
2001-01-15,1.35
2001-01-12,1.33
2001-01-11,1.29
2001-01-10,1.25
2001-01-09,1.23
2001-01-08,1.24
2001-01-05,1.24
2001-01-04,1.28
2001-01-03,1.23
2001-01-02,1.27
2001-01-01,3.2602
2000-12-29,1.2
2000-12-28,1.19
2000-12-27,1.26
2000-12-26,45.375
2000-12-22,1.25
2000-12-21,1.27
2000-12-20,1.27
2000-12-19,1.32
2000-12-18,1.33
2000-12-15,1.34
2000-12-14,1.38
2000-12-13,1.37
2000-12-12,1.37
2000-12-11,1.39
2000-12-08,3.3969
2000-12-07,1.37
2000-12-06,1.37
2000-12-05,1.33
2000-12-04,1.31
2000-12-01,3.5335
2000-11-30,1.25
2000-11-29,1.35
2000-11-28,1.35
2000-11-27,1.39
2000-11-24,1.37
2000-11-23,1.35
2000-11-22,1.35
2000-11-21,1.36
2000-11-20,1.39
2000-11-17,1.41
2000-11-16,1.4
2000-11-15,1.43
2000-11-14,1.41
2000-11-13,1.34
2000-11-10,1.37
2000-11-09,1.5
2000-11-08,1.5
2000-11-07,1.55
2000-11-06,1.55
2000-11-03,1.57
2000-11-02,1.5
2000-11-01,1.39
2000-10-31,1.39
2000-10-30,1.39
2000-10-27,1.38
2000-10-26,1.38
2000-10-25,1.42
2000-10-24,1.43
2000-10-23,1.42
2000-10-20,1.43
2000-10-19,1.46
2000-10-18,1.39
2000-10-17,1.46
2000-10-16,1.51
2000-10-13,1.54
2000-10-12,1.5
2000-10-11,1.5
2000-10-10,1.57
2000-10-09,1.56
2000-10-06,1.63
2000-10-05,1.62
2000-10-04,1.62
2000-10-03,1.63
2000-10-02,1.64
2000-09-29,1.65
2000-09-28,1.63
2000-09-27,1.63
2000-09-26,1.62
2000-09-25,1.67
2000-09-22,1.65
2000-09-21,1.62
2000-09-20,1.65
2000-09-19,1.67
2000-09-18,1.69
2000-09-15,1.7
2000-09-14,1.72
2000-09-13,1.69
2000-09-12,1.71
2000-09-11,1.69
2000-09-08,1.72
2000-09-07,1.75
2000-09-06,1.7
2000-09-05,1.74
2000-09-04,1.74
2000-09-01,1.76
2000-08-31,1.74
2000-08-30,1.63
2000-08-29,1.57
2000-08-28,1.58
2000-08-25,1.58
2000-08-24,1.61
2000-08-23,1.63
2000-08-22,1.69
2000-08-21,1.69
2000-08-18,1.69
2000-08-17,1.67
2000-08-16,1.7
2000-08-15,1.73
2000-08-14,1.73
2000-08-11,1.72
2000-08-10,1.72
2000-08-09,1.75
2000-08-08,1.71
2000-08-07,1.75
2000-08-04,1.78
2000-08-03,1.76
2000-08-02,1.84
2000-08-01,1.8
2000-07-31,1.81
2000-07-28,1.77
2000-07-27,1.78
2000-07-26,1.78
2000-07-25,1.82
2000-07-24,1.88
2000-07-21,1.88
2000-07-20,1.93
2000-07-19,1.92
2000-07-18,1.88
2000-07-17,1.94
2000-07-14,1.89
2000-07-13,1.82
2000-07-12,1.79
2000-07-11,1.72
2000-07-10,1.78
2000-07-07,1.9
2000-07-06,1.9
2000-07-05,1.91
2000-07-04,2.02
2000-07-03,1.93
2000-06-30,1.84
2000-06-29,1.74
2000-06-28,1.82
2000-06-27,1.76
2000-06-26,1.87
2000-06-23,1.902
2000-06-22,1.93
2000-06-21,1.93
2000-06-20,10.122
2000-06-19,10.118
2000-06-16,10.118
2000-06-15,10.15
2000-06-14,9.99
2000-06-13,9.74
2000-06-12,9.538
2000-06-09,9.366
2000-06-08,9.116
2000-06-07,9.0
2000-06-06,8.822
2000-06-05,9.0
2000-06-02,9.36
2000-06-01,9.54
2000-05-31,9.38
2000-05-30,8.8
2000-05-29,8.49
2000-05-26,8.44
2000-05-25,8.57
2000-05-24,8.35
2000-05-23,8.65
2000-05-22,8.6
2000-05-19,9.06
2000-05-18,9.374
2000-05-17,9.33
2000-05-16,9.58
2000-05-15,9.33
2000-05-12,9.6
2000-05-11,9.7
2000-05-10,9.26
2000-05-09,10.0
2000-05-08,10.0
2000-05-05,9.47
2000-05-04,9.04
2000-05-03,9.01
2000-05-02,8.98
2000-05-01,8.84
2000-04-28,8.84
2000-04-27,8.63
2000-04-26,9.0
2000-04-25,9.06
2000-04-24,9.06
2000-04-21,9.06
2000-04-20,9.06
2000-04-19,9.0
2000-04-18,9.25
2000-04-17,9.33
2000-04-14,9.5
2000-04-13,10.15
2000-04-12,10.12
2000-04-11,10.41
2000-04-10,10.98
2000-04-07,10.8
2000-04-06,10.06
2000-04-05,9.7
2000-04-04,9.98
2000-04-03,10.088
2000-03-31,10.41
2000-03-30,10.06
2000-03-29,10.254
2000-03-28,10.6
2000-03-27,10.568
2000-03-24,10.76
2000-03-23,10.26
2000-03-22,10.8
2000-03-21,11.258
2000-03-20,11.2
2000-03-17,11.622
2000-03-16,11.96
2000-03-15,11.802
2000-03-14,12.2
2000-03-13,12.3
2000-03-10,12.3
2000-03-09,12.432
2000-03-08,12.292
2000-03-07,12.808
2000-03-06,12.808
2000-03-03,12.97
2000-03-02,12.9
2000-03-01,12.936
2000-02-29,13.07
2000-02-28,13.02
2000-02-25,13.196
2000-02-24,12.84
2000-02-23,13.03
2000-02-22,12.328
2000-02-21,12.328
2000-02-18,12.19
2000-02-17,12.03
2000-02-16,11.628
2000-02-15,11.838
2000-02-14,12.138
2000-02-11,12.29
2000-02-10,11.89
2000-02-09,11.858
2000-02-08,11.85
2000-02-07,11.62
2000-02-04,11.404
2000-02-03,11.5
2000-02-02,10.902
2000-02-01,10.608
2000-01-31,10.424
2000-01-28,10.596
2000-01-27,10.7
2000-01-26,10.6
2000-01-25,10.274
2000-01-24,10.336
2000-01-21,10.092
2000-01-20,10.18
2000-01-19,10.268
2000-01-18,10.358
2000-01-17,10.532
2000-01-14,10.064
2000-01-13,9.986
2000-01-12,10.0
2000-01-11,10.076
2000-01-10,10.234
2000-01-07,9.98
2000-01-06,9.51
2000-01-05,9.368
2000-01-04,9.604
2000-01-03,10.372
