,sonc:pl
2018-11-23,0.765
2018-11-22,0.765
2018-11-21,0.765
2018-11-20,0.77
2018-11-19,0.77
2018-11-16,0.763
2018-11-15,0.765
2018-11-14,0.75
2018-11-13,0.756
2018-11-12,0.741
2018-11-09,0.739
2018-11-08,0.758
2018-11-07,0.748
2018-11-06,0.75
2018-11-05,0.761
2018-11-02,0.761
2018-11-01,0.763
2018-10-31,0.77
2018-10-30,0.759
2018-10-29,0.733
2018-10-26,0.743
2018-10-25,0.75
2018-10-24,0.745
2018-10-23,0.734
2018-10-22,0.733
2018-10-19,0.734
2018-10-18,0.73
2018-10-17,0.73
2018-10-16,0.711
2018-10-15,0.717
2018-10-12,0.742
2018-10-11,0.72
2018-10-10,0.766
2018-10-09,0.8
2018-10-08,0.715
2018-10-05,0.7
2018-10-04,0.696
2018-10-03,0.71
2018-10-02,0.7
2018-10-01,0.74
2018-09-28,0.741
2018-09-27,0.748
2018-09-26,0.746
2018-09-25,0.756
2018-09-24,0.753
2018-09-21,0.766
2018-09-20,0.794
2018-09-19,0.796
2018-09-18,0.8
2018-09-17,0.797
2018-09-14,0.801
2018-09-13,0.82
2018-09-12,0.805
2018-09-11,0.81
2018-09-10,0.804
2018-09-07,0.8
2018-09-06,0.805
2018-09-05,0.807
2018-09-04,0.84
2018-09-03,0.874
2018-08-31,0.86
2018-08-30,0.873
2018-08-29,0.885
2018-08-28,0.894
2018-08-27,0.893
2018-08-24,0.885
2018-08-23,0.89
2018-08-22,0.891
2018-08-21,0.873
2018-08-20,0.871
2018-08-17,0.864
2018-08-16,0.868
2018-08-15,0.857
2018-08-14,0.857
2018-08-13,0.857
2018-08-10,0.872
2018-08-09,0.886
2018-08-08,0.889
2018-08-07,0.891
2018-08-06,0.894
2018-08-03,0.895
2018-08-02,0.895
2018-08-01,0.895
2018-07-31,0.897
2018-07-30,0.914
2018-07-27,0.911
2018-07-26,0.92
2018-07-25,0.93
2018-07-24,0.929
2018-07-23,0.928
2018-07-20,0.922
2018-07-19,0.937
2018-07-18,0.932
2018-07-17,0.936
2018-07-16,0.934
2018-07-13,0.923
2018-07-12,0.932
2018-07-11,0.932
2018-07-10,0.939
2018-07-09,0.935
2018-07-06,0.93
2018-07-05,0.936
2018-07-04,0.925
2018-07-03,0.911
2018-07-02,0.913
2018-06-29,0.906
2018-06-28,0.896
2018-06-27,0.912
2018-06-26,0.895
2018-06-25,0.906
2018-06-23,0.91
2018-06-22,0.91
2018-06-21,0.892
2018-06-20,0.911
2018-06-19,0.908
2018-06-18,0.91
2018-06-15,0.926
2018-06-14,0.93
2018-06-13,0.93
2018-06-12,0.936
2018-06-11,0.935
2018-06-08,0.94
2018-06-07,0.965
2018-06-06,0.95
2018-06-05,0.948
2018-06-04,0.933
2018-06-01,0.933
2018-05-31,0.913
2018-05-30,0.905
2018-05-29,0.91
2018-05-28,0.928
2018-05-25,1.006
2018-05-24,1.01
2018-05-23,1.018
2018-05-22,1.036
2018-05-21,1.02
2018-05-18,1.01
2018-05-17,1.016
2018-05-16,1.016
2018-05-15,1.016
2018-05-14,1.016
2018-05-11,1.014
2018-05-09,1.006
2018-05-08,1.004
2018-05-07,1.004
2018-05-04,0.99
2018-05-03,0.994
2018-05-02,0.982
2018-04-30,1.012
2018-04-27,1.014
2018-04-26,1.012
2018-04-25,1.02
2018-04-24,1.012
2018-04-23,1.0
2018-04-20,1.006
2018-04-19,0.995
2018-04-18,0.972
2018-04-17,0.971
2018-04-16,0.971
2018-04-13,0.972
2018-04-12,0.968
2018-04-11,0.97
2018-04-10,0.981
2018-04-09,0.926
2018-04-06,0.925
2018-04-05,0.922
2018-04-04,0.913
2018-04-03,0.918
2018-03-29,0.928
2018-03-28,0.917
2018-03-27,0.934
2018-03-26,0.919
2018-03-23,0.924
2018-03-22,0.932
2018-03-21,0.937
2018-03-20,0.942
2018-03-19,0.936
2018-03-16,0.938
2018-03-15,0.944
2018-03-14,0.931
2018-03-13,0.948
2018-03-12,0.96
2018-03-09,0.955
2018-03-08,0.942
2018-03-07,0.948
2018-03-06,0.964
2018-03-05,0.956
2018-03-02,1.014
2018-03-01,1.024
2018-02-28,1.032
2018-02-27,1.068
2018-02-26,1.072
2018-02-23,1.068
2018-02-22,1.07
2018-02-21,1.076
2018-02-20,1.06
2018-02-19,1.064
2018-02-16,1.068
2018-02-15,1.062
2018-02-14,1.036
2018-02-13,1.036
2018-02-12,1.04
2018-02-09,1.014
2018-02-08,1.036
2018-02-07,1.048
2018-02-06,1.016
2018-02-05,0.983
2018-02-02,1.012
2018-02-01,1.032
2018-01-31,1.054
2018-01-30,1.03
2018-01-29,1.038
2018-01-26,1.05
2018-01-25,1.058
2018-01-24,1.06
2018-01-23,1.058
2018-01-22,1.054
2018-01-19,1.052
2018-01-18,0.982
2018-01-17,0.963
2018-01-16,0.963
2018-01-15,0.959
2018-01-12,0.952
2018-01-11,0.951
2018-01-10,0.943
2018-01-09,0.941
2018-01-08,0.923
2018-01-05,0.923
2018-01-04,0.92
2018-01-03,0.918
2018-01-02,0.914
2017-12-29,0.887
2017-12-28,0.887
2017-12-27,0.885
2017-12-22,0.889
2017-12-21,0.896
2017-12-20,0.898
2017-12-19,0.894
2017-12-18,0.88
2017-12-15,0.872
2017-12-14,0.88
2017-12-13,0.881
2017-12-12,0.878
2017-12-11,0.871
2017-12-08,0.872
2017-12-07,0.875
2017-12-06,0.875
2017-12-05,0.867
2017-12-04,0.857
2017-12-01,0.855
2017-11-30,0.848
2017-11-29,0.848
2017-11-28,0.846
2017-11-27,0.846
2017-11-24,0.86
2017-11-23,0.84
2017-11-22,0.832
2017-11-21,0.812
2017-11-20,0.81
2017-11-17,0.816
2017-11-16,0.823
2017-11-15,0.811
2017-11-14,0.807
2017-11-13,0.818
2017-11-10,0.82
2017-11-09,0.825
2017-11-08,0.835
2017-11-07,0.834
2017-11-06,0.825
2017-11-03,0.837
2017-11-02,0.847
2017-11-01,0.847
2017-10-31,0.852
2017-10-30,0.84
2017-10-27,0.842
2017-10-26,0.84
2017-10-25,0.831
2017-10-24,0.855
2017-10-23,0.863
2017-10-20,0.865
2017-10-19,0.858
2017-10-18,0.858
2017-10-17,0.856
2017-10-16,0.855
2017-10-13,0.855
2017-10-12,0.858
2017-10-11,0.85
2017-10-10,0.857
2017-10-09,0.857
2017-10-06,0.868
2017-10-05,0.867
2017-10-04,0.865
2017-10-03,0.88
2017-10-02,0.859
2017-09-29,0.871
2017-09-28,0.871
2017-09-27,0.875
2017-09-26,0.882
2017-09-25,0.88
2017-09-22,0.877
2017-09-21,0.881
2017-09-20,0.853
2017-09-19,0.835
2017-09-18,0.826
2017-09-15,0.814
2017-09-14,0.816
2017-09-13,0.782
2017-09-12,0.769
2017-09-11,0.778
2017-09-08,0.768
2017-09-07,0.769
2017-09-06,0.769
2017-09-05,0.759
2017-09-04,0.752
2017-09-01,0.766
2017-08-31,0.75
2017-08-30,0.75
2017-08-29,0.758
2017-08-28,0.758
2017-08-25,0.758
2017-08-24,0.765
2017-08-23,0.767
2017-08-22,0.783
2017-08-21,0.781
2017-08-18,0.788
2017-08-17,0.782
2017-08-16,0.805
2017-08-15,0.806
2017-08-14,0.806
2017-08-11,0.791
2017-08-10,0.801
2017-08-09,0.804
2017-08-08,0.826
2017-08-07,0.831
2017-08-04,0.833
2017-08-03,0.824
2017-08-02,0.839
2017-08-01,0.8
2017-07-31,0.808
2017-07-28,0.818
2017-07-27,0.842
2017-07-26,0.856
2017-07-25,0.859
2017-07-24,0.863
2017-07-21,0.862
2017-07-20,0.867
2017-07-19,0.867
2017-07-18,0.863
2017-07-17,0.865
2017-07-14,0.873
2017-07-13,0.875
2017-07-12,0.867
2017-07-11,0.869
2017-07-10,0.877
2017-07-07,0.87
2017-07-06,0.885
2017-07-05,0.888
2017-07-04,0.893
2017-07-03,0.883
2017-06-30,0.901
2017-06-29,0.889
2017-06-28,0.895
2017-06-27,0.905
2017-06-26,0.927
2017-06-23,0.922
2017-06-22,0.928
2017-06-21,0.92
2017-06-20,0.92
2017-06-19,0.915
2017-06-16,0.9
2017-06-15,0.874
2017-06-14,0.848
2017-06-13,0.848
2017-06-12,0.85
2017-06-09,0.861
2017-06-08,0.868
2017-06-07,0.875
2017-06-06,0.887
2017-06-05,0.882
2017-06-02,0.886
2017-06-01,0.874
2017-05-31,0.882
2017-05-30,0.869
2017-05-29,0.873
2017-05-26,0.897
2017-05-25,0.902
2017-05-24,0.889
2017-05-23,0.977
2017-05-22,0.97
2017-05-19,0.964
2017-05-18,0.97
2017-05-17,0.97
2017-05-16,0.965
2017-05-15,0.999
2017-05-12,0.957
2017-05-11,0.914
2017-05-10,0.888
2017-05-09,0.882
2017-05-08,0.88
2017-05-05,0.875
2017-05-04,0.88
2017-05-03,0.87
2017-05-02,0.869
2017-04-28,0.85
2017-04-27,0.857
2017-04-26,0.863
2017-04-25,0.86
2017-04-24,0.855
2017-04-21,0.834
2017-04-20,0.859
2017-04-19,0.863
2017-04-18,0.866
2017-04-13,0.869
2017-04-12,0.856
2017-04-11,0.869
2017-04-10,0.871
2017-04-07,0.866
2017-04-06,0.867
2017-04-05,0.856
2017-04-04,0.85
2017-04-03,0.848
2017-03-31,0.842
2017-03-30,0.845
2017-03-29,0.828
2017-03-28,0.811
2017-03-27,0.794
2017-03-24,0.79
2017-03-23,0.785
2017-03-22,0.77
2017-03-21,0.774
2017-03-20,0.764
2017-03-17,0.733
2017-03-16,0.73
2017-03-15,0.728
2017-03-14,0.744
2017-03-13,0.751
2017-03-10,0.753
2017-03-09,0.754
2017-03-08,0.754
2017-03-07,0.748
2017-03-06,0.747
2017-03-03,0.763
2017-03-02,0.748
2017-03-01,0.737
2017-02-28,0.732
2017-02-27,0.728
2017-02-24,0.725
2017-02-23,0.708
2017-02-22,0.704
2017-02-21,0.71
2017-02-20,0.698
2017-02-17,0.696
2017-02-16,0.69
2017-02-15,0.695
2017-02-14,0.69
2017-02-13,0.688
2017-02-10,0.686
2017-02-09,0.694
2017-02-08,0.685
2017-02-07,0.681
2017-02-06,0.687
2017-02-03,0.695
2017-02-02,0.69
2017-02-01,0.692
2017-01-31,0.69
2017-01-30,0.69
2017-01-27,0.712
2017-01-26,0.72
2017-01-25,0.72
2017-01-24,0.697
2017-01-23,0.7
2017-01-20,0.705
2017-01-19,0.715
2017-01-18,0.706
2017-01-17,0.69
2017-01-16,0.682
2017-01-15,0.682
2017-01-13,0.706
2017-01-12,0.714
2017-01-11,0.732
2017-01-10,0.738
2017-01-09,0.735
2017-01-06,0.755
2017-01-05,0.761
2017-01-04,0.763
2017-01-03,0.763
2017-01-02,0.76
2016-12-31,0.7
2016-12-30,0.748
2016-12-29,0.764
2016-12-28,0.753
2016-12-27,0.739
2016-12-23,0.739
2016-12-22,0.73
2016-12-21,0.763
2016-12-20,0.774
2016-12-19,0.776
2016-12-16,0.776
2016-12-15,0.771
2016-12-14,0.78
2016-12-13,0.802
2016-12-12,0.81
2016-12-09,0.809
2016-12-08,0.8
2016-12-07,0.76
2016-12-06,0.728
2016-12-05,0.724
2016-12-02,0.707
2016-12-01,0.706
2016-11-30,0.712
2016-11-29,0.702
2016-11-28,0.704
2016-11-25,0.715
2016-11-24,0.701
2016-11-23,0.703
2016-11-22,0.7
2016-11-21,0.691
2016-11-18,0.692
2016-11-17,0.685
2016-11-16,0.693
2016-11-15,0.69
2016-11-14,0.692
2016-11-11,0.694
2016-11-10,0.685
2016-11-09,0.7
2016-11-08,0.711
2016-11-07,0.718
2016-11-04,0.7
2016-11-03,0.698
2016-11-02,0.702
2016-11-01,0.703
2016-10-31,0.702
2016-10-28,0.707
2016-10-27,0.71
2016-10-26,0.711
2016-10-25,0.716
2016-10-24,0.723
2016-10-21,0.697
2016-10-20,0.7
2016-10-19,0.682
2016-10-18,0.68
2016-10-17,0.681
2016-10-14,0.677
2016-10-13,0.672
2016-10-12,0.679
2016-10-11,0.679
2016-10-10,0.68
2016-10-07,0.676
2016-10-06,0.681
2016-10-05,0.683
2016-10-04,0.681
2016-10-03,0.688
2016-09-30,0.679
2016-09-29,0.68
2016-09-28,0.682
2016-09-27,0.67
2016-09-26,0.675
2016-09-23,0.67
2016-09-22,0.673
2016-09-21,0.674
2016-09-20,0.687
2016-09-19,0.689
2016-09-16,0.646
2016-09-15,0.66
2016-09-14,0.67
2016-09-13,0.667
2016-09-12,0.68
2016-09-09,0.695
2016-09-08,0.696
2016-09-07,0.697
2016-09-06,0.679
2016-09-05,0.679
2016-09-02,0.673
2016-09-01,0.66
2016-08-31,0.641
2016-08-30,0.642
2016-08-29,0.623
2016-08-26,0.63
2016-08-25,0.629
2016-08-24,0.635
2016-08-23,0.625
2016-08-22,0.633
2016-08-19,0.629
2016-08-18,0.638
2016-08-17,0.636
2016-08-16,0.639
2016-08-15,0.643
2016-08-12,0.64
2016-08-11,0.629
2016-08-10,0.63
2016-08-09,0.628
2016-08-08,0.6
2016-08-05,0.596
2016-08-04,0.595
2016-08-03,0.581
2016-08-02,0.58
2016-08-01,0.58
2016-07-29,0.59
2016-07-28,0.58
2016-07-27,0.592
2016-07-26,0.587
2016-07-25,0.562
2016-07-22,0.558
2016-07-21,0.55
2016-07-20,0.542
2016-07-19,0.542
2016-07-18,0.5375
2016-07-15,0.537
2016-07-14,0.542
2016-07-13,0.543
2016-07-12,0.547
2016-07-11,0.531
2016-07-08,0.535
2016-07-07,0.53
2016-07-06,0.517
2016-07-05,0.5395
2016-07-04,0.537
2016-07-01,0.548
2016-06-30,0.5495
2016-06-27,0.5435
2016-06-24,0.5445
2016-06-21,0.569
2016-06-20,0.578
2016-06-17,0.561
2016-06-16,0.5745
2016-06-15,0.579
2016-06-14,0.588
2016-06-13,0.582
2016-06-10,0.5825
2016-06-09,0.58
2016-06-08,0.587
2016-06-07,0.589
2016-06-06,0.598
2016-06-03,0.609
2016-06-02,0.5935
2016-06-01,0.596
2016-05-31,0.606
2016-05-30,0.614
2016-05-27,0.62
2016-05-26,0.619
2016-05-25,0.642
2016-05-24,0.607
2016-05-23,0.627
2016-05-20,0.609
2016-05-19,0.61
2016-05-18,0.618
2016-05-17,0.624
2016-05-16,0.629
2016-05-13,0.639
2016-05-12,0.635
2016-05-11,0.61
2016-05-10,0.597
2016-05-09,0.598
2016-05-06,0.617
2016-05-05,0.654
2016-05-04,0.657
2016-05-03,0.657
2016-05-02,0.688
2016-04-29,0.668
2016-04-28,0.699
2016-04-27,0.699
2016-04-26,0.703
2016-04-25,0.715
2016-04-22,0.704
2016-04-21,0.7
2016-04-20,0.698
2016-04-19,0.69
2016-04-18,0.713
2016-04-15,0.682
2016-04-14,0.657
2016-04-13,0.656
2016-04-12,0.64
2016-04-11,0.61
2016-04-08,0.613
2016-04-07,0.62
2016-04-06,0.617
2016-04-05,0.599
2016-04-04,0.603
2016-04-01,0.609
2016-03-31,0.6115
2016-03-30,0.605
2016-03-29,0.61
2016-03-24,0.606
2016-03-23,0.619
2016-03-22,0.612
2016-03-21,0.613
2016-03-18,0.621
2016-03-17,0.598
2016-03-16,0.59
2016-03-15,0.59
2016-03-14,0.598
2016-03-11,0.595
2016-03-10,0.584
2016-03-07,0.564
2016-03-03,0.538
2016-03-02,0.525
2016-03-01,0.522
2016-02-29,0.504
2016-02-26,0.509
2016-02-25,0.472
2016-02-24,0.481
2016-02-23,0.475
2016-02-22,0.482
2016-02-19,0.475
2016-02-18,0.47
2016-02-17,0.476
2016-02-16,0.473
2016-02-15,0.473
2016-02-12,0.483
2016-02-11,0.473
2016-02-10,0.48
2016-02-09,0.489
2016-02-08,0.489
2016-02-05,0.503
2016-02-04,0.502
2016-02-03,0.498
2016-02-02,0.508
2016-02-01,0.516
2016-01-29,0.499
2016-01-28,0.497
2016-01-27,0.498
2016-01-26,0.483
2016-01-25,0.494
2016-01-22,0.497
2016-01-21,0.46
2016-01-20,0.45
2016-01-19,0.462
2016-01-18,0.476
2016-01-15,0.49
2016-01-14,0.499
2016-01-13,0.5
2016-01-12,0.505
2016-01-11,0.496
2016-01-08,0.491
2016-01-07,0.5
2016-01-06,0.511
2016-01-05,0.513
2016-01-04,0.502
2016-01-01,0.51
2015-12-31,0.51
2015-12-30,0.507
2015-12-29,0.508
2015-12-28,0.51
2015-12-25,0.512
2015-12-24,0.512
2015-12-23,0.512
2015-12-22,0.5
2015-12-21,0.513
2015-12-18,0.514
2015-12-17,0.492
2015-12-16,0.488
2015-12-15,0.476
2015-12-14,0.47
2015-12-11,0.471
2015-12-10,0.474
2015-12-09,0.467
2015-12-08,0.469
2015-12-07,0.462
2015-12-04,0.46
2015-12-03,0.455
2015-12-02,0.468
2015-12-01,0.449
2015-11-30,0.437
2015-11-27,0.438
2015-11-26,0.433
2015-11-25,0.428
2015-11-24,0.429
2015-11-23,0.433
2015-11-20,0.435
2015-11-19,0.439
2015-11-18,0.443
2015-11-17,0.443
2015-11-16,0.426
2015-11-13,0.402
2015-11-12,0.407
2015-11-11,0.403
2015-11-10,0.39
2015-11-09,0.401
2015-11-06,0.43
2015-11-05,0.444
2015-11-04,0.449
2015-11-03,0.435
2015-11-02,0.417
2015-10-30,0.422
2015-10-29,0.413
2015-10-28,0.405
2015-10-27,0.401
2015-10-26,0.41
2015-10-23,0.427
2015-10-22,0.43
2015-10-21,0.425
2015-10-20,0.425
2015-10-19,0.424
2015-10-16,0.423
2015-10-15,0.417
2015-10-14,0.413
2015-10-13,0.423
2015-10-12,0.41
2015-10-09,0.408
2015-10-08,0.4
2015-10-07,0.4
2015-10-06,0.397
2015-10-05,0.398
2015-10-02,0.39
2015-10-01,0.388
2015-09-30,0.389
2015-09-29,0.37
2015-09-28,0.373
2015-09-25,0.38
2015-09-24,0.377
2015-09-23,0.379
2015-09-22,0.38
2015-09-21,0.378
2015-09-18,0.359
2015-09-17,0.36
2015-09-16,0.359
2015-09-15,0.36
2015-09-14,0.36
2015-09-11,0.364
2015-09-10,0.364
2015-09-09,0.362
2015-09-08,0.362
2015-09-07,0.356
2015-09-04,0.349
2015-09-03,0.361
2015-09-02,0.362
2015-09-01,0.359
2015-08-31,0.363
2015-08-28,0.363
2015-08-27,0.365
2015-08-26,0.357
2015-08-25,0.359
2015-08-24,0.34
2015-08-21,0.355
2015-08-20,0.365
2015-08-19,0.36
2015-08-18,0.372
2015-08-17,0.38
2015-08-14,0.38
2015-08-13,0.387
2015-08-12,0.38
2015-08-11,0.38
2015-08-10,0.39
2015-08-07,0.375
2015-08-06,0.382
2015-08-05,0.392
2015-08-04,0.39
2015-08-03,0.4
2015-07-31,0.4
2015-07-30,0.385
2015-07-29,0.375
2015-07-28,0.379
2015-07-27,0.37
2015-07-24,0.372
2015-07-23,0.389
2015-07-22,0.387
2015-07-21,0.391
2015-07-20,0.393
2015-07-17,0.382
2015-07-16,0.39
2015-07-15,0.37
2015-07-14,0.357
2015-07-13,0.36
2015-07-10,0.36
2015-07-09,0.343
2015-07-08,0.326
2015-07-07,0.325
2015-07-06,0.342
2015-07-03,0.343
2015-07-02,0.34
2015-07-01,0.342
2015-06-30,0.34
2015-06-29,0.341
2015-06-26,0.374
2015-06-25,0.364
2015-06-24,0.358
2015-06-23,0.35
2015-06-22,0.347
2015-06-19,0.335
2015-06-18,0.323
2015-06-17,0.329
2015-06-16,0.329
2015-06-15,0.34
2015-06-12,0.35
2015-06-11,0.359
2015-06-10,0.35
2015-06-09,0.355
2015-06-08,0.359
2015-06-05,0.36
2015-06-04,0.365
2015-06-03,0.365
2015-06-02,0.37
2015-06-01,0.369
2015-05-29,0.356
2015-05-28,0.375
2015-05-27,0.366
2015-05-26,0.362
2015-05-25,0.362
2015-05-22,0.367
2015-05-21,0.372
2015-05-20,0.37
2015-05-19,0.376
2015-05-18,0.37
2015-05-15,0.377
2015-05-14,0.37
2015-05-13,0.372
2015-05-12,0.373
2015-05-11,0.371
2015-05-08,0.365
2015-05-07,0.37
2015-05-06,0.38
2015-05-05,0.382
2015-05-04,0.379
2015-05-01,0.39
2015-04-30,0.39
2015-04-29,0.379
2015-04-28,0.379
2015-04-27,0.38
2015-04-24,0.384
2015-04-23,0.381
2015-04-22,0.385
2015-04-21,0.393
2015-04-20,0.385
2015-04-17,0.395
2015-04-16,0.41
2015-04-15,0.42
2015-04-14,0.412
2015-04-13,0.418
2015-04-10,0.426
2015-04-09,0.43
2015-04-08,0.41
2015-04-07,0.412
2015-04-06,0.416
2015-04-03,0.416
2015-04-02,0.416
2015-04-01,0.42
2015-03-31,0.42
2015-03-30,0.418
2015-03-27,0.413
2015-03-26,0.418
2015-03-25,0.435
2015-03-24,0.428
2015-03-23,0.403
2015-03-20,0.393
2015-03-19,0.397
2015-03-18,0.382
2015-03-17,0.386
2015-03-16,0.39
2015-03-13,0.4
2015-03-12,0.406
2015-03-11,0.401
2015-03-10,0.409
2015-03-09,0.425
2015-03-06,0.42
2015-03-05,0.42
2015-03-04,0.395
2015-03-03,0.376
2015-03-02,0.382
2015-02-27,0.383
2015-02-26,0.381
2015-02-25,0.353
2015-02-24,0.359
2015-02-23,0.354
2015-02-20,0.351
2015-02-19,0.364
2015-02-18,0.357
2015-02-17,0.352
2015-02-16,0.356
2015-02-13,0.354
2015-02-12,0.347
2015-02-11,0.345
2015-02-10,0.339
2015-02-09,0.344
2015-02-06,0.354
2015-02-05,0.328
2015-02-04,0.32
2015-02-03,0.305
2015-02-02,0.297
2015-01-30,0.289
2015-01-29,0.286
2015-01-28,0.288
2015-01-27,0.289
2015-01-26,0.29
2015-01-23,0.28
2015-01-22,0.261
2015-01-21,0.273
2015-01-20,0.261
2015-01-19,0.26
2015-01-16,0.26
2015-01-15,0.258
2015-01-14,0.243
2015-01-13,0.25
2015-01-12,0.216
2015-01-09,0.218
2015-01-08,0.221
2015-01-07,0.225
2015-01-06,0.232
2015-01-05,0.248
2015-01-02,0.246
2015-01-01,0.261
2014-12-31,0.261
2014-12-30,0.253
2014-12-29,0.26
2014-12-26,0.267
2014-12-25,0.267
2014-12-24,0.267
2014-12-23,0.274
2014-12-22,0.276
2014-12-19,0.276
2014-12-18,0.267
2014-12-17,0.258
2014-12-16,0.264
2014-12-15,0.252
2014-12-12,0.262
2014-12-11,0.265
2014-12-10,0.27
2014-12-09,0.266
2014-12-08,0.282
2014-12-05,0.282
2014-12-04,0.273
2014-12-03,0.27
2014-12-02,0.274
2014-12-01,0.284
2014-11-28,0.284
2014-11-27,0.284
2014-11-26,0.266
2014-11-25,0.271
2014-11-24,0.27
2014-11-21,0.275
2014-11-20,0.27
2014-11-19,0.266
2014-11-18,0.274
2014-11-17,0.273
2014-11-14,0.27
2014-11-13,0.275
2014-11-12,0.286
2014-11-11,0.289
2014-11-10,0.285
2014-11-07,0.286
2014-11-06,0.27
2014-11-05,0.271
2014-11-04,0.27
2014-11-03,0.274
2014-10-31,0.289
2014-10-30,0.268
2014-10-29,0.268
2014-10-28,0.28
2014-10-27,0.27
2014-10-24,0.28
2014-10-23,0.281
2014-10-22,0.284
2014-10-21,0.274
2014-10-20,0.26
2014-10-17,0.254
2014-10-16,0.23
2014-10-15,0.24
2014-10-14,0.26
2014-10-13,0.27
2014-10-10,0.267
2014-10-09,0.272
2014-10-08,0.278
2014-10-07,0.29
2014-10-06,0.295
2014-10-03,0.296
2014-10-02,0.294
2014-10-01,0.315
2014-09-30,0.323
2014-09-29,0.324
2014-09-26,0.315
2014-09-25,0.315
2014-09-24,0.315
2014-09-23,0.332
2014-09-22,0.345
2014-09-19,0.339
2014-09-18,0.344
2014-09-17,0.345
2014-09-16,0.339
2014-09-15,0.345
2014-09-12,0.35
2014-09-11,0.35
2014-09-10,0.351
2014-09-09,0.36
2014-09-08,0.35
2014-09-05,0.356
2014-09-04,0.37
2014-09-03,0.35
2014-09-02,0.347
2014-09-01,0.349
2014-08-29,0.335
2014-08-28,0.34
2014-08-27,0.335
2014-08-26,0.336
2014-08-25,0.327
2014-08-22,0.319
2014-08-21,0.32
2014-08-20,0.319
2014-08-19,0.32
2014-08-18,0.318
2014-08-15,0.315
2014-08-14,0.299
2014-08-13,0.295
2014-08-12,0.272
2014-08-11,0.279
2014-08-08,0.27
2014-08-07,0.255
2014-08-06,0.28
2014-08-05,0.292
2014-08-04,0.324
2014-08-01,0.33
2014-07-31,0.344
2014-07-30,0.333
2014-07-29,0.352
2014-07-28,0.365
2014-07-25,0.367
2014-07-24,0.367
2014-07-23,0.358
2014-07-22,0.345
2014-07-21,0.34
2014-07-18,0.355
2014-07-17,0.368
2014-07-16,0.369
2014-07-15,0.345
2014-07-14,0.355
2014-07-11,0.35
2014-07-10,0.366
2014-07-09,0.34
2014-07-08,0.361
2014-07-07,0.367
2014-07-04,0.382
2014-07-03,0.392
2014-07-02,0.383
2014-07-01,0.372
2014-06-30,0.377
2014-06-27,0.39
2014-06-26,0.4
2014-06-25,0.4
2014-06-24,0.41
2014-06-23,0.418
2014-06-20,0.412
2014-06-19,0.412
2014-06-18,0.401
2014-06-17,0.412
2014-06-16,0.406
2014-06-13,0.411
2014-06-12,0.412
2014-06-11,0.411
2014-06-10,0.418
2014-06-09,0.419
2014-06-06,0.413
2014-06-05,0.409
2014-06-04,0.414
2014-06-03,0.421
2014-06-02,0.409
2014-05-30,0.415
2014-05-29,0.408
2014-05-28,0.418
2014-05-27,0.399
2014-05-26,0.4
2014-05-23,0.381
2014-05-22,0.365
2014-05-21,0.375
2014-05-20,0.389
2014-05-19,0.399
2014-05-16,0.4
2014-05-15,0.39
2014-05-14,0.4
2014-05-13,0.44
2014-05-12,0.44
2014-05-09,0.46
2014-05-08,0.469
2014-05-07,0.46
2014-05-06,0.468
2014-05-05,0.47
2014-05-02,0.465
2014-05-01,0.465
2014-04-30,0.465
2014-04-29,0.45
2014-04-28,0.45
2014-04-25,0.449
2014-04-24,0.46
2014-04-23,0.46
2014-04-22,0.47
2014-04-21,0.462
2014-04-18,0.462
2014-04-17,0.462
2014-04-16,0.462
2014-04-15,0.441
2014-04-14,0.462
2014-04-11,0.46
2014-04-10,0.469
2014-04-09,0.476
2014-04-08,0.473
2014-04-07,0.49
2014-04-04,0.5
2014-04-03,0.5
2014-04-02,0.5
2014-04-01,0.52
2014-03-31,0.49
2014-03-28,0.48
2014-03-27,0.47
2014-03-26,0.46
2014-03-25,0.48
2014-03-24,0.48
2014-03-21,0.5
2014-03-20,0.49
2014-03-19,0.5
2014-03-18,0.5
2014-03-17,0.5
2014-03-14,0.48
2014-03-13,0.48
2014-03-12,0.51
2014-03-11,0.51
2014-03-10,0.49
2014-03-07,0.48
2014-03-06,0.48
2014-03-05,0.48
2014-03-04,0.48
2014-03-03,0.46
2014-02-28,0.48
2014-02-27,0.49
2014-02-26,0.49
2014-02-25,0.5
2014-02-24,0.49
2014-02-21,0.49
2014-02-20,0.46
2014-02-19,0.46
2014-02-18,0.46
2014-02-17,0.46
2014-02-14,0.44
2014-02-13,0.43
2014-02-12,0.43
2014-02-11,0.43
2014-02-10,0.42
2014-02-07,0.42
2014-02-06,0.41
2014-02-05,0.41
2014-02-04,0.41
2014-02-03,0.41
2014-01-31,0.42
2014-01-30,0.42
2014-01-29,0.42
2014-01-28,0.42
2014-01-27,0.41
2014-01-24,0.41
2014-01-23,0.41
2014-01-22,0.42
2014-01-21,0.43
2014-01-20,0.44
2014-01-17,0.44
2014-01-16,0.44
2014-01-15,0.45
2014-01-14,0.4
2014-01-13,0.41
2014-01-10,0.39
2014-01-09,0.37
2014-01-08,0.37
2014-01-07,0.36
2014-01-06,0.34
2014-01-03,0.33
2014-01-02,0.32
2014-01-01,0.33
2013-12-31,0.33
2013-12-30,0.33
2013-12-27,0.33
2013-12-26,0.34
2013-12-25,0.34
2013-12-24,0.34
2013-12-23,0.34
2013-12-20,0.34
2013-12-19,0.34
2013-12-18,0.34
2013-12-17,0.34
2013-12-16,0.34
2013-12-13,0.35
2013-12-12,0.34
2013-12-11,0.35
2013-12-10,0.35
2013-12-09,0.35
2013-12-06,0.33
2013-12-05,0.35
2013-12-04,0.35
2013-12-03,0.35
2013-12-02,0.36
2013-11-29,0.37
2013-11-28,0.37
2013-11-27,0.35
2013-11-26,0.34
2013-11-25,0.33
2013-11-22,0.34
2013-11-21,0.35
2013-11-20,0.34
2013-11-19,0.36
2013-11-18,0.35
2013-11-15,0.35
2013-11-14,0.36
2013-11-13,0.34
2013-11-12,0.35
2013-11-11,0.36
2013-11-08,0.35
2013-11-07,0.35
2013-11-06,0.34
2013-11-05,0.33
2013-11-04,0.3
2013-11-01,0.29
2013-10-31,0.29
2013-10-30,0.29
2013-10-29,0.28
2013-10-28,0.29
2013-10-25,0.28
2013-10-24,0.29
2013-10-23,0.29
2013-10-22,0.3
2013-10-21,0.3
2013-10-18,0.28
2013-10-17,0.3
2013-10-16,0.3
2013-10-15,0.31
2013-10-14,0.31
2013-10-11,0.31
2013-10-10,0.29
2013-10-09,0.31
2013-10-08,0.3
2013-10-07,0.28
2013-10-04,0.28
2013-10-03,0.27
2013-10-02,0.27
2013-10-01,0.27
2013-09-30,0.27
2013-09-27,0.27
2013-09-26,0.27
2013-09-25,0.27
2013-09-24,0.26
2013-09-23,0.24
2013-09-20,0.25
2013-09-19,0.23
2013-09-18,0.24
2013-09-17,0.23
2013-09-16,0.22
2013-09-13,0.22
2013-09-12,0.22
2013-09-11,0.22
2013-09-10,0.23
2013-09-09,0.22
2013-09-06,0.23
2013-09-05,0.23
2013-09-04,0.24
2013-09-03,0.24
2013-09-02,0.24
2013-08-30,0.23
2013-08-29,0.24
2013-08-28,0.24
2013-08-27,0.22
2013-08-26,0.23
2013-08-23,0.23
2013-08-22,0.24
2013-08-21,0.23
2013-08-20,0.24
2013-08-19,0.24
2013-08-16,0.21
2013-08-15,0.2
2013-08-14,0.2
2013-08-13,0.21
2013-08-12,0.21
2013-08-09,0.21
2013-08-08,0.2
2013-08-07,0.19
2013-08-06,0.19
2013-08-05,0.19
2013-08-02,0.2
2013-08-01,0.2
2013-07-31,0.19
2013-07-30,0.18
2013-07-29,0.18
2013-07-26,0.18
2013-07-25,0.17
2013-07-24,0.17
2013-07-23,0.16
2013-07-22,0.16
2013-07-19,0.15
2013-07-18,0.16
2013-07-17,0.16
2013-07-16,0.15
2013-07-15,0.15
2013-07-12,0.15
2013-07-11,0.15
2013-07-10,0.15
2013-07-09,0.16
2013-07-08,0.16
2013-07-05,0.16
2013-07-04,0.16
2013-07-03,0.16
2013-07-02,0.16
2013-07-01,0.17
2013-06-28,0.17
2013-06-27,0.16
2013-06-26,0.16
2013-06-25,0.16
2013-06-24,0.16
2013-06-21,0.16
2013-06-20,0.17
2013-06-19,0.17
2013-06-18,0.18
2013-06-17,0.18
2013-06-14,0.18
2013-06-13,0.18
2013-06-12,0.17
2013-06-11,0.17
2013-06-10,0.18
2013-06-07,0.17
2013-06-06,0.18
2013-06-05,0.18
2013-06-04,0.18
2013-06-03,0.17
2013-05-31,0.18
2013-05-30,0.18
2013-05-29,0.17
2013-05-28,0.18
2013-05-27,0.18
2013-05-24,0.18
2013-05-23,0.18
2013-05-22,0.18
2013-05-21,0.18
2013-05-20,0.17
2013-05-17,0.17
2013-05-16,0.17
2013-05-15,0.17
2013-05-14,0.17
2013-05-13,0.18
2013-05-10,0.17
2013-05-09,0.17
2013-05-08,0.17
2013-05-07,0.18
2013-05-06,0.18
2013-05-03,0.18
2013-05-02,0.18
2013-05-01,0.17
2013-04-30,0.17
2013-04-29,0.16
2013-04-26,0.17
2013-04-25,0.17
2013-04-24,0.17
2013-04-23,0.17
2013-04-22,0.16
2013-04-19,0.17
2013-04-18,0.17
2013-04-17,0.17
2013-04-16,0.18
2013-04-15,0.17
2013-04-12,0.17
2013-04-11,0.17
2013-04-10,0.17
2013-04-09,0.17
2013-04-08,0.17
2013-04-05,0.17
2013-04-04,0.17
2013-04-03,0.16
2013-04-02,0.17
2013-04-01,0.18
2013-03-29,0.18
2013-03-28,0.18
2013-03-27,0.18
2013-03-26,0.18
2013-03-25,0.18
2013-03-22,0.17
2013-03-21,0.18
2013-03-20,0.18
2013-03-19,0.18
2013-03-18,0.18
2013-03-15,0.18
2013-03-14,0.19
2013-03-13,0.18
2013-03-12,0.18
2013-03-11,0.19
2013-03-08,0.19
2013-03-07,0.19
2013-03-06,0.19
2013-03-05,0.19
2013-03-04,0.18
2013-03-01,0.17
2013-02-28,0.18
2013-02-27,0.18
2013-02-26,0.18
2013-02-25,0.19
2013-02-22,0.19
2013-02-21,0.19
2013-02-20,0.18
2013-02-19,0.19
2013-02-18,0.19
2013-02-15,0.19
2013-02-14,0.19
2013-02-13,0.19
2013-02-12,0.19
2013-02-11,0.19
2013-02-08,0.19
2013-02-07,0.19
2013-02-06,0.19
2013-02-05,0.19
2013-02-04,0.19
2013-02-01,0.2
2013-01-31,0.2
2013-01-30,0.19
2013-01-29,0.2
2013-01-28,0.2
2013-01-25,0.2
2013-01-24,0.21
2013-01-23,0.2
2013-01-22,0.17
2013-01-21,0.17
2013-01-18,0.18
2013-01-17,0.17
2013-01-16,0.17
2013-01-15,0.17
2013-01-14,0.18
2013-01-11,0.18
2013-01-10,0.18
2013-01-09,0.18
2013-01-08,0.17
2013-01-07,0.15
2013-01-04,0.15
2013-01-03,0.14
2013-01-02,0.15
2013-01-01,0.14
2012-12-31,0.14
2012-12-28,0.14
2012-12-27,0.15
2012-12-26,0.14
2012-12-25,0.14
2012-12-24,0.14
2012-12-21,0.15
2012-12-20,0.14
2012-12-19,0.15
2012-12-18,0.14
2012-12-17,0.15
2012-12-14,0.15
2012-12-13,0.15
2012-12-12,0.15
2012-12-11,0.14
2012-12-10,0.15
2012-12-07,0.15
2012-12-06,0.15
2012-12-05,0.15
2012-12-04,0.14
2012-12-03,0.14
2012-11-30,0.13
2012-11-29,0.12
2012-11-28,0.12
2012-11-27,0.12
2012-11-26,0.13
2012-11-23,0.13
2012-11-22,0.13
2012-11-21,0.14
2012-11-20,0.13
2012-11-19,0.13
2012-11-16,0.13
2012-11-15,0.13
2012-11-14,0.13
2012-11-13,0.14
2012-11-12,0.13
2012-11-09,0.13
2012-11-08,0.13
2012-11-07,0.14
2012-11-06,0.15
2012-11-05,0.15
2012-11-02,0.15
2012-11-01,0.15
2012-10-31,0.15
2012-10-30,0.15
2012-10-29,0.15
2012-10-26,0.15
2012-10-25,0.15
2012-10-24,0.15
2012-10-23,0.15
2012-10-22,0.15
2012-10-19,0.16
2012-10-18,0.18
2012-10-17,0.18
2012-10-16,0.18
2012-10-15,0.17
2012-10-12,0.17
2012-10-11,0.17
2012-10-10,0.16
2012-10-09,0.17
2012-10-08,0.18
2012-10-05,0.17
2012-10-04,0.17
2012-10-03,0.17
2012-10-02,0.17
2012-10-01,0.18
2012-09-28,0.18
2012-09-27,0.18
2012-09-26,0.17
2012-09-25,0.18
2012-09-24,0.16
2012-09-21,0.17
2012-09-20,0.16
2012-09-19,0.17
2012-09-18,0.17
2012-09-17,0.18
2012-09-14,0.18
2012-09-13,0.17
2012-09-12,0.18
2012-09-11,0.18
2012-09-10,0.17
2012-09-07,0.17
2012-09-06,0.18
2012-09-05,0.17
2012-09-04,0.18
2012-09-03,0.18
2012-08-31,0.18
2012-08-30,0.18
2012-08-29,0.18
2012-08-28,0.17
2012-08-27,0.17
2012-08-24,0.17
2012-08-23,0.16
2012-08-22,0.18
2012-08-21,0.18
2012-08-20,0.18
2012-08-17,0.18
2012-08-16,0.18
2012-08-15,0.18
2012-08-14,0.17
2012-08-13,0.18
2012-08-10,0.18
2012-08-09,0.18
2012-08-08,0.16
2012-08-07,0.17
2012-08-06,0.17
2012-08-03,0.18
2012-08-02,0.17
2012-08-01,0.18
2012-07-31,0.18
2012-07-30,0.18
2012-07-27,0.18
2012-07-26,0.17
2012-07-25,0.18
2012-07-24,0.17
2012-07-23,0.18
2012-07-20,0.17
2012-07-19,0.17
2012-07-18,0.17
2012-07-17,0.17
2012-07-16,0.17
2012-07-13,0.18
2012-07-12,0.17
2012-07-11,0.17
2012-07-10,0.17
2012-07-09,0.17
2012-07-06,0.19
2012-07-05,0.19
2012-07-04,0.19
2012-07-03,0.18
2012-07-02,0.18
2012-06-29,0.16
2012-06-28,0.18
2012-06-27,0.16
2012-06-26,0.18
2012-06-25,0.16
2012-06-22,0.17
2012-06-21,0.18
2012-06-20,0.17
2012-06-19,0.16
2012-06-18,0.17
2012-06-15,0.17
2012-06-14,0.17
2012-06-13,0.16
2012-06-12,0.17
2012-06-11,0.16
2012-06-08,0.17
2012-06-07,0.16
2012-06-06,0.17
2012-06-05,0.17
2012-06-04,0.16
2012-06-01,0.17
2012-05-31,0.16
2012-05-30,0.16
2012-05-29,0.17
2012-05-28,0.17
2012-05-25,0.17
2012-05-24,0.18
2012-05-23,0.18
2012-05-22,0.18
2012-05-21,0.18
2012-05-18,0.18
2012-05-17,0.18
2012-05-16,0.18
2012-05-15,0.2
2012-05-14,0.2
2012-05-11,0.2
2012-05-10,0.2
2012-05-09,0.19
2012-05-08,0.19
2012-05-07,0.18
2012-05-04,0.19
2012-05-03,0.18
2012-05-02,0.18
2012-05-01,0.19
2012-04-30,0.19
2012-04-27,0.19
2012-04-26,0.2
2012-04-25,0.2
2012-04-24,0.19
2012-04-23,0.2
2012-04-20,0.2
2012-04-19,0.2
2012-04-18,0.2
2012-04-17,0.2
2012-04-16,0.2
2012-04-13,0.2
2012-04-12,0.2
2012-04-11,0.2
2012-04-10,0.2
2012-04-09,0.19
2012-04-06,0.19
2012-04-05,0.19
2012-04-04,0.19
2012-04-03,0.2
2012-04-02,0.19
2012-03-30,0.2
2012-03-29,0.19
2012-03-28,0.2
2012-03-27,0.2
2012-03-26,0.21
2012-03-23,0.21
2012-03-22,0.2
2012-03-21,0.21
2012-03-20,0.22
2012-03-19,0.22
2012-03-16,0.21
2012-03-15,0.22
2012-03-14,0.22
2012-03-13,0.22
2012-03-12,0.22
2012-03-09,0.21
2012-03-08,0.21
2012-03-07,0.21
2012-03-06,0.22
2012-03-05,0.22
2012-03-02,0.21
2012-03-01,0.23
2012-02-29,0.22
2012-02-28,0.22
2012-02-27,0.21
2012-02-24,0.22
2012-02-23,0.22
2012-02-22,0.22
2012-02-21,0.22
2012-02-20,0.22
2012-02-17,0.22
2012-02-16,0.22
2012-02-15,0.22
2012-02-14,0.22
2012-02-13,0.22
2012-02-10,0.23
2012-02-09,0.22
2012-02-08,0.22
2012-02-07,0.23
2012-02-06,0.23
2012-02-03,0.22
2012-02-02,0.22
2012-02-01,0.22
2012-01-31,0.22
2012-01-30,0.22
2012-01-27,0.23
2012-01-26,0.23
2012-01-25,0.23
2012-01-24,0.23
2012-01-23,0.23
2012-01-20,0.22
2012-01-19,0.23
2012-01-18,0.23
2012-01-17,0.22
2012-01-16,0.22
2012-01-13,0.23
2012-01-12,0.22
2012-01-11,0.22
2012-01-10,0.22
2012-01-09,0.23
2012-01-06,0.22
2012-01-05,0.23
2012-01-04,0.23
2012-01-03,0.25
2012-01-02,0.26
2011-12-30,0.27
2011-12-29,0.27
2011-12-28,0.23
2011-12-27,0.22
2011-12-26,0.22
2011-12-23,0.22
2011-12-22,0.21
2011-12-21,0.2
2011-12-20,0.21
2011-12-19,0.2
2011-12-16,0.2
2011-12-15,0.2
2011-12-14,0.2
2011-12-13,0.2
2011-12-12,0.21
2011-12-09,0.21
2011-12-08,0.21
2011-12-07,0.21
2011-12-06,0.21
2011-12-05,0.21
2011-12-02,0.21
2011-12-01,0.21
2011-11-30,0.21
2011-11-29,0.21
2011-11-28,0.21
2011-11-25,0.21
2011-11-24,0.21
2011-11-23,0.21
2011-11-22,0.21
2011-11-21,0.2
2011-11-18,0.21
2011-11-17,0.21
2011-11-16,0.21
2011-11-15,0.22
2011-11-14,0.22
2011-11-11,0.22
2011-11-10,0.23
2011-11-09,0.22
2011-11-08,0.24
2011-11-07,0.24
2011-11-04,0.24
2011-11-03,0.24
2011-11-02,0.25
2011-11-01,0.25
2011-10-31,0.24
2011-10-28,0.24
2011-10-27,0.25
2011-10-26,0.24
2011-10-25,0.24
2011-10-24,0.25
2011-10-21,0.25
2011-10-20,0.25
2011-10-19,0.25
2011-10-18,0.25
2011-10-17,0.25
2011-10-14,0.24
2011-10-13,0.24
2011-10-12,0.25
2011-10-11,0.25
2011-10-10,0.25
2011-10-07,0.24
2011-10-06,0.25
2011-10-05,0.25
2011-10-04,0.24
2011-10-03,0.24
2011-09-30,0.25
2011-09-29,0.25
2011-09-28,0.24
2011-09-27,0.25
2011-09-26,0.26
2011-09-23,0.26
2011-09-22,0.25
2011-09-21,0.25
2011-09-20,0.26
2011-09-19,0.27
2011-09-16,0.26
2011-09-15,0.26
2011-09-14,0.26
2011-09-13,0.26
2011-09-12,0.25
2011-09-09,0.25
2011-09-08,0.25
2011-09-07,0.25
2011-09-06,0.25
2011-09-05,0.25
2011-09-02,0.25
2011-09-01,0.26
2011-08-31,0.27
2011-08-30,0.25
2011-08-29,0.26
2011-08-26,0.27
2011-08-25,0.26
2011-08-24,0.27
2011-08-23,0.26
2011-08-22,0.27
2011-08-19,0.26
2011-08-18,0.25
2011-08-17,0.26
2011-08-16,0.26
2011-08-15,0.27
2011-08-12,0.26
2011-08-11,0.26
2011-08-10,0.25
2011-08-09,0.29
2011-08-08,0.29
2011-08-05,0.29
2011-08-04,0.3
2011-08-03,0.3
2011-08-02,0.29
2011-08-01,0.3
2011-07-29,0.3
2011-07-28,0.31
2011-07-27,0.31
2011-07-26,0.33
2011-07-25,0.3
2011-07-22,0.31
2011-07-21,0.32
2011-07-20,0.28
2011-07-19,0.25
2011-07-18,0.25
2011-07-15,0.27
2011-07-14,0.26
2011-07-13,0.27
2011-07-12,0.27
2011-07-11,0.28
2011-07-08,0.3
2011-07-07,0.31
2011-07-06,0.31
2011-07-05,0.3
2011-07-04,0.3
2011-07-01,0.3
2011-06-30,0.31
2011-06-29,0.31
2011-06-28,0.31
2011-06-27,0.3
2011-06-24,0.32
2011-06-23,0.32
2011-06-22,0.33
2011-06-21,0.33
2011-06-20,0.33
2011-06-17,0.32
2011-06-16,0.32
2011-06-15,0.33
2011-06-14,0.32
2011-06-13,0.32
2011-06-10,0.33
2011-06-09,0.34
2011-06-08,0.31
2011-06-07,0.31
2011-06-06,0.31
2011-06-03,0.31
2011-06-02,0.31
2011-06-01,0.31
2011-05-31,0.31
2011-05-30,0.32
2011-05-27,0.32
2011-05-26,0.32
2011-05-25,0.33
2011-05-24,0.33
2011-05-23,0.33
2011-05-20,0.34
2011-05-19,0.34
2011-05-18,0.34
2011-05-17,0.35
2011-05-16,0.37
2011-05-13,0.38
2011-05-12,0.37
2011-05-11,0.37
2011-05-10,0.36
2011-05-09,0.36
2011-05-06,0.36
2011-05-05,0.36
2011-05-04,0.36
2011-05-03,0.36
2011-05-02,0.37
2011-04-29,0.36
2011-04-28,0.37
2011-04-27,0.36
2011-04-26,0.37
2011-04-25,55.11
2011-04-21,0.36
2011-04-20,0.35
2011-04-19,0.36
2011-04-18,0.36
2011-04-15,0.38
2011-04-14,0.38
2011-04-13,0.39
2011-04-12,0.39
2011-04-11,0.4
2011-04-08,0.39
2011-04-07,0.4
2011-04-06,0.4
2011-04-05,0.4
2011-04-04,0.4
2011-04-01,0.4
2011-03-31,0.4
2011-03-30,0.39
2011-03-29,0.4
2011-03-28,0.4
2011-03-25,0.4
2011-03-24,0.4
2011-03-23,0.39
2011-03-22,0.39
2011-03-21,0.39
2011-03-18,0.39
2011-03-17,0.39
2011-03-16,0.4
2011-03-15,0.41
2011-03-14,0.42
2011-03-11,0.42
2011-03-10,0.41
2011-03-09,0.42
2011-03-08,0.43
2011-03-07,0.42
2011-03-04,0.43
2011-03-03,0.42
2011-03-02,0.42
2011-03-01,0.43
2011-02-28,0.42
2011-02-25,0.42
2011-02-24,0.41
2011-02-23,0.43
2011-02-22,0.43
2011-02-21,0.42
2011-02-18,0.42
2011-02-17,0.43
2011-02-16,0.44
2011-02-15,0.42
2011-02-14,0.43
2011-02-11,0.42
2011-02-10,0.42
2011-02-09,0.43
2011-02-08,0.43
2011-02-07,0.43
2011-02-04,0.43
2011-02-03,0.43
2011-02-02,0.43
2011-02-01,0.44
2011-01-31,0.43
2011-01-28,0.42
2011-01-27,0.43
2011-01-26,0.44
2011-01-25,0.44
2011-01-24,0.45
2011-01-21,0.45
2011-01-20,0.41
2011-01-19,0.4
2011-01-18,0.4
2011-01-17,0.4
2011-01-14,0.4
2011-01-13,0.4
2011-01-12,0.4
2011-01-11,0.4
2011-01-10,0.37
2011-01-07,0.38
2011-01-06,0.4
2011-01-05,0.4
2011-01-04,0.4
2011-01-03,0.41
2010-12-31,0.41
2010-12-30,0.41
2010-12-29,0.41
2010-12-28,0.4
2010-12-27,0.41
2010-12-24,0.4
2010-12-23,0.4
2010-12-22,0.4
2010-12-21,0.4
2010-12-20,0.41
2010-12-17,0.41
2010-12-16,0.41
2010-12-15,0.41
2010-12-14,0.41
2010-12-13,0.4
2010-12-10,0.41
2010-12-09,0.41
2010-12-08,0.42
2010-12-07,0.41
2010-12-06,0.41
2010-12-03,0.41
2010-12-02,0.41
2010-12-01,0.42
2010-11-30,0.39
2010-11-29,0.4
2010-11-26,0.4
2010-11-25,0.4
2010-11-24,0.41
2010-11-23,0.41
2010-11-22,0.43
2010-11-19,0.42
2010-11-18,0.42
2010-11-17,0.42
2010-11-16,0.43
2010-11-15,0.43
2010-11-12,0.43
2010-11-11,0.42
2010-11-10,0.43
2010-11-09,0.43
2010-11-08,0.42
2010-11-05,0.45
2010-11-04,0.43
2010-11-03,0.46
2010-11-02,0.46
2010-11-01,0.46
2010-10-29,0.46
2010-10-28,0.45
2010-10-27,0.46
2010-10-26,0.46
2010-10-25,0.46
2010-10-22,0.47
2010-10-21,0.47
2010-10-20,0.46
2010-10-19,0.45
2010-10-18,0.46
2010-10-15,0.46
2010-10-14,0.46
2010-10-13,0.45
2010-10-12,0.44
2010-10-11,0.45
2010-10-08,0.45
2010-10-07,0.46
2010-10-06,0.45
2010-10-05,0.44
2010-10-04,0.44
2010-10-01,0.44
2010-09-30,0.44
2010-09-29,0.46
2010-09-28,0.46
2010-09-27,0.47
2010-09-24,0.47
2010-09-23,0.46
2010-09-22,0.48
2010-09-21,0.48
2010-09-20,0.49
2010-09-17,0.48
2010-09-16,0.49
2010-09-15,0.5
2010-09-14,0.5
2010-09-13,0.51
2010-09-10,0.49
2010-09-09,0.5
2010-09-08,0.5
2010-09-07,0.5
2010-09-06,0.51
2010-09-03,0.51
2010-09-02,0.49
2010-09-01,0.52
2010-08-31,0.5
2010-08-30,0.51
2010-08-27,0.51
2010-08-26,0.51
2010-08-25,0.5
2010-08-24,0.5
2010-08-23,0.51
2010-08-20,0.52
2010-08-19,0.51
2010-08-18,0.52
2010-08-17,0.52
2010-08-16,0.52
2010-08-13,0.52
2010-08-12,0.52
2010-08-11,0.52
2010-08-10,0.53
2010-08-09,0.53
2010-08-06,0.53
2010-08-05,0.53
2010-08-04,0.52
2010-08-03,0.52
2010-08-02,0.52
2010-07-30,0.5
2010-07-29,0.5
2010-07-28,0.5
2010-07-27,0.51
2010-07-26,0.5
2010-07-23,0.49
2010-07-22,0.51
2010-07-21,0.51
2010-07-20,0.5
2010-07-19,0.51
2010-07-16,0.51
2010-07-15,0.52
2010-07-14,0.52
2010-07-13,0.52
2010-07-12,0.51
2010-07-09,0.51
2010-07-08,0.53
2010-07-07,0.53
2010-07-06,0.52
2010-07-05,0.5
2010-07-02,0.46
2010-07-01,0.48
2010-06-30,0.48
2010-06-29,0.48
2010-06-28,0.5
2010-06-25,0.49
2010-06-24,0.49
2010-06-23,0.5
2010-06-22,0.5
2010-06-21,0.5
2010-06-18,0.49
2010-06-17,0.48
2010-06-16,0.48
2010-06-15,0.46
2010-06-14,0.46
2010-06-11,0.46
2010-06-10,0.45
2010-06-09,0.45
2010-06-08,0.44
2010-06-07,0.44
2010-06-04,0.45
2010-06-03,0.45
2010-06-02,0.44
2010-06-01,0.46
2010-05-31,0.45
2010-05-28,0.44
2010-05-27,0.44
2010-05-26,0.44
2010-05-25,0.45
2010-05-24,0.46
2010-05-21,0.47
2010-05-20,0.48
2010-05-19,0.49
2010-05-18,0.51
2010-05-17,0.5
2010-05-14,0.51
2010-05-13,0.53
2010-05-12,0.54
2010-05-11,0.52
2010-05-10,0.54
2010-05-07,0.51
2010-05-06,0.53
2010-05-05,0.53
2010-05-04,0.53
2010-05-03,0.56
2010-04-30,0.54
2010-04-29,0.55
2010-04-28,0.52
2010-04-27,0.54
2010-04-26,0.59
2010-04-23,0.6
2010-04-22,0.6
2010-04-21,0.61
2010-04-20,0.63
2010-04-19,0.62
2010-04-16,0.63
2010-04-15,0.65
2010-04-14,0.64
2010-04-13,0.61
2010-04-12,0.61
2010-04-09,0.61
2010-04-08,0.62
2010-04-07,0.61
2010-04-06,0.62
2010-04-05,50.4
2010-04-01,0.62
2010-03-31,0.61
2010-03-30,0.61
2010-03-29,0.62
2010-03-26,0.62
2010-03-25,0.62
2010-03-24,0.63
2010-03-23,0.63
2010-03-22,0.63
2010-03-19,0.63
2010-03-18,0.63
2010-03-17,0.65
2010-03-16,0.64
2010-03-15,0.63
2010-03-12,0.64
2010-03-11,0.63
2010-03-10,0.63
2010-03-09,0.63
2010-03-08,0.65
2010-03-05,0.66
2010-03-04,0.64
2010-03-03,0.63
2010-03-02,0.6
2010-03-01,0.61
2010-02-26,0.6
2010-02-25,0.59
2010-02-24,0.59
2010-02-23,0.6
2010-02-22,0.6
2010-02-19,0.61
2010-02-18,0.61
2010-02-17,0.61
2010-02-16,0.6
2010-02-15,0.65
2010-02-12,0.65
2010-02-11,0.65
2010-02-10,0.66
2010-02-09,0.65
2010-02-08,0.66
2010-02-05,0.66
2010-02-04,0.68
2010-02-03,0.73
2010-02-02,0.75
2010-02-01,0.74
2010-01-29,0.74
2010-01-28,0.73
2010-01-27,0.73
2010-01-26,0.75
2010-01-25,0.76
2010-01-22,0.75
2010-01-21,0.77
2010-01-20,0.78
2010-01-19,0.8
2010-01-18,0.8
2010-01-15,0.8
2010-01-14,0.81
2010-01-13,0.81
2010-01-12,0.83
2010-01-11,0.82
2010-01-08,0.83
2010-01-07,0.82
2010-01-06,0.83
2010-01-05,0.83
2010-01-04,0.82
2009-12-31,0.83
2009-12-30,0.83
2009-12-29,0.83
2009-12-28,0.82
2009-12-24,0.82
2009-12-23,0.82
2009-12-22,0.83
2009-12-21,0.82
2009-12-18,0.81
2009-12-17,0.81
2009-12-16,0.83
2009-12-15,0.84
2009-12-14,0.85
2009-12-11,0.84
2009-12-10,0.84
2009-12-09,0.85
2009-12-08,0.87
2009-12-07,0.88
2009-12-04,0.88
2009-12-03,0.89
2009-12-02,0.9
2009-12-01,0.9
2009-11-30,0.88
2009-11-27,0.89
2009-11-26,0.88
2009-11-25,0.9
2009-11-24,0.9
2009-11-23,0.91
2009-11-20,0.89
2009-11-19,0.9
2009-11-18,0.91
2009-11-17,0.91
2009-11-16,0.91
2009-11-13,0.89
2009-11-12,0.9
2009-11-11,0.91
2009-11-10,0.89
2009-11-09,0.91
2009-11-06,0.89
2009-11-05,0.88
2009-11-04,0.9
2009-11-03,0.87
2009-11-02,0.91
2009-10-30,0.89
2009-10-29,0.9
2009-10-28,0.85
2009-10-27,0.9
2009-10-26,0.92
2009-10-23,0.94
2009-10-22,0.94
2009-10-21,0.95
2009-10-20,0.95
2009-10-19,0.93
2009-10-16,0.93
2009-10-15,0.94
2009-10-14,0.95
2009-10-13,0.94
2009-10-12,0.95
2009-10-09,0.93
2009-10-08,0.93
2009-10-07,0.92
2009-10-06,0.93
2009-10-05,0.92
2009-10-02,0.92
2009-10-01,0.92
2009-09-30,0.93
2009-09-29,0.93
2009-09-28,0.94
2009-09-25,0.93
2009-09-24,0.94
2009-09-23,0.94
2009-09-22,0.95
2009-09-21,0.94
2009-09-18,0.93
2009-09-17,0.95
2009-09-16,0.94
2009-09-15,0.94
2009-09-14,0.95
2009-09-11,0.93
2009-09-10,0.93
2009-09-09,0.94
2009-09-08,0.92
2009-09-07,0.93
2009-09-04,0.9
2009-09-03,0.91
2009-09-02,0.91
2009-09-01,0.92
2009-08-31,0.94
2009-08-28,0.92
2009-08-27,0.94
2009-08-26,0.95
2009-08-25,0.95
2009-08-24,0.97
2009-08-21,0.97
2009-08-20,0.92
2009-08-19,0.88
2009-08-18,0.87
2009-08-17,0.85
2009-08-14,0.88
2009-08-13,0.85
2009-08-12,0.81
2009-08-11,0.8
2009-08-10,0.78
2009-08-07,0.79
2009-08-06,0.78
2009-08-05,0.77
2009-08-04,0.74
2009-08-03,0.72
2009-07-31,0.71
2009-07-30,0.72
2009-07-29,0.72
2009-07-28,0.71
2009-07-27,0.72
2009-07-24,0.71
2009-07-23,0.71
2009-07-22,0.71
2009-07-21,0.71
2009-07-20,0.71
2009-07-17,0.69
2009-07-16,0.7
2009-07-15,0.69
2009-07-14,0.7
2009-07-13,0.67
2009-07-10,0.66
2009-07-09,0.66
2009-07-08,0.66
2009-07-07,0.68
2009-07-06,0.67
2009-07-03,0.68
2009-07-02,0.68
2009-07-01,0.68
2009-06-30,0.67
2009-06-29,0.67
2009-06-26,0.66
2009-06-25,0.66
2009-06-24,0.66
2009-06-23,0.65
2009-06-22,0.68
2009-06-19,0.69
2009-06-18,0.68
2009-06-17,0.67
2009-06-16,0.69
2009-06-15,0.69
2009-06-12,0.69
2009-06-11,0.7
2009-06-10,0.69
2009-06-09,0.68
2009-06-08,0.69
2009-06-05,0.71
2009-06-04,0.7
2009-06-03,0.7
2009-06-02,0.69
2009-06-01,0.7
2009-05-29,0.69
2009-05-28,0.7
2009-05-27,0.71
2009-05-26,0.7
2009-05-25,0.7
2009-05-22,0.71
2009-05-21,0.69
2009-05-20,0.71
2009-05-19,0.71
2009-05-18,0.69
2009-05-15,0.67
2009-05-14,0.65
2009-05-13,0.63
2009-05-12,0.66
2009-05-11,0.71
2009-05-08,0.72
2009-05-07,0.71
2009-05-06,0.7
2009-05-05,0.68
2009-05-04,0.65
2009-05-01,0.6
2009-04-30,0.6
2009-04-29,0.57
2009-04-28,0.56
2009-04-27,0.56
2009-04-24,0.56
2009-04-23,0.56
2009-04-22,0.54
2009-04-21,0.55
2009-04-20,0.54
2009-04-17,0.57
2009-04-16,0.57
2009-04-15,0.55
2009-04-14,0.56
2009-04-13,0.54
2009-04-10,0.54
2009-04-09,0.54
2009-04-08,0.53
2009-04-07,0.53
2009-04-06,0.52
2009-04-03,0.52
2009-04-02,0.51
2009-04-01,0.5
2009-03-31,0.5
2009-03-30,0.49
2009-03-27,0.48
2009-03-26,0.49
2009-03-25,0.51
2009-03-24,0.5
2009-03-23,0.51
2009-03-20,0.49
2009-03-19,0.5
2009-03-18,0.45
2009-03-17,0.46
2009-03-16,0.46
2009-03-13,0.44
2009-03-12,0.45
2009-03-11,0.44
2009-03-10,0.45
2009-03-09,0.44
2009-03-06,0.42
2009-03-05,0.43
2009-03-04,0.43
2009-03-03,0.43
2009-03-02,0.43
2009-02-27,0.44
2009-02-26,0.44
2009-02-25,0.44
2009-02-24,0.43
2009-02-23,0.44
2009-02-20,0.44
2009-02-19,0.44
2009-02-18,0.46
2009-02-17,0.45
2009-02-16,0.46
2009-02-13,0.46
2009-02-12,0.46
2009-02-11,0.46
2009-02-10,0.46
2009-02-09,0.47
2009-02-06,0.46
2009-02-05,0.44
2009-02-04,0.46
2009-02-03,0.46
2009-02-02,0.46
2009-01-30,0.46
2009-01-29,0.47
2009-01-28,0.48
2009-01-27,0.47
2009-01-26,0.48
2009-01-23,0.47
2009-01-22,0.48
2009-01-21,0.49
2009-01-20,0.49
2009-01-19,0.49
2009-01-16,0.5
2009-01-15,0.49
2009-01-14,0.5
2009-01-13,0.51
2009-01-12,0.5
2009-01-09,0.49
2009-01-08,0.49
2009-01-07,0.49
2009-01-06,0.51
2009-01-05,0.48
2009-01-02,0.45
2009-01-01,0.44
2008-12-31,0.44
2008-12-30,0.45
2008-12-29,0.46
2008-12-26,0.47
2008-12-25,0.47
2008-12-24,0.47
2008-12-23,0.48
2008-12-22,0.48
2008-12-19,0.48
2008-12-18,0.5
2008-12-17,0.49
2008-12-16,0.52
2008-12-15,0.52
2008-12-12,0.55
2008-12-11,0.56
2008-12-10,0.57
2008-12-09,0.58
2008-12-08,0.58
2008-12-05,0.55
2008-12-04,0.56
2008-12-03,0.56
2008-12-02,0.56
2008-12-01,0.55
2008-11-28,0.56
2008-11-27,0.58
2008-11-26,0.57
2008-11-25,0.57
2008-11-24,0.58
2008-11-21,0.58
2008-11-20,0.59
2008-11-19,0.59
2008-11-18,0.62
2008-11-17,0.64
2008-11-14,0.66
2008-11-13,0.7
2008-11-12,0.74
2008-11-11,0.73
2008-11-10,0.76
2008-11-07,0.77
2008-11-06,0.72
2008-11-05,0.79
2008-11-04,0.85
2008-11-03,0.82
2008-10-31,0.81
2008-10-30,0.79
2008-10-29,0.81
2008-10-28,0.77
2008-10-27,0.73
2008-10-24,0.76
2008-10-23,0.79
2008-10-22,0.79
2008-10-21,0.79
2008-10-20,0.78
2008-10-17,0.76
2008-10-16,0.75
2008-10-15,0.74
2008-10-14,0.76
2008-10-13,0.76
2008-10-10,0.64
2008-10-09,0.65
2008-10-08,0.64
2008-10-07,0.66
2008-10-06,0.69
2008-10-03,0.76
2008-10-02,0.76
2008-10-01,0.78
2008-09-30,0.74
2008-09-29,0.74
2008-09-26,0.77
2008-09-25,0.8
2008-09-24,0.8
2008-09-23,0.81
2008-09-22,0.83
2008-09-19,0.82
2008-09-18,0.8
2008-09-17,0.83
2008-09-16,0.82
2008-09-15,0.84
2008-09-12,0.86
2008-09-11,0.85
2008-09-10,0.87
2008-09-09,0.89
2008-09-08,0.9
2008-09-05,0.86
2008-09-04,0.88
2008-09-03,0.91
2008-09-02,0.9
2008-09-01,0.84
2008-08-29,0.82
2008-08-28,0.83
2008-08-27,0.84
2008-08-26,0.84
2008-08-25,0.82
2008-08-22,0.8
2008-08-21,0.82
2008-08-20,0.84
2008-08-19,0.86
2008-08-18,0.89
2008-08-15,0.9
2008-08-14,0.91
2008-08-13,0.9
2008-08-12,0.92
2008-08-11,0.92
2008-08-08,0.93
2008-08-07,0.94
2008-08-06,0.95
2008-08-05,0.96
2008-08-04,0.92
2008-08-01,0.92
2008-07-31,0.94
2008-07-30,0.91
2008-07-29,0.93
2008-07-28,0.97
2008-07-25,1.0
2008-07-24,1.07
2008-07-23,1.07
2008-07-22,0.98
2008-07-21,0.96
2008-07-18,0.86
2008-07-17,0.83
2008-07-16,0.81
2008-07-15,0.8
2008-07-14,0.87
2008-07-11,0.96
2008-07-10,0.96
2008-07-09,0.98
2008-07-08,0.97
2008-07-07,1.05
2008-07-04,1.05
2008-07-03,1.09
2008-07-02,1.13
2008-07-01,1.15
2008-06-30,1.26
2008-06-27,1.29
2008-06-26,1.29
2008-06-25,1.29
2008-06-24,1.28
2008-06-23,1.26
2008-06-20,1.25
2008-06-19,1.31
2008-06-18,1.3
2008-06-17,1.31
2008-06-16,1.25
2008-06-13,1.33
2008-06-12,1.31
2008-06-11,1.34
2008-06-10,1.33
2008-06-09,1.37
2008-06-06,1.39
2008-06-05,1.46
2008-06-04,1.45
2008-06-03,1.47
2008-06-02,1.47
2008-05-30,1.5
2008-05-29,1.5
2008-05-28,1.5
2008-05-27,1.5
2008-05-26,1.51
2008-05-23,1.56
2008-05-22,1.57
2008-05-21,1.57
2008-05-20,1.56
2008-05-19,1.56
2008-05-16,1.55
2008-05-15,1.57
2008-05-14,1.58
2008-05-13,1.58
2008-05-12,1.58
2008-05-09,1.58
2008-05-08,1.57
2008-05-07,1.57
2008-05-06,1.56
2008-05-05,1.57
2008-05-02,1.57
2008-05-01,57.4
2008-04-30,1.57
2008-04-29,1.56
2008-04-28,1.56
2008-04-25,1.57
2008-04-24,1.56
2008-04-23,1.55
2008-04-22,1.55
2008-04-21,1.53
2008-04-18,1.52
2008-04-17,1.5
2008-04-16,1.5
2008-04-15,1.49
2008-04-14,1.47
2008-04-11,1.46
2008-04-10,1.45
2008-04-09,1.45
2008-04-08,1.48
2008-04-07,1.49
2008-04-04,1.49
2008-04-03,1.47
2008-04-02,1.47
2008-04-01,1.43
2008-03-31,1.38
2008-03-28,1.41
2008-03-27,1.41
2008-03-26,1.41
2008-03-25,1.4
2008-03-24,65.21
2008-03-20,1.38
2008-03-19,1.35
2008-03-18,1.36
2008-03-17,1.3
2008-03-14,1.36
2008-03-13,1.44
2008-03-12,1.51
2008-03-11,1.47
2008-03-10,1.45
2008-03-07,1.47
2008-03-06,1.48
2008-03-05,1.52
2008-03-04,1.5
2008-03-03,1.5
2008-02-29,1.51
2008-02-28,1.54
2008-02-27,1.55
2008-02-26,1.54
2008-02-25,1.57
2008-02-22,1.56
2008-02-21,1.58
2008-02-20,1.6
2008-02-19,1.64
2008-02-18,1.62
2008-02-15,1.48
2008-02-14,1.48
2008-02-13,1.57
2008-02-12,1.62
2008-02-11,1.62
2008-02-08,1.69
2008-02-07,1.69
2008-02-06,1.76
2008-02-05,1.75
2008-02-04,1.83
2008-02-01,1.81
2008-01-31,1.81
2008-01-30,1.74
2008-01-29,1.57
2008-01-28,1.44
2008-01-25,60.19
2008-01-24,62.09
2008-01-23,59.0
2008-01-22,59.97
2008-01-18,61.12
2008-01-17,60.3
2008-01-16,59.35
2008-01-15,60.51
2008-01-14,62.92
2008-01-11,62.09
2008-01-10,61.07
2008-01-09,61.58
2008-01-08,62.84
2008-01-07,58.95
2008-01-04,57.09
2008-01-03,57.72
2008-01-02,57.63
2007-12-31,57.42
2007-12-28,57.76
2007-12-27,57.94
2007-12-26,58.17
2007-12-24,58.12
2007-12-21,57.72
2007-12-20,57.49
2007-12-19,58.06
2007-12-18,57.89
2007-12-17,59.16
2007-12-14,61.5
2007-12-13,60.62
2007-12-12,61.62
2007-12-11,61.45
2007-12-10,61.88
2007-12-07,61.76
2007-12-06,60.18
2007-12-05,57.92
2007-12-04,58.52
2007-12-03,58.76
2007-11-30,59.77
2007-11-29,60.84
2007-11-28,60.22
2007-11-27,58.52
2007-11-26,58.92
2007-11-23,59.13
2007-11-21,57.81
2007-11-20,59.28
2007-11-19,58.91
2007-11-16,59.18
2007-11-15,58.06
2007-11-14,58.6
2007-11-13,60.44
2007-11-12,60.56
2007-11-09,61.56
2007-11-08,61.18
2007-11-07,61.71
2007-11-06,63.53
2007-11-05,63.42
2007-11-02,63.72
2007-11-01,63.7
2007-10-31,67.77
2007-10-30,66.0
2007-10-29,65.55
2007-10-26,65.34
2007-10-25,64.97
2007-10-24,64.1
2007-10-23,64.55
2007-10-22,61.96
2007-10-19,62.58
2007-10-18,62.89
2007-10-17,61.55
2007-10-16,60.39
2007-10-15,61.8
2007-10-12,62.24
2007-10-11,62.33
2007-10-10,62.53
2007-10-09,62.68
2007-10-08,62.62
2007-10-05,63.19
2007-10-04,61.88
2007-10-03,61.32
2007-10-02,61.4
2007-10-01,61.5
2007-09-28,61.24
2007-09-27,59.08
2007-09-26,58.97
2007-09-25,59.08
2007-09-24,59.26
2007-09-21,59.73
2007-09-20,58.54
2007-09-19,58.46
2007-09-18,57.79
2007-09-17,57.3
2007-09-14,57.34
2007-09-13,57.74
2007-09-12,58.65
2007-09-11,58.5
2007-09-10,57.42
2007-09-07,58.09
2007-09-06,58.64
2007-09-05,58.45
2007-09-04,59.68
2007-08-31,58.89
2007-08-30,58.5
2007-08-29,58.45
2007-08-28,56.33
2007-08-27,58.0
2007-08-24,58.35
2007-08-23,57.38
2007-08-22,56.85
2007-08-21,55.93
2007-08-20,56.46
2007-08-17,56.54
2007-08-16,55.37
2007-08-15,58.31
2007-08-14,60.03
2007-08-13,61.14
2007-08-10,61.52
2007-08-09,61.73
2007-08-08,61.25
2007-08-07,60.07
2007-08-06,59.68
2007-08-03,59.14
2007-08-02,60.8
2007-08-01,60.11
2007-07-31,59.77
2007-07-30,58.91
2007-07-27,58.8
2007-07-26,59.78
2007-07-25,61.7
2007-07-24,62.02
2007-07-23,62.59
2007-07-20,62.96
2007-07-19,63.64
2007-07-18,62.93
2007-07-17,64.21
2007-07-16,64.23
2007-07-13,63.7
2007-07-12,63.71
2007-07-11,62.9
2007-07-10,61.69
2007-07-09,62.25
2007-07-06,62.67
2007-07-05,62.77
2007-07-03,63.42
2007-07-02,62.94
2007-06-29,62.03
2007-06-28,61.67
2007-06-27,61.83
2007-06-26,60.94
2007-06-25,60.91
2007-06-22,60.61
2007-06-21,61.47
2007-06-20,61.4
2007-06-19,61.23
2007-06-18,61.38
2007-06-15,61.55
2007-06-14,60.79
2007-06-13,60.15
2007-06-12,59.23
2007-06-11,59.78
2007-06-08,59.85
2007-06-07,59.28
2007-06-06,60.18
2007-06-05,60.64
2007-06-04,61.53
2007-06-01,61.45
2007-05-31,61.33
2007-05-30,61.58
2007-05-29,61.5
2007-05-25,60.98
2007-05-24,60.95
2007-05-23,61.48
2007-05-22,61.67
2007-05-21,61.83
2007-05-18,62.94
2007-05-17,62.62
2007-05-16,63.15
2007-05-15,62.78
2007-05-14,62.26
2007-05-11,62.85
2007-05-10,61.4
2007-05-09,62.27
2007-05-08,61.97
2007-05-07,62.23
2007-05-04,62.3
2007-05-03,61.34
2007-05-02,62.46
2007-05-01,61.85
2007-04-30,62.35
2007-04-27,62.28
2007-04-26,62.66
2007-04-25,62.77
2007-04-24,62.27
2007-04-23,62.0
2007-04-20,61.9
2007-04-19,62.41
2007-04-18,63.55
2007-04-17,63.81
2007-04-16,63.72
2007-04-13,63.56
2007-04-12,62.88
2007-04-11,62.92
2007-04-10,62.74
2007-04-09,62.81
2007-04-05,63.03
2007-04-04,63.11
2007-04-03,64.24
2007-04-02,64.2
2007-03-30,63.48
2007-03-29,63.4
2007-03-28,63.5
2007-03-27,63.64
2007-03-26,64.02
2007-03-23,63.29
2007-03-22,63.21
2007-03-21,63.91
2007-03-20,62.89
2007-03-19,62.51
2007-03-16,61.83
2007-03-15,61.68
2007-03-14,60.47
2007-03-13,60.19
2007-03-12,60.96
2007-03-09,59.56
2007-03-08,58.91
2007-03-07,57.68
2007-03-06,57.03
2007-03-05,55.36
2007-03-02,56.79
2007-03-01,57.47
2007-02-28,58.04
2007-02-27,58.05
2007-02-26,60.02
2007-02-23,59.95
2007-02-22,59.89
2007-02-21,59.79
2007-02-20,60.65
2007-02-16,60.7
2007-02-15,61.21
2007-02-14,62.36
2007-02-13,60.25
2007-02-12,59.6
2007-02-09,59.1
2007-02-08,59.93
2007-02-07,57.23
2007-02-06,57.74
2007-02-05,58.46
2007-02-02,57.52
2007-02-01,57.26
2007-01-31,56.23
2007-01-30,56.52
2007-01-29,55.48
2007-01-26,55.67
2007-01-25,55.69
2007-01-24,56.73
2007-01-23,56.42
2007-01-22,54.74
2007-01-19,55.2
2007-01-18,55.3
2007-01-17,53.96
2007-01-16,53.7
2007-01-12,53.07
2007-01-11,53.2
2007-01-10,52.11
2007-01-09,52.15
2007-01-08,52.07
2007-01-05,52.21
2007-01-04,53.15
2007-01-03,52.37
2006-12-29,52.33
2006-12-28,52.26
2006-12-27,52.56
2006-12-26,52.16
2006-12-22,51.7
2006-12-21,52.65
2006-12-20,51.85
2006-12-19,50.68
2006-12-18,50.58
2006-12-15,47.15
2006-12-14,47.28
2006-12-13,48.63
2006-12-12,48.83
2006-12-11,48.32
2006-12-08,47.57
2006-12-07,47.54
2006-12-06,47.2
2006-12-05,47.83
2006-12-04,48.18
2006-12-01,47.76
2006-11-30,47.57
2006-11-29,47.28
2006-11-28,47.0
2006-11-27,46.84
2006-11-24,47.4
2006-11-22,47.15
2006-11-21,47.09
2006-11-20,46.52
2006-11-17,46.08
2006-11-16,46.26
2006-11-15,46.64
2006-11-14,47.34
2006-11-13,47.0
2006-11-10,47.38
2006-11-09,47.1
2006-11-08,47.31
2006-11-07,47.55
2006-11-06,48.15
2006-11-03,48.0
2006-11-02,46.85
2006-11-01,48.37
2006-10-31,48.69
2006-10-30,48.56
2006-10-27,47.94
2006-10-26,48.66
2006-10-25,48.03
2006-10-24,48.1
2006-10-23,48.1
2006-10-20,47.88
2006-10-19,47.63
2006-10-18,46.99
2006-10-17,46.36
2006-10-16,46.35
2006-10-13,46.28
2006-10-12,46.09
2006-10-11,45.83
2006-10-10,46.04
2006-10-09,46.44
2006-10-06,45.91
2006-10-05,46.54
2006-10-04,46.1
2006-10-03,45.81
2006-10-02,46.13
2006-09-29,45.83
2006-09-28,46.07
2006-09-27,45.75
2006-09-26,45.66
2006-09-25,45.63
2006-09-22,44.15
2006-09-21,44.12
2006-09-20,43.47
2006-09-19,43.5
2006-09-18,43.91
2006-09-15,43.67
2006-09-14,44.01
2006-09-13,44.0
2006-09-12,44.35
2006-09-11,43.51
2006-09-08,43.59
2006-09-07,43.45
2006-09-06,43.5
2006-09-05,44.32
2006-09-01,44.25
2006-08-31,43.38
2006-08-30,43.08
2006-08-29,42.53
2006-08-28,42.26
2006-08-25,41.9
2006-08-24,42.02
2006-08-23,40.93
2006-08-22,41.11
2006-08-21,41.31
2006-08-18,41.23
2006-08-17,41.4
2006-08-16,41.36
2006-08-15,41.33
2006-08-14,41.14
2006-08-11,41.11
2006-08-10,41.69
2006-08-09,41.68
2006-08-08,41.57
2006-08-07,41.87
2006-08-04,42.38
2006-08-03,42.23
2006-08-02,42.74
2006-08-01,42.51
2006-07-31,43.05
2006-07-28,42.7
2006-07-27,42.68
2006-07-26,40.43
2006-07-25,39.2
2006-07-24,39.76
2006-07-21,39.0
2006-07-20,38.74
2006-07-19,38.46
2006-07-18,37.1
2006-07-17,37.29
2006-07-14,37.31
2006-07-13,37.98
2006-07-12,37.52
2006-07-11,37.03
2006-07-10,36.95
2006-07-07,37.11
2006-07-06,37.6
2006-07-05,38.07
2006-07-03,39.07
2006-06-30,38.53
2006-06-29,38.34
2006-06-28,37.53
2006-06-27,36.95
2006-06-26,37.91
2006-06-23,39.0
2006-06-22,39.1
2006-06-21,39.75
2006-06-20,39.59
2006-06-19,39.66
2006-06-16,40.05
2006-06-15,40.63
2006-06-14,40.55
2006-06-13,39.76
2006-06-12,40.01
2006-06-09,39.86
2006-06-08,38.87
2006-06-07,39.49
2006-06-06,39.7
2006-06-05,40.21
2006-06-02,41.04
2006-06-01,40.8
2006-05-31,40.91
2006-05-30,40.6
2006-05-26,40.75
2006-05-25,40.95
2006-05-24,40.25
2006-05-23,40.38
2006-05-22,40.65
2006-05-19,40.45
2006-05-18,40.93
2006-05-17,41.23
2006-05-16,42.8
2006-05-15,42.12
2006-05-12,42.07
2006-05-11,42.75
2006-05-10,42.88
2006-05-09,41.57
2006-05-08,40.69
2006-05-05,40.63
2006-05-04,40.74
2006-05-03,41.44
2006-05-02,42.32
2006-05-01,41.41
2006-04-28,41.6
2006-04-27,41.21
2006-04-26,45.48
2006-04-25,46.25
2006-04-24,46.8
2006-04-21,46.25
2006-04-20,44.9
2006-04-19,45.84
2006-04-18,46.45
2006-04-17,45.73
2006-04-13,45.36
2006-04-12,45.0
2006-04-11,44.9
2006-04-10,45.58
2006-04-07,46.06
2006-04-06,47.17
2006-04-05,47.28
2006-04-04,45.54
2006-04-03,45.48
2006-03-31,44.61
2006-03-30,45.3
2006-03-29,45.39
2006-03-28,45.0
2006-03-27,46.43
2006-03-24,47.23
2006-03-23,46.59
2006-03-22,47.02
2006-03-21,46.44
2006-03-20,47.36
2006-03-17,47.73
2006-03-16,47.72
2006-03-15,47.42
2006-03-14,46.37
2006-03-13,44.76
2006-03-10,44.89
2006-03-09,44.7
2006-03-08,44.57
2006-03-07,44.63
2006-03-06,45.1
2006-03-03,44.71
2006-03-02,44.8
2006-03-01,45.12
2006-02-28,44.69
2006-02-27,45.17
2006-02-24,45.29
2006-02-23,45.67
2006-02-22,45.71
2006-02-21,45.49
2006-02-17,45.43
2006-02-16,45.58
2006-02-15,45.49
2006-02-14,45.04
2006-02-13,45.32
2006-02-10,45.71
2006-02-09,45.33
2006-02-08,46.97
2006-02-07,46.6
2006-02-06,47.27
2006-02-03,47.26
2006-02-02,48.49
2006-02-01,49.11
2006-01-31,50.0
2006-01-30,50.2
2006-01-27,50.78
2006-01-26,48.66
2006-01-25,48.08
2006-01-24,48.02
2006-01-23,47.7
2006-01-20,47.54
2006-01-19,47.53
2006-01-18,47.69
2006-01-17,48.11
2006-01-13,48.41
2006-01-12,48.15
2006-01-11,48.33
2006-01-10,48.5
2006-01-09,48.54
2006-01-06,49.0
2006-01-05,48.15
2006-01-04,48.27
2006-01-03,47.36
2005-12-30,46.35
2005-12-29,46.51
2005-12-28,46.4
2005-12-27,46.38
2005-12-23,46.5
2005-12-22,46.84
2005-12-21,46.82
2005-12-20,47.29
2005-12-19,47.56
2005-12-16,47.75
2005-12-15,47.45
2005-12-14,48.18
2005-12-13,48.19
2005-12-12,47.83
2005-12-09,47.46
2005-12-08,47.31
2005-12-07,46.85
2005-12-06,46.93
2005-12-05,47.43
2005-12-02,47.02
2005-12-01,45.16
2005-11-30,44.55
2005-11-29,44.38
2005-11-28,44.51
2005-11-25,43.78
2005-11-23,43.82
2005-11-22,43.64
2005-11-21,43.61
2005-11-18,43.45
2005-11-17,43.11
2005-11-16,43.17
2005-11-15,43.54
2005-11-14,43.0
2005-11-11,43.36
2005-11-10,43.81
2005-11-09,43.52
2005-11-08,43.32
2005-11-07,43.57
2005-11-04,43.21
2005-11-03,43.85
2005-11-02,42.78
2005-11-01,42.43
2005-10-31,42.51
2005-10-28,43.35
2005-10-27,41.65
2005-10-26,40.26
2005-10-25,40.84
2005-10-24,41.43
2005-10-21,40.82
2005-10-20,40.91
2005-10-19,41.57
2005-10-18,41.75
2005-10-17,41.56
2005-10-14,41.59
2005-10-13,40.52
2005-10-12,40.95
2005-10-11,41.48
2005-10-10,41.6
2005-10-07,41.37
2005-10-06,42.15
2005-10-05,42.29
2005-10-04,42.31
2005-10-03,42.28
2005-09-30,42.46
2005-09-29,42.41
2005-09-28,42.65
2005-09-27,43.31
2005-09-26,44.35
2005-09-23,44.18
2005-09-22,44.35
2005-09-21,44.25
2005-09-20,44.75
2005-09-19,44.5
2005-09-16,44.93
2005-09-15,45.11
2005-09-14,46.94
2005-09-13,46.63
2005-09-12,49.7
2005-09-09,49.8
2005-09-08,49.6
2005-09-07,49.64
2005-09-06,50.14
2005-09-02,49.85
2005-09-01,48.99
2005-08-31,48.7
2005-08-30,47.96
2005-08-29,47.98
2005-08-26,47.87
2005-08-25,48.14
2005-08-24,48.12
2005-08-23,47.42
2005-08-22,48.08
2005-08-19,48.21
2005-08-18,48.05
2005-08-17,47.68
2005-08-16,47.96
2005-08-15,48.39
2005-08-12,47.99
2005-08-11,47.52
2005-08-10,47.03
2005-08-09,47.24
2005-08-08,47.35
2005-08-05,47.35
2005-08-04,47.55
2005-08-03,48.92
2005-08-02,48.32
2005-08-01,48.27
2005-07-29,48.02
2005-07-28,48.26
2005-07-27,47.96
2005-07-26,47.61
2005-07-25,47.79
2005-07-22,47.75
2005-07-21,48.08
2005-07-20,47.18
2005-07-19,46.12
2005-07-18,46.63
2005-07-15,46.95
2005-07-14,46.83
2005-07-13,47.39
2005-07-12,47.95
2005-07-11,47.77
2005-07-08,47.35
2005-07-07,47.49
2005-07-06,47.57
2005-07-05,48.09
2005-07-01,48.72
2005-06-30,49.41
2005-06-29,48.97
2005-06-28,49.64
2005-06-27,48.8
2005-06-24,48.34
2005-06-23,48.55
2005-06-22,49.2
2005-06-21,49.98
2005-06-20,50.3
2005-06-17,51.23
2005-06-16,50.27
2005-06-15,49.73
2005-06-14,50.08
2005-06-13,50.2
2005-06-10,49.63
2005-06-09,49.91
2005-06-08,49.62
2005-06-07,50.5
2005-06-06,49.69
2005-06-03,49.25
2005-06-02,49.52
2005-06-01,50.01
2005-05-31,49.82
2005-05-27,50.2
2005-05-26,50.38
2005-05-25,50.23
2005-05-24,50.43
2005-05-23,50.09
2005-05-20,49.82
2005-05-19,50.3
2005-05-18,50.22
2005-05-17,49.43
2005-05-16,48.99
2005-05-13,48.75
2005-05-12,49.7
2005-05-11,50.1
2005-05-10,50.19
2005-05-09,51.02
2005-05-06,51.3
2005-05-05,51.34
2005-05-04,52.53
2005-05-03,51.4
2005-05-02,51.63
2005-04-29,51.41
2005-04-28,51.39
2005-04-27,50.1
2005-04-26,50.56
2005-04-25,50.26
2005-04-22,50.43
2005-04-21,50.58
2005-04-20,50.08
2005-04-19,50.21
2005-04-18,50.13
2005-04-15,49.67
2005-04-14,49.31
2005-04-13,50.09
2005-04-12,50.53
2005-04-11,50.6
2005-04-08,49.52
2005-04-07,49.62
2005-04-06,48.91
2005-04-05,48.28
2005-04-04,47.51
2005-04-01,46.7
2005-03-31,47.02
2005-03-30,49.79
2005-03-29,49.68
2005-03-28,50.15
2005-03-24,50.27
2005-03-23,50.0
2005-03-22,51.41
2005-03-21,52.0
2005-03-18,52.3
2005-03-17,52.77
2005-03-16,52.35
2005-03-15,52.34
2005-03-14,52.05
2005-03-11,51.75
2005-03-10,51.76
2005-03-09,51.46
2005-03-08,51.4
2005-03-07,51.48
2005-03-04,52.13
2005-03-03,52.14
2005-03-02,51.96
2005-03-01,52.75
2005-02-28,52.0
2005-02-25,51.89
2005-02-24,51.91
2005-02-23,52.08
2005-02-22,52.04
2005-02-18,51.89
2005-02-17,51.85
2005-02-16,51.72
2005-02-15,52.83
2005-02-14,52.57
2005-02-11,52.45
2005-02-10,51.94
2005-02-09,52.13
2005-02-08,51.57
2005-02-07,51.42
2005-02-04,51.86
2005-02-03,51.94
2005-02-02,51.14
2005-02-01,50.81
2005-01-31,49.44
2005-01-28,49.13
2005-01-27,49.34
2005-01-26,49.76
2005-01-25,49.05
2005-01-24,49.81
2005-01-21,49.17
2005-01-20,49.4
2005-01-19,49.05
2005-01-18,49.0
2005-01-14,48.36
2005-01-13,48.5
2005-01-12,48.97
2005-01-11,48.7
2005-01-10,49.25
2005-01-07,49.05
2005-01-06,48.55
2005-01-05,49.1
2005-01-04,49.8
2005-01-03,50.83
2004-12-31,51.76
2004-12-30,52.24
2004-12-29,51.25
2004-12-28,51.5
2004-12-27,51.27
2004-12-23,51.9
2004-12-22,51.39
2004-12-21,52.09
2004-12-20,50.86
2004-12-17,50.92
2004-12-16,52.0
2004-12-15,51.75
2004-12-14,53.71
2004-12-13,53.48
2004-12-10,52.14
2004-12-09,52.23
2004-12-08,52.9
2004-12-07,52.06
2004-12-06,52.72
2004-12-03,52.08
2004-12-02,53.11
2004-12-01,52.81
2004-11-30,51.5
2004-11-29,51.38
2004-11-26,51.63
2004-11-24,50.36
2004-11-23,50.1
2004-11-22,49.19
2004-11-19,49.53
2004-11-18,49.85
2004-11-17,50.15
2004-11-16,49.75
2004-11-15,49.5
2004-11-12,49.35
2004-11-11,48.33
2004-11-10,48.15
2004-11-09,47.68
2004-11-08,48.37
2004-11-05,48.39
2004-11-04,48.1
2004-11-03,43.71
2004-11-02,42.73
2004-11-01,43.88
2004-10-29,43.24
2004-10-28,42.45
2004-10-27,42.05
2004-10-26,42.39
2004-10-25,43.05
2004-10-22,43.82
2004-10-21,44.47
2004-10-20,43.97
2004-10-19,44.15
2004-10-18,44.38
2004-10-15,43.34
2004-10-14,43.38
2004-10-13,44.51
2004-10-12,45.65
2004-10-11,45.81
2004-10-08,45.35
2004-10-07,45.38
2004-10-06,45.56
2004-10-05,46.54
2004-10-04,46.96
2004-10-01,46.9
2004-09-30,46.35
2004-09-29,45.9
2004-09-28,44.56
2004-09-27,44.6
2004-09-24,44.1
2004-09-23,44.21
2004-09-22,44.2
2004-09-21,44.42
2004-09-20,43.58
2004-09-17,45.08
2004-09-16,43.8
2004-09-15,43.88
2004-09-14,45.97
2004-09-13,45.68
2004-09-10,46.49
2004-09-09,46.24
2004-09-08,45.96
2004-09-07,45.79
2004-09-03,46.33
2004-09-02,46.12
2004-09-01,45.49
2004-08-31,45.45
2004-08-30,44.55
2004-08-27,45.19
2004-08-26,44.66
2004-08-25,44.44
2004-08-24,43.33
2004-08-23,44.36
2004-08-20,44.8
2004-08-19,44.33
2004-08-18,43.52
2004-08-17,43.58
2004-08-16,43.87
2004-08-13,44.48
2004-08-12,44.36
2004-08-11,45.5
2004-08-10,45.29
2004-08-09,45.82
2004-08-06,45.68
2004-08-05,44.48
2004-08-04,49.78
2004-08-03,50.42
2004-08-02,51.42
2004-07-30,51.66
2004-07-29,50.63
2004-07-28,52.33
2004-07-27,51.66
2004-07-26,51.05
2004-07-23,51.76
2004-07-22,52.22
2004-07-21,52.2
2004-07-20,53.47
2004-07-19,52.99
2004-07-16,52.6
2004-07-15,55.35
2004-07-14,56.19
2004-07-13,56.14
2004-07-12,56.18
2004-07-09,57.82
2004-07-08,58.0
2004-07-07,55.87
2004-07-06,55.21
2004-07-02,55.46
2004-07-01,55.1
2004-06-30,55.27
2004-06-29,54.74
2004-06-28,54.73
2004-06-25,55.02
2004-06-24,55.01
2004-06-23,55.51
2004-06-22,54.15
2004-06-21,54.5
2004-06-18,54.7
2004-06-17,54.66
2004-06-16,54.1
2004-06-15,53.6
2004-06-14,52.78
2004-06-10,54.03
2004-06-09,53.86
2004-06-08,54.41
2004-06-07,54.53
2004-06-04,54.75
2004-06-03,54.82
2004-06-02,54.53
2004-06-01,54.0
2004-05-28,53.9
2004-05-27,54.31
2004-05-26,53.8
2004-05-25,53.05
2004-05-24,52.08
2004-05-21,51.73
2004-05-20,50.83
2004-05-19,51.17
2004-05-18,50.93
2004-05-17,51.06
2004-05-14,51.55
2004-05-13,51.39
2004-05-12,51.1
2004-05-11,51.33
2004-05-10,51.5
2004-05-07,52.99
2004-05-06,52.24
2004-05-05,53.37
2004-05-04,53.65
2004-05-03,52.19
2004-04-30,53.5
2004-04-29,51.8
2004-04-28,51.75
2004-04-27,52.23
2004-04-26,53.5
2004-04-23,53.79
2004-04-22,53.65
2004-04-21,52.59
2004-04-20,52.88
2004-04-19,53.08
2004-04-16,52.32
2004-04-15,52.02
2004-04-14,51.1
2004-04-13,51.98
2004-04-12,53.05
2004-04-08,52.81
2004-04-07,53.2
2004-04-06,52.45
2004-04-05,52.6
2004-04-02,52.5
2004-04-01,51.69
2004-03-31,50.54
2004-03-30,49.95
2004-03-29,49.29
2004-03-26,49.26
2004-03-25,48.0
2004-03-24,49.16
2004-03-23,49.95
2004-03-22,49.81
2004-03-19,50.01
2004-03-18,48.4
2004-03-17,48.75
2004-03-16,47.74
2004-03-15,47.57
2004-03-12,48.15
2004-03-11,47.58
2004-03-10,48.87
2004-03-09,49.8
2004-03-08,50.47
2004-03-05,51.29
2004-03-04,50.12
2004-03-03,49.72
2004-03-02,48.92
2004-03-01,49.91
2004-02-27,50.25
2004-02-26,49.01
2004-02-25,49.16
2004-02-24,50.17
2004-02-23,47.97
2004-02-20,48.0
2004-02-19,49.09
2004-02-18,49.85
2004-02-17,49.91
2004-02-13,48.77
2004-02-12,48.25
2004-02-11,49.01
2004-02-10,47.93
2004-02-09,47.6
2004-02-06,46.7
2004-02-05,45.96
2004-02-04,44.67
2004-02-03,44.3
2004-02-02,44.15
2004-01-30,44.42
2004-01-29,44.61
2004-01-28,45.11
2004-01-27,43.74
2004-01-26,43.79
2004-01-23,43.9
2004-01-22,44.85
2004-01-21,44.41
2004-01-20,43.25
2004-01-16,42.45
2004-01-15,40.8
2004-01-14,41.59
2004-01-13,41.85
2004-01-12,42.36
2004-01-09,42.2
2004-01-08,42.8
2004-01-07,42.39
2004-01-06,42.82
2004-01-05,41.98
2004-01-02,41.84
2003-12-31,41.92
2003-12-30,41.51
2003-12-29,40.83
2003-12-26,41.02
2003-12-24,41.0
2003-12-23,40.55
2003-12-22,40.68
2003-12-19,40.38
2003-12-18,41.19
2003-12-17,41.22
2003-12-16,42.3
2003-12-15,83.81
2003-12-12,82.73
2003-12-11,81.97
2003-12-10,81.55
2003-12-09,82.22
2003-12-08,81.5
2003-12-05,80.75
2003-12-04,81.08
2003-12-03,80.6
2003-12-02,78.49
2003-12-01,79.2
2003-11-28,77.18
2003-11-26,76.87
2003-11-25,76.12
2003-11-24,77.45
2003-11-21,78.25
2003-11-20,75.7
2003-11-19,77.5
2003-11-18,77.4
2003-11-17,77.9
2003-11-14,78.15
2003-11-13,79.05
2003-11-12,78.65
2003-11-11,79.25
2003-11-10,80.49
2003-11-07,81.35
2003-11-06,79.9
2003-11-05,78.34
2003-11-04,80.3
2003-11-03,79.45
2003-10-31,80.07
2003-10-30,81.27
2003-10-29,79.86
2003-10-28,77.6
2003-10-27,78.41
2003-10-24,77.38
2003-10-23,76.1
2003-10-22,76.01
2003-10-21,76.1
2003-10-20,76.27
2003-10-17,75.6
2003-10-16,74.75
2003-10-15,75.06
2003-10-14,74.52
2003-10-13,73.87
2003-10-10,74.75
2003-10-09,71.05
2003-10-08,71.65
2003-10-07,71.0
2003-10-06,72.12
2003-10-03,70.77
2003-10-02,69.1
2003-10-01,68.13
2003-09-30,66.6
2003-09-29,66.85
2003-09-26,66.19
2003-09-25,66.99
2003-09-24,66.55
2003-09-23,66.85
2003-09-22,65.95
2003-09-19,65.95
2003-09-18,66.15
2003-09-17,64.7
2003-09-16,65.88
2003-09-15,66.5
2003-09-12,67.12
2003-09-11,66.45
2003-09-10,66.29
2003-09-09,66.35
2003-09-08,66.95
2003-09-05,66.69
2003-09-04,66.5
2003-09-03,65.15
2003-09-02,65.24
2003-08-29,64.97
2003-08-28,64.26
2003-08-27,63.09
2003-08-26,62.0
2003-08-25,62.52
2003-08-22,62.69
2003-08-21,62.7
2003-08-20,64.06
2003-08-19,64.9
2003-08-18,65.6
2003-08-15,64.74
2003-08-14,64.95
2003-08-13,64.7
2003-08-12,66.8
2003-08-11,67.25
2003-08-08,67.3
2003-08-07,67.34
2003-08-06,64.25
2003-08-05,60.35
2003-08-04,60.94
2003-08-01,61.6
2003-07-31,61.99
2003-07-30,61.28
2003-07-29,59.15
2003-07-28,59.53
2003-07-25,59.75
2003-07-24,59.1
2003-07-23,58.85
2003-07-22,58.2
2003-07-21,58.4
2003-07-18,59.1
2003-07-17,57.97
2003-07-16,58.4
2003-07-15,59.0
2003-07-14,60.18
2003-07-11,60.45
2003-07-10,59.95
2003-07-09,58.49
2003-07-08,57.5
2003-07-07,58.48
2003-07-03,59.8
2003-07-02,59.5
2003-07-01,59.05
2003-06-30,58.0
2003-06-27,59.45
2003-06-26,61.2
2003-06-25,60.39
2003-06-24,60.2
2003-06-23,60.64
2003-06-20,61.65
2003-06-19,63.71
2003-06-18,64.59
2003-06-17,65.46
2003-06-16,63.71
2003-06-13,63.1
2003-06-12,62.85
2003-06-11,61.51
2003-06-10,61.33
2003-06-09,60.95
2003-06-06,62.2
2003-06-05,59.66
2003-06-04,60.3
2003-06-03,59.9
2003-06-02,60.86
2003-05-30,61.64
2003-05-29,62.15
2003-05-28,62.66
2003-05-27,62.2
2003-05-23,62.25
2003-05-22,62.15
2003-05-21,62.0
2003-05-20,62.95
2003-05-19,67.82
2003-05-16,69.34
2003-05-15,66.1
2003-05-14,65.39
2003-05-13,65.9
2003-05-12,65.75
2003-05-09,66.88
2003-05-08,66.3
2003-05-07,66.9
2003-05-06,68.2
2003-05-05,68.1
2003-05-02,68.44
2003-05-01,68.54
2003-04-30,67.5
2003-04-29,67.0
2003-04-28,68.4
2003-04-25,67.44
2003-04-24,67.94
2003-04-23,68.15
2003-04-22,67.27
2003-04-21,66.35
2003-04-17,66.63
2003-04-16,65.85
2003-04-15,66.35
2003-04-14,65.94
2003-04-11,65.0
2003-04-10,64.74
2003-04-09,65.27
2003-04-08,65.25
2003-04-07,64.49
2003-04-04,63.24
2003-04-03,62.5
2003-04-02,62.31
2003-04-01,62.45
2003-03-31,62.35
2003-03-28,62.65
2003-03-27,61.5
2003-03-26,60.84
2003-03-25,58.65
2003-03-24,57.79
2003-03-21,58.8
2003-03-20,57.69
2003-03-19,59.85
2003-03-18,60.2
2003-03-17,62.0
2003-03-14,59.03
2003-03-13,55.8
2003-03-12,55.85
2003-03-11,56.16
2003-03-10,55.93
2003-03-07,57.95
2003-03-06,57.66
2003-03-05,55.92
2003-03-04,56.6
2003-03-03,58.0
2003-02-28,57.75
2003-02-27,56.65
2003-02-26,55.62
2003-02-25,55.18
2003-02-24,55.43
2003-02-21,56.27
2003-02-20,55.85
2003-02-19,55.62
2003-02-18,56.5
2003-02-14,56.6
2003-02-13,56.28
2003-02-12,56.8
2003-02-11,57.43
2003-02-10,56.07
2003-02-07,56.72
2003-02-06,55.75
2003-02-05,56.5
2003-02-04,56.46
2003-02-03,58.24
2003-01-31,57.71
2003-01-30,57.1
2003-01-29,55.68
2003-01-28,56.05
2003-01-27,53.6
2003-01-24,58.25
2003-01-23,59.79
2003-01-22,59.2
2003-01-21,59.82
2003-01-17,60.56
2003-01-16,59.47
2003-01-15,60.88
2003-01-14,61.48
2003-01-13,61.5
2003-01-10,61.98
2003-01-09,61.4
2003-01-08,61.58
2003-01-07,61.56
2003-01-06,61.95
2003-01-03,62.03
2003-01-02,61.86
2002-12-31,61.4
2002-12-30,60.55
2002-12-27,60.48
2002-12-26,61.15
2002-12-24,60.94
2002-12-23,61.31
2002-12-20,61.05
2002-12-19,61.25
2002-12-18,63.23
2002-12-17,61.58
2002-12-16,63.44
2002-12-13,61.4
2002-12-12,61.39
2002-12-11,60.28
2002-12-10,59.45
2002-12-09,59.9
2002-12-06,59.75
2002-12-05,59.1
2002-12-04,59.07
2002-12-03,58.23
2002-12-02,59.9
2002-11-29,58.9
2002-11-27,57.95
2002-11-26,58.3
2002-11-25,58.16
2002-11-22,61.03
2002-11-21,61.0
2002-11-20,58.95
2002-11-19,59.8
2002-11-18,57.7
2002-11-15,59.2
2002-11-14,59.29
2002-11-13,58.33
2002-11-12,57.35
2002-11-11,56.85
2002-11-08,57.3
2002-11-07,57.45
2002-11-06,57.79
2002-11-05,58.3
2002-11-04,58.95
2002-11-01,59.6
2002-10-31,60.8
2002-10-30,61.14
2002-10-29,61.87
2002-10-28,62.6
2002-10-25,60.86
2002-10-24,60.6
2002-10-23,61.25
2002-10-22,61.85
2002-10-21,60.25
2002-10-18,61.75
2002-10-17,62.05
2002-10-16,61.0
2002-10-15,61.45
2002-10-14,61.45
2002-10-11,63.11
2002-10-10,60.8
2002-10-09,60.23
2002-10-08,58.7
2002-10-07,59.9
2002-10-04,62.1
2002-10-03,63.91
2002-10-02,61.53
2002-10-01,60.1
2002-09-30,60.36
2002-09-27,60.15
2002-09-26,58.0
2002-09-25,56.9
2002-09-24,57.91
2002-09-23,59.06
2002-09-20,59.8
2002-09-19,59.5
2002-09-18,59.1
2002-09-17,59.3
2002-09-16,58.15
2002-09-13,58.7
2002-09-12,59.0
2002-09-11,59.6
2002-09-10,58.5
2002-09-09,57.07
2002-09-06,58.54
2002-09-05,56.5
2002-09-04,57.9
2002-09-03,56.65
2002-08-30,58.47
2002-08-29,56.25
2002-08-28,57.3
2002-08-27,59.0
2002-08-26,58.3
2002-08-23,58.25
2002-08-22,56.3
2002-08-21,57.65
2002-08-20,59.16
2002-08-19,59.05
2002-08-16,58.63
2002-08-15,59.15
2002-08-14,59.3
2002-08-13,57.15
2002-08-12,57.32
2002-08-09,57.3
2002-08-08,57.1
2002-08-07,55.15
2002-08-06,55.45
2002-08-05,56.78
2002-08-02,54.0
2002-08-01,52.0
2002-07-31,52.86
2002-07-30,52.8
2002-07-29,53.38
2002-07-26,51.38
2002-07-25,50.83
2002-07-24,48.4
2002-07-23,50.44
2002-07-22,51.9
2002-07-19,51.76
2002-07-18,51.8
2002-07-17,50.28
2002-07-16,48.65
2002-07-15,49.8
2002-07-12,51.15
2002-07-11,49.0
2002-07-10,51.58
2002-07-09,54.12
2002-07-08,52.95
2002-07-05,53.0
2002-07-03,53.0
2002-07-02,55.03
2002-07-01,57.08
2002-06-28,56.5
2002-06-27,56.0
2002-06-26,55.5
2002-06-25,53.2
2002-06-24,53.64
2002-06-21,53.9
2002-06-20,50.95
2002-06-19,52.45
2002-06-18,54.01
2002-06-17,54.45
2002-06-14,53.04
2002-06-13,52.84
2002-06-12,52.43
2002-06-11,54.69
2002-06-10,54.4
2002-06-07,53.77
2002-06-06,55.2
2002-06-05,56.46
2002-06-04,57.35
2002-06-03,57.52
2002-05-31,57.49
2002-05-30,57.55
2002-05-29,56.53
2002-05-28,57.64
2002-05-24,58.2
2002-05-23,58.37
2002-05-22,58.06
2002-05-21,57.7
2002-05-20,59.05
2002-05-17,58.7
2002-05-16,58.03
2002-05-15,59.2
2002-05-14,58.9
2002-05-13,60.1
2002-05-10,59.8
2002-05-09,59.85
2002-05-08,59.6
2002-05-07,60.0
2002-05-06,59.09
2002-05-03,59.1
2002-05-02,58.14
2002-05-01,57.83
2002-04-30,57.37
2002-04-29,58.84
2002-04-26,59.2
2002-04-25,57.8
2002-04-24,57.1
2002-04-23,57.0
2002-04-22,56.4
2002-04-19,55.66
2002-04-18,56.15
2002-04-17,56.93
2002-04-16,58.15
2002-04-15,58.75
2002-04-12,58.7
2002-04-11,58.75
2002-04-10,59.4
2002-04-09,58.87
2002-04-08,58.53
2002-04-05,59.4
2002-04-04,59.47
2002-04-03,59.5
2002-04-02,58.7
2002-04-01,58.75
2002-03-28,58.75
2002-03-27,58.4
2002-03-26,58.69
2002-03-25,58.83
2002-03-22,59.0
2002-03-21,59.9
2002-03-20,61.09
2002-03-19,60.92
2002-03-18,59.87
2002-03-15,59.72
2002-03-14,58.95
2002-03-13,58.75
2002-03-12,58.9
2002-03-11,59.6
2002-03-08,59.13
2002-03-07,58.6
2002-03-06,59.15
2002-03-05,59.09
2002-03-04,59.25
2002-03-01,61.0
2002-02-28,60.68
2002-02-27,60.95
2002-02-26,59.3
2002-02-25,59.32
2002-02-22,59.15
2002-02-21,57.62
2002-02-20,57.7
2002-02-19,57.4
2002-02-15,58.9
2002-02-14,59.0
2002-02-13,60.11
2002-02-12,60.25
2002-02-11,60.05
2002-02-08,60.33
2002-02-07,58.25
2002-02-06,57.37
2002-02-05,56.9
2002-02-04,57.9
2002-02-01,57.8
2002-01-31,55.56
2002-01-30,55.55
2002-01-29,55.4
2002-01-28,56.01
2002-01-25,56.44
2002-01-24,57.15
2002-01-23,57.35
2002-01-22,57.85
2002-01-18,58.37
2002-01-17,58.4
2002-01-16,57.04
2002-01-15,56.25
2002-01-14,57.6
2002-01-11,58.0
2002-01-10,57.52
2002-01-09,58.7
2002-01-08,60.28
2002-01-07,61.36
2002-01-04,61.29
2002-01-03,61.32
2002-01-02,60.3
2001-12-31,60.8
2001-12-28,60.9
2001-12-27,60.85
2001-12-26,60.81
2001-12-24,60.4
2001-12-21,58.8
2001-12-20,57.05
2001-12-19,55.85
2001-12-18,55.0
2001-12-17,53.9
2001-12-14,53.1
2001-12-13,51.6
2001-12-12,52.45
2001-12-11,53.5
2001-12-10,53.05
2001-12-07,52.9
2001-12-06,53.25
2001-12-05,52.64
2001-12-04,53.3
2001-12-03,53.0
2001-11-30,53.25
2001-11-29,54.15
2001-11-28,52.9
2001-11-27,52.4
2001-11-26,52.51
2001-11-23,52.28
2001-11-21,52.5
2001-11-20,48.8
2001-11-19,50.35
2001-11-16,53.9
2001-11-15,52.15
2001-11-14,53.65
2001-11-13,54.7
2001-11-12,56.5
2001-11-09,56.65
2001-11-08,56.38
2001-11-07,56.74
2001-11-06,57.25
2001-11-05,58.99
2001-11-02,57.5
2001-11-01,56.9
2001-10-31,56.04
2001-10-30,55.25
2001-10-29,54.05
2001-10-26,54.58
2001-10-25,54.55
2001-10-24,54.35
2001-10-23,54.4
2001-10-22,54.95
2001-10-19,54.8
2001-10-18,55.66
2001-10-17,53.95
2001-10-16,53.9
2001-10-15,51.57
2001-10-12,51.7
2001-10-11,52.66
2001-10-10,53.55
2001-10-09,53.7
2001-10-08,55.45
2001-10-05,55.35
2001-10-04,55.3
2001-10-03,53.75
2001-10-02,53.0
2001-10-01,52.8
2001-09-28,50.7
2001-09-27,49.9
2001-09-26,51.1
2001-09-25,51.45
2001-09-24,49.44
2001-09-21,45.5
2001-09-20,48.1
2001-09-19,49.4
2001-09-18,50.35
2001-09-17,50.45
2001-09-10,51.7
2001-09-07,51.95
2001-09-06,51.95
2001-09-05,52.05
2001-09-04,52.1
2001-08-31,52.75
2001-08-30,52.8
2001-08-29,53.5
2001-08-28,53.15
2001-08-27,53.0
2001-08-24,52.85
2001-08-23,53.0
2001-08-22,53.42
2001-08-21,53.5
2001-08-20,53.4
2001-08-17,52.8
2001-08-16,52.5
2001-08-15,53.25
2001-08-14,52.75
2001-08-13,53.1
2001-08-10,52.76
2001-08-09,51.7
2001-08-08,51.85
2001-08-07,51.7
2001-08-06,51.8
2001-08-03,52.5
2001-08-02,52.6
2001-08-01,53.0
2001-07-31,51.4
2001-07-30,50.8
2001-07-27,51.5
2001-07-26,51.65
2001-07-25,51.15
2001-07-24,51.4
2001-07-23,51.2
2001-07-20,51.85
2001-07-19,51.65
2001-07-18,50.81
2001-07-17,50.75
2001-07-16,50.9
2001-07-13,51.6
2001-07-12,52.11
2001-07-11,52.0
2001-07-10,52.95
2001-07-09,51.2
2001-07-06,51.05
2001-07-05,50.67
2001-07-03,51.2
2001-07-02,52.25
2001-06-29,52.51
2001-06-28,52.05
2001-06-27,49.7
2001-06-26,50.02
2001-06-25,51.65
2001-06-22,49.8
2001-06-21,49.35
2001-06-20,48.75
2001-06-19,48.7
2001-06-18,48.85
2001-06-15,48.05
2001-06-14,47.65
2001-06-13,47.65
2001-06-12,46.5
2001-06-11,46.2
2001-06-08,46.0
2001-06-07,46.0
2001-06-06,46.0
2001-06-05,46.95
2001-06-04,46.5
2001-06-01,46.81
2001-05-31,46.8
2001-05-30,46.61
2001-05-29,46.15
2001-05-25,46.15
2001-05-24,46.3
2001-05-23,47.25
2001-05-22,47.5
2001-05-21,47.5
2001-05-18,46.7
2001-05-17,46.15
2001-05-16,46.2
2001-05-15,46.0
2001-05-14,46.2
2001-05-11,47.05
2001-05-10,47.4
2001-05-09,47.0
2001-05-08,46.9
2001-05-07,46.25
2001-05-04,46.4
2001-05-03,45.56
2001-05-02,45.3
2001-05-01,46.8
2001-04-30,46.8
2001-04-27,46.8
2001-04-26,46.9
2001-04-25,46.65
2001-04-24,46.4
2001-04-23,46.4
2001-04-20,45.52
2001-04-19,45.52
2001-04-18,46.15
2001-04-17,46.75
2001-04-16,47.3
2001-04-12,47.3
2001-04-11,47.4
2001-04-10,47.8
2001-04-09,47.75
2001-04-06,48.0
2001-04-05,47.5
2001-04-04,47.2
2001-04-03,46.42
2001-04-02,46.45
2001-03-30,44.1
2001-03-29,44.4
2001-03-28,44.1
2001-03-27,43.7
2001-03-26,42.0
2001-03-23,41.85
2001-03-22,43.7
2001-03-21,43.7
2001-03-20,43.8
2001-03-19,43.8
2001-03-16,43.75
2001-03-15,43.5
2001-03-14,44.26
2001-03-13,46.0
2001-03-12,47.35
2001-03-09,47.9
2001-03-08,47.45
2001-03-07,48.15
2001-03-06,48.35
2001-03-05,47.8
2001-03-02,48.25
2001-03-01,47.11
2001-02-28,47.1
2001-02-27,47.65
2001-02-26,47.9
2001-02-23,48.5
2001-02-22,47.25
2001-02-21,47.1
2001-02-20,47.8
2001-02-16,47.8
2001-02-15,47.65
2001-02-14,46.7
2001-02-13,46.4
2001-02-12,45.55
2001-02-09,44.9
2001-02-08,44.35
2001-02-07,45.35
2001-02-06,45.1
2001-02-05,45.95
2001-02-02,46.25
2001-02-01,46.9
2001-01-31,45.15
2001-01-30,44.95
2001-01-29,45.0
2001-01-26,44.875
2001-01-25,44.625
2001-01-24,44.25
2001-01-23,44.1875
2001-01-22,44.3125
2001-01-19,44.5625
2001-01-18,45.25
2001-01-17,44.75
2001-01-16,46.0
2001-01-12,46.0
2001-01-11,46.9375
2001-01-10,46.8125
2001-01-09,47.375
2001-01-08,47.25
2001-01-05,46.0
2001-01-04,45.3125
2001-01-03,46.25
2001-01-02,46.0
2000-12-29,46.125
2000-12-28,46.0
2000-12-27,45.25
2000-12-26,45.375
2000-12-22,45.375
2000-12-21,45.375
2000-12-20,45.375
2000-12-19,45.0
2000-12-18,45.0
2000-12-15,44.625
2000-12-14,44.125
2000-12-13,42.75
2000-12-12,43.5
2000-12-11,43.75
2000-12-08,43.75
2000-12-07,43.625
2000-12-06,43.0
2000-12-05,45.125
2000-12-04,45.125
2000-12-01,45.125
2000-11-30,45.125
2000-11-29,45.25
2000-11-28,45.125
2000-11-27,45.0
2000-11-24,45.5
2000-11-22,44.375
2000-11-21,44.375
2000-11-20,42.875
2000-11-17,42.25
2000-11-16,42.0625
2000-11-15,42.625
2000-11-14,42.8125
2000-11-13,43.375
2000-11-10,42.625
2000-11-09,43.0
2000-11-08,43.75
2000-11-07,45.125
2000-11-06,45.6875
2000-11-03,45.875
2000-11-02,43.4375
2000-11-01,42.25
2000-10-31,41.125
2000-10-30,41.125
2000-10-27,40.875
2000-10-26,41.125
2000-10-25,40.625
2000-10-24,40.75
2000-10-23,39.5
2000-10-20,39.375
2000-10-19,39.375
2000-10-18,41.125
2000-10-17,39.5
2000-10-16,40.5
2000-10-13,40.5
2000-10-12,41.375
2000-10-11,41.625
2000-10-10,42.5
2000-10-09,42.0
2000-10-06,42.8125
2000-10-05,43.5625
2000-10-04,42.75
2000-10-03,41.6875
2000-10-02,42.0
2000-09-29,40.4375
2000-09-28,40.4375
2000-09-27,40.0
2000-09-26,40.25
2000-09-25,38.625
2000-09-22,38.625
2000-09-21,38.6875
2000-09-20,39.0
2000-09-19,38.5
2000-09-18,39.25
2000-09-15,39.25
2000-09-14,39.75
2000-09-13,39.6875
2000-09-12,39.6875
2000-09-11,39.6875
2000-09-08,38.75
2000-09-07,38.5625
2000-09-06,39.6875
2000-09-05,39.5
2000-09-01,40.75
2000-08-31,41.1875
2000-08-30,41.6875
2000-08-29,41.9375
2000-08-28,41.9375
2000-08-25,41.9375
2000-08-24,42.5
2000-08-23,41.125
2000-08-22,41.125
2000-08-21,40.375
2000-08-18,41.0
2000-08-17,40.3125
2000-08-16,41.625
2000-08-15,41.75
2000-08-14,40.75
2000-08-11,41.0
2000-08-10,39.5
2000-08-09,41.125
2000-08-08,41.125
2000-08-07,38.75
2000-08-04,37.4375
2000-08-03,37.0
2000-08-02,36.4375
2000-08-01,37.625
2000-07-31,37.5
2000-07-28,36.375
2000-07-27,36.4375
2000-07-26,36.5
2000-07-25,36.125
2000-07-24,35.875
2000-07-21,36.0625
2000-07-20,34.6875
2000-07-19,34.75
2000-07-18,34.75
2000-07-17,34.6875
2000-07-14,34.875
2000-07-13,34.8125
2000-07-12,37.0
2000-07-11,36.875
2000-07-10,36.5625
2000-07-07,36.6875
2000-07-06,37.0
2000-07-05,36.25
2000-07-03,37.0625
2000-06-30,36.125
2000-06-29,35.625
2000-06-28,33.1875
2000-06-27,30.75
2000-06-26,30.75
2000-06-23,31.0625
2000-06-22,33.0
2000-06-21,30.25
2000-06-20,30.0
2000-06-19,29.875
2000-06-16,30.0
2000-06-15,30.625
2000-06-14,29.75
2000-06-13,30.125
2000-06-12,30.125
2000-06-09,30.1875
2000-06-08,29.875
2000-06-07,29.875
2000-06-06,29.75
2000-06-05,28.75
2000-06-02,28.375
2000-06-01,27.5625
