,soni:pl
2018-11-23,1.895
2018-11-22,1.925
2018-11-21,1.875
2018-11-20,1.895
2018-11-19,1.985
2018-11-16,2.0
2018-11-15,2.0
2018-11-14,2.06
2018-11-13,2.04
2018-11-12,2.08
2018-11-09,2.06
2018-11-08,2.07
2018-11-07,2.08
2018-11-06,2.08
2018-11-05,2.03
2018-11-02,2.05
2018-11-01,2.06
2018-10-31,2.09
2018-10-30,2.08
2018-10-29,2.08
2018-10-26,2.08
2018-10-25,2.16
2018-10-24,2.28
2018-10-23,2.16
2018-10-22,2.16
2018-10-19,2.18
2018-10-18,2.19
2018-10-17,2.18
2018-10-16,2.17
2018-10-15,2.08
2018-10-12,2.02
2018-10-11,2.09
2018-10-10,2.17
2018-10-09,2.21
2018-10-08,2.21
2018-10-05,2.26
2018-10-04,2.25
2018-10-03,2.23
2018-10-02,2.2
2018-10-01,2.33
2018-09-28,2.34
2018-09-27,2.32
2018-09-26,2.31
2018-09-25,2.32
2018-09-24,2.35
2018-09-21,2.33
2018-09-20,2.39
2018-09-19,2.4
2018-09-18,2.4
2018-09-17,2.38
2018-09-14,2.39
2018-09-13,2.36
2018-09-12,2.35
2018-09-11,2.33
2018-09-10,2.41
2018-09-07,2.3
2018-09-06,2.32
2018-09-05,2.31
2018-09-04,2.35
2018-08-31,2.52
2018-08-30,2.54
2018-08-29,2.51
2018-08-28,2.4
2018-08-27,2.32
2018-08-24,2.31
2018-08-23,2.25
2018-08-22,2.26
2018-08-21,2.26
2018-08-20,2.29
2018-08-17,2.27
2018-08-16,2.35
2018-08-15,2.27
2018-08-14,2.34
2018-08-13,2.32
2018-08-10,2.35
2018-08-09,2.38
2018-08-08,2.38
2018-08-07,2.31
2018-08-06,2.26
2018-08-03,2.3
2018-08-02,2.32
2018-08-01,2.36
2018-07-31,2.48
2018-07-30,2.57
2018-07-27,2.32
2018-07-26,2.29
2018-07-25,2.26
2018-07-24,2.32
2018-07-23,2.32
2018-07-20,2.28
2018-07-19,2.24
2018-07-18,2.29
2018-07-17,2.3
2018-07-16,2.29
2018-07-13,2.34
2018-07-12,2.35
2018-07-11,2.33
2018-07-10,2.37
2018-07-09,2.42
2018-07-06,2.36
2018-07-05,2.26
2018-07-04,2.11
2018-07-03,2.13
2018-07-02,2.23
2018-06-29,2.35
2018-06-28,2.41
2018-06-27,2.41
2018-06-26,2.47
2018-06-25,2.5
2018-06-23,2.52
2018-06-22,2.52
2018-06-21,2.59
2018-06-20,2.65
2018-06-19,2.59
2018-06-18,2.59
2018-06-15,2.6
2018-06-14,2.64
2018-06-13,2.63
2018-06-12,2.63
2018-06-11,2.68
2018-06-08,2.66
2018-06-07,2.75
2018-06-06,2.77
2018-06-05,2.76
2018-06-04,2.71
2018-06-01,2.72
2018-05-31,2.6
2018-05-30,2.59
2018-05-29,2.59
2018-05-28,2.66
2018-05-25,2.7
2018-05-24,2.7
2018-05-23,2.73
2018-05-22,2.73
2018-05-21,2.73
2018-05-18,2.75
2018-05-17,2.72
2018-05-16,2.75
2018-05-15,2.72
2018-05-14,2.75
2018-05-10,2.68
2018-05-08,2.72
2018-05-07,2.73
2018-05-04,2.74
2018-05-03,2.7
2018-05-02,2.78
2018-04-30,3.03
2018-04-27,3.03
2018-04-26,3.04
2018-04-25,3.07
2018-04-24,3.07
2018-04-23,3.04
2018-04-20,3.0
2018-04-19,2.94
2018-04-18,2.96
2018-04-17,2.96
2018-04-16,2.98
2018-04-13,3.0
2018-04-12,3.01
2018-04-11,2.95
2018-04-10,2.97
2018-04-09,2.92
2018-04-06,2.94
2018-04-05,3.18
2018-04-04,2.95
2018-04-03,2.99
2018-03-29,3.0
2018-03-28,3.1
2018-03-27,3.21
2018-03-26,3.23
2018-03-23,3.26
2018-03-22,3.31
2018-03-21,3.49
2018-03-20,3.49
2018-03-19,3.78
2018-03-16,3.76
2018-03-15,3.79
2018-03-14,3.84
2018-03-13,3.87
2018-03-12,3.91
2018-03-09,3.9
2018-03-08,3.9
2018-03-07,3.91
2018-03-06,4.01
2018-03-05,3.91
2018-03-02,4.0
2018-03-01,3.99
2018-02-28,4.14
2018-02-27,4.14
2018-02-26,3.98
2018-02-23,3.89
2018-02-22,3.91
2018-02-21,3.92
2018-02-20,3.87
2018-02-19,3.85
2018-02-16,3.81
2018-02-15,3.8
2018-02-14,3.84
2018-02-13,3.66
2018-02-12,3.7
2018-02-09,3.69
2018-02-08,3.8
2018-02-07,3.93
2018-02-06,3.7
2018-02-05,3.66
2018-02-02,3.8
2018-02-01,3.94
2018-01-31,4.01
2018-01-30,4.0
2018-01-29,4.05
2018-01-26,4.06
2018-01-25,4.12
2018-01-24,4.07
2018-01-23,4.08
2018-01-22,4.14
2018-01-19,4.08
2018-01-18,3.97
2018-01-17,3.59
2018-01-16,3.56
2018-01-15,3.59
2018-01-12,3.58
2018-01-11,3.67
2018-01-10,3.68
2018-01-09,3.71
2018-01-08,3.74
2018-01-05,3.69
2018-01-04,3.74
2018-01-03,3.8
2018-01-02,3.7
2017-12-29,3.501
2017-12-28,3.539
2017-12-27,3.559
2017-12-22,3.659
2017-12-21,3.649
2017-12-20,3.275
2017-12-19,3.27
2017-12-18,3.27
2017-12-15,3.169
2017-12-14,3.178
2017-12-13,3.165
2017-12-12,3.145
2017-12-11,3.11
2017-12-08,3.1
2017-12-07,3.119
2017-12-06,3.085
2017-12-05,3.1
2017-12-04,3.042
2017-12-01,3.07
2017-11-30,3.05
2017-11-29,3.014
2017-11-28,2.99
2017-11-27,2.966
2017-11-24,2.952
2017-11-23,2.939
2017-11-22,2.931
2017-11-21,2.949
2017-11-20,2.88
2017-11-17,3.029
2017-11-16,3.139
2017-11-15,3.068
2017-11-14,3.029
2017-11-13,3.095
2017-11-10,3.14
2017-11-09,3.15
2017-11-08,3.126
2017-11-07,3.128
2017-11-06,3.09
2017-11-03,3.109
2017-11-02,3.139
2017-11-01,3.159
2017-10-31,3.175
2017-10-30,3.109
2017-10-27,3.098
2017-10-26,3.1
2017-10-25,3.112
2017-10-24,3.211
2017-10-23,3.18
2017-10-20,2.945
2017-10-19,2.939
2017-10-18,2.95
2017-10-17,2.83
2017-10-16,2.886
2017-10-13,2.949
2017-10-12,2.829
2017-10-11,2.72
2017-10-10,2.665
2017-10-09,2.647
2017-10-06,2.619
2017-10-05,2.616
2017-10-04,2.596
2017-10-03,2.619
2017-10-02,2.598
2017-09-29,2.618
2017-09-28,2.647
2017-09-27,2.565
2017-09-26,2.536
2017-09-25,2.53
2017-09-22,2.535
2017-09-21,2.529
2017-09-20,2.523
2017-09-19,2.5
2017-09-18,2.528
2017-09-15,2.491
2017-09-14,2.545
2017-09-13,2.501
2017-09-12,2.38
2017-09-11,2.35
2017-09-08,2.297
2017-09-07,2.26
2017-09-06,2.26
2017-09-05,2.235
2017-09-04,2.26
2017-09-01,2.265
2017-08-31,2.167
2017-08-30,2.229
2017-08-29,2.24
2017-08-28,2.265
2017-08-25,2.264
2017-08-24,2.266
2017-08-23,2.266
2017-08-22,2.277
2017-08-21,2.279
2017-08-18,2.289
2017-08-17,2.292
2017-08-16,2.28
2017-08-15,2.285
2017-08-14,2.24
2017-08-11,2.26
2017-08-10,2.279
2017-08-09,2.284
2017-08-08,2.285
2017-08-07,2.289
2017-08-04,2.251
2017-08-03,2.299
2017-08-02,2.336
2017-08-01,2.259
2017-07-31,2.25
2017-07-28,2.225
2017-07-27,2.275
2017-07-26,2.225
2017-07-25,2.325
2017-07-24,2.325
2017-07-21,2.35
2017-07-20,2.35
2017-07-19,2.35
2017-07-18,2.35
2017-07-17,2.375
2017-07-14,2.375
2017-07-13,2.375
2017-07-12,2.375
2017-07-11,2.375
2017-07-10,2.375
2017-07-07,2.375
2017-07-06,2.35
2017-07-05,2.4
2017-07-04,2.4
2017-07-03,2.4
2017-06-30,2.375
2017-06-29,2.4
2017-06-28,2.375
2017-06-27,2.35
2017-06-26,2.35
2017-06-23,2.35
2017-06-22,2.35
2017-06-21,2.375
2017-06-20,2.4
2017-06-19,2.375
2017-06-16,2.375
2017-06-15,2.375
2017-06-14,2.375
2017-06-13,2.4
2017-06-12,2.425
2017-06-09,2.4
2017-06-08,2.425
2017-06-07,2.375
2017-06-06,2.425
2017-06-05,2.425
2017-06-02,2.4
2017-06-01,2.325
2017-05-31,2.3
2017-05-30,2.2
2017-05-29,2.175
2017-05-26,2.2
2017-05-25,2.2
2017-05-24,2.175
2017-05-23,2.125
2017-05-22,2.075
2017-05-19,2.1
2017-05-18,2.075
2017-05-17,2.125
2017-05-16,2.2
2017-05-15,2.225
2017-05-12,2.125
2017-05-11,2.15
2017-05-10,2.125
2017-05-09,1.975
2017-05-08,1.975
2017-05-05,2.0
2017-05-04,1.975
2017-05-03,1.975
2017-05-02,2.025
2017-04-28,1.875
2017-04-27,1.875
2017-04-26,1.875
2017-04-25,1.875
2017-04-24,1.875
2017-04-21,1.875
2017-04-20,1.9
2017-04-19,1.9
2017-04-18,1.875
2017-04-13,1.9
2017-04-12,1.925
2017-04-11,1.875
2017-04-10,1.9
2017-04-07,1.9
2017-04-06,1.875
2017-04-05,1.875
2017-04-04,1.85
2017-04-03,1.875
2017-03-31,1.875
2017-03-30,1.925
2017-03-29,1.9
2017-03-28,1.875
2017-03-27,1.825
2017-03-24,1.825
2017-03-23,1.85
2017-03-22,1.9
2017-03-21,2.025
2017-03-20,2.05
2017-03-17,2.0
2017-03-16,1.8
2017-03-15,1.725
2017-03-14,1.75
2017-03-13,1.775
2017-03-10,1.75
2017-03-09,1.775
2017-03-08,1.7
2017-03-07,1.7
2017-03-06,1.775
2017-03-03,1.825
2017-03-02,1.825
2017-03-01,1.825
2017-02-28,1.775
2017-02-27,1.775
2017-02-24,1.725
2017-02-23,1.7
2017-02-22,1.75
2017-02-21,1.7
2017-02-20,1.65
2017-02-17,1.7
2017-02-16,1.75
2017-02-15,1.675
2017-02-14,1.475
2017-02-13,1.45
2017-02-10,1.45
2017-02-09,1.425
2017-02-08,1.45
2017-02-07,1.425
2017-02-06,1.425
2017-02-03,1.425
2017-02-02,1.4
2017-02-01,1.4
2017-01-31,1.425
2017-01-30,1.425
2017-01-27,1.475
2017-01-26,1.475
2017-01-25,1.5
2017-01-24,1.475
2017-01-23,1.475
2017-01-20,1.5
2017-01-19,1.5
2017-01-18,1.5
2017-01-17,1.55
2017-01-16,1.575
2017-01-13,1.575
2017-01-12,1.575
2017-01-11,1.55
2017-01-10,1.575
2017-01-09,1.6
2017-01-06,1.6
2017-01-05,1.55
2017-01-04,1.55
2017-01-03,1.55
2017-01-02,1.55
2016-12-31,0.0068
2016-12-30,1.5
2016-12-29,1.475
2016-12-28,1.475
2016-12-27,1.5
2016-12-23,1.5
2016-12-22,1.5
2016-12-21,1.5
2016-12-20,1.475
2016-12-19,1.5
2016-12-16,1.475
2016-12-15,1.475
2016-12-14,1.5
2016-12-13,1.5
2016-12-12,1.525
2016-12-09,1.525
2016-12-08,1.575
2016-12-07,1.525
2016-12-06,1.5
2016-12-05,1.45
2016-12-02,1.5
2016-12-01,1.475
2016-11-30,1.45
2016-11-29,1.525
2016-11-28,1.55
2016-11-25,1.575
2016-11-24,1.575
2016-11-23,1.575
2016-11-22,1.6
2016-11-21,1.6
2016-11-18,1.575
2016-11-17,1.575
2016-11-16,1.55
2016-11-15,1.55
2016-11-14,1.6
2016-11-11,1.6
2016-11-10,1.625
2016-11-09,1.575
2016-11-08,1.6
2016-11-07,1.625
2016-11-04,1.575
2016-11-03,1.575
2016-11-02,1.575
2016-11-01,1.575
2016-10-31,1.625
2016-10-28,1.65
2016-10-27,1.65
2016-10-26,1.6
2016-10-25,1.65
2016-10-24,1.65
2016-10-21,1.475
2016-10-20,1.475
2016-10-19,1.475
2016-10-18,1.475
2016-10-17,1.5
2016-10-14,1.475
2016-10-13,1.475
2016-10-12,1.5
2016-10-11,1.5
2016-10-10,1.5
2016-10-07,1.45
2016-10-06,1.475
2016-10-05,1.55
2016-10-04,1.525
2016-10-03,1.475
2016-09-30,1.425
2016-09-29,1.475
2016-09-28,1.5
2016-09-27,1.525
2016-09-26,1.525
2016-09-23,1.55
2016-09-22,1.65
2016-09-21,1.7
2016-09-20,1.7
2016-09-19,1.55
2016-09-16,1.5
2016-09-15,1.625
2016-09-14,1.625
2016-09-13,1.575
2016-09-12,1.65
2016-09-09,1.725
2016-09-08,1.7
2016-09-07,1.425
2016-09-06,1.375
2016-09-05,1.35
2016-09-02,1.35
2016-09-01,1.35
2016-08-31,1.3
2016-08-30,1.325
2016-08-29,1.275
2016-08-26,1.275
2016-08-25,1.275
2016-08-24,1.325
2016-08-23,1.325
2016-08-22,1.3
2016-08-19,1.325
2016-08-18,0.0054
2016-08-17,0.0053
2016-08-16,0.0053
2016-08-15,0.0054
2016-08-12,0.005
2016-08-11,0.0048
2016-08-10,0.0049
2016-08-09,0.0049
2016-08-08,0.0049
2016-08-05,0.0049
2016-08-04,0.0048
2016-08-03,0.0048
2016-08-02,0.0049
2016-08-01,0.005
2016-07-29,0.0049
2016-07-28,0.0049
2016-07-27,0.0049
2016-07-26,0.0047
2016-07-25,0.0047
2016-07-22,0.0046
2016-07-21,0.0047
2016-07-20,0.0046
2016-07-19,0.0046
2016-07-18,0.0046
2016-07-15,0.0046
2016-07-14,0.0048
2016-07-13,0.0046
2016-07-12,0.0047
2016-07-11,0.0047
2016-07-08,0.0044
2016-07-07,0.0045
2016-07-06,0.0044
2016-07-05,0.0043
2016-07-04,0.0045
2016-07-01,0.0045
2016-06-28,0.0045
2016-06-27,0.0045
2016-06-24,0.0046
2016-06-23,0.0049
2016-06-22,0.0048
2016-06-21,0.0049
2016-06-20,0.0049
2016-06-17,0.0049
2016-06-16,0.0048
2016-06-15,0.0047
2016-06-14,0.0049
2016-06-13,0.005
2016-06-10,0.0051
2016-06-09,0.0053
2016-06-08,0.0049
2016-06-07,0.0047
2016-06-06,0.0047
2016-06-03,0.0048
2016-06-02,0.0049
2016-06-01,0.0051
2016-05-31,0.0047
2016-05-30,0.0046
2016-05-27,0.0047
2016-05-26,0.0047
2016-05-25,0.0047
2016-05-24,0.0048
2016-05-23,0.0048
2016-05-20,0.0045
2016-05-19,0.0047
2016-05-18,0.0046
2016-05-17,0.0046
2016-05-16,0.0045
2016-05-13,0.0046
2016-05-12,0.0047
2016-05-11,0.0046
2016-05-10,0.0047
2016-05-09,0.0048
2016-05-06,0.0048
2016-05-05,0.0049
2016-05-04,0.0044
2016-05-03,0.0045
2016-05-02,0.0045
2016-04-29,0.0044
2016-04-28,0.0044
2016-04-27,0.0045
2016-04-26,0.0045
2016-04-25,0.0045
2016-04-22,0.0045
2016-04-21,0.0043
2016-04-20,0.0043
2016-04-19,0.0043
2016-04-18,0.0044
2016-04-15,0.0045
2016-04-14,0.0045
2016-04-13,0.0045
2016-04-12,0.0045
2016-04-11,0.0045
2016-04-08,0.0045
2016-04-07,0.0045
2016-04-06,0.0045
2016-04-05,0.0046
2016-04-04,0.0046
2016-04-01,0.0046
2016-03-31,0.0046
2016-03-30,0.0047
2016-03-29,0.0047
2016-03-24,0.0047
2016-03-23,0.0048
2016-03-22,0.0048
2016-03-21,0.0048
2016-03-18,0.0048
2016-03-17,0.0048
2016-03-16,0.0048
2016-03-15,0.0049
2016-03-14,0.0048
2016-03-11,0.0048
2016-03-10,0.0047
2016-03-09,0.0048
2016-03-08,0.0048
2016-03-07,0.0048
2016-03-04,0.0049
2016-03-03,0.0049
2016-03-02,0.0049
2016-03-01,0.0049
2016-02-29,0.005
2016-02-26,0.005
2016-02-25,0.0051
2016-02-24,0.0052
2016-02-23,0.0056
2016-02-22,0.0048
2016-02-19,0.0047
2016-02-18,0.0046
2016-02-17,0.0045
2016-02-16,0.0044
2016-02-15,0.0045
2016-02-12,0.0046
2016-02-11,0.0043
2016-02-10,0.0045
2016-02-09,0.0045
2016-02-08,0.0045
2016-02-05,0.0045
2016-02-04,0.0045
2016-02-03,0.0045
2016-02-02,0.0047
2016-02-01,0.0048
2016-01-29,0.0047
2016-01-28,0.0046
2016-01-27,0.0047
2016-01-26,0.0046
2016-01-25,0.005
2016-01-22,0.0049
2016-01-21,0.005
2016-01-20,0.0057
2016-01-19,0.0065
2016-01-18,0.0064
2016-01-15,0.007
2016-01-14,0.0075
2016-01-13,0.0074
2016-01-12,0.0075
2016-01-11,0.0077
2016-01-08,0.0077
2016-01-07,0.0077
2016-01-06,0.0077
2016-01-05,0.0079
2016-01-04,0.0079
2016-01-01,0.008
2015-12-31,0.008
2015-12-30,0.0078
2015-12-29,0.0079
2015-12-28,0.0079
2015-12-25,0.008
2015-12-24,0.008
2015-12-23,0.0079
2015-12-22,0.0079
2015-12-21,0.008
2015-12-18,0.0081
2015-12-17,0.008
2015-12-16,0.0079
2015-12-15,0.0082
2015-12-14,0.0082
2015-12-11,0.0083
2015-12-10,0.0083
2015-12-09,0.0084
2015-12-08,0.0084
2015-12-07,0.0085
2015-12-04,0.0087
2015-12-03,0.009
2015-12-02,0.0092
2015-12-01,0.0088
2015-11-30,0.0081
2015-11-27,0.0081
2015-11-26,0.0083
2015-11-25,0.0084
2015-11-24,0.0082
2015-11-23,0.0083
2015-11-20,0.0081
2015-11-19,0.0084
2015-11-18,0.0084
2015-11-17,0.0084
2015-11-16,0.0084
2015-11-13,0.0084
2015-11-12,0.0083
2015-11-11,0.0084
2015-11-10,0.0082
2015-11-09,0.0086
2015-11-06,0.009
2015-11-05,0.0089
2015-11-04,0.009
2015-11-03,0.0091
2015-11-02,0.0091
2015-10-30,0.0091
2015-10-29,0.0089
2015-10-28,0.0089
2015-10-27,0.009
2015-10-26,0.0091
2015-10-23,0.0091
2015-10-22,0.0094
2015-10-21,0.0091
2015-10-20,0.0094
2015-10-19,0.0095
2015-10-16,0.0097
2015-10-15,0.009
2015-10-14,0.009
2015-10-13,0.0088
2015-10-12,0.0088
2015-10-09,0.0091
2015-10-08,0.0092
2015-10-07,0.009
2015-10-06,0.0092
2015-10-05,0.0086
2015-10-02,0.0083
2015-10-01,0.0086
2015-09-30,0.0082
2015-09-29,0.0081
2015-09-28,0.0077
2015-09-25,0.0081
2015-09-24,0.0077
2015-09-23,0.008
2015-09-22,0.0079
2015-09-21,0.0077
2015-09-18,0.0081
2015-09-17,0.0082
2015-09-16,0.0082
2015-09-15,0.008
2015-09-14,0.0071
2015-09-11,0.0065
2015-09-10,0.0058
2015-09-09,0.006
2015-09-08,0.0061
2015-09-07,0.0061
2015-09-04,0.0062
2015-09-03,0.0061
2015-09-02,0.0062
2015-09-01,0.0062
2015-08-31,0.0063
2015-08-28,0.0064
2015-08-27,0.0062
2015-08-26,0.0062
2015-08-25,0.0062
2015-08-24,0.006
2015-08-21,0.0065
2015-08-20,0.0066
2015-08-19,0.0066
2015-08-18,0.0066
2015-08-17,0.0067
2015-08-14,0.0069
2015-08-13,0.0067
2015-08-12,0.0066
2015-08-11,0.0067
2015-08-10,0.0068
2015-08-07,0.0068
2015-08-06,0.0067
2015-08-05,0.007
2015-08-04,0.0071
2015-08-03,0.0072
2015-07-31,0.0071
2015-07-30,0.0072
2015-07-29,0.0072
2015-07-28,0.0072
2015-07-27,0.0072
2015-07-24,0.0072
2015-07-23,0.0072
2015-07-22,0.007
2015-07-21,0.0071
2015-07-20,0.0072
2015-07-17,0.0072
2015-07-16,0.0073
2015-07-15,0.0071
2015-07-14,0.0071
2015-07-13,0.0071
2015-07-10,0.0072
2015-07-09,0.007
2015-07-08,0.007
2015-07-07,0.0069
2015-07-06,0.0069
2015-07-03,0.0069
2015-07-02,0.0071
2015-07-01,0.007
2015-06-30,0.007
2015-06-29,0.007
2015-06-26,0.0075
2015-06-25,0.0075
2015-06-24,0.0075
2015-06-23,0.007
2015-06-22,0.0072
2015-06-19,0.0072
2015-06-18,0.0073
2015-06-17,0.0072
2015-06-16,0.0072
2015-06-15,0.0071
2015-06-12,0.0074
2015-06-11,0.0077
2015-06-10,0.0075
2015-06-09,0.0074
2015-06-08,0.0075
2015-06-05,0.0075
2015-06-04,0.0075
2015-06-03,0.0077
2015-06-02,0.0079
2015-06-01,0.0077
2015-05-29,0.008
2015-05-28,0.0079
2015-05-27,0.0079
2015-05-26,0.0079
2015-05-25,0.008
2015-05-22,0.0079
2015-05-21,0.0079
2015-05-20,0.008
2015-05-19,0.008
2015-05-18,0.0079
2015-05-15,0.008
2015-05-14,0.0079
2015-05-13,0.008
2015-05-12,0.008
2015-05-11,0.008
2015-05-08,0.0082
2015-05-07,0.0083
2015-05-06,0.0082
2015-05-05,0.008
2015-05-04,0.0081
2015-05-01,0.0079
2015-04-30,0.0079
2015-04-29,0.0081
2015-04-28,0.0082
2015-04-27,0.0082
2015-04-24,0.0082
2015-04-23,0.0081
2015-04-22,0.008
2015-04-21,0.0081
2015-04-20,0.0079
2015-04-17,0.0082
2015-04-16,0.0083
2015-04-15,0.0084
2015-04-14,0.0086
2015-04-13,0.0087
2015-04-10,0.0086
2015-04-09,0.0086
2015-04-08,0.0086
2015-04-07,0.0085
2015-04-06,0.0086
2015-04-03,0.0086
2015-04-02,0.0086
2015-04-01,0.0086
2015-03-31,0.0087
2015-03-30,0.0087
2015-03-27,0.0088
2015-03-26,0.0085
2015-03-25,0.0087
2015-03-24,0.0088
2015-03-23,0.0087
2015-03-20,0.0088
2015-03-19,0.0087
2015-03-18,0.0085
2015-03-17,0.0085
2015-03-16,0.0086
2015-03-13,0.0088
2015-03-12,0.0086
2015-03-11,0.0081
2015-03-10,0.008
2015-03-09,0.0081
2015-03-06,0.0082
2015-03-05,0.008
2015-03-04,0.0077
2015-03-03,0.0079
2015-03-02,0.008
2015-02-27,0.0081
2015-02-26,0.0086
2015-02-25,0.0075
2015-02-24,0.0072
2015-02-23,0.007
2015-02-20,0.0069
2015-02-19,0.007
2015-02-18,0.0068
2015-02-17,0.0067
2015-02-16,0.0067
2015-02-13,0.0067
2015-02-12,0.0067
2015-02-11,0.0068
2015-02-10,0.0067
2015-02-09,0.0067
2015-02-06,0.0068
2015-02-05,0.0066
2015-02-04,0.0068
2015-02-03,0.0067
2015-02-02,0.0066
2015-01-30,0.0065
2015-01-29,0.0065
2015-01-28,0.0067
2015-01-27,0.0067
2015-01-26,0.0069
2015-01-23,0.0068
2015-01-22,0.0068
2015-01-21,0.0069
2015-01-20,0.0071
2015-01-19,0.0072
2015-01-16,0.0067
2015-01-15,0.0065
2015-01-14,0.0064
2015-01-13,0.0062
2015-01-12,0.0062
2015-01-09,0.0059
2015-01-08,0.006
2015-01-07,0.0059
2015-01-06,0.0063
2015-01-05,0.0061
2015-01-02,0.0064
2015-01-01,0.0064
2014-12-31,0.0064
2014-12-30,0.0059
2014-12-29,0.0059
2014-12-26,0.0062
2014-12-25,0.0062
2014-12-24,0.0062
2014-12-23,0.0061
2014-12-22,0.0064
2014-12-19,0.0064
2014-12-18,0.0066
2014-12-17,0.0065
2014-12-16,0.0069
2014-12-15,0.0073
2014-12-12,0.0074
2014-12-11,0.0075
2014-12-10,0.0079
2014-12-09,0.008
2014-12-08,0.0084
2014-12-05,0.0089
2014-12-04,0.0085
2014-12-03,0.008
2014-12-02,0.0115
2014-12-01,0.0241
2014-11-28,0.027
2014-11-27,0.0258
2014-11-26,0.0264
2014-11-25,0.025
2014-11-24,0.026
2014-11-21,0.0277
2014-11-20,0.0261
2014-11-19,0.031
2014-11-18,0.032
2014-11-17,0.035
2014-11-14,0.0312
2014-11-13,0.023
2014-11-12,0.027
2014-11-11,0.0367
2014-11-10,0.048
2014-11-07,0.066
2014-11-06,0.0106
2014-11-05,0.0103
2014-11-04,0.0113
2014-11-03,0.0116
2014-10-31,0.0251
2014-10-30,0.0493
2014-10-29,0.0519
2014-10-28,0.0496
2014-10-27,0.0514
2014-10-24,0.0531
2014-10-23,0.0542
2014-10-22,0.0526
2014-10-21,0.0496
2014-10-20,0.0475
2014-10-17,0.0489
2014-10-16,0.0475
2014-10-15,0.0473
2014-10-14,0.0508
2014-10-13,0.054
2014-10-10,0.0525
2014-10-09,0.0533
2014-10-08,0.0558
2014-10-07,0.0521
2014-10-06,0.0536
2014-10-03,0.0525
2014-10-02,0.0526
2014-10-01,0.0539
2014-09-30,0.0542
2014-09-29,0.0531
2014-09-26,0.0545
2014-09-25,0.0545
2014-09-24,0.0546
2014-09-23,0.0563
2014-09-22,0.0552
2014-09-19,0.0538
2014-09-18,0.056
2014-09-17,0.0557
2014-09-16,0.0553
2014-09-15,0.0571
2014-09-12,0.0574
2014-09-11,0.0567
2014-09-10,0.0554
2014-09-09,0.0572
2014-09-08,0.0584
2014-09-05,0.0581
2014-09-04,0.0593
2014-09-03,0.0556
2014-09-02,0.0561
2014-09-01,0.0557
2014-08-29,0.0554
2014-08-28,0.0558
2014-08-27,0.0558
2014-08-26,0.0603
2014-08-25,0.0508
2014-08-22,0.0507
2014-08-21,0.0501
2014-08-20,0.0503
2014-08-19,0.0497
2014-08-18,0.0522
2014-08-15,0.0529
2014-08-14,0.0521
2014-08-13,0.05
2014-08-12,0.0468
2014-08-11,0.0444
2014-08-08,0.0405
2014-08-07,0.0431
2014-08-06,0.0461
2014-08-05,0.0511
2014-08-04,0.0517
2014-08-01,0.05
2014-07-31,0.0504
2014-07-30,0.0575
2014-07-29,0.0585
2014-07-28,0.0588
2014-07-25,0.0578
2014-07-24,0.0574
2014-07-23,0.0558
2014-07-22,0.0539
2014-07-21,0.0529
2014-07-18,0.0525
2014-07-17,0.0531
2014-07-16,0.0536
2014-07-15,0.049
2014-07-14,0.0517
2014-07-11,0.0547
2014-07-10,0.0521
2014-07-09,0.0552
2014-07-08,0.0556
2014-07-07,0.056
2014-07-04,0.0571
2014-07-03,0.0571
2014-07-02,0.0567
2014-07-01,0.0581
2014-06-30,0.0572
2014-06-27,0.0558
2014-06-26,0.0581
2014-06-25,0.06
2014-06-24,0.0614
2014-06-23,0.0617
2014-06-20,0.0634
2014-06-19,0.0632
2014-06-18,0.0635
2014-06-17,0.0644
2014-06-16,0.0648
2014-06-13,0.0645
2014-06-12,0.0644
2014-06-11,0.0651
2014-06-10,0.0652
2014-06-09,0.0648
2014-06-06,0.0648
2014-06-05,0.0639
2014-06-04,0.0635
2014-06-03,0.0651
2014-06-02,0.0653
2014-05-30,0.0642
2014-05-29,0.0656
2014-05-28,0.0644
2014-05-27,0.0632
2014-05-26,0.0627
2014-05-23,0.0586
2014-05-22,0.0579
2014-05-21,0.0577
2014-05-20,0.0593
2014-05-19,0.0607
2014-05-16,0.0614
2014-05-15,0.0602
2014-05-14,0.0625
2014-05-13,0.0656
2014-05-12,0.0628
2014-05-09,0.0681
2014-05-08,0.0734
2014-05-07,0.0846
2014-05-06,0.0866
2014-05-05,0.0863
2014-05-02,0.0853
2014-05-01,0.0853
2014-04-30,0.0853
2014-04-29,0.0866
2014-04-28,0.0866
2014-04-25,0.0881
2014-04-24,0.0894
2014-04-23,0.092
2014-04-22,0.094
2014-04-21,0.088
2014-04-18,0.088
2014-04-17,0.088
2014-04-16,0.0868
2014-04-15,0.0888
2014-04-14,0.0919
2014-04-11,0.0944
2014-04-10,0.0952
2014-04-09,0.0969
2014-04-08,0.0968
2014-04-07,0.0977
2014-04-04,0.1005
2014-04-03,0.1005
2014-04-02,0.1019
2014-04-01,0.1047
2014-03-31,0.0977
2014-03-28,0.0949
2014-03-27,0.0935
2014-03-26,0.0963
2014-03-25,0.0949
2014-03-24,0.0991
2014-03-21,0.103
2014-03-20,0.103
2014-03-19,0.1054
2014-03-18,0.1062
2014-03-17,0.1062
2014-03-14,0.1047
2014-03-13,0.1072
2014-03-12,0.1116
2014-03-11,0.1096
2014-03-10,0.1097
2014-03-07,0.1106
2014-03-06,0.1124
2014-03-05,0.1121
2014-03-04,0.1099
2014-03-03,0.1076
2014-02-28,0.111
2014-02-27,0.112
2014-02-26,0.1124
2014-02-25,0.1123
2014-02-24,0.1159
2014-02-21,0.1209
2014-02-20,0.117
2014-02-19,0.1184
2014-02-18,0.1171
2014-02-17,0.1201
2014-02-14,0.1121
2014-02-13,0.1102
2014-02-12,0.1103
2014-02-11,0.1104
2014-02-10,0.1096
2014-02-07,0.1099
2014-02-06,0.1103
2014-02-05,0.1054
2014-02-04,0.1049
2014-02-03,0.1039
2014-01-31,0.1072
2014-01-30,0.1103
2014-01-29,0.1085
2014-01-28,0.1083
2014-01-27,0.1065
2014-01-24,0.1071
2014-01-23,0.1113
2014-01-22,0.1086
2014-01-21,0.1127
2014-01-20,0.118
2014-01-17,0.1185
2014-01-16,0.1195
2014-01-15,0.1202
2014-01-14,0.1117
2014-01-13,0.1159
2014-01-10,0.1075
2014-01-09,0.094
2014-01-08,0.0898
2014-01-07,0.0914
2014-01-06,0.0933
2014-01-03,0.0861
2014-01-02,0.0822
2014-01-01,0.0786
2013-12-31,0.0786
2013-12-30,0.079
2013-12-27,0.0808
2013-12-26,0.0811
2013-12-25,0.0811
2013-12-24,0.0811
2013-12-23,0.0815
2013-12-20,0.0822
2013-12-19,0.0829
2013-12-18,0.0829
2013-12-17,0.0827
2013-12-16,0.0842
2013-12-13,0.0849
2013-12-12,0.0854
2013-12-11,0.085
2013-12-10,0.0859
2013-12-09,0.0854
2013-12-06,0.0854
2013-12-05,0.0852
2013-12-04,0.0852
2013-12-03,0.0873
2013-12-02,0.0885
2013-11-29,0.0905
2013-11-28,0.0899
2013-11-27,0.0919
2013-11-26,0.0894
2013-11-25,0.088
2013-11-22,0.0889
2013-11-21,0.0863
2013-11-20,0.0846
2013-11-19,0.087
2013-11-18,0.0887
2013-11-15,0.0889
2013-11-14,0.0919
2013-11-13,0.0905
2013-11-12,0.0919
2013-11-11,0.0926
2013-11-08,0.0909
2013-11-07,0.0919
2013-11-06,0.0901
2013-11-05,0.0843
2013-11-04,0.0839
2013-11-01,0.0828
2013-10-31,0.0842
2013-10-30,0.0842
2013-10-29,0.0828
2013-10-28,0.0825
2013-10-25,0.0817
2013-10-24,0.0824
2013-10-23,0.0818
2013-10-22,0.0825
2013-10-21,0.0835
2013-10-18,0.0838
2013-10-17,0.084
2013-10-16,0.0839
2013-10-15,0.0849
2013-10-14,0.0863
2013-10-11,0.0857
2013-10-10,0.0829
2013-10-09,0.0773
2013-10-08,0.0765
2013-10-07,0.0772
2013-10-04,0.0785
2013-10-03,0.0776
2013-10-02,0.0776
2013-10-01,0.0782
2013-09-30,0.078
2013-09-27,0.0801
2013-09-26,0.0799
2013-09-25,0.0782
2013-09-24,0.0767
2013-09-23,0.0761
2013-09-20,0.0771
2013-09-19,0.0783
2013-09-18,0.0782
2013-09-17,0.0783
2013-09-16,0.0804
2013-09-13,0.079
2013-09-12,0.0803
2013-09-11,0.0751
2013-09-10,0.0726
2013-09-09,0.0705
2013-09-06,0.0708
2013-09-05,0.0704
2013-09-04,0.0697
2013-09-03,0.0686
2013-09-02,0.0684
2013-08-30,0.0683
2013-08-29,0.069
2013-08-28,0.0681
2013-08-27,0.0687
2013-08-26,0.0715
2013-08-23,0.0711
2013-08-22,0.0718
2013-08-21,0.0711
2013-08-20,0.0698
2013-08-19,0.0706
2013-08-16,0.0701
2013-08-15,0.0698
2013-08-14,0.0693
2013-08-13,0.0699
2013-08-12,0.0686
2013-08-09,0.0684
2013-08-08,0.0662
2013-08-07,0.0642
2013-08-06,0.0648
2013-08-05,0.0665
2013-08-02,0.0673
2013-08-01,0.0679
2013-07-31,0.0684
2013-07-30,0.0694
2013-07-29,0.0705
2013-07-26,0.0699
2013-07-25,0.0702
2013-07-24,0.0705
2013-07-23,0.0697
2013-07-22,0.0702
2013-07-19,0.0669
2013-07-18,0.069
2013-07-17,0.0663
2013-07-16,0.0652
2013-07-15,0.0656
2013-07-12,0.0649
2013-07-11,0.0663
2013-07-10,0.0684
2013-07-09,0.0691
2013-07-08,0.068
2013-07-05,0.0655
2013-07-04,0.0663
2013-07-03,0.0628
2013-07-02,0.0701
2013-07-01,0.0713
2013-06-28,0.0701
2013-06-27,0.0719
2013-06-26,0.0722
2013-06-25,0.0695
2013-06-24,0.0667
2013-06-21,0.0676
2013-06-20,0.0704
2013-06-19,0.0725
2013-06-18,0.0723
2013-06-17,0.0736
2013-06-14,0.072
2013-06-13,0.0729
2013-06-12,0.0729
2013-06-11,0.073
2013-06-10,0.0729
2013-06-07,0.072
2013-06-06,0.0709
2013-06-05,0.0725
2013-06-04,0.0725
2013-06-03,0.073
2013-05-31,0.0746
2013-05-30,0.0755
2013-05-29,0.0753
2013-05-28,0.0755
2013-05-27,0.074
2013-05-24,0.0737
2013-05-23,0.074
2013-05-22,0.074
2013-05-21,0.074
2013-05-20,0.074
2013-05-17,0.0744
2013-05-16,0.0744
2013-05-15,0.0747
2013-05-14,0.0755
2013-05-13,0.0757
2013-05-10,0.0758
2013-05-09,0.0782
2013-05-08,0.0775
2013-05-07,0.0792
2013-05-06,0.0789
2013-05-03,0.0757
2013-05-02,0.0765
2013-05-01,0.0757
2013-04-30,0.0757
2013-04-29,0.0762
2013-04-26,0.0747
2013-04-25,0.0764
2013-04-24,0.0751
2013-04-23,0.0751
2013-04-22,0.0726
2013-04-19,0.0736
2013-04-18,0.0706
2013-04-17,0.0712
2013-04-16,0.0736
2013-04-15,0.0746
2013-04-12,0.0751
2013-04-11,0.0753
2013-04-10,0.0765
2013-04-09,0.0729
2013-04-08,0.0702
2013-04-05,0.0713
2013-04-04,0.0733
2013-04-03,0.0726
2013-04-02,0.0761
2013-04-01,0.0746
2013-03-29,0.0746
2013-03-28,0.0746
2013-03-27,0.0743
2013-03-26,0.0789
2013-03-25,0.08
2013-03-22,0.0822
2013-03-21,0.082
2013-03-20,0.0822
2013-03-19,0.081
2013-03-18,0.0821
2013-03-15,0.0831
2013-03-14,0.0852
2013-03-13,0.0832
2013-03-12,0.0834
2013-03-11,0.0832
2013-03-08,0.0836
2013-03-07,0.0822
2013-03-06,0.0822
2013-03-05,0.0827
2013-03-04,0.0785
2013-03-01,0.08
2013-02-28,0.0825
2013-02-27,0.0849
2013-02-26,0.0845
2013-02-25,0.0877
2013-02-22,0.0857
2013-02-21,0.0852
2013-02-20,0.0873
2013-02-19,0.0884
2013-02-18,0.0845
2013-02-15,0.0849
2013-02-14,0.0835
2013-02-13,0.0849
2013-02-12,0.0843
2013-02-11,0.0842
2013-02-08,0.0838
2013-02-07,0.0824
2013-02-06,0.0834
2013-02-05,0.085
2013-02-04,0.0857
2013-02-01,0.0874
2013-01-31,0.0847
2013-01-30,0.0871
2013-01-29,0.0899
2013-01-28,0.0917
2013-01-25,0.0912
2013-01-24,0.0894
2013-01-23,0.0857
2013-01-22,0.0769
2013-01-21,0.0771
2013-01-18,0.0736
2013-01-17,0.0741
2013-01-16,0.0715
2013-01-15,0.0732
2013-01-14,0.0757
2013-01-11,0.076
2013-01-10,0.0765
2013-01-09,0.0768
2013-01-08,0.0771
2013-01-07,0.0786
2013-01-04,0.0757
2013-01-03,0.0694
2013-01-02,0.0697
2013-01-01,0.0683
2012-12-31,0.0683
2012-12-28,0.0681
2012-12-27,0.0691
2012-12-26,0.0694
2012-12-25,0.0694
2012-12-24,0.0694
2012-12-21,0.0691
2012-12-20,0.0688
2012-12-19,0.0684
2012-12-18,0.0694
2012-12-17,0.0691
2012-12-14,0.0698
2012-12-13,0.067
2012-12-12,0.0655
2012-12-11,0.0634
2012-12-10,0.0634
2012-12-07,0.0635
2012-12-06,0.0634
2012-12-05,0.0614
2012-12-04,0.0621
2012-12-03,0.0621
2012-11-30,0.0628
2012-11-29,0.0627
2012-11-28,0.0625
2012-11-27,0.0639
2012-11-26,0.0642
2012-11-23,0.0642
2012-11-22,0.0649
2012-11-21,0.0634
2012-11-20,0.0619
2012-11-19,0.0653
2012-11-16,0.0679
2012-11-15,0.0701
2012-11-14,0.0698
2012-11-13,0.0698
2012-11-12,0.0693
2012-11-09,0.0686
2012-11-08,0.0698
2012-11-07,0.0706
2012-11-06,0.0719
2012-11-05,0.0723
2012-11-02,0.0727
2012-11-01,0.0729
2012-10-31,0.073
2012-10-30,0.0736
2012-10-29,0.0737
2012-10-26,0.0753
2012-10-25,0.0761
2012-10-24,0.0771
2012-10-23,0.0785
2012-10-22,0.0797
2012-10-19,0.0797
2012-10-18,0.0801
2012-10-17,0.08
2012-10-16,0.0808
2012-10-15,0.0793
2012-10-12,0.0793
2012-10-11,0.0803
2012-10-10,0.0782
2012-10-09,0.0793
2012-10-08,0.0796
2012-10-05,0.0803
2012-10-04,0.0782
2012-10-03,0.078
2012-10-02,0.0782
2012-10-01,0.0778
2012-09-28,0.0775
2012-09-27,0.0797
2012-09-26,0.0794
2012-09-25,0.0824
2012-09-24,0.0817
2012-09-21,0.0854
2012-09-20,0.0839
2012-09-19,0.0849
2012-09-18,0.0847
2012-09-17,0.0871
2012-09-14,0.088
2012-09-13,0.0859
2012-09-12,0.0868
2012-09-11,0.0845
2012-09-10,0.0835
2012-09-07,0.0845
2012-09-06,0.0824
2012-09-05,0.0796
2012-09-04,0.0807
2012-09-03,0.0789
2012-08-31,0.0765
2012-08-30,0.0761
2012-08-29,0.0769
2012-08-28,0.0782
2012-08-27,0.0775
2012-08-24,0.0758
2012-08-23,0.0757
2012-08-22,0.0794
2012-08-21,0.0779
2012-08-20,0.0789
2012-08-17,0.0757
2012-08-16,0.0744
2012-08-15,0.0744
2012-08-14,0.0744
2012-08-13,0.074
2012-08-10,0.074
2012-08-09,0.0734
2012-08-08,0.0726
2012-08-07,0.074
2012-08-06,0.0712
2012-08-03,0.0701
2012-08-02,0.0705
2012-08-01,0.0708
2012-07-31,0.0722
2012-07-30,0.072
2012-07-27,0.0733
2012-07-26,0.0729
2012-07-25,0.0705
2012-07-24,0.0698
2012-07-23,0.0705
2012-07-20,0.0725
2012-07-19,0.0768
2012-07-18,0.0768
2012-07-17,0.0744
2012-07-16,0.0726
2012-07-13,0.074
2012-07-12,0.0734
2012-07-11,0.0757
2012-07-10,0.0776
2012-07-09,0.079
2012-07-06,0.0782
2012-07-05,0.0852
2012-07-04,0.0801
2012-07-03,0.0734
2012-07-02,0.0698
2012-06-29,0.0676
2012-06-28,0.0649
2012-06-27,0.0653
2012-06-26,0.0663
2012-06-25,0.067
2012-06-22,0.0666
2012-06-21,0.0652
2012-06-20,0.0649
2012-06-19,0.0646
2012-06-18,0.0635
2012-06-15,0.0628
2012-06-14,0.0614
2012-06-13,0.0617
2012-06-12,0.0628
2012-06-11,0.0623
2012-06-08,0.06
2012-06-07,0.0603
2012-06-06,0.0592
2012-06-05,0.0565
2012-06-04,0.0552
2012-06-01,0.0545
2012-05-31,0.0558
2012-05-30,0.0581
2012-05-29,0.0581
2012-05-28,0.0614
2012-05-25,0.0617
2012-05-24,0.0624
2012-05-23,0.0623
2012-05-22,0.0659
2012-05-21,0.0651
2012-05-18,0.0653
2012-05-17,0.0656
2012-05-16,0.0699
2012-05-15,0.0746
2012-05-14,0.0768
2012-05-11,0.0794
2012-05-10,0.08
2012-05-09,0.0804
2012-05-08,0.0807
2012-05-07,0.0814
2012-05-04,0.081
2012-05-03,0.0799
2012-05-02,0.0813
2012-05-01,0.0813
2012-04-30,0.0813
2012-04-27,0.0796
2012-04-26,0.0789
2012-04-25,0.0818
2012-04-24,0.0804
2012-04-23,0.0768
2012-04-20,0.0793
2012-04-19,0.0775
2012-04-18,0.0799
2012-04-17,0.0803
2012-04-16,0.0801
2012-04-13,0.0842
2012-04-12,0.0843
2012-04-11,0.0856
2012-04-10,0.0849
2012-04-09,0.0874
2012-04-06,0.0874
2012-04-05,0.0874
2012-04-04,0.088
2012-04-03,0.0889
2012-04-02,0.0917
2012-03-30,0.092
2012-03-29,0.092
2012-03-28,0.0924
2012-03-27,0.0931
2012-03-26,0.0926
2012-03-23,0.0926
2012-03-22,0.0908
2012-03-21,0.0935
2012-03-20,0.0898
2012-03-19,0.0887
2012-03-16,0.0894
2012-03-15,0.0909
2012-03-14,0.0935
2012-03-13,0.0934
2012-03-12,0.0899
2012-03-09,0.0935
2012-03-08,0.0959
2012-03-07,0.0956
2012-03-06,0.0952
2012-03-05,0.0973
2012-03-02,0.0977
2012-03-01,0.0982
2012-02-29,0.0982
2012-02-28,0.0976
2012-02-27,0.0956
2012-02-24,0.0965
2012-02-23,0.0955
2012-02-22,0.0977
2012-02-21,0.0988
2012-02-20,0.0986
2012-02-17,0.0977
2012-02-16,0.0958
2012-02-15,0.0973
2012-02-14,0.0955
2012-02-13,0.0976
2012-02-10,0.0944
2012-02-09,0.0977
2012-02-08,0.0991
2012-02-07,0.0919
2012-02-06,0.0931
2012-02-03,0.0917
2012-02-02,0.0898
2012-02-01,0.0901
2012-01-31,0.0874
2012-01-30,0.0859
2012-01-27,0.0921
2012-01-26,0.0914
2012-01-25,0.0912
2012-01-24,0.0917
2012-01-23,0.0919
2012-01-20,0.0933
2012-01-19,0.0934
2012-01-18,0.0927
2012-01-17,0.0935
2012-01-16,0.0935
2012-01-13,0.0935
2012-01-12,0.094
2012-01-11,0.0935
2012-01-10,0.0947
2012-01-09,0.0947
2012-01-06,0.0951
2012-01-05,0.0935
2012-01-04,0.0954
2012-01-03,0.0977
2012-01-02,0.0919
2011-12-30,0.0887
2011-12-29,0.0902
2011-12-28,0.0891
2011-12-27,0.0898
2011-12-26,0.0859
2011-12-23,0.0859
2011-12-22,0.0845
2011-12-21,0.0827
2011-12-20,0.0845
2011-12-19,0.0866
2011-12-16,0.0863
2011-12-15,0.0891
2011-12-14,0.0853
2011-12-13,0.0934
2011-12-12,0.0935
2011-12-09,0.0976
2011-12-08,0.0984
2011-12-07,0.098
2011-12-06,0.0951
2011-12-05,0.0982
2011-12-02,0.0859
2011-12-01,0.0821
2011-11-30,0.0863
2011-11-29,0.0847
2011-11-28,0.0824
2011-11-25,0.0746
2011-11-24,0.074
2011-11-23,0.0726
2011-11-22,0.0715
2011-11-21,0.0737
2011-11-18,0.0754
2011-11-17,0.0768
2011-11-16,0.074
2011-11-15,0.0767
2011-11-14,0.0807
2011-11-11,0.0838
2011-11-10,0.0839
2011-11-09,0.0891
2011-11-08,0.0948
2011-11-07,0.0955
2011-11-04,0.0976
2011-11-03,0.1012
2011-11-02,0.0982
2011-11-01,0.0997
2011-10-31,0.1074
2011-10-28,0.1092
2011-10-27,0.1124
2011-10-26,0.11
2011-10-25,0.11
2011-10-24,0.1093
2011-10-21,0.1082
2011-10-20,0.1035
2011-10-19,0.1089
2011-10-18,0.1103
2011-10-17,0.1103
2011-10-14,0.1113
2011-10-13,0.1117
2011-10-12,0.1117
2011-10-11,0.1103
2011-10-10,0.1121
2011-10-07,0.1102
2011-10-06,0.1118
2011-10-05,0.1117
2011-10-04,0.1096
2011-10-03,0.1131
2011-09-30,0.1173
2011-09-29,0.1192
2011-09-28,0.118
2011-09-27,0.1187
2011-09-26,0.1146
2011-09-23,0.117
2011-09-22,0.1148
2011-09-21,0.1229
2011-09-20,0.1229
2011-09-19,0.1206
2011-09-16,0.1284
2011-09-15,0.1264
2011-09-14,0.123
2011-09-13,0.1209
2011-09-12,0.119
2011-09-09,0.1236
2011-09-08,0.127
2011-09-07,0.1273
2011-09-06,0.127
2011-09-05,0.1296
2011-09-02,0.1333
2011-09-01,0.1381
2011-08-31,0.1344
2011-08-30,0.1283
2011-08-29,0.125
2011-08-26,0.1213
2011-08-25,0.1222
2011-08-24,0.1215
2011-08-23,0.1206
2011-08-22,0.1231
2011-08-19,0.125
2011-08-18,0.1227
2011-08-17,0.1277
2011-08-16,0.1272
2011-08-15,0.13
2011-08-12,0.1291
2011-08-11,0.1262
2011-08-10,0.1259
2011-08-09,0.1312
2011-08-08,0.1326
2011-08-05,0.1384
2011-08-04,0.1402
2011-08-03,0.1466
2011-08-02,0.1515
2011-08-01,0.1562
2011-07-29,0.1606
2011-07-28,0.1624
2011-07-27,0.1636
2011-07-26,0.171
2011-07-25,0.1731
2011-07-22,0.1737
2011-07-21,0.1657
2011-07-20,0.1606
2011-07-19,0.1544
2011-07-18,0.1553
2011-07-15,0.162
2011-07-14,0.1642
2011-07-13,0.1678
2011-07-12,0.1682
2011-07-11,0.1675
2011-07-08,0.1793
2011-07-07,0.1836
2011-07-06,0.1808
2011-07-05,0.1907
2011-07-04,0.1918
2011-07-01,0.1886
2011-06-30,0.1895
2011-06-29,0.1801
2011-06-28,0.1742
2011-06-27,0.1759
2011-06-24,0.1788
2011-06-23,0.185
2011-06-22,0.1889
2011-06-21,0.1913
2011-06-20,0.1871
2011-06-17,0.1895
2011-06-16,0.1899
2011-06-15,0.1977
2011-06-14,0.1948
2011-06-13,0.1955
2011-06-10,0.185
2011-06-09,0.1882
2011-06-08,0.1882
2011-06-07,0.1925
2011-06-06,0.1942
2011-06-03,0.1934
2011-06-02,0.19
2011-06-01,0.1941
2011-05-31,0.1977
2011-05-30,0.196
2011-05-27,0.201
2011-05-26,0.2055
2011-05-25,0.2052
2011-05-24,0.2052
2011-05-23,0.2033
2011-05-20,0.2041
2011-05-19,0.2066
2011-05-18,0.2068
2011-05-17,0.2098
2011-05-16,0.2098
2011-05-13,0.2118
2011-05-12,0.2101
2011-05-11,0.2136
2011-05-10,0.2147
2011-05-09,0.2111
2011-05-06,0.2136
2011-05-05,0.2104
2011-05-04,0.2117
2011-05-03,0.209
2011-05-02,0.2107
2011-04-29,0.208
2011-04-28,0.2098
2011-04-27,0.2084
2011-04-26,0.2098
2011-04-21,0.2114
2011-04-20,0.2108
2011-04-19,0.2096
2011-04-18,0.2104
2011-04-15,0.2165
2011-04-14,0.2179
2011-04-13,0.222
2011-04-12,0.2203
2011-04-11,0.2223
2011-04-08,0.2225
2011-04-07,0.2216
2011-04-06,0.2175
2011-04-05,0.2199
2011-04-04,0.2202
2011-04-01,0.2217
2011-03-31,0.2216
2011-03-30,0.22
2011-03-29,0.2206
2011-03-28,0.2245
2011-03-25,0.2234
2011-03-24,0.2188
2011-03-23,0.2185
2011-03-22,0.2253
2011-03-21,0.2318
2011-03-18,0.2304
2011-03-17,0.2311
2011-03-16,0.2297
2011-03-15,0.234
2011-03-14,0.2382
2011-03-11,0.2373
2011-03-10,0.2387
2011-03-09,0.2414
2011-03-08,0.2412
2011-03-07,0.2415
2011-03-04,0.2425
2011-03-03,0.2422
2011-03-02,0.2447
2011-03-01,0.2442
2011-02-28,0.2443
2011-02-25,0.2433
2011-02-24,0.2467
2011-02-23,0.248
2011-02-22,0.2516
2011-02-21,0.2513
2011-02-18,0.2583
2011-02-17,0.2619
2011-02-16,0.2614
2011-02-15,0.2605
2011-02-14,0.2597
2011-02-11,0.2608
2011-02-10,0.2581
2011-02-09,0.2625
2011-02-08,0.2625
2011-02-07,0.2601
2011-02-04,0.2588
2011-02-03,0.2556
2011-02-02,0.2579
2011-02-01,0.2559
2011-01-31,0.252
2011-01-28,0.2534
2011-01-27,0.2555
2011-01-26,0.2558
2011-01-25,0.2588
2011-01-24,0.2674
2011-01-21,0.269
2011-01-20,0.2623
2011-01-19,0.2569
2011-01-18,0.2548
2011-01-17,0.2509
2011-01-14,0.2506
2011-01-13,0.2519
2011-01-12,0.2526
2011-01-11,0.245
2011-01-10,0.2352
2011-01-07,0.2415
2011-01-06,0.2519
2011-01-05,0.2597
2011-01-04,0.2658
2011-01-03,0.2665
2010-12-31,0.2667
2010-12-30,0.2644
2010-12-29,0.2643
2010-12-28,0.264
2010-12-27,0.2616
2010-12-24,0.2637
2010-12-23,0.2634
2010-12-22,0.2646
2010-12-21,0.2607
2010-12-20,0.2609
2010-12-17,0.2622
2010-12-16,0.2644
2010-12-15,0.2685
2010-12-14,0.269
2010-12-13,0.2721
2010-12-10,0.2667
2010-12-09,0.2671
2010-12-08,0.2662
2010-12-07,0.2664
2010-12-06,0.2625
2010-12-03,0.2594
2010-12-02,0.2609
2010-12-01,0.2512
2010-11-30,0.2344
2010-11-29,0.2457
2010-11-26,0.256
2010-11-25,0.2639
2010-11-24,0.2675
2010-11-23,0.2667
2010-11-22,0.2762
2010-11-19,0.2826
2010-11-18,0.2868
2010-11-17,0.282
2010-11-16,0.2805
2010-11-15,0.2852
2010-11-12,0.2806
2010-11-11,0.2767
2010-11-10,0.2834
2010-11-09,0.2901
2010-11-08,0.289
2010-11-05,0.3016
2010-11-04,0.3113
2010-11-03,0.3126
2010-11-02,0.3154
2010-11-01,0.3152
2010-10-29,0.3099
2010-10-28,0.3129
2010-10-27,0.3064
2010-10-26,0.3148
2010-10-25,0.3091
2010-10-22,0.3009
2010-10-21,0.3002
2010-10-20,0.2988
2010-10-19,0.2995
2010-10-18,0.2982
2010-10-15,0.2967
2010-10-14,0.2946
2010-10-13,0.2953
2010-10-12,0.2918
2010-10-11,0.2957
2010-10-08,0.2961
2010-10-07,0.2992
2010-10-06,0.2946
2010-10-05,0.2918
2010-10-04,0.2904
2010-10-01,0.2946
2010-09-30,0.2925
2010-09-29,0.2957
2010-09-28,0.2956
2010-09-27,0.2992
2010-09-24,0.3009
2010-09-23,0.3006
2010-09-22,0.3044
2010-09-21,0.3064
2010-09-20,0.3044
2010-09-17,0.3044
2010-09-16,0.3095
2010-09-15,0.3109
2010-09-14,0.3147
2010-09-13,0.3138
2010-09-10,0.3074
2010-09-09,0.3099
2010-09-08,0.3085
2010-09-07,0.3113
2010-09-06,0.3134
2010-09-03,0.3155
2010-09-02,0.3147
2010-09-01,0.3162
2010-08-31,0.3113
2010-08-30,0.3104
2010-08-27,0.3099
2010-08-26,0.3074
2010-08-25,0.3002
2010-08-24,0.3077
2010-08-23,0.3127
2010-08-20,0.3127
2010-08-19,0.3164
2010-08-18,0.3197
2010-08-17,0.3225
2010-08-16,0.3214
2010-08-13,0.3222
2010-08-12,0.324
2010-08-11,0.3292
2010-08-10,0.3349
2010-08-09,0.3351
2010-08-06,0.3257
2010-08-05,0.3323
2010-08-04,0.3324
2010-08-03,0.3326
2010-08-02,0.3348
2010-07-30,0.3274
2010-07-29,0.3327
2010-07-28,0.3363
2010-07-27,0.3379
2010-07-26,0.3366
2010-07-23,0.3278
2010-07-22,0.3268
2010-07-21,0.3225
2010-07-20,0.3141
2010-07-19,0.3145
2010-07-16,0.3179
2010-07-15,0.32
2010-07-14,0.324
2010-07-13,0.326
2010-07-12,0.3169
2010-07-09,0.3145
2010-07-08,0.3109
2010-07-07,0.3016
2010-07-06,0.3002
2010-07-05,0.2921
2010-07-02,0.2896
2010-07-01,0.2904
2010-06-30,0.2943
2010-06-29,0.2974
2010-06-28,0.3023
2010-06-25,0.2981
2010-06-24,0.2995
2010-06-23,0.3106
2010-06-22,0.3155
2010-06-21,0.3183
2010-06-18,0.3071
2010-06-17,0.2983
2010-06-16,0.3016
2010-06-15,0.2974
2010-06-14,0.2961
2010-06-11,0.2923
2010-06-10,0.2876
2010-06-09,0.2795
2010-06-08,0.2788
2010-06-07,0.2856
2010-06-04,0.2901
2010-06-03,0.2988
2010-06-02,0.2937
2010-06-01,0.297
2010-05-31,0.2975
2010-05-28,0.2974
2010-05-27,0.3004
2010-05-26,0.302
2010-05-25,0.2792
2010-05-24,0.2928
2010-05-21,0.2932
2010-05-20,0.291
2010-05-19,0.3028
2010-05-18,0.3112
2010-05-17,0.3016
2010-05-14,0.3078
2010-05-13,0.3272
2010-05-12,0.3226
2010-05-11,0.315
2010-05-10,0.3228
2010-05-07,0.2896
2010-05-06,0.2947
2010-05-05,0.3031
2010-05-04,0.3053
2010-05-03,0.3247
2010-04-30,0.3208
2010-04-29,0.3158
2010-04-28,0.2868
2010-04-27,0.303
2010-04-26,0.3365
2010-04-23,0.3469
2010-04-22,0.3381
2010-04-21,0.3479
2010-04-20,0.358
2010-04-19,0.3571
2010-04-16,0.356
2010-04-15,0.3588
2010-04-14,0.3587
2010-04-13,0.3525
2010-04-12,0.356
2010-04-09,0.3518
2010-04-08,0.3467
2010-04-07,0.349
2010-04-06,0.3462
2010-04-01,0.33
2010-03-31,0.3256
2010-03-30,0.3302
2010-03-29,0.3316
2010-03-26,0.3277
2010-03-25,0.3268
2010-03-24,0.3263
2010-03-23,0.3323
2010-03-22,0.3289
2010-03-19,0.331
2010-03-18,0.3344
2010-03-17,0.3381
2010-03-16,0.3323
2010-03-15,0.3312
2010-03-12,0.339
2010-03-11,0.3379
2010-03-10,0.3355
2010-03-09,0.3284
2010-03-08,0.3327
2010-03-05,0.337
2010-03-04,0.3186
2010-03-03,0.3194
2010-03-02,0.3158
2010-03-01,0.3133
2010-02-26,0.3059
2010-02-25,0.3048
2010-02-24,0.3113
2010-02-23,0.3109
2010-02-22,0.321
2010-02-19,0.3232
2010-02-18,0.3198
2010-02-17,0.318
2010-02-16,0.3122
2010-02-15,0.3102
2010-02-12,0.3085
2010-02-11,0.3151
2010-02-10,0.318
2010-02-09,0.3095
2010-02-08,0.3071
2010-02-05,0.3044
2010-02-04,0.3141
2010-02-03,0.3471
2010-02-02,0.3602
2010-02-01,0.3513
2010-01-29,0.3468
2010-01-28,0.345
2010-01-27,0.3461
2010-01-26,0.3513
2010-01-25,0.3504
2010-01-22,0.351
2010-01-21,0.3574
2010-01-20,0.363
2010-01-19,0.3686
2010-01-18,0.3686
2010-01-15,0.3698
2010-01-14,0.3783
2010-01-12,0.3768
2010-01-11,0.3825
2010-01-08,0.3832
2010-01-07,0.3839
2010-01-06,0.3747
2010-01-05,0.3707
2010-01-04,0.3756
2009-12-31,0.3595
2009-12-30,0.3546
2009-12-29,0.3543
2009-12-28,0.3546
2009-12-24,0.3555
2009-12-23,0.3553
2009-12-22,0.3574
2009-12-21,0.3487
2009-12-18,0.3443
2009-12-17,0.3441
2009-12-16,0.3476
2009-12-15,0.3451
2009-12-14,0.3451
2009-12-11,0.3447
2009-12-10,0.3467
2009-12-09,0.342
2009-12-08,0.3486
2009-12-07,0.3545
2009-12-04,0.3573
2009-12-03,0.3581
2009-12-02,0.3602
2009-12-01,0.3595
2009-11-30,0.3532
2009-11-27,0.3585
2009-11-26,0.3532
2009-11-25,0.3638
2009-11-24,0.3633
2009-11-23,0.363
2009-11-20,0.3644
2009-11-19,0.3494
2009-11-18,0.3548
2009-11-17,0.3476
2009-11-16,0.3487
2009-11-13,0.3453
2009-11-12,0.3494
2009-11-11,0.3518
2009-11-10,0.3492
2009-11-09,0.3511
2009-11-06,0.3471
2009-11-05,0.3546
2009-11-04,0.3476
2009-11-03,0.3367
2009-11-02,0.3439
2009-10-30,0.3423
2009-10-29,0.3499
2009-10-28,0.3351
2009-10-27,0.3559
2009-10-26,0.3672
2009-10-23,0.3769
2009-10-22,0.3797
2009-10-21,0.3892
2009-10-20,0.393
2009-10-19,0.3923
2009-10-16,0.3765
2009-10-15,0.3769
2009-10-14,0.3816
2009-10-13,0.3804
2009-10-12,0.3943
2009-10-09,0.3739
2009-10-08,0.3588
2009-10-07,0.3504
2009-10-06,0.3481
2009-10-05,0.3434
2009-10-02,0.343
2009-10-01,0.3492
2009-09-30,0.3536
2009-09-29,0.3527
2009-09-28,0.3546
2009-09-25,0.35
2009-09-24,0.3532
2009-09-23,0.3577
2009-09-22,0.3599
2009-09-21,0.3556
2009-09-18,0.3591
2009-09-17,0.3557
2009-09-16,0.363
2009-09-15,0.3672
2009-09-14,0.3626
2009-09-11,0.3513
2009-09-10,0.345
2009-09-09,0.342
2009-09-08,0.3407
2009-09-07,0.3423
2009-09-04,0.3316
2009-09-03,0.3295
2009-09-02,0.3252
2009-09-01,0.3333
2009-08-31,0.3464
2009-08-28,0.3532
2009-08-27,0.3462
2009-08-26,0.3418
2009-08-25,0.3476
2009-08-24,0.349
2009-08-21,0.3531
2009-08-20,0.3419
2009-08-19,0.3253
2009-08-18,0.3155
2009-08-17,0.3066
2009-08-14,0.318
2009-08-13,0.3162
2009-08-12,0.312
2009-08-11,0.3122
2009-08-10,0.3113
2009-08-07,0.3113
2009-08-06,0.3165
2009-08-05,0.3127
2009-08-04,0.3002
2009-08-03,0.2988
2009-07-31,0.2986
2009-07-30,0.2999
2009-07-29,0.2978
2009-07-28,0.2989
2009-07-27,0.3002
2009-07-24,0.3016
2009-07-23,0.3013
2009-07-22,0.2971
2009-07-21,0.2972
2009-07-20,0.3002
2009-07-17,0.3002
2009-07-16,0.2974
2009-07-15,0.2993
2009-07-14,0.2918
2009-07-13,0.2841
2009-07-10,0.2876
2009-07-09,0.2971
2009-07-08,0.2947
2009-07-07,0.2988
2009-07-06,0.3051
2009-07-03,0.3057
2009-07-02,0.3044
2009-07-01,0.3071
2009-06-30,0.3044
2009-06-29,0.3062
2009-06-26,0.3042
2009-06-25,0.3037
2009-06-24,0.3016
2009-06-23,0.2963
2009-06-22,0.309
2009-06-19,0.3125
2009-06-18,0.3101
2009-06-17,0.3141
2009-06-16,0.3267
2009-06-15,0.3218
2009-06-12,0.3334
2009-06-11,0.332
2009-06-10,0.3362
2009-06-09,0.3282
2009-06-08,0.3147
2009-06-05,0.3302
2009-06-04,0.3331
2009-06-03,0.3372
2009-06-02,0.3434
2009-06-01,0.3407
2009-05-29,0.327
2009-05-28,0.3401
2009-05-27,0.3448
2009-05-26,0.342
2009-05-25,0.3411
2009-05-22,0.3425
2009-05-21,0.339
2009-05-20,0.349
2009-05-19,0.3493
2009-05-18,0.349
2009-05-15,0.3312
2009-05-14,0.3162
2009-05-13,0.3028
2009-05-12,0.2974
2009-05-11,0.3267
2009-05-08,0.3337
2009-05-07,0.3462
2009-05-06,0.3662
2009-05-05,0.3763
2009-05-04,0.3686
2009-05-01,0.342
2009-04-30,0.342
2009-04-29,0.3253
2009-04-28,0.3112
2009-04-27,0.2988
2009-04-24,0.282
2009-04-23,0.2722
2009-04-22,0.2736
2009-04-21,0.2714
2009-04-20,0.2637
2009-04-17,0.266
2009-04-16,0.253
2009-04-15,0.2456
2009-04-14,0.2457
2009-04-13,0.2394
2009-04-10,0.2394
2009-04-09,0.2394
2009-04-08,0.2354
2009-04-07,0.2372
2009-04-06,0.2373
2009-04-03,0.2373
2009-04-02,0.2327
2009-04-01,0.2245
2009-03-31,0.222
2009-03-30,0.2181
2009-03-27,0.2327
2009-03-26,0.2319
2009-03-25,0.2366
2009-03-24,0.2354
2009-03-23,0.2442
2009-03-20,0.229
2009-03-19,0.2154
2009-03-18,0.2066
2009-03-17,0.1939
2009-03-16,0.1897
2009-03-13,0.1808
2009-03-12,0.1774
2009-03-11,0.1745
2009-03-10,0.1745
2009-03-09,0.1675
2009-03-06,0.168
2009-03-05,0.1724
2009-03-04,0.1797
2009-03-03,0.1761
2009-03-02,0.1878
2009-02-27,0.192
2009-02-26,0.1955
2009-02-25,0.1969
2009-02-24,0.1932
2009-02-23,0.1956
2009-02-20,0.202
2009-02-19,0.2149
2009-02-18,0.2153
2009-02-17,0.2164
2009-02-16,0.223
2009-02-13,0.2248
2009-02-12,0.2221
2009-02-11,0.2248
2009-02-10,0.2258
2009-02-09,0.2234
2009-02-06,0.2206
2009-02-05,0.2206
2009-02-04,0.2214
2009-02-03,0.2248
2009-02-02,0.2265
2009-01-30,0.2259
2009-01-29,0.2278
2009-01-28,0.2306
2009-01-27,0.2295
2009-01-26,0.2269
2009-01-23,0.2203
2009-01-22,0.2172
2009-01-21,0.2186
2009-01-20,0.2165
2009-01-19,0.2178
2009-01-16,0.2256
2009-01-15,0.227
2009-01-14,0.2241
2009-01-13,0.234
2009-01-12,0.2316
2009-01-09,0.2276
2009-01-08,0.2281
2009-01-07,0.2334
2009-01-06,0.2421
2009-01-05,0.2248
2009-01-02,0.2164
2009-01-01,0.2129
2008-12-31,0.2129
2008-12-30,0.2161
2008-12-29,0.215
2008-12-26,0.2126
2008-12-25,0.2126
2008-12-24,0.2126
2008-12-23,0.214
2008-12-22,0.214
2008-12-19,0.2171
2008-12-18,0.2177
2008-12-17,0.2164
2008-12-16,0.2129
2008-12-15,0.2128
2008-12-12,0.2135
2008-12-11,0.215
2008-12-10,0.2199
2008-12-09,0.2221
2008-12-08,0.2197
2008-12-05,0.2101
2008-12-04,0.2223
2008-12-03,0.2234
2008-12-02,0.2171
2008-12-01,0.2182
2008-11-28,0.2265
2008-11-27,0.233
2008-11-26,0.2304
2008-11-25,0.2305
2008-11-24,0.2327
2008-11-21,0.2252
2008-11-20,0.2234
2008-11-19,0.2305
2008-11-18,0.2415
2008-11-17,0.2514
2008-11-14,0.2565
2008-11-13,0.2569
2008-11-12,0.2598
2008-11-11,0.2681
2008-11-10,0.2801
2008-11-07,0.2806
2008-11-06,0.2889
2008-11-05,0.3009
2008-11-04,0.318
2008-11-03,0.2932
2008-10-31,0.2904
2008-10-30,0.2974
2008-10-29,0.295
2008-10-28,0.2889
2008-10-27,0.2862
2008-10-24,0.282
2008-10-23,0.2978
2008-10-22,0.3044
2008-10-21,0.3136
2008-10-20,0.3044
2008-10-17,0.2947
2008-10-16,0.2808
2008-10-15,0.2967
2008-10-14,0.306
2008-10-13,0.2583
2008-10-10,0.215
2008-10-09,0.2306
2008-10-08,0.2332
2008-10-07,0.2527
2008-10-06,0.2708
2008-10-03,0.2946
2008-10-02,0.3002
2008-10-01,0.3071
2008-09-30,0.3064
2008-09-29,0.3131
2008-09-26,0.319
2008-09-25,0.3166
2008-09-24,0.3169
2008-09-23,0.3253
2008-09-22,0.3253
2008-09-19,0.3226
2008-09-18,0.3155
2008-09-17,0.342
2008-09-16,0.3408
2008-09-15,0.3515
2008-09-12,0.3588
2008-09-11,0.361
2008-09-10,0.3616
2008-09-09,0.3656
2008-09-08,0.3728
2008-09-05,0.363
2008-09-04,0.3691
2008-09-03,0.3781
2008-09-02,0.3742
2008-09-01,0.3683
2008-08-29,0.37
2008-08-28,0.3714
2008-08-27,0.3686
2008-08-26,0.3714
2008-08-25,0.3672
2008-08-22,0.3658
2008-08-21,0.3602
2008-08-20,0.3602
2008-08-19,0.3574
2008-08-18,0.3644
2008-08-15,0.363
2008-08-14,0.3658
2008-08-13,0.3672
2008-08-12,0.3867
2008-08-11,0.3769
2008-08-08,0.356
2008-08-07,0.3504
2008-08-06,0.3588
2008-08-05,0.3532
2008-08-04,0.3448
2008-08-01,0.3602
2008-07-31,0.3783
2008-07-30,0.3783
2008-07-29,0.3769
2008-07-28,0.3867
2008-07-25,0.4035
2008-07-24,0.4105
2008-07-23,0.4412
2008-07-22,0.4342
2008-07-21,0.4021
2008-07-18,0.3644
2008-07-17,0.349
2008-07-16,0.3351
2008-07-15,0.3351
2008-07-14,0.3448
2008-07-11,0.3532
2008-07-10,0.3644
2008-07-09,0.3546
2008-07-08,0.3365
2008-07-07,0.3365
2008-07-04,0.3309
2008-07-03,0.3267
2008-07-02,0.3309
2008-07-01,0.3309
2008-06-30,0.3616
2008-06-27,0.3783
2008-06-26,0.3909
2008-06-25,0.4091
2008-06-24,0.3937
2008-06-23,0.4021
2008-06-20,0.416
2008-06-19,0.437
2008-06-18,0.4565
2008-06-17,0.4691
2008-06-16,0.4719
2008-06-13,0.4789
2008-06-12,0.4761
2008-06-11,0.4621
2008-06-10,0.4817
2008-06-09,0.4789
2008-06-06,0.4914
2008-06-05,0.5166
2008-06-04,0.5194
2008-06-03,0.5249
2008-06-02,0.5096
2008-05-30,0.5235
2008-05-29,0.5403
2008-05-28,0.5556
2008-05-27,0.5612
2008-05-26,0.5836
2008-05-23,0.5878
2008-05-22,0.5906
2008-05-21,0.6017
2008-05-20,0.6129
2008-05-19,0.6241
2008-05-16,0.6227
2008-05-15,0.6478
2008-05-14,0.6534
2008-05-13,0.6827
2008-05-12,0.6618
2008-05-09,0.6464
2008-05-08,0.6478
2008-05-07,0.6394
2008-05-06,0.6366
2008-05-05,0.6352
2008-05-02,0.6338
2008-04-30,0.6255
2008-04-29,0.6324
2008-04-28,0.6338
2008-04-25,0.6352
2008-04-24,0.631
2008-04-23,0.6366
2008-04-22,0.6604
2008-04-21,0.6576
2008-04-18,0.6464
2008-04-17,0.6394
2008-04-16,0.6408
2008-04-15,0.6296
2008-04-14,0.6282
2008-04-11,0.6338
2008-04-10,0.6436
2008-04-09,0.6478
2008-04-08,0.6492
2008-04-07,0.6422
2008-04-04,0.6366
2008-04-03,0.6296
2008-04-02,0.6366
2008-04-01,0.631
2008-03-31,0.6143
2008-03-28,0.6227
2008-03-27,0.6213
2008-03-26,0.5961
2008-03-25,0.5989
2008-03-20,0.585
2008-03-19,0.5933
2008-03-18,0.6003
2008-03-17,0.5808
2008-03-14,0.6101
2008-03-13,0.6157
2008-03-12,0.6324
2008-03-11,0.6255
2008-03-10,0.6269
2008-03-07,0.6478
2008-03-06,0.6562
2008-03-05,0.6631
2008-03-04,0.638
2008-03-03,0.645
2008-02-29,0.6645
2008-02-28,0.6771
2008-02-27,0.6799
2008-02-26,0.6953
2008-02-25,0.6939
2008-02-22,0.6953
2008-02-21,0.7036
2008-02-20,0.6981
2008-02-19,0.6953
2008-02-18,0.6743
2008-02-15,0.6687
2008-02-14,0.6757
2008-02-13,0.6631
2008-02-12,0.6618
2008-02-11,0.6352
2008-02-08,0.6506
2008-02-07,0.6492
2008-02-06,0.6687
2008-02-05,0.652
2008-02-04,0.6939
2008-02-01,0.6631
2008-01-31,0.6366
2008-01-30,0.6422
2008-01-29,0.6422
2008-01-28,0.6338
2008-01-25,0.6352
2008-01-24,0.6199
2008-01-23,0.6143
2008-01-22,0.6255
2008-01-21,0.6255
2008-01-18,0.6673
2008-01-17,0.6771
2008-01-16,0.7022
2008-01-15,0.6827
2008-01-14,0.712
2008-01-11,0.7036
2008-01-10,0.7232
2008-01-09,0.7804
2008-01-08,0.8321
2008-01-07,0.8097
2008-01-04,0.853
2008-01-03,0.8642
2008-01-02,0.9061
2007-12-31,0.9284
2007-12-28,0.9284
2007-12-27,0.9326
2007-12-24,0.9452
2007-12-21,0.9466
2007-12-20,0.9368
2007-12-19,0.9773
2007-12-18,0.994
2007-12-17,1.0066
2007-12-14,1.0178
2007-12-13,1.008
2007-12-12,1.0443
2007-12-11,1.0541
2007-12-10,1.0485
2007-12-07,1.0415
2007-12-06,1.0345
2007-12-05,1.0596
2007-12-04,1.0666
2007-12-03,1.082
2007-11-30,1.0862
2007-11-29,1.061
2007-11-28,1.0387
2007-11-27,1.0178
2007-11-26,1.0359
2007-11-23,1.0275
2007-11-22,1.0164
2007-11-21,0.9898
2007-11-20,1.0261
2007-11-19,1.0666
2007-11-16,1.1057
2007-11-15,1.128
2007-11-14,1.1462
2007-11-13,1.1518
2007-11-12,1.1406
2007-11-09,1.1406
2007-11-08,1.1546
2007-11-07,1.1713
2007-11-06,1.1783
2007-11-05,1.163
2007-11-02,1.1657
2007-11-01,1.1769
2007-10-31,1.1685
2007-10-30,1.1574
2007-10-29,1.1797
2007-10-26,1.1602
2007-10-25,1.1825
2007-10-24,1.1727
2007-10-23,1.2104
2007-10-22,1.2006
2007-10-19,1.2188
2007-10-18,1.2258
2007-10-17,1.2244
2007-10-16,1.2104
2007-10-15,1.2202
2007-10-12,1.2146
2007-10-11,1.2202
2007-10-10,1.2272
2007-10-09,1.23
2007-10-08,1.2397
2007-10-05,1.2439
2007-10-04,1.2174
2007-10-03,1.1867
2007-10-02,1.1755
2007-10-01,1.1294
2007-09-28,1.1001
2007-09-27,1.1127
2007-09-26,1.1043
2007-09-25,1.1057
2007-09-24,1.1797
2007-09-21,1.1895
2007-09-20,1.1657
2007-09-19,1.1881
2007-09-18,1.1588
2007-09-17,1.1699
2007-09-14,1.23
2007-09-13,1.2718
2007-09-12,1.2942
2007-09-11,1.2942
2007-09-10,1.2649
2007-09-07,1.3026
2007-09-06,1.3626
2007-09-05,1.3514
2007-09-04,1.3668
2007-09-03,1.3472
2007-08-31,1.3277
2007-08-30,1.304
2007-08-29,1.2635
2007-08-28,1.2565
2007-08-27,1.2844
2007-08-24,1.276
2007-08-23,1.2732
2007-08-22,1.2816
2007-08-21,1.2565
2007-08-20,1.2495
2007-08-17,1.2286
2007-08-16,1.2551
2007-08-15,1.2956
2007-08-14,1.3151
2007-08-13,1.343
2007-08-10,1.3835
2007-08-09,1.4589
2007-08-08,1.4729
2007-08-07,1.4757
2007-08-06,1.4743
2007-08-03,1.4799
2007-08-02,1.4841
2007-08-01,1.4268
2007-07-31,1.4491
2007-07-30,1.4394
2007-07-27,1.431
2007-07-26,1.4533
2007-07-25,1.4519
2007-07-24,1.4854
2007-07-23,1.5148
2007-07-20,1.4645
2007-07-19,1.4673
2007-07-18,1.4589
2007-07-17,1.4519
2007-07-16,1.4561
2007-07-13,1.4561
2007-07-12,1.4464
2007-07-11,1.4212
2007-07-10,1.4338
2007-07-09,1.4464
2007-07-06,1.4478
2007-07-05,1.4561
2007-07-04,1.4813
2007-07-03,1.4868
2007-07-02,1.4938
2007-06-29,1.5008
2007-06-28,1.4896
2007-06-27,1.4603
2007-06-26,1.4673
2007-06-25,1.4799
2007-06-22,1.5176
2007-06-21,1.5106
2007-06-20,1.5287
2007-06-19,1.491
2007-06-18,1.4659
2007-06-15,1.4659
2007-06-14,1.438
2007-06-13,1.3933
2007-06-12,1.3598
2007-06-11,1.3807
2007-06-08,1.3821
2007-06-07,1.3752
2007-06-06,1.3989
2007-06-05,1.4254
2007-06-04,1.3821
2007-05-31,1.3584
2007-05-30,1.3598
2007-05-29,1.3682
2007-05-28,1.3682
2007-05-25,1.3654
2007-05-24,1.364
2007-05-23,1.3696
2007-05-22,1.371
2007-05-21,1.3626
2007-05-18,1.371
2007-05-17,1.3724
2007-05-16,1.3598
2007-05-15,1.371
2007-05-14,1.3752
2007-05-11,1.3696
2007-05-10,1.3779
2007-05-09,1.3221
2007-05-08,1.3026
2007-05-07,1.3054
2007-05-04,1.3067
2007-05-03,1.2732
2007-05-02,1.3081
2007-04-30,1.3067
2007-04-27,1.3221
2007-04-26,1.3081
2007-04-25,1.3054
2007-04-24,1.3095
2007-04-23,1.3137
2007-04-20,1.3137
2007-04-19,1.3067
2007-04-18,1.3081
2007-04-17,1.3067
2007-04-16,1.3109
2007-04-13,1.2844
2007-04-12,1.2816
2007-04-11,1.276
2007-04-10,1.2928
2007-04-05,1.2886
2007-04-04,1.2984
2007-04-03,1.3067
2007-04-02,1.2914
2007-03-30,1.2886
2007-03-29,1.2663
2007-03-28,1.2649
2007-03-27,1.2788
2007-03-26,1.2718
2007-03-23,1.2718
2007-03-22,1.2718
2007-03-21,1.2621
2007-03-20,1.2788
2007-03-19,1.2788
2007-03-16,1.2621
2007-03-15,1.2718
2007-03-14,1.2565
2007-03-13,1.2872
2007-03-12,1.2914
2007-03-09,1.2816
2007-03-08,1.2788
2007-03-07,1.2802
2007-03-06,1.2886
2007-03-05,1.2495
2007-03-02,1.2481
2007-03-01,1.2174
2007-02-28,1.2383
2007-02-27,1.2467
2007-02-26,1.3221
2007-02-23,1.2998
2007-02-22,1.3403
2007-02-21,1.3375
2007-02-20,1.3612
2007-02-19,1.3361
2007-02-16,1.3123
2007-02-15,1.2816
2007-02-14,1.2635
2007-02-13,1.2425
2007-02-12,1.2453
2007-02-09,1.2481
2007-02-08,1.2342
2007-02-07,1.2286
2007-02-06,1.2076
2007-02-05,1.2076
2007-02-02,1.1909
2007-02-01,1.1657
2007-01-31,1.1336
2007-01-30,1.1364
2007-01-29,1.1308
2007-01-26,1.1183
2007-01-25,1.1308
2007-01-24,1.1336
2007-01-23,1.1378
2007-01-22,1.1378
2007-01-19,1.1294
2007-01-18,1.1364
2007-01-17,1.1364
2007-01-16,1.1378
2007-01-15,1.1336
2007-01-12,1.1113
2007-01-11,1.1029
2007-01-10,1.0471
2007-01-09,1.0471
2007-01-08,1.0513
2007-01-05,1.0499
2007-01-04,1.0568
2007-01-03,1.0582
2007-01-02,1.0568
2006-12-29,1.0471
2006-12-28,1.0457
2006-12-27,1.0471
2006-12-22,1.0485
2006-12-21,1.0457
2006-12-20,1.0457
2006-12-19,1.0485
2006-12-18,1.0471
2006-12-15,1.0471
2006-12-14,1.0527
2006-12-13,1.0401
2006-12-12,1.0317
2006-12-11,1.0317
2006-12-08,1.0373
2006-12-07,1.0345
2006-12-06,1.0401
2006-12-05,1.0401
2006-12-04,1.0303
2006-12-01,1.0164
2006-11-30,1.0261
2006-11-29,1.0178
2006-11-28,1.0024
2006-11-27,1.0164
2006-11-24,1.0317
2006-11-23,1.0331
2006-11-22,1.0345
2006-11-21,1.0331
2006-11-20,1.0345
2006-11-17,1.0401
2006-11-16,1.0471
2006-11-15,1.0471
2006-11-14,1.0429
2006-11-13,1.0387
2006-11-10,1.0443
2006-11-09,1.0429
2006-11-08,1.0415
2006-11-07,1.0443
2006-11-06,1.0415
2006-11-03,1.0499
2006-11-02,1.0582
2006-11-01,1.061
2006-10-31,1.0624
2006-10-30,1.0513
2006-10-27,1.0443
2006-10-26,1.0499
2006-10-25,1.0652
2006-10-24,1.068
2006-10-23,1.068
2006-10-20,1.0582
2006-10-19,1.0485
2006-10-18,1.0192
2006-10-17,0.9996
2006-10-16,0.9801
2006-10-13,0.994
2006-10-12,0.9954
2006-10-11,0.9968
2006-10-10,1.0066
2006-10-09,1.0094
2006-10-06,1.0178
2006-10-05,1.0164
2006-10-04,1.0219
2006-10-03,1.0164
2006-10-02,1.0345
2006-09-29,0.9968
2006-09-28,0.9843
2006-09-27,0.9829
2006-09-26,0.9703
2006-09-25,0.9759
2006-09-22,0.9773
2006-09-21,0.9843
2006-09-20,0.9703
2006-09-19,0.9787
2006-09-18,0.9787
2006-09-15,0.9801
2006-09-14,0.9912
2006-09-13,0.9968
2006-09-12,0.9829
2006-09-11,0.9731
2006-09-08,0.9507
2006-09-07,0.9312
2006-09-06,0.9312
2006-09-05,0.9284
2006-09-04,0.927
2006-09-01,0.9242
2006-08-31,0.9298
2006-08-30,0.934
2006-08-29,0.9284
2006-08-28,0.9298
2006-08-25,0.9214
2006-08-24,0.9172
2006-08-23,0.9172
2006-08-22,0.9144
2006-08-21,0.913
2006-08-18,0.9047
2006-08-17,0.9089
2006-08-16,0.8823
2006-08-15,0.8754
2006-08-14,0.8768
2006-08-11,0.8781
2006-08-10,0.8768
2006-08-09,0.8795
2006-08-08,0.8754
2006-08-07,0.8768
2006-08-04,0.8781
2006-08-03,0.8754
2006-08-02,0.8809
2006-08-01,0.8754
2006-07-31,0.8656
2006-07-28,0.8642
2006-07-27,0.8628
2006-07-26,0.8614
2006-07-25,0.874
2006-07-24,0.8642
2006-07-21,0.8502
2006-07-20,0.86
2006-07-19,0.8656
2006-07-18,0.86
2006-07-17,0.8656
2006-07-14,0.8698
2006-07-13,0.8809
2006-07-12,0.9033
2006-07-11,0.9033
2006-07-10,0.9075
2006-07-07,0.9033
2006-07-06,0.9103
2006-07-05,0.9144
2006-07-04,0.9256
2006-07-03,0.9326
2006-06-30,0.9396
2006-06-29,0.9228
2006-06-28,0.92
2006-06-27,0.9242
2006-06-26,0.9242
2006-06-23,0.9326
2006-06-22,0.9298
2006-06-21,0.9354
2006-06-20,0.9089
2006-06-19,0.8949
2006-06-14,0.8656
2006-06-13,0.8837
2006-06-12,0.9019
2006-06-09,0.9005
2006-06-08,0.9047
2006-06-07,0.9061
2006-06-06,0.9005
2006-06-05,0.9061
2006-06-02,0.8977
2006-06-01,0.8837
2006-05-31,0.8977
2006-05-30,0.9075
2006-05-29,0.9242
2006-05-26,0.8991
2006-05-25,0.8893
2006-05-24,0.8586
2006-05-23,0.8851
2006-05-22,0.8935
2006-05-19,0.9117
2006-05-18,0.9256
2006-05-17,0.9773
2006-05-16,1.0192
2006-05-15,1.0261
2006-05-12,1.0373
2006-05-11,1.0471
2006-05-10,1.0527
2006-05-09,1.0415
2006-05-08,1.0359
2006-05-05,1.0164
2006-05-04,1.0764
2006-05-03,1.089
2006-05-02,1.1057
2006-04-28,1.1085
2006-04-27,1.1183
2006-04-26,1.1253
2006-04-25,1.1308
2006-04-24,1.135
2006-04-21,1.1253
2006-04-20,1.1239
2006-04-19,1.1308
2006-04-18,1.1169
2006-04-13,1.1099
2006-04-12,1.0987
2006-04-11,1.1043
2006-04-10,1.1057
2006-04-07,1.1113
2006-04-06,1.1169
2006-04-05,1.0848
2006-04-04,1.0778
2006-04-03,1.0666
2006-03-31,1.075
2006-03-30,1.075
2006-03-29,1.075
2006-03-28,1.0834
2006-03-27,1.0959
2006-03-24,1.1001
2006-03-23,1.1085
2006-03-22,1.1071
2006-03-21,1.1225
2006-03-20,1.1099
2006-03-17,1.0834
2006-03-16,1.0792
2006-03-15,1.0792
2006-03-14,1.075
2006-03-13,1.0652
2006-03-10,1.0722
2006-03-09,1.0848
2006-03-08,1.0764
2006-03-07,1.0415
2006-03-06,1.0415
2006-03-03,1.0401
2006-03-02,1.0373
2006-03-01,1.0429
2006-02-28,1.0303
2006-02-27,1.0164
2006-02-24,0.9773
2006-02-23,0.9773
2006-02-22,0.9228
2006-02-21,0.9158
2006-02-20,0.9117
2006-02-17,0.9214
2006-02-16,0.9033
2006-02-15,0.8823
2006-02-14,0.8907
2006-02-13,0.9033
2006-02-10,0.9144
2006-02-09,0.92
2006-02-08,0.9214
2006-02-07,0.9144
2006-02-06,0.9186
2006-02-03,0.9103
2006-02-02,0.9144
2006-02-01,0.9214
2006-01-31,0.9075
2006-01-30,0.9019
2006-01-27,0.913
2006-01-26,0.9144
2006-01-25,0.9172
2006-01-24,0.8991
2006-01-23,0.9158
2006-01-20,0.9298
2006-01-19,0.9354
2006-01-18,0.9312
2006-01-17,0.9605
2006-01-16,0.9843
2006-01-13,0.9605
2006-01-12,0.9633
2006-01-11,0.9731
2006-01-10,0.9703
2006-01-09,0.9577
2006-01-06,0.941
2006-01-05,0.9354
2006-01-04,0.8446
2006-01-03,0.7581
2006-01-02,0.8042
2005-12-30,0.8935
2005-12-29,0.8977
2005-12-28,0.9089
