,tdsa:pl
2018-11-23,0.1595
2018-11-22,0.159
2018-11-21,0.1595
2018-11-20,0.155
2018-11-19,0.1605
2018-11-16,0.166
2018-11-15,0.1665
2018-11-14,0.1695
2018-11-13,0.17
2018-11-12,0.1725
2018-11-09,0.1725
2018-11-08,0.1725
2018-11-07,0.1745
2018-11-06,0.171
2018-11-05,0.1745
2018-11-02,0.174
2018-11-01,0.177
2018-10-31,0.177
2018-10-30,0.175
2018-10-29,0.1715
2018-10-26,0.172
2018-10-25,0.177
2018-10-24,0.171
2018-10-23,0.173
2018-10-22,0.173
2018-10-19,0.1765
2018-10-18,0.179
2018-10-17,0.18
2018-10-16,0.1805
2018-10-15,0.179
2018-10-12,0.1775
2018-10-11,0.1795
2018-10-10,0.177
2018-10-09,0.187
2018-10-08,0.19
2018-10-05,0.19
2018-10-04,0.195
2018-10-03,0.1845
2018-10-02,0.185
2018-10-01,0.195
2018-09-28,0.208
2018-09-27,0.21
2018-09-26,0.212
2018-09-25,0.2
2018-09-24,0.202
2018-09-21,0.208
2018-09-20,0.21
2018-09-19,0.209
2018-09-18,0.211
2018-09-17,0.217
2018-09-14,0.219
2018-09-13,0.222
2018-09-12,0.22
2018-09-11,0.224
2018-09-10,0.226
2018-09-07,0.231
2018-09-06,0.236
2018-09-05,0.238
2018-09-04,0.24
2018-09-03,0.248
2018-08-31,0.252
2018-08-30,0.242
2018-08-29,0.238
2018-08-28,0.239
2018-08-27,0.237
2018-08-24,0.234
2018-08-23,0.237
2018-08-22,0.235
2018-08-21,0.237
2018-08-20,0.235
2018-08-17,0.238
2018-08-16,0.234
2018-08-15,0.233
2018-08-14,0.234
2018-08-13,0.233
2018-08-10,0.24
2018-08-09,0.242
2018-08-08,0.244
2018-08-07,0.237
2018-08-06,0.238
2018-08-03,0.236
2018-08-02,0.241
2018-08-01,0.238
2018-07-31,0.237
2018-07-30,0.237
2018-07-27,0.236
2018-07-26,0.238
2018-07-25,0.243
2018-07-24,0.241
2018-07-23,0.242
2018-07-20,0.236
2018-07-19,0.241
2018-07-18,0.24
2018-07-17,0.242
2018-07-16,0.237
2018-07-13,0.236
2018-07-12,0.241
2018-07-11,0.238
2018-07-10,0.244
2018-07-09,0.25
2018-07-06,0.241
2018-07-05,0.24
2018-07-04,0.23
2018-07-03,0.231
2018-07-02,0.243
2018-06-29,0.251
2018-06-28,0.245
2018-06-27,0.248
2018-06-26,0.251
2018-06-25,0.248
2018-06-23,0.257
2018-06-22,0.257
2018-06-21,0.252
2018-06-20,0.251
2018-06-19,0.252
2018-06-18,0.253
2018-06-15,0.255
2018-06-14,0.26
2018-06-13,0.251
2018-06-12,0.25
2018-06-11,0.25
2018-06-08,0.254
2018-06-07,0.255
2018-06-06,0.253
2018-06-05,0.26
2018-06-04,0.258
2018-06-01,0.258
2018-05-31,0.258
2018-05-30,0.259
2018-05-29,0.25
2018-05-28,0.26
2018-05-25,0.261
2018-05-24,0.26
2018-05-23,0.261
2018-05-22,0.265
2018-05-21,0.261
2018-05-18,0.261
2018-05-17,0.263
2018-05-16,0.263
2018-05-15,0.267
2018-05-14,0.268
2018-05-08,0.264
2018-05-07,0.26
2018-05-04,0.267
2018-05-03,0.266
2018-05-02,0.261
2018-04-30,0.278
2018-04-27,0.281
2018-04-26,0.3
2018-04-25,0.276
2018-04-24,0.275
2018-04-23,0.278
2018-04-20,0.291
2018-04-19,0.291
2018-04-18,0.274
2018-04-17,0.263
2018-04-16,0.253
2018-04-13,0.256
2018-04-12,0.25
2018-04-11,0.25
2018-04-10,0.246
2018-04-09,0.239
2018-04-06,0.242
2018-04-05,0.245
2018-04-04,0.243
2018-04-03,0.244
2018-03-29,0.253
2018-03-28,0.257
2018-03-27,0.253
2018-03-26,0.258
2018-03-23,0.265
2018-03-22,0.259
2018-03-21,0.261
2018-03-20,0.262
2018-03-19,0.259
2018-03-16,0.266
2018-03-15,0.271
2018-03-14,0.265
2018-03-13,0.268
2018-03-12,0.269
2018-03-09,0.275
2018-03-08,0.266
2018-03-07,0.268
2018-03-06,0.271
2018-03-05,0.268
2018-03-02,0.273
2018-03-01,0.271
2018-02-28,0.272
2018-02-27,0.279
2018-02-26,0.275
2018-02-23,0.268
2018-02-22,0.267
2018-02-21,0.27
2018-02-20,0.268
2018-02-19,0.269
2018-02-16,0.27
2018-02-15,0.264
2018-02-14,0.27
2018-02-13,0.27
2018-02-12,0.273
2018-02-09,0.263
2018-02-08,0.266
2018-02-07,0.275
2018-02-06,0.258
2018-02-05,0.264
2018-02-02,0.277
2018-02-01,0.277
2018-01-31,0.272
2018-01-30,0.282
2018-01-29,0.294
2018-01-26,0.295
2018-01-25,0.295
2018-01-24,0.295
2018-01-23,0.305
2018-01-22,0.297
2018-01-19,0.296
2018-01-18,0.295
2018-01-17,0.292
2018-01-16,0.298
2018-01-15,0.295
2018-01-12,0.293
2018-01-11,0.299
2018-01-10,0.314
2018-01-09,0.295
2018-01-08,0.28
2018-01-05,0.276
2018-01-04,0.289
2018-01-03,0.254
2018-01-02,0.233
2017-12-29,0.223
2017-12-28,0.22
2017-12-27,0.222
2017-12-22,0.225
2017-12-21,0.225
2017-12-20,0.229
2017-12-19,0.225
2017-12-18,0.226
2017-12-15,0.229
2017-12-14,0.238
2017-12-13,0.243
2017-12-12,0.243
2017-12-11,0.25
2017-12-08,0.256
2017-12-07,0.259
2017-12-06,0.27
2017-12-05,0.274
2017-12-04,0.275
2017-12-01,0.273
2017-11-30,0.27
2017-11-29,0.27
2017-11-28,0.271
2017-11-27,0.265
2017-11-24,0.267
2017-11-23,0.264
2017-11-22,0.268
2017-11-21,0.277
2017-11-20,0.279
2017-11-17,0.29
2017-11-16,0.288
2017-11-15,0.29
2017-11-14,0.295
2017-11-13,0.297
2017-11-10,0.302
2017-11-09,0.309
2017-11-08,0.307
2017-11-07,0.313
2017-11-06,0.313
2017-11-03,0.315
2017-11-02,0.323
2017-11-01,0.324
2017-10-31,0.317
2017-10-30,0.316
2017-10-27,0.315
2017-10-26,0.32
2017-10-25,0.315
2017-10-24,0.317
2017-10-23,0.321
2017-10-20,0.323
2017-10-19,0.315
2017-10-18,0.325
2017-10-17,0.327
2017-10-16,0.333
2017-10-13,0.328
2017-10-12,0.336
2017-10-11,0.305
2017-10-10,0.307
2017-10-09,0.313
2017-10-06,0.315
2017-10-05,0.328
2017-10-04,0.328
2017-10-03,0.333
2017-10-02,0.309
2017-09-29,0.307
2017-09-28,0.303
2017-09-27,0.303
2017-09-26,0.299
2017-09-25,0.304
2017-09-22,0.3
2017-09-21,0.286
2017-09-20,0.291
2017-09-19,0.294
2017-09-18,0.309
2017-09-15,0.299
2017-09-14,0.28
2017-09-13,0.266
2017-09-12,0.264
2017-09-11,0.247
2017-09-08,0.24
2017-09-07,0.241
2017-09-06,0.26
2017-09-05,0.276
2017-09-04,0.278
2017-09-01,0.276
2017-08-31,0.279
2017-08-30,0.29
2017-08-29,0.31
2017-08-28,0.316
2017-08-25,0.32
2017-08-24,0.326
2017-08-23,0.335
2017-08-22,0.339
2017-08-21,0.348
2017-08-18,0.344
2017-08-17,0.35
2017-08-16,0.344
2017-08-15,0.354
2017-08-14,0.338
2017-08-11,0.345
2017-08-10,0.346
2017-08-09,0.348
2017-08-08,0.354
2017-08-07,0.342
2017-08-04,0.338
2017-08-03,0.339
2017-08-02,0.343
2017-08-01,0.337
2017-07-31,0.332
2017-07-28,0.327
2017-07-27,0.335
2017-07-26,0.337
2017-07-25,0.339
2017-07-24,0.34
2017-07-21,0.332
2017-07-20,0.338
2017-07-19,0.331
2017-07-18,0.351
2017-07-17,0.366
2017-07-14,0.36
2017-07-13,0.334
2017-07-12,0.335
2017-07-11,0.317
2017-07-10,0.326
2017-07-07,0.333
2017-07-06,0.346
2017-07-05,0.361
2017-07-04,0.37
2017-07-03,0.375
2017-06-30,0.376
2017-06-29,0.373
2017-06-28,0.389
2017-06-27,0.374
2017-06-26,0.384
2017-06-23,0.376
2017-06-22,0.39
2017-06-21,0.394
2017-06-20,0.402
2017-06-19,0.42
2017-06-16,0.4
2017-06-15,0.411
2017-06-14,0.418
2017-06-13,0.43
2017-06-12,0.435
2017-06-09,0.435
2017-06-08,0.429
2017-06-07,0.452
2017-06-06,0.423
2017-06-05,0.4
2017-06-02,0.398
2017-06-01,0.369
2017-05-31,0.349
2017-05-30,0.346
2017-05-29,0.363
2017-05-26,0.308
2017-05-25,0.306
2017-05-24,0.302
2017-05-23,0.304
2017-05-22,0.301
2017-05-19,0.301
2017-05-18,0.288
2017-05-17,0.289
2017-05-16,0.304
2017-05-15,0.302
2017-05-12,0.303
2017-05-11,0.305
2017-05-10,0.298
2017-05-09,0.315
2017-05-08,0.293
2017-05-05,0.295
2017-05-04,0.301
2017-05-03,0.282
2017-05-02,0.273
2017-04-28,0.276
2017-04-27,0.29
2017-04-26,0.292
2017-04-25,0.296
2017-04-24,0.299
2017-04-21,0.292
2017-04-20,0.3
2017-04-19,0.301
2017-04-18,0.301
2017-04-13,0.303
2017-04-12,0.308
2017-04-11,0.297
2017-04-10,0.3
2017-04-07,0.3
2017-04-06,0.294
2017-04-05,0.283
2017-04-04,0.289
2017-04-03,0.263
2017-03-31,0.24
2017-03-30,0.233
2017-03-29,0.233
2017-03-28,0.236
2017-03-27,0.237
2017-03-24,0.236
2017-03-23,0.226
2017-03-22,0.227
2017-03-21,0.23
2017-03-20,0.235
2017-03-17,0.24
2017-03-16,0.239
2017-03-15,0.23
2017-03-14,0.243
2017-03-13,0.254
2017-03-10,0.233
2017-03-09,0.204
2017-03-08,0.203
2017-03-07,0.202
2017-03-06,0.202
2017-03-03,0.204
2017-03-02,0.205
2017-03-01,0.201
2017-02-28,0.201
2017-02-27,0.2
2017-02-24,0.202
2017-02-23,0.203
2017-02-22,0.204
2017-02-21,0.2
2017-02-20,0.203
2017-02-17,0.2
2017-02-16,0.195
2017-02-15,0.197
2017-02-14,0.196
2017-02-13,0.195
2017-02-10,0.196
2017-02-09,0.194
2017-02-08,0.188
2017-02-07,0.197
2017-02-06,0.197
2017-02-03,0.2
2017-02-02,0.204
2017-02-01,0.21
2017-01-31,0.199
2017-01-30,0.201
2017-01-27,0.197
2017-01-26,0.201
2017-01-25,0.208
2017-01-24,0.205
2017-01-23,0.21
2017-01-20,0.206
2017-01-19,0.208
2017-01-18,0.216
2017-01-17,0.196
2017-01-16,0.193
2017-01-13,0.195
2017-01-12,0.195
2017-01-11,0.192
2017-01-10,0.194
2017-01-09,0.195
2017-01-06,0.195
2017-01-05,0.189
2017-01-04,0.189
2017-01-03,0.19
2017-01-02,0.189
2016-12-30,0.186
2016-12-29,0.192
2016-12-28,0.19
2016-12-27,0.175
2016-12-23,0.18
2016-12-22,0.186
2016-12-21,0.186
2016-12-20,0.184
2016-12-19,0.184
2016-12-16,0.184
2016-12-15,0.185
2016-12-14,0.18
2016-12-13,0.187
2016-12-12,0.181
2016-12-09,0.183
2016-12-08,0.185
2016-12-07,0.179
2016-12-06,0.185
2016-12-05,0.173
2016-12-02,0.17
2016-12-01,0.168
2016-11-30,0.17
2016-11-29,0.169
2016-11-28,0.17
2016-11-24,0.173
2016-11-23,0.166
2016-11-22,0.178
2016-11-21,0.176
2016-11-18,0.173
2016-11-17,0.17
2016-11-16,0.167
2016-11-15,0.17
2016-11-14,0.17
2016-11-11,0.171
2016-11-10,0.171
2016-11-09,0.17
2016-11-08,0.177
2016-11-07,0.179
2016-11-04,0.177
2016-11-03,0.178
2016-11-02,0.181
2016-11-01,0.187
2016-10-31,0.187
2016-10-28,0.186
2016-10-27,0.191
2016-10-26,0.191
2016-10-25,0.193
2016-10-24,0.195
2016-10-21,0.193
2016-10-20,0.192
2016-10-19,0.195
2016-10-18,0.191
2016-10-17,0.197
2016-10-14,0.195
2016-10-13,0.196
2016-10-12,0.2
2016-10-11,0.19
2016-10-10,0.195
2016-10-07,0.197
2016-10-06,0.2
2016-10-05,0.205
2016-10-04,0.2
2016-10-03,0.213
2016-09-30,0.2
2016-09-29,0.199
2016-09-28,0.198
2016-09-27,0.199
2016-09-26,0.21
2016-09-23,0.215
2016-09-22,0.215
2016-09-20,0.22
2016-09-19,0.218
2016-09-16,0.212
2016-09-15,0.215
2016-09-14,0.221
2016-09-13,0.22
2016-09-12,0.226
2016-09-09,0.225
2016-09-08,0.23
2016-09-07,0.229
2016-09-06,0.229
2016-09-05,0.218
2016-09-02,0.22
2016-09-01,0.219
2016-08-30,0.227
2016-08-29,0.233
2016-08-26,0.234
2016-08-25,0.224
2016-08-24,0.233
2016-08-23,0.23
2016-08-22,0.219
2016-08-19,0.221
2016-08-18,0.216
2016-08-17,0.215
2016-08-16,0.225
2016-08-15,0.226
2016-08-12,0.205
2016-08-11,0.203
2016-08-10,0.205
2016-08-09,0.202
2016-08-08,0.2
2016-08-05,0.216
2016-08-04,0.22
2016-08-03,0.221
2016-08-02,0.215
2016-08-01,0.222
2016-07-29,0.214
2016-07-28,0.207
2016-07-27,0.226
2016-07-26,0.195
2016-07-25,0.193
2016-07-22,0.191
2016-07-21,0.19
2016-07-20,0.19
2016-07-18,0.191
2016-07-15,0.192
2016-07-14,0.194
2016-07-13,0.196
2016-07-12,0.203
2016-07-11,0.196
2016-07-08,0.193
2016-07-07,0.2
2016-07-06,0.2
2016-07-05,0.195
2016-07-04,0.19
2016-07-01,0.194
2016-06-28,0.206
2016-06-27,0.205
2016-06-24,0.187
2016-06-23,0.205
2016-06-22,0.206
2016-06-21,0.21
2016-06-20,0.215
2016-06-17,0.217
2016-06-16,0.201
2016-06-15,0.204
2016-06-14,0.205
2016-06-13,0.206
2016-06-10,0.21
2016-06-09,0.209
2016-06-08,0.209
2016-06-07,0.209
2016-06-06,0.214
2016-06-03,0.211
2016-06-02,0.209
2016-06-01,0.2
2016-05-31,0.211
2016-05-30,0.211
2016-05-27,0.205
2016-05-26,0.208
2016-05-25,0.206
2016-05-24,0.204
2016-05-23,0.208
2016-05-20,0.202
2016-05-19,0.205
2016-05-18,0.205
2016-05-17,0.21
2016-05-16,0.204
2016-05-13,0.212
2016-05-12,0.215
2016-05-11,0.215
2016-05-10,0.208
2016-05-09,0.218
2016-05-06,0.227
2016-05-05,0.229
2016-05-04,0.234
2016-05-03,0.243
2016-05-02,0.26
2016-04-29,0.226
2016-04-28,0.232
2016-04-27,0.257
2016-04-26,0.258
2016-04-25,0.26
2016-04-22,0.26
2016-04-21,0.265
2016-04-20,0.263
2016-04-19,0.266
2016-04-18,0.265
2016-04-15,0.268
2016-04-13,0.264
2016-04-12,0.263
2016-04-11,0.261
2016-04-08,0.27
2016-04-07,0.26
2016-04-06,0.267
2016-04-05,0.267
2016-04-04,0.267
2016-04-01,0.279
2016-03-31,0.279
2016-03-30,0.289
2016-03-29,0.283
2016-03-24,0.275
2016-03-23,0.273
2016-03-22,0.265
2016-03-21,0.262
2016-03-18,0.22
2016-03-17,0.294
2016-03-16,0.296
2016-03-15,0.29
2016-03-14,0.294
2016-03-11,0.27
2016-03-09,0.276
2016-03-08,0.285
2016-03-07,0.303
2016-03-04,0.305
2016-03-03,0.296
2016-03-02,0.284
2016-03-01,0.278
2016-02-29,0.265
2016-02-26,0.265
2016-02-25,0.264
2016-02-24,0.269
2016-02-23,0.275
2016-02-22,0.278
2016-02-19,0.282
2016-02-18,0.28
2016-02-17,0.271
2016-02-16,0.266
2016-02-15,0.263
2016-02-12,0.268
2016-02-11,0.28
2016-02-10,0.262
2016-02-09,0.271
2016-02-08,0.295
2016-02-05,0.289
2016-02-04,0.285
2016-02-03,0.286
2016-02-02,0.29
2016-02-01,0.29
2016-01-29,0.291
2016-01-28,0.299
2016-01-27,0.292
2016-01-26,0.3
2016-01-25,0.3
2016-01-22,0.3
2016-01-21,0.282
2016-01-20,0.28
2016-01-19,0.285
2016-01-18,0.282
2016-01-15,0.282
2016-01-14,0.297
2016-01-13,0.317
2016-01-12,0.32
2016-01-11,0.314
2016-01-08,0.316
2016-01-07,0.298
2016-01-06,0.298
2016-01-05,0.314
2016-01-04,0.316
2016-01-01,0.314
2015-12-31,0.314
2015-12-30,0.339
2015-12-29,0.348
2015-12-28,0.361
2015-12-25,0.365
2015-12-24,0.365
2015-12-23,0.365
2015-12-22,0.367
2015-12-21,0.366
2015-12-18,0.38
2015-12-17,0.38
2015-12-16,0.367
2015-12-15,0.366
2015-12-14,0.375
2015-12-11,0.38
2015-12-10,0.39
2015-12-09,0.382
2015-12-08,0.397
2015-12-07,0.397
2015-12-04,0.375
2015-12-03,0.385
2015-12-02,0.388
2015-12-01,0.391
2015-11-30,0.394
2015-11-27,0.394
2015-11-26,0.407
2015-11-25,0.398
2015-11-24,0.404
2015-11-23,0.407
2015-11-20,0.401
2015-11-19,0.398
2015-11-18,0.397
2015-11-17,0.394
2015-11-16,0.382
2015-11-13,0.389
2015-11-12,0.396
2015-11-11,0.396
2015-11-10,0.395
2015-11-09,0.4
2015-11-06,0.427
2015-11-05,0.426
2015-11-04,0.439
2015-11-03,0.437
2015-11-02,0.437
2015-10-30,0.455
2015-10-29,0.432
2015-10-28,0.43
2015-10-27,0.435
2015-10-26,0.436
2015-10-23,0.441
2015-10-22,0.449
2015-10-21,0.447
2015-10-20,0.449
2015-10-19,0.45
2015-10-16,0.449
2015-10-15,0.456
2015-10-14,0.445
2015-10-13,0.449
2015-10-12,0.444
2015-10-09,0.468
2015-10-08,0.464
2015-10-07,0.478
2015-10-06,0.465
2015-10-05,0.459
2015-10-02,0.447
2015-10-01,0.433
2015-09-30,0.436
2015-09-29,0.421
2015-09-28,0.437
2015-09-25,0.444
2015-09-24,0.439
2015-09-23,0.448
2015-09-22,0.442
2015-09-21,0.445
2015-09-18,0.451
2015-09-17,0.439
2015-09-16,0.446
2015-09-15,0.443
2015-09-14,0.442
2015-09-11,0.448
2015-09-10,0.436
2015-09-09,0.45
2015-09-08,0.464
2015-09-07,0.45
2015-09-04,0.451
2015-09-03,0.459
2015-09-02,0.459
2015-09-01,0.461
2015-08-31,0.47
2015-08-28,0.473
2015-08-27,0.47
2015-08-26,0.468
2015-08-25,0.472
2015-08-24,0.478
2015-08-21,0.498
2015-08-20,0.496
2015-08-19,0.496
2015-08-18,0.506
2015-08-17,0.511
2015-08-14,0.512
2015-08-13,0.509
2015-08-12,0.508
2015-08-11,0.52
2015-08-10,0.537
2015-08-07,0.53
2015-08-06,0.529
2015-08-05,0.531
2015-08-04,0.53
2015-08-03,0.537
2015-07-31,0.53
2015-07-30,0.53
2015-07-29,0.54
2015-07-28,0.537
2015-07-27,0.543
2015-07-24,0.572
2015-07-23,0.575
2015-07-22,0.585
2015-07-21,0.59
2015-07-20,0.607
2015-07-17,0.602
2015-07-16,0.624
2015-07-15,0.609
2015-07-14,0.61
2015-07-13,0.617
2015-07-10,0.575
2015-07-09,0.549
2015-07-08,0.523
2015-07-07,0.521
2015-07-06,0.506
2015-07-03,0.53
2015-07-02,0.543
2015-07-01,0.531
2015-06-30,0.538
2015-06-29,0.51
2015-06-26,0.555
2015-06-25,0.55
2015-06-24,0.55
2015-06-23,0.563
2015-06-22,0.515
2015-06-19,0.509
2015-06-18,0.513
2015-06-17,0.535
2015-06-16,0.53
2015-06-15,0.543
2015-06-12,0.601
2015-06-11,0.605
2015-06-10,0.61
2015-06-09,0.605
2015-06-08,0.603
2015-06-05,0.608
2015-06-04,0.62
2015-06-03,0.607
2015-06-02,0.614
2015-06-01,0.608
2015-05-29,0.604
2015-05-28,0.615
2015-05-27,0.616
2015-05-26,0.624
2015-05-25,0.63
2015-05-22,0.64
2015-05-21,0.63
2015-05-20,0.64
2015-05-19,0.644
2015-05-18,0.643
2015-05-15,0.645
2015-05-14,0.66
2015-05-13,0.658
2015-05-12,0.659
2015-05-11,0.65
2015-05-08,0.645
2015-05-07,0.669
2015-05-06,0.66
2015-05-05,0.683
2015-05-04,0.699
2015-05-01,0.686
2015-04-30,0.686
2015-04-29,0.688
2015-04-28,0.7
2015-04-27,0.71
2015-04-24,0.703
2015-04-23,0.695
2015-04-22,0.695
2015-04-21,0.71
2015-04-20,0.729
2015-04-17,0.742
2015-04-16,0.763
2015-04-15,0.769
2015-04-14,0.765
2015-04-13,0.779
2015-04-10,0.765
2015-04-09,0.778
2015-04-08,0.752
2015-04-07,0.752
2015-04-06,0.761
2015-04-03,0.761
2015-04-02,0.761
2015-04-01,0.766
2015-03-31,0.764
2015-03-30,0.768
2015-03-27,0.765
2015-03-26,0.766
2015-03-25,0.775
2015-03-24,0.78
2015-03-23,0.775
2015-03-20,0.772
2015-03-19,0.773
2015-03-18,0.779
2015-03-17,0.787
2015-03-16,0.786
2015-03-13,0.82
2015-03-12,0.795
2015-03-11,0.792
2015-03-10,0.78
2015-03-09,0.78
2015-03-06,0.779
2015-03-05,0.786
2015-03-04,0.761
2015-03-03,0.785
2015-03-02,0.789
2015-02-27,0.798
2015-02-26,0.808
2015-02-25,0.795
2015-02-24,0.824
2015-02-23,0.784
2015-02-20,0.787
2015-02-19,0.789
2015-02-18,0.776
2015-02-17,0.746
2015-02-16,0.71
2015-02-13,0.72
2015-02-12,0.712
2015-02-11,0.7
2015-02-10,0.724
2015-02-09,0.724
2015-02-06,0.726
2015-02-05,0.726
2015-02-04,0.715
2015-02-03,0.726
2015-02-02,0.715
2015-01-30,0.71
2015-01-29,0.709
2015-01-28,0.693
2015-01-27,0.73
2015-01-26,0.748
2015-01-23,0.752
2015-01-22,0.736
2015-01-21,0.734
2015-01-20,0.738
2015-01-19,0.758
2015-01-16,0.76
2015-01-15,0.76
2015-01-14,0.744
2015-01-13,0.75
2015-01-12,0.74
2015-01-09,0.733
2015-01-08,0.74
2015-01-07,0.718
2015-01-06,0.739
2015-01-05,0.721
2015-01-02,0.752
2015-01-01,0.711
2014-12-31,0.711
2014-12-30,0.717
2014-12-29,0.735
2014-12-26,0.739
2014-12-25,0.739
2014-12-24,0.739
2014-12-23,0.713
2014-12-22,0.707
2014-12-19,0.693
2014-12-18,0.708
2014-12-17,0.68
2014-12-16,0.704
2014-12-15,0.71
2014-12-12,0.73
2014-12-11,0.752
2014-12-10,0.753
2014-12-09,0.755
2014-12-08,0.78
2014-12-05,0.762
2014-12-04,0.751
2014-12-03,0.771
2014-12-02,0.781
2014-12-01,0.799
2014-11-28,0.805
2014-11-27,0.81
2014-11-26,0.799
2014-11-25,0.811
2014-11-24,0.805
2014-11-21,0.812
2014-11-20,0.788
2014-11-19,0.795
2014-11-18,0.797
2014-11-17,0.748
2014-11-14,0.733
2014-11-13,0.74
2014-11-12,0.735
2014-11-11,0.74
2014-11-10,0.748
2014-11-07,0.751
2014-11-06,0.75
2014-11-05,0.764
2014-11-04,0.739
2014-11-03,0.773
2014-10-31,0.786
2014-10-30,0.779
2014-10-29,0.792
2014-10-28,0.81
2014-10-27,0.791
2014-10-24,0.802
2014-10-23,0.798
2014-10-22,0.809
2014-10-21,0.773
2014-10-20,0.7
2014-10-17,0.71
2014-10-16,0.7
2014-10-15,0.74
2014-10-14,0.789
2014-10-13,0.815
2014-10-10,0.84
2014-10-09,0.856
2014-10-08,0.837
2014-10-07,0.85
2014-10-06,0.85
2014-10-03,0.879
2014-10-02,0.847
2014-10-01,0.871
2014-09-30,0.856
2014-09-29,0.846
2014-09-26,0.855
2014-09-25,0.855
2014-09-24,0.853
2014-09-23,0.861
2014-09-22,0.882
2014-09-19,0.9
2014-09-18,0.888
2014-09-17,0.869
2014-09-16,0.858
2014-09-15,0.86
2014-09-12,0.878
2014-09-11,0.883
2014-09-10,0.871
2014-09-09,0.886
2014-09-08,0.903
2014-09-05,0.9
2014-09-04,0.906
2014-09-03,0.9
2014-09-02,0.892
2014-09-01,0.905
2014-08-29,0.895
2014-08-28,0.873
2014-08-27,0.877
2014-08-26,0.84
2014-08-25,0.835
2014-08-22,0.812
2014-08-21,0.823
2014-08-20,0.819
2014-08-19,0.835
2014-08-18,0.785
2014-08-15,0.725
2014-08-14,0.711
2014-08-13,0.682
2014-08-12,0.661
2014-08-11,0.671
2014-08-08,0.65
2014-08-07,0.692
2014-08-06,0.719
2014-08-05,0.759
2014-08-04,0.76
2014-08-01,0.757
2014-07-31,0.802
2014-07-30,0.801
2014-07-29,0.798
2014-07-28,0.826
2014-07-25,0.829
2014-07-24,0.834
2014-07-23,0.814
2014-07-22,0.797
2014-07-21,0.725
2014-07-18,0.677
2014-07-17,0.729
2014-07-16,0.763
2014-07-15,0.766
2014-07-14,0.77
2014-07-11,0.769
2014-07-10,0.75
2014-07-09,0.848
2014-07-08,0.867
2014-07-07,0.909
2014-07-04,0.955
2014-07-03,0.975
2014-07-02,0.983
2014-07-01,1.0
2014-06-30,1.011
2014-06-27,1.014
2014-06-26,1.025
2014-06-25,1.02
2014-06-24,1.02
2014-06-23,1.021
2014-06-20,1.043
2014-06-19,1.084
2014-06-18,1.06
2014-06-17,1.088
2014-06-16,1.096
2014-06-13,1.078
2014-06-12,1.102
2014-06-11,1.07
2014-06-10,1.09
2014-06-09,1.107
2014-06-06,1.087
2014-06-05,1.095
2014-06-04,1.086
2014-06-03,1.09
2014-06-02,1.104
2014-05-30,1.085
2014-05-29,1.07
2014-05-28,1.064
2014-05-27,1.06
2014-05-26,1.06
2014-05-23,1.047
2014-05-22,1.01
2014-05-21,1.019
2014-05-20,1.022
2014-05-19,1.022
2014-05-16,1.04
2014-05-15,1.013
2014-05-14,1.09
2014-05-13,1.095
2014-05-12,1.091
2014-05-09,1.079
2014-05-08,1.107
2014-05-07,1.117
2014-05-06,1.108
2014-05-05,1.109
2014-05-02,1.109
2014-05-01,1.109
2014-04-30,1.109
2014-04-29,1.108
2014-04-28,1.089
2014-04-25,1.08
2014-04-24,1.11
2014-04-23,1.1
2014-04-22,1.126
2014-04-21,1.11
2014-04-18,1.11
2014-04-17,1.11
2014-04-16,1.11
2014-04-15,1.06
2014-04-14,1.08
2014-04-11,1.113
2014-04-10,1.115
2014-04-09,1.12
2014-04-08,1.115
2014-04-07,1.12
2014-04-04,1.13
2014-04-03,1.113
2014-04-02,1.111
2014-04-01,1.117
2014-03-31,1.105
2014-03-28,1.108
2014-03-27,1.103
2014-03-26,1.115
2014-03-25,1.14
2014-03-24,1.142
2014-03-21,1.17
2014-03-20,1.14
2014-03-19,1.07
2014-03-18,1.07
2014-03-17,1.07
2014-03-14,1.05
2014-03-13,1.07
2014-03-12,1.07
2014-03-11,1.07
2014-03-10,1.05
2014-03-07,1.07
2014-03-06,1.07
2014-03-05,1.07
2014-03-04,1.07
2014-03-03,1.04
2014-02-28,1.09
2014-02-27,1.07
2014-02-26,1.07
2014-02-25,1.11
2014-02-24,1.12
2014-02-21,1.02
2014-02-20,1.01
2014-02-19,1.04
2014-02-18,1.03
2014-02-17,1.05
2014-02-14,1.04
2014-02-13,1.07
2014-02-12,1.07
2014-02-11,1.06
2014-02-10,1.08
2014-02-07,1.09
2014-02-06,1.04
2014-02-05,0.99
2014-02-04,1.03
2014-02-03,1.04
2014-01-31,1.04
2014-01-30,1.05
2014-01-29,1.05
2014-01-28,1.05
2014-01-27,1.05
2014-01-24,1.06
2014-01-23,1.09
2014-01-22,1.09
2014-01-21,1.13
2014-01-20,1.19
2014-01-17,1.15
2014-01-16,1.2
2014-01-15,1.05
2014-01-14,1.0
2014-01-13,1.01
2014-01-10,0.95
2014-01-09,0.95
2014-01-08,0.92
2014-01-07,0.92
2014-01-06,0.91
2014-01-03,0.91
2014-01-02,0.88
2014-01-01,0.89
2013-12-31,0.89
2013-12-30,0.88
2013-12-27,0.9
2013-12-26,0.9
2013-12-25,0.9
2013-12-24,0.9
2013-12-23,0.9
2013-12-20,0.9
2013-12-19,0.89
2013-12-18,0.91
2013-12-17,0.89
2013-12-16,0.89
2013-12-13,0.92
2013-12-12,0.93
2013-12-11,0.93
2013-12-10,0.92
2013-12-09,0.92
2013-12-06,0.87
2013-12-05,0.9
2013-12-04,0.91
2013-12-03,0.93
2013-12-02,0.93
2013-11-29,0.89
2013-11-28,0.9
2013-11-27,0.9
2013-11-26,0.87
2013-11-25,0.75
2013-11-22,0.74
2013-11-21,0.73
2013-11-20,0.73
2013-11-19,0.75
2013-11-18,0.75
2013-11-15,0.74
2013-11-14,0.75
2013-11-13,0.75
2013-11-12,0.75
2013-11-11,0.76
2013-11-08,0.76
2013-11-07,0.75
2013-11-06,0.75
2013-11-05,0.75
2013-11-04,0.72
2013-11-01,0.72
2013-10-31,0.73
2013-10-30,0.71
2013-10-29,0.73
2013-10-28,0.67
2013-10-25,0.66
2013-10-24,0.65
2013-10-23,0.64
2013-10-22,0.63
2013-10-21,0.65
2013-10-18,0.65
2013-10-17,0.67
2013-10-16,0.67
2013-10-15,0.68
2013-10-14,0.66
2013-10-11,0.66
2013-10-10,0.66
2013-10-09,0.64
2013-10-08,0.64
2013-10-07,0.64
2013-10-04,0.65
2013-10-03,0.65
2013-10-02,0.65
2013-10-01,0.65
2013-09-30,0.66
2013-09-27,0.65
2013-09-26,0.65
2013-09-25,0.66
2013-09-24,0.66
2013-09-23,0.66
2013-09-20,0.65
2013-09-19,0.66
2013-09-18,0.65
2013-09-17,0.66
2013-09-16,0.66
2013-09-13,0.64
2013-09-12,0.65
2013-09-11,0.64
2013-09-10,0.65
2013-09-09,0.64
2013-09-06,0.64
2013-09-05,0.64
2013-09-04,0.65
2013-09-03,0.65
2013-09-02,0.65
2013-08-30,0.67
2013-08-29,0.67
2013-08-28,0.64
2013-08-27,0.66
2013-08-26,0.67
2013-08-23,0.65
2013-08-22,0.66
2013-08-21,0.65
2013-08-20,0.65
2013-08-19,0.67
2013-08-16,0.68
2013-08-15,0.65
2013-08-14,0.63
2013-08-13,0.62
2013-08-12,0.61
2013-08-09,0.6
2013-08-08,0.58
2013-08-07,0.55
2013-08-06,0.54
2013-08-05,0.55
2013-08-02,0.55
2013-08-01,0.57
2013-07-31,0.55
2013-07-30,0.55
2013-07-29,0.52
2013-07-26,0.53
2013-07-25,0.52
2013-07-24,0.52
2013-07-23,0.52
2013-07-22,0.54
2013-07-19,0.52
2013-07-18,0.55
2013-07-17,0.52
2013-07-16,0.51
2013-07-15,0.51
2013-07-12,0.51
2013-07-11,0.51
2013-07-10,0.56
2013-07-09,0.56
2013-07-08,0.56
2013-07-05,0.55
2013-07-04,0.55
2013-07-03,0.51
2013-07-02,0.58
2013-07-01,0.59
2013-06-28,0.56
2013-06-27,0.57
2013-06-26,0.58
2013-06-25,0.58
2013-06-24,0.57
2013-06-21,0.59
2013-06-20,0.59
2013-06-19,0.62
2013-06-18,0.54
2013-06-17,0.54
2013-06-14,0.54
2013-06-13,0.52
2013-06-12,0.54
2013-06-11,0.5
2013-06-10,0.51
2013-06-07,0.48
2013-06-06,0.48
2013-06-05,0.5
2013-06-04,0.51
2013-06-03,0.51
2013-05-31,0.48
2013-05-30,0.48
2013-05-29,0.48
2013-05-28,0.49
2013-05-27,0.49
2013-05-24,0.49
2013-05-23,0.48
2013-05-22,0.46
2013-05-21,0.46
2013-05-20,0.45
2013-05-17,0.47
2013-05-16,0.45
2013-05-15,0.46
2013-05-14,0.45
2013-05-13,0.45
2013-05-10,0.46
2013-05-09,0.46
2013-05-08,0.45
2013-05-07,0.45
2013-05-06,0.45
2013-05-03,0.44
2013-05-02,0.45
2013-05-01,0.45
2013-04-30,0.45
2013-04-29,0.45
2013-04-26,0.46
2013-04-25,0.46
2013-04-24,0.46
2013-04-23,0.48
2013-04-22,0.47
2013-04-19,0.46
2013-04-18,0.44
2013-04-17,0.44
2013-04-16,0.46
2013-04-15,0.46
2013-04-12,0.46
2013-04-11,0.46
2013-04-10,0.47
2013-04-09,0.43
2013-04-08,0.42
2013-04-05,0.44
2013-04-04,0.46
2013-04-03,0.39
2013-04-02,0.43
2013-04-01,0.44
2013-03-29,0.44
2013-03-28,0.44
2013-03-27,0.45
2013-03-26,0.48
2013-03-25,0.49
2013-03-22,0.48
2013-03-21,0.48
2013-03-20,0.49
2013-03-19,0.48
2013-03-18,0.51
2013-03-15,0.51
2013-03-14,0.5
2013-03-13,0.5
2013-03-12,0.5
2013-03-11,0.52
2013-03-08,0.51
2013-03-07,0.52
2013-03-06,0.53
2013-03-05,0.53
2013-03-04,0.53
2013-03-01,0.51
2013-02-28,0.54
2013-02-27,0.54
2013-02-26,0.52
2013-02-25,0.55
2013-02-22,0.54
2013-02-21,0.54
2013-02-20,0.54
2013-02-19,0.52
2013-02-18,0.51
2013-02-15,0.52
2013-02-14,0.52
2013-02-13,0.52
2013-02-12,0.52
2013-02-11,0.5
2013-02-08,0.52
2013-02-07,0.52
2013-02-06,0.53
2013-02-05,0.53
2013-02-04,0.54
2013-02-01,0.54
2013-01-31,0.52
2013-01-30,0.54
2013-01-29,0.55
2013-01-28,0.57
2013-01-25,0.58
2013-01-24,0.56
2013-01-23,0.59
2013-01-22,0.57
2013-01-21,0.51
2013-01-18,0.47
2013-01-17,0.47
2013-01-16,0.45
2013-01-15,0.44
2013-01-14,0.46
2013-01-11,0.43
2013-01-10,0.42
2013-01-09,0.42
2013-01-08,0.38
2013-01-07,0.41
2013-01-04,0.36
2013-01-03,0.34
2013-01-02,0.34
2013-01-01,0.32
2012-12-31,0.32
2012-12-28,0.31
2012-12-27,0.32
2012-12-26,0.31
2012-12-25,0.31
2012-12-24,0.31
2012-12-21,0.31
2012-12-20,0.32
2012-12-19,0.3
2012-12-18,0.27
2012-12-17,0.28
2012-12-14,0.28
2012-12-13,0.27
2012-12-12,0.27
2012-12-11,0.27
2012-12-10,0.28
2012-12-07,0.28
2012-12-06,0.28
2012-12-05,0.28
2012-12-04,0.28
2012-12-03,0.3
2012-11-30,0.25
2012-11-29,0.25
2012-11-28,0.25
2012-11-27,0.26
2012-11-26,0.25
2012-11-23,0.25
2012-11-22,0.27
2012-11-21,0.27
2012-11-20,0.24
2012-11-19,0.26
2012-11-16,0.25
2012-11-15,0.26
2012-11-14,0.26
2012-11-13,0.26
2012-11-12,0.25
2012-11-09,0.25
2012-11-08,0.25
2012-11-07,0.25
2012-11-06,0.26
2012-11-05,0.26
2012-11-02,0.27
2012-11-01,0.28
2012-10-31,0.26
2012-10-30,0.26
2012-10-29,0.28
2012-10-26,0.27
2012-10-25,0.28
2012-10-24,0.28
2012-10-23,0.29
2012-10-22,0.28
2012-10-19,0.27
2012-10-18,0.27
2012-10-17,0.25
2012-10-16,0.25
2012-10-15,0.26
2012-10-12,0.25
2012-10-11,0.26
2012-10-10,0.26
2012-10-09,0.28
2012-10-08,0.27
2012-10-05,0.28
2012-10-04,0.28
2012-10-03,0.28
2012-10-02,0.28
2012-10-01,0.29
2012-09-28,0.28
2012-09-27,0.28
2012-09-26,0.28
2012-09-25,0.27
2012-09-24,0.27
2012-09-21,0.27
2012-09-20,0.28
2012-09-19,0.29
2012-09-18,0.28
2012-09-17,0.3
2012-09-14,0.31
2012-09-13,0.28
2012-09-12,0.29
2012-09-11,0.27
2012-09-10,0.27
2012-09-07,0.25
2012-09-06,0.25
2012-09-05,0.25
2012-09-04,0.25
2012-09-03,0.24
2012-08-31,0.22
2012-08-30,0.21
2012-08-29,0.21
2012-08-28,0.2
2012-08-27,0.21
2012-08-24,0.21
2012-08-23,0.21
2012-08-22,0.21
2012-08-21,0.21
2012-08-20,0.22
2012-08-17,0.22
2012-08-16,0.22
2012-08-15,0.22
2012-08-14,0.22
2012-08-13,0.22
2012-08-10,0.22
2012-08-09,0.22
2012-08-08,0.22
2012-08-07,0.22
2012-08-06,0.22
2012-08-03,0.23
2012-08-02,0.2
2012-08-01,0.2
2012-07-31,0.2
2012-07-30,0.2
2012-07-27,0.2
2012-07-26,0.21
2012-07-25,0.2
2012-07-24,0.2
2012-07-23,0.2
2012-07-20,0.2
2012-07-19,0.2
2012-07-18,0.2
2012-07-17,0.2
2012-07-16,0.21
2012-07-13,0.21
2012-07-12,0.22
2012-07-11,0.22
2012-07-10,0.22
2012-07-09,0.21
2012-07-06,0.21
2012-07-05,0.22
2012-07-04,0.23
2012-07-03,0.22
2012-07-02,0.21
2012-06-29,0.22
2012-06-28,0.22
2012-06-27,0.22
2012-06-26,0.22
2012-06-25,0.22
2012-06-22,0.22
2012-06-21,0.22
2012-06-20,0.2
2012-06-19,0.2
2012-06-18,0.2
2012-06-15,0.2
2012-06-14,0.2
2012-06-13,0.2
2012-06-12,0.2
2012-06-11,0.19
2012-06-08,0.19
2012-06-07,0.2
2012-06-06,0.2
2012-06-05,0.19
2012-06-04,0.19
2012-06-01,0.19
2012-05-31,0.2
2012-05-30,0.21
2012-05-29,0.2
2012-05-28,0.2
2012-05-25,0.2
2012-05-24,0.2
2012-05-23,0.2
2012-05-22,0.2
2012-05-21,0.2
2012-05-18,0.2
2012-05-17,0.2
2012-05-16,0.2
2012-05-15,0.2
2012-05-14,0.21
2012-05-11,0.23
2012-05-10,0.23
2012-05-09,0.23
2012-05-08,0.21
2012-05-07,0.21
2012-05-04,0.21
2012-05-03,0.21
2012-05-02,0.21
2012-05-01,0.21
2012-04-30,0.21
2012-04-27,0.21
2012-04-26,0.21
2012-04-25,0.22
2012-04-24,0.22
2012-04-23,0.21
2012-04-20,0.21
2012-04-19,0.21
2012-04-18,0.22
2012-04-17,0.21
2012-04-16,0.2
2012-04-13,0.22
2012-04-12,0.22
2012-04-11,0.23
2012-04-10,0.23
2012-04-09,0.24
2012-04-06,0.24
2012-04-05,0.24
2012-04-04,0.23
2012-04-03,0.24
2012-04-02,0.24
2012-03-30,0.25
2012-03-29,0.25
2012-03-28,0.25
2012-03-27,0.25
2012-03-26,0.25
2012-03-23,0.26
2012-03-22,0.25
2012-03-21,0.26
2012-03-20,0.27
2012-03-19,0.25
2012-03-16,0.25
2012-03-15,0.25
2012-03-14,0.25
2012-03-13,0.25
2012-03-12,0.25
2012-03-09,0.26
2012-03-08,0.26
2012-03-07,0.26
2012-03-06,0.25
2012-03-05,0.26
2012-03-02,0.27
2012-03-01,0.26
2012-02-29,0.27
2012-02-28,0.27
2012-02-27,0.25
2012-02-24,0.26
2012-02-23,0.25
2012-02-22,0.27
2012-02-21,0.27
2012-02-20,0.28
2012-02-17,0.28
2012-02-16,0.28
2012-02-15,0.28
2012-02-14,0.25
2012-02-13,0.23
2012-02-10,0.22
2012-02-09,0.23
2012-02-08,0.22
2012-02-07,0.2
2012-02-06,0.19
2012-02-03,0.2
2012-02-02,0.19
2012-02-01,0.19
2012-01-31,0.2
2012-01-30,0.2
2012-01-27,0.21
2012-01-26,0.2
2012-01-25,0.2
2012-01-24,0.2
2012-01-23,0.21
2012-01-20,0.21
2012-01-19,0.21
2012-01-18,0.21
2012-01-17,0.2
2012-01-16,0.21
2012-01-13,0.21
2012-01-12,0.2
2012-01-11,0.2
2012-01-10,0.21
2012-01-09,0.21
2012-01-06,0.21
2012-01-05,0.2
2012-01-04,0.21
2012-01-03,0.22
2012-01-02,0.23
2011-12-30,0.21
2011-12-29,0.2
2011-12-28,0.21
2011-12-27,0.21
2011-12-26,0.18
2011-12-23,0.18
2011-12-22,0.19
2011-12-21,0.19
2011-12-20,0.19
2011-12-19,0.18
2011-12-16,0.18
2011-12-15,0.18
2011-12-14,0.18
2011-12-13,0.18
2011-12-12,0.19
2011-12-09,0.19
2011-12-08,0.19
2011-12-07,0.2
2011-12-06,0.19
2011-12-05,0.19
2011-12-02,0.19
2011-12-01,0.17
2011-11-30,0.19
2011-11-29,0.19
2011-11-28,0.2
2011-11-25,0.2
2011-11-24,0.2
2011-11-23,0.2
2011-11-22,0.2
2011-11-21,0.19
2011-11-18,0.2
2011-11-17,0.2
2011-11-16,0.19
2011-11-15,0.19
2011-11-14,0.18
2011-11-11,0.19
2011-11-10,0.17
2011-11-09,0.17
2011-11-08,0.18
2011-11-07,0.18
2011-11-04,0.18
2011-11-03,0.19
2011-11-02,0.18
2011-11-01,0.19
2011-10-31,0.2
2011-10-28,0.21
2011-10-27,0.21
2011-10-26,0.2
2011-10-25,0.2
2011-10-24,0.21
2011-10-21,0.21
2011-10-20,0.21
2011-10-19,0.21
2011-10-18,0.21
2011-10-17,0.22
2011-10-14,0.21
2011-10-13,0.22
2011-10-12,0.23
2011-10-11,0.23
2011-10-10,0.23
2011-10-07,0.23
2011-10-06,0.23
2011-10-05,0.24
2011-10-04,0.23
2011-10-03,0.23
2011-09-30,0.24
2011-09-29,0.25
2011-09-28,0.24
2011-09-27,0.23
2011-09-26,0.23
2011-09-23,0.22
2011-09-22,0.22
2011-09-21,0.24
2011-09-20,0.25
2011-09-19,0.24
2011-09-16,0.24
2011-09-15,0.27
2011-09-14,0.26
2011-09-13,0.26
2011-09-12,0.27
2011-09-09,0.3
2011-09-08,0.3
2011-09-07,0.32
2011-09-06,0.3
2011-09-05,0.31
2011-09-02,0.32
2011-09-01,0.33
2011-08-31,0.33
2011-08-30,0.33
2011-08-29,0.31
2011-08-26,0.32
2011-08-25,0.33
2011-08-24,0.32
2011-08-23,0.32
2011-08-22,0.32
2011-08-19,0.31
2011-08-18,0.33
2011-08-17,0.34
2011-08-16,0.34
2011-08-15,0.34
2011-08-12,0.33
2011-08-11,0.33
2011-08-10,0.33
2011-08-09,0.32
2011-08-08,0.33
2011-08-05,0.35
2011-08-04,0.35
2011-08-03,0.36
2011-08-02,0.36
2011-08-01,0.37
2011-07-29,0.37
2011-07-28,0.39
2011-07-27,0.38
2011-07-26,0.39
2011-07-25,0.4
2011-07-22,0.39
2011-07-21,0.37
2011-07-20,0.37
2011-07-19,0.36
2011-07-18,0.36
2011-07-15,0.37
2011-07-14,0.36
2011-07-13,0.38
2011-07-12,0.36
2011-07-11,0.37
2011-07-08,0.41
2011-07-07,0.41
2011-07-06,0.42
2011-07-05,0.42
2011-07-04,0.43
2011-07-01,0.43
2011-06-30,0.43
2011-06-29,0.43
2011-06-28,0.41
2011-06-27,0.41
2011-06-24,0.44
2011-06-23,0.45
2011-06-22,0.46
2011-06-21,0.47
2011-06-20,0.47
2011-06-17,0.45
2011-06-16,0.45
2011-06-15,0.46
2011-06-14,0.48
2011-06-13,7.319
2011-06-10,0.48
2011-06-09,0.5
2011-06-08,0.5
2011-06-07,0.51
2011-06-06,0.51
2011-06-03,0.5
2011-06-02,0.51
2011-06-01,0.5
2011-05-31,0.51
2011-05-30,0.48
2011-05-27,0.5
2011-05-26,0.51
2011-05-25,0.52
2011-05-24,0.53
2011-05-23,0.52
2011-05-20,0.53
2011-05-19,0.55
2011-05-18,0.55
2011-05-17,0.54
2011-05-16,0.54
2011-05-13,0.54
2011-05-12,0.54
2011-05-11,0.55
2011-05-10,0.55
2011-05-09,0.55
2011-05-06,0.57
2011-05-05,0.55
2011-05-04,0.55
2011-05-03,0.54
2011-05-02,0.55
2011-04-29,0.55
2011-04-28,0.53
2011-04-27,0.55
2011-04-26,0.54
2011-04-25,8.526
2011-04-22,8.526
2011-04-21,0.56
2011-04-20,0.55
2011-04-19,0.55
2011-04-18,0.55
2011-04-15,0.58
2011-04-14,0.58
2011-04-13,0.59
2011-04-12,0.6
2011-04-11,0.61
2011-04-08,0.59
2011-04-07,0.62
2011-04-06,0.62
2011-04-05,0.6
2011-04-04,0.61
2011-04-01,0.61
2011-03-31,0.62
2011-03-30,0.63
2011-03-29,0.62
2011-03-28,0.63
2011-03-25,0.62
2011-03-24,0.64
2011-03-23,0.64
2011-03-22,0.64
2011-03-21,0.64
2011-03-18,0.63
2011-03-17,0.63
2011-03-16,0.63
2011-03-15,0.66
2011-03-14,0.67
2011-03-11,0.68
2011-03-10,0.67
2011-03-09,0.67
2011-03-08,0.69
2011-03-07,0.68
2011-03-04,0.68
2011-03-03,0.68
2011-03-02,0.69
2011-03-01,0.69
2011-02-28,0.69
2011-02-25,0.7
2011-02-24,0.72
2011-02-23,0.7
2011-02-22,0.7
2011-02-21,0.71
2011-02-18,0.71
2011-02-17,0.72
2011-02-16,0.71
2011-02-15,0.71
2011-02-14,0.71
2011-02-11,0.71
2011-02-10,0.72
2011-02-09,0.74
2011-02-08,0.73
2011-02-07,0.74
2011-02-04,0.72
2011-02-03,0.72
2011-02-02,0.73
2011-02-01,0.73
2011-01-31,0.73
2011-01-28,0.72
2011-01-27,0.74
2011-01-26,0.72
2011-01-25,0.73
2011-01-24,0.73
2011-01-21,0.73
2011-01-20,0.73
2011-01-19,0.73
2011-01-18,0.72
2011-01-17,0.72
2011-01-14,0.71
2011-01-13,0.72
2011-01-12,0.73
2011-01-11,0.71
2011-01-10,0.69
2011-01-07,0.71
2011-01-06,0.71
2011-01-05,0.71
2011-01-04,0.73
2011-01-03,0.72
2010-12-31,0.73
2010-12-30,0.73
2010-12-29,0.73
2010-12-28,0.71
2010-12-27,0.73
2010-12-24,0.74
2010-12-23,0.75
2010-12-22,0.75
2010-12-21,0.76
2010-12-20,0.76
2010-12-17,0.77
2010-12-16,0.76
2010-12-15,0.79
2010-12-14,0.8
2010-12-13,0.81
2010-12-10,0.8
2010-12-09,0.82
2010-12-08,0.79
2010-12-07,0.75
2010-12-06,0.73
2010-12-03,0.72
2010-12-02,0.69
2010-12-01,0.72
2010-11-30,0.67
2010-11-29,0.73
2010-11-26,0.73
2010-11-25,0.75
2010-11-24,0.77
2010-11-23,0.79
2010-11-22,0.88
2010-11-19,0.9
2010-11-18,0.89
2010-11-17,0.89
2010-11-16,0.9
2010-11-15,0.91
2010-11-12,0.94
2010-11-11,0.91
2010-11-10,0.93
2010-11-09,0.95
2010-11-08,0.95
2010-11-05,0.93
2010-11-04,0.96
2010-11-03,0.95
2010-11-02,0.99
2010-11-01,0.97
2010-10-29,0.99
2010-10-28,0.97
2010-10-27,0.99
2010-10-26,1.03
2010-10-25,1.04
2010-10-22,1.05
2010-10-21,1.0
2010-10-20,0.96
2010-10-19,0.94
2010-10-18,0.92
2010-10-15,0.92
2010-10-14,0.86
2010-10-13,0.85
2010-10-12,0.85
2010-10-11,0.85
2010-10-08,0.84
2010-10-07,0.85
2010-10-06,0.85
2010-10-05,0.84
2010-10-04,0.85
2010-10-01,0.84
2010-09-30,0.84
2010-09-29,0.85
2010-09-28,0.86
2010-09-27,0.86
2010-09-24,0.85
2010-09-23,0.85
2010-09-22,0.85
2010-09-21,0.89
2010-09-20,0.89
2010-09-17,0.89
2010-09-16,0.89
2010-09-15,0.91
2010-09-14,0.91
2010-09-13,0.89
2010-09-10,0.87
2010-09-09,0.88
2010-09-08,0.88
2010-09-07,0.87
2010-09-06,0.87
2010-09-03,0.87
2010-09-02,0.86
2010-09-01,0.88
2010-08-31,0.87
2010-08-30,0.88
2010-08-27,0.88
2010-08-26,0.88
2010-08-25,0.87
2010-08-24,0.88
2010-08-23,0.89
2010-08-20,0.91
2010-08-19,0.95
2010-08-18,0.96
2010-08-17,1.03
2010-08-16,1.05
2010-08-13,7.754
2010-08-12,7.734
2010-08-11,7.64
2010-08-10,7.8
2010-08-09,7.841
2010-08-06,7.642
2010-08-05,7.74
2010-08-04,7.689
2010-08-03,7.649
2010-08-02,7.643
2010-07-30,7.59
2010-07-29,7.542
2010-07-28,7.604
2010-07-27,7.589
2010-07-26,7.6
2010-07-23,7.561
2010-07-22,7.65
2010-07-21,7.52
2010-07-20,7.455
2010-07-19,7.411
2010-07-16,7.414
2010-07-15,7.509
2010-07-14,7.567
2010-07-13,7.6
2010-07-12,7.595
2010-07-09,7.495
2010-07-08,7.685
2010-07-07,7.493
2010-07-06,7.522
2010-07-05,7.256
2010-07-02,7.176
2010-07-01,7.221
2010-06-30,7.351
2010-06-29,7.355
2010-06-28,7.676
2010-06-25,7.491
2010-06-24,7.58
2010-06-23,7.815
2010-06-22,7.984
2010-06-21,7.95
2010-06-18,7.754
2010-06-17,7.46
2010-06-16,7.5
2010-06-15,7.585
2010-06-14,7.578
2010-06-11,7.56
2010-06-10,7.39
2010-06-09,7.24
2010-06-08,7.2
2010-06-07,7.256
2010-06-04,7.284
2010-06-03,7.538
2010-06-02,7.41
2010-06-01,7.52
2010-05-31,7.344
2010-05-28,7.41
2010-05-27,7.392
2010-05-26,7.279
2010-05-25,7.013
2010-05-24,7.319
2010-05-21,7.303
2010-05-20,7.22
2010-05-19,7.224
2010-05-18,7.375
2010-05-17,7.302
2010-05-14,7.651
2010-05-13,7.63
2010-05-12,7.623
2010-05-11,7.49
2010-05-10,7.399
2010-05-07,6.973
2010-05-06,7.231
2010-05-05,7.214
2010-05-04,7.4
2010-05-03,7.644
2010-04-30,7.6
2010-04-29,7.594
2010-04-28,7.174
2010-04-27,7.6
2010-04-26,7.903
2010-04-23,8.005
2010-04-22,7.86
2010-04-21,8.005
2010-04-20,8.254
2010-04-19,8.099
2010-04-16,7.911
2010-04-15,8.14
2010-04-14,8.2
2010-04-13,8.049
2010-04-12,8.035
2010-04-09,8.008
2010-04-08,7.899
2010-04-07,7.999
2010-04-06,8.0
2010-04-05,7.95
2010-04-02,7.95
2010-04-01,7.95
2010-03-31,7.85
2010-03-30,7.9
2010-03-29,7.986
2010-03-26,7.938
2010-03-25,7.898
2010-03-24,7.899
2010-03-23,7.87
2010-03-22,7.714
2010-03-19,7.633
2010-03-18,7.779
2010-03-17,7.801
2010-03-16,7.734
2010-03-15,7.681
2010-03-12,7.66
2010-03-11,7.69
2010-03-10,7.52
2010-03-09,7.299
2010-03-08,7.382
2010-03-05,7.44
2010-03-04,7.355
2010-03-03,7.481
2010-03-02,7.383
2010-03-01,7.327
2010-02-26,7.069
2010-02-25,6.961
2010-02-24,7.201
2010-02-23,7.151
2010-02-22,7.377
2010-02-19,7.413
2010-02-18,7.375
2010-02-17,7.291
2010-02-16,7.21
2010-02-15,7.36
2010-02-12,7.455
2010-02-11,7.6
2010-02-10,7.665
2010-02-09,7.587
2010-02-08,7.64
2010-02-05,7.65
2010-02-04,7.44
2010-02-03,7.859
2010-02-02,7.85
2010-02-01,7.833
2010-01-29,7.61
2010-01-28,7.693
2010-01-27,7.71
2010-01-26,7.781
2010-01-25,7.797
2010-01-22,7.685
2010-01-21,7.83
2010-01-20,8.061
2010-01-19,8.041
2010-01-18,7.996
2010-01-15,7.947
2010-01-14,8.018
2010-01-13,7.955
2010-01-12,7.962
2010-01-11,8.076
2010-01-08,8.02
2010-01-07,7.94
2010-01-06,7.78
2010-01-05,7.858
2010-01-04,7.75
2009-12-31,7.76
2009-12-30,7.83
2009-12-29,7.76
2009-12-28,7.65
2009-12-24,7.688
2009-12-23,7.65
2009-12-22,7.699
2009-12-21,7.665
2009-12-18,7.719
2009-12-17,7.586
2009-12-16,7.68
2009-12-15,7.51
2009-12-14,7.53
2009-12-11,7.556
2009-12-10,7.507
2009-12-09,7.45
2009-12-08,7.554
2009-12-07,7.645
2009-12-04,7.646
2009-12-03,7.51
2009-12-02,7.408
2009-12-01,7.6
2009-11-30,7.36
2009-11-27,7.429
2009-11-26,7.255
2009-11-25,7.431
2009-11-24,7.531
2009-11-23,7.613
2009-11-20,7.479
2009-11-19,7.55
2009-11-18,7.76
2009-11-17,7.735
2009-11-16,7.795
2009-11-13,7.743
2009-11-12,7.77
2009-11-11,7.746
2009-11-10,7.74
2009-11-09,7.68
2009-11-06,7.525
2009-11-05,7.529
2009-11-04,7.44
2009-11-03,7.42
2009-11-02,7.522
2009-10-30,7.521
2009-10-29,7.64
2009-10-28,7.4
2009-10-27,7.79
2009-10-26,7.97
2009-10-23,8.088
2009-10-22,8.025
2009-10-21,8.194
2009-10-20,8.339
2009-10-19,8.4
2009-10-16,8.28
2009-10-15,8.39
2009-10-14,8.48
2009-10-13,8.398
2009-10-12,8.495
2009-10-09,8.395
2009-10-08,8.432
2009-10-07,8.17
2009-10-06,8.056
2009-10-05,7.919
2009-10-02,7.68
2009-10-01,7.739
2009-09-30,7.73
2009-09-29,7.77
2009-09-28,7.776
2009-09-25,7.737
2009-09-24,7.75
2009-09-23,7.91
2009-09-22,7.845
2009-09-21,7.708
2009-09-18,7.731
2009-09-17,7.48
2009-09-16,7.121
2009-09-15,7.042
2009-09-14,7.02
2009-09-11,7.07
2009-09-10,6.93
2009-09-09,6.97
2009-09-08,6.949
2009-09-07,6.91
2009-09-04,6.841
2009-09-03,6.721
2009-09-02,6.6
2009-09-01,6.77
2009-08-31,6.95
2009-08-28,7.0
2009-08-27,6.99
2009-08-26,7.03
2009-08-25,6.97
2009-08-24,7.09
2009-08-21,6.92
2009-08-20,6.71
2009-08-19,6.65
2009-08-18,6.645
2009-08-17,6.47
2009-08-14,6.59
2009-08-13,6.49
2009-08-12,6.44
2009-08-11,6.465
2009-08-10,6.488
2009-08-07,6.441
2009-08-06,6.49
2009-08-05,6.423
2009-08-04,6.42
2009-08-03,6.415
2009-07-31,6.43
2009-07-30,6.42
2009-07-29,6.4
2009-07-28,6.35
2009-07-27,6.361
2009-07-24,6.37
2009-07-23,6.465
2009-07-22,6.485
2009-07-21,6.348
2009-07-20,6.109
2009-07-17,6.0
2009-07-16,5.97
2009-07-15,5.93
2009-07-14,5.844
2009-07-13,5.81
2009-07-10,5.773
2009-07-09,5.828
2009-07-08,5.84
2009-07-07,5.9
2009-07-06,5.87
2009-07-03,5.856
2009-07-02,5.9
2009-07-01,5.968
2009-06-30,5.79
2009-06-29,5.75
2009-06-26,5.747
2009-06-25,5.743
2009-06-24,5.8
2009-06-23,5.74
2009-06-22,5.74
2009-06-19,5.79
2009-06-18,5.8
2009-06-17,5.8
2009-06-16,5.84
2009-06-15,6.0
2009-06-12,6.073
2009-06-11,6.139
2009-06-10,6.2
2009-06-09,6.19
2009-06-08,6.235
2009-06-05,6.33
2009-06-04,6.31
2009-06-03,6.35
2009-06-02,6.321
2009-06-01,6.26
2009-05-29,6.26
2009-05-28,6.219
2009-05-27,6.35
2009-05-26,6.34
2009-05-25,6.32
2009-05-22,6.339
2009-05-21,6.351
2009-05-20,6.439
2009-05-19,6.41
2009-05-18,6.33
2009-05-15,6.35
2009-05-14,6.27
2009-05-13,6.25
2009-05-12,6.25
2009-05-11,6.3
2009-05-08,6.35
2009-05-07,6.36
2009-05-06,6.4
2009-05-05,6.38
2009-05-04,6.4
2009-05-01,6.35
2009-04-30,6.35
2009-04-29,6.329
2009-04-28,6.15
2009-04-27,6.31
2009-04-24,6.38
2009-04-23,6.32
2009-04-22,6.209
2009-04-21,6.171
2009-04-20,6.11
2009-04-17,6.41
2009-04-16,6.339
2009-04-15,6.3
2009-04-14,6.388
2009-04-13,6.432
2009-04-10,6.432
2009-04-09,6.432
2009-04-08,6.38
2009-04-07,6.49
2009-04-06,6.471
2009-04-03,6.45
2009-04-02,6.36
2009-04-01,6.25
2009-03-31,6.35
2009-03-30,6.2
2009-03-27,6.305
2009-03-26,6.241
2009-03-25,6.171
2009-03-24,6.2
2009-03-23,6.24
2009-03-20,6.19
2009-03-19,6.16
2009-03-18,6.05
2009-03-17,6.0
2009-03-16,6.05
2009-03-13,5.94
2009-03-12,5.9
2009-03-11,5.9
2009-03-10,5.905
2009-03-09,5.85
2009-03-06,5.83
2009-03-05,5.9
2009-03-04,5.884
2009-03-03,5.86
2009-03-02,5.91
2009-02-27,6.0
2009-02-26,5.99
2009-02-25,6.0
2009-02-24,5.956
2009-02-23,6.099
2009-02-20,5.801
2009-02-19,5.77
2009-02-18,5.75
2009-02-17,5.771
2009-02-16,5.86
2009-02-13,5.94
2009-02-12,6.06
2009-02-11,6.08
2009-02-10,6.2
2009-02-09,6.05
2009-02-06,6.1
2009-02-05,6.15
2009-02-04,6.2
2009-02-03,6.15
2009-02-02,6.19
2009-01-30,6.36
2009-01-29,6.3
2009-01-28,6.29
2009-01-27,6.32
2009-01-26,6.35
2009-01-23,6.38
2009-01-22,6.41
2009-01-21,6.42
2009-01-20,6.42
2009-01-19,6.41
2009-01-16,6.55
2009-01-15,6.52
2009-01-14,6.55
2009-01-13,6.644
2009-01-12,6.6
2009-01-09,6.57
2009-01-08,6.55
2009-01-07,6.453
2009-01-06,6.494
2009-01-05,6.411
2009-01-02,6.492
2009-01-01,6.401
2008-12-31,6.401
2008-12-30,6.4
2008-12-29,6.381
2008-12-26,6.341
2008-12-25,6.341
2008-12-24,6.341
2008-12-23,6.42
2008-12-22,6.31
2008-12-19,6.35
2008-12-18,6.345
2008-12-17,6.305
2008-12-16,6.35
2008-12-15,6.38
2008-12-12,6.284
2008-12-11,6.5
2008-12-10,6.576
2008-12-09,6.679
2008-12-08,6.693
2008-12-05,6.46
2008-12-04,6.6
2008-12-03,6.65
2008-12-02,6.671
2008-12-01,6.652
2008-11-28,6.57
2008-11-27,6.662
2008-11-26,6.661
2008-11-25,6.6
2008-11-24,6.506
2008-11-21,6.45
2008-11-20,6.382
2008-11-19,6.501
2008-11-18,6.82
2008-11-17,6.68
2008-11-14,6.57
2008-11-13,6.584
2008-11-12,6.688
2008-11-11,6.67
2008-11-10,6.75
2008-11-07,6.693
2008-11-06,6.625
2008-11-05,6.597
2008-11-04,6.87
2008-11-03,7.02
2008-10-31,6.87
2008-10-30,6.606
2008-10-29,6.58
2008-10-28,6.336
2008-10-27,6.5
2008-10-24,6.619
2008-10-23,6.869
2008-10-22,6.553
2008-10-21,6.649
2008-10-20,6.62
2008-10-17,6.56
2008-10-16,6.786
2008-10-15,6.86
2008-10-14,7.012
2008-10-13,6.6
2008-10-10,6.05
2008-10-09,6.27
2008-10-08,6.47
2008-10-07,6.56
2008-10-06,6.46
2008-10-03,6.771
2008-10-02,6.763
2008-10-01,6.66
2008-09-30,6.9
2008-09-29,6.61
2008-09-26,6.79
2008-09-25,6.95
2008-09-24,6.88
2008-09-23,6.911
2008-09-22,7.149
2008-09-19,7.015
2008-09-18,6.832
2008-09-17,7.17
2008-09-16,7.44
2008-09-15,7.474
2008-09-12,7.471
2008-09-11,7.213
2008-09-10,7.28
2008-09-09,7.358
2008-09-08,7.57
2008-09-05,7.477
2008-09-04,7.58
2008-09-03,7.595
2008-09-02,7.537
2008-09-01,7.539
2008-08-29,7.68
2008-08-28,7.58
2008-08-27,7.59
2008-08-26,7.62
2008-08-25,7.73
2008-08-22,7.75
2008-08-21,7.61
2008-08-20,7.57
2008-08-19,7.58
2008-08-18,7.82
2008-08-15,7.83
2008-08-14,7.72
2008-08-13,7.64
2008-08-12,7.88
2008-08-11,7.89
2008-08-08,7.83
2008-08-07,7.76
2008-08-06,7.78
2008-08-05,7.52
2008-08-04,7.34
2008-08-01,7.5
2008-07-31,7.48
2008-07-30,7.39
2008-07-29,7.28
2008-07-28,7.31
2008-07-25,7.49
2008-07-24,7.75
2008-07-23,7.95
2008-07-22,7.91
2008-07-21,7.83
2008-07-18,7.61
2008-07-17,7.47
2008-07-16,7.25
2008-07-15,7.36
2008-07-14,7.51
2008-07-11,7.51
2008-07-10,7.63
2008-07-09,7.71
2008-07-08,7.68
2008-07-07,7.6
2008-07-04,7.66
2008-07-03,7.64
2008-07-02,7.68
2008-07-01,7.64
2008-06-30,7.92
2008-06-27,8.05
2008-06-26,8.08
2008-06-25,8.23
2008-06-24,8.03
2008-06-23,7.96
2008-06-20,8.01
2008-06-19,8.04
2008-06-18,8.18
2008-06-17,8.35
2008-06-16,8.49
2008-06-13,8.58
2008-06-12,8.64
2008-06-11,8.65
2008-06-10,8.89
2008-06-09,8.85
2008-06-06,8.87
2008-06-05,8.88
2008-06-04,8.82
2008-06-03,8.78
2008-06-02,8.69
2008-05-30,8.8
2008-05-29,8.89
2008-05-28,8.85
2008-05-27,8.82
2008-05-26,9.2
2008-05-23,9.32
2008-05-22,9.4
2008-05-21,9.36
2008-05-20,9.27
2008-05-19,9.59
2008-05-16,9.53
2008-05-15,9.41
2008-05-14,9.5
2008-05-13,9.43
2008-05-12,9.38
2008-05-09,9.19
2008-05-08,9.17
2008-05-07,9.08
2008-05-06,9.04
2008-05-05,9.05
2008-05-02,9.0
2008-05-01,9.0
2008-04-30,9.0
2008-04-29,9.07
2008-04-28,9.1
2008-04-25,8.88
2008-04-24,8.86
2008-04-23,8.93
2008-04-22,8.85
2008-04-21,8.81
2008-04-18,8.86
2008-04-17,8.81
2008-04-16,8.85
2008-04-15,8.75
2008-04-14,8.82
2008-04-11,8.88
2008-04-10,8.68
2008-04-09,8.55
2008-04-08,8.53
2008-04-07,8.66
2008-04-04,8.62
2008-04-03,8.85
2008-04-02,8.56
2008-04-01,8.4
2008-03-31,8.1
2008-03-28,8.24
2008-03-27,8.22
2008-03-26,8.14
2008-03-25,8.12
2008-03-24,7.8
2008-03-21,7.8
2008-03-20,7.8
2008-03-19,7.7
2008-03-18,7.67
2008-03-17,7.47
2008-03-14,7.61
2008-03-13,7.76
2008-03-12,7.93
2008-03-11,7.87
2008-03-10,7.84
2008-03-07,7.91
2008-03-06,8.03
2008-03-05,8.06
2008-03-04,7.96
2008-03-03,8.15
2008-02-29,8.07
2008-02-28,8.12
2008-02-27,8.18
2008-02-26,8.33
2008-02-25,8.48
2008-02-22,8.51
2008-02-21,8.34
2008-02-20,8.31
2008-02-19,8.35
2008-02-18,8.31
2008-02-15,8.22
2008-02-14,8.26
2008-02-13,8.16
2008-02-12,8.12
2008-02-11,7.98
2008-02-08,8.14
2008-02-07,7.89
2008-02-06,8.29
2008-02-05,8.11
2008-02-04,8.44
2008-02-01,8.1
2008-01-31,7.84
2008-01-30,7.78
2008-01-29,7.85
2008-01-28,7.78
2008-01-25,7.92
2008-01-24,7.84
2008-01-23,7.82
2008-01-22,7.88
2008-01-21,7.8
2008-01-18,8.1
2008-01-17,7.95
2008-01-16,8.05
2008-01-15,8.2
2008-01-14,8.14
2008-01-11,7.98
2008-01-10,8.15
2008-01-09,8.25
2008-01-08,8.5
2008-01-07,8.24
2008-01-04,8.57
2008-01-03,8.53
2008-01-02,8.6
2008-01-01,8.77
2007-12-31,8.77
2007-12-28,8.8
2007-12-27,8.9
2007-12-26,9.01
2007-12-25,9.01
2007-12-24,9.01
2007-12-21,9.1
2007-12-20,9.21
2007-12-19,9.46
2007-12-18,9.58
2007-12-17,9.55
2007-12-14,9.67
2007-12-13,9.57
2007-12-12,9.76
2007-12-11,9.83
2007-12-10,9.94
2007-12-07,9.98
2007-12-06,10.0
2007-12-05,10.08
2007-12-04,10.0
2007-12-03,10.02
2007-11-30,10.07
2007-11-29,9.84
2007-11-28,9.78
2007-11-27,9.73
2007-11-26,9.73
2007-11-23,9.83
2007-11-22,9.71
2007-11-21,9.75
2007-11-20,9.93
2007-11-19,10.27
2007-11-16,10.44
2007-11-15,10.65
2007-11-14,10.71
2007-11-13,10.71
2007-11-12,10.7
2007-11-09,10.81
2007-11-08,10.98
2007-11-07,11.15
2007-11-06,10.99
2007-11-05,10.9
2007-11-02,11.0
2007-11-01,11.15
2007-10-31,11.2
2007-10-30,11.29
2007-10-29,11.3
2007-10-26,11.17
2007-10-25,11.45
2007-10-24,11.41
2007-10-23,11.54
2007-10-22,11.46
2007-10-19,11.55
2007-10-18,11.71
2007-10-17,11.7
2007-10-16,11.52
2007-10-15,11.73
2007-10-12,11.75
2007-10-11,11.8
2007-10-10,11.82
2007-10-09,11.84
2007-10-08,11.89
2007-10-05,11.7
2007-10-04,11.62
2007-10-03,11.7
2007-10-02,11.75
2007-10-01,11.45
2007-09-28,11.43
2007-09-27,11.6
2007-09-26,11.44
2007-09-25,11.26
2007-09-24,11.8
2007-09-21,11.8
2007-09-20,11.82
2007-09-19,12.0
2007-09-18,11.56
2007-09-17,11.74
2007-09-14,11.75
2007-09-13,11.7
2007-09-12,11.84
2007-09-11,12.09
2007-09-10,12.1
2007-09-07,12.34
2007-09-06,12.73
2007-09-05,12.6
2007-09-04,12.91
2007-09-03,12.8
2007-08-31,12.31
2007-08-30,12.13
2007-08-29,11.96
2007-08-28,11.93
2007-08-27,12.31
2007-08-24,12.21
2007-08-23,12.1
2007-08-22,11.85
2007-08-21,11.43
2007-08-20,11.45
2007-08-17,11.37
2007-08-16,11.41
2007-08-15,11.79
2007-08-14,11.65
2007-08-13,11.5
2007-08-10,11.46
2007-08-09,12.17
2007-08-08,12.5
2007-08-07,12.57
2007-08-06,12.42
2007-08-03,12.8
2007-08-02,12.76
2007-08-01,12.52
2007-07-31,12.93
2007-07-30,12.91
2007-07-27,12.76
2007-07-26,13.02
2007-07-25,13.15
2007-07-24,13.3
2007-07-23,13.59
2007-07-20,13.55
2007-07-19,13.53
2007-07-18,13.44
2007-07-17,13.42
2007-07-16,13.47
2007-07-13,13.37
2007-07-12,13.32
2007-07-11,13.2
2007-07-10,13.4
2007-07-09,13.31
2007-07-06,13.34
2007-07-05,13.54
2007-07-04,13.52
2007-07-03,13.55
2007-07-02,13.38
2007-06-29,13.34
2007-06-28,13.16
2007-06-27,13.01
2007-06-26,12.71
2007-06-25,12.56
2007-06-22,12.58
2007-06-21,12.52
2007-06-20,12.47
2007-06-19,12.38
2007-06-18,12.31
2007-06-15,12.32
2007-06-14,12.41
2007-06-13,12.4
2007-06-12,12.46
2007-06-11,12.29
2007-06-08,12.21
2007-06-07,12.19
2007-06-06,12.24
2007-06-05,12.55
2007-06-04,12.57
2007-06-01,12.62
2007-05-31,12.62
2007-05-30,12.55
2007-05-29,12.58
2007-05-28,12.6
2007-05-25,12.6
2007-05-24,12.55
2007-05-23,12.54
2007-05-22,12.48
2007-05-21,12.39
2007-05-18,12.23
2007-05-17,12.31
2007-05-16,12.31
2007-05-15,12.42
2007-05-14,12.49
2007-05-11,12.4
2007-05-10,12.36
2007-05-09,12.25
2007-05-08,11.88
2007-05-07,11.95
2007-05-04,11.97
2007-05-03,11.87
2007-05-02,11.75
2007-05-01,11.75
2007-04-30,11.75
2007-04-27,11.75
2007-04-26,11.75
2007-04-25,11.77
2007-04-24,11.78
2007-04-23,11.95
2007-04-20,11.8
2007-04-19,11.75
2007-04-18,11.84
2007-04-17,11.83
2007-04-16,11.8
2007-04-13,11.86
2007-04-12,11.8
2007-04-11,11.9
2007-04-10,11.9
2007-04-09,10.16
2007-04-06,10.16
2007-04-05,11.71
2007-04-04,11.9
2007-04-03,11.93
2007-04-02,11.74
2007-03-30,11.42
2007-03-29,11.41
2007-03-28,10.96
2007-03-27,11.31
2007-03-26,11.21
2007-03-23,11.31
2007-03-22,11.27
2007-03-21,11.28
2007-03-20,11.1
2007-03-19,11.08
2007-03-16,10.86
2007-03-15,10.9
2007-03-14,10.62
2007-03-13,10.82
2007-03-12,11.0
2007-03-09,10.95
2007-03-08,11.01
2007-03-07,10.84
2007-03-06,10.95
2007-03-05,10.68
2007-03-02,11.22
2007-03-01,11.12
2007-02-28,11.07
2007-02-27,11.35
2007-02-26,12.17
2007-02-23,11.9
2007-02-22,11.68
2007-02-21,11.66
2007-02-20,11.61
2007-02-19,11.65
2007-02-16,11.3
2007-02-15,11.31
2007-02-14,11.45
2007-02-13,11.29
2007-02-12,11.55
2007-02-09,10.65
2007-02-08,10.18
2007-02-07,9.91
2007-02-06,9.94
2007-02-05,9.98
2007-02-02,9.89
2007-02-01,9.7
2007-01-31,9.41
2007-01-30,9.25
2007-01-29,9.29
2007-01-26,9.24
2007-01-25,9.21
2007-01-24,9.26
2007-01-23,9.18
2007-01-22,9.15
2007-01-19,9.25
2007-01-18,9.27
2007-01-17,9.26
2007-01-16,9.25
2007-01-15,9.2
2007-01-12,8.98
2007-01-11,8.85
2007-01-10,8.8
2007-01-09,8.8
2007-01-08,8.8
2007-01-05,8.8
2007-01-04,8.83
2007-01-03,8.84
2007-01-02,8.85
2007-01-01,9.84
2006-12-29,8.84
2006-12-28,8.81
2006-12-27,8.66
2006-12-26,9.81
2006-12-25,9.81
2006-12-22,8.56
2006-12-21,8.55
2006-12-20,8.56
2006-12-19,8.52
2006-12-18,8.58
2006-12-15,8.57
2006-12-14,8.53
2006-12-13,8.57
2006-12-12,8.59
2006-12-11,8.61
2006-12-08,8.68
2006-12-07,8.71
2006-12-06,8.65
2006-12-05,8.55
2006-12-04,8.56
2006-12-01,8.52
2006-11-30,8.58
2006-11-29,8.51
2006-11-28,8.33
2006-11-27,8.33
2006-11-24,8.31
2006-11-23,8.31
2006-11-22,8.26
2006-11-21,8.25
2006-11-20,8.28
2006-11-17,8.28
2006-11-16,8.23
2006-11-15,8.34
2006-11-14,8.35
2006-11-13,8.27
2006-11-10,8.28
2006-11-09,8.37
2006-11-08,8.26
2006-11-07,8.16
2006-11-06,7.9
2006-11-03,7.88
2006-11-02,7.9
2006-11-01,7.91
2006-10-31,7.95
2006-10-30,7.88
2006-10-27,7.9
2006-10-26,7.86
2006-10-25,7.93
2006-10-24,7.98
2006-10-23,7.96
2006-10-20,8.04
2006-10-19,7.97
2006-10-18,8.01
2006-10-17,8.07
2006-10-16,8.05
2006-10-13,8.08
2006-10-12,8.1
2006-10-11,8.09
2006-10-10,8.1
2006-10-09,8.1
2006-10-06,8.08
2006-10-05,8.09
2006-10-04,8.06
2006-10-03,8.03
2006-10-02,8.07
2006-09-29,8.1
2006-09-28,8.1
2006-09-27,8.1
2006-09-26,8.09
2006-09-25,8.08
2006-09-22,8.17
2006-09-21,8.11
2006-09-20,8.12
2006-09-19,8.15
2006-09-18,8.17
2006-09-15,8.15
2006-09-14,8.16
2006-09-13,8.21
2006-09-12,8.16
2006-09-11,8.19
2006-09-08,8.18
2006-09-07,8.15
2006-09-06,8.23
2006-09-05,8.26
2006-09-04,8.28
2006-09-01,8.3
2006-08-31,8.34
2006-08-30,8.41
2006-08-29,8.3
2006-08-28,8.17
2006-08-25,8.15
2006-08-24,8.22
2006-08-23,8.16
2006-08-22,8.13
2006-08-21,8.1
2006-08-18,8.12
2006-08-17,8.08
2006-08-16,8.11
2006-08-15,8.11
2006-08-14,8.13
2006-08-11,8.1
2006-08-10,8.14
2006-08-09,8.14
2006-08-08,8.13
2006-08-07,8.08
2006-08-04,8.05
2006-08-03,7.91
2006-08-02,7.88
2006-08-01,7.85
2006-07-31,7.83
2006-07-28,7.84
2006-07-27,7.83
2006-07-26,7.82
2006-07-25,7.83
2006-07-24,7.86
2006-07-21,7.9
2006-07-20,7.89
2006-07-19,7.88
2006-07-18,7.87
2006-07-17,7.85
2006-07-14,7.91
2006-07-13,8.14
2006-07-12,8.13
2006-07-11,8.13
2006-07-10,8.13
2006-07-07,8.12
2006-07-06,8.2
2006-07-05,8.15
2006-07-04,8.22
2006-07-03,8.25
2006-06-30,8.25
2006-06-29,8.2
2006-06-28,8.25
2006-06-27,8.25
2006-06-26,8.29
2006-06-23,8.28
2006-06-22,8.23
2006-06-21,8.25
2006-06-20,8.24
2006-06-19,8.28
2006-06-16,9.39
2006-06-15,9.39
2006-06-14,8.34
2006-06-13,8.32
2006-06-12,8.51
2006-06-09,8.57
2006-06-08,8.42
2006-06-07,8.44
2006-06-06,8.33
2006-06-05,8.46
2006-06-02,8.4
2006-06-01,8.25
2006-05-31,8.15
2006-05-30,8.07
2006-05-29,8.0
2006-05-26,7.85
2006-05-25,7.88
2006-05-24,7.86
2006-05-23,7.8
2006-05-22,7.89
2006-05-19,8.15
2006-05-18,7.98
2006-05-17,8.14
2006-05-16,8.34
2006-05-15,8.45
2006-05-12,8.46
2006-05-11,8.74
2006-05-10,8.78
2006-05-09,8.75
2006-05-08,8.73
2006-05-05,8.7
2006-05-04,8.78
2006-05-03,8.81
2006-05-02,8.92
2006-04-28,8.88
2006-04-27,9.0
2006-04-26,9.15
2006-04-25,9.1
2006-04-24,8.9
2006-04-21,9.36
2006-04-20,9.36
2006-04-19,9.39
2006-04-18,9.26
2006-04-17,10.14
2006-04-14,10.14
2006-04-13,9.19
2006-04-12,9.18
2006-04-11,9.2
2006-04-10,9.1
2006-04-07,9.0
2006-04-06,8.91
2006-04-05,8.83
2006-04-04,8.8
2006-04-03,8.83
2006-03-31,8.76
2006-03-30,8.7
2006-03-29,8.85
2006-03-28,8.86
2006-03-27,8.9
2006-03-24,8.7
2006-03-23,8.54
2006-03-22,8.3
2006-03-21,8.27
2006-03-20,8.28
2006-03-17,8.47
2006-03-16,8.42
2006-03-15,8.34
2006-03-14,8.3
2006-03-13,8.42
2006-03-10,8.39
2006-03-09,8.35
2006-03-08,8.35
2006-03-07,8.21
2006-03-06,8.25
2006-03-03,8.2
2006-03-02,8.25
2006-03-01,8.38
2006-02-28,8.33
2006-02-27,8.46
2006-02-24,8.55
2006-02-23,8.25
2006-02-22,7.98
2006-02-21,8.09
2006-02-20,7.74
2006-02-17,7.49
2006-02-16,7.39
2006-02-15,7.29
2006-02-14,7.28
2006-02-13,7.3
2006-02-10,7.37
2006-02-09,7.38
2006-02-08,7.38
2006-02-07,7.44
2006-02-06,7.48
2006-02-03,7.48
2006-02-02,7.5
2006-02-01,7.53
2006-01-31,7.45
2006-01-30,7.49
2006-01-27,7.58
2006-01-26,7.53
2006-01-25,7.5
2006-01-24,7.45
2006-01-23,7.46
2006-01-20,7.53
2006-01-19,7.5
2006-01-18,7.42
2006-01-17,7.5
2006-01-16,7.58
2006-01-13,7.57
2006-01-12,7.65
2006-01-11,7.67
2006-01-10,7.58
2006-01-09,7.32
2006-01-06,7.05
2006-01-05,7.0
2006-01-04,6.9
2006-01-03,6.87
2006-01-02,6.8
2005-12-30,6.81
2005-12-29,6.87
2005-12-28,6.76
2005-12-27,6.8
2005-12-26,8.52
2005-12-23,6.76
2005-12-22,6.75
2005-12-21,6.71
2005-12-20,6.73
2005-12-19,6.75
2005-12-16,6.82
2005-12-15,6.6
2005-12-14,6.55
2005-12-13,6.66
2005-12-12,6.58
2005-12-09,6.55
2005-12-08,6.6
2005-12-07,6.53
2005-12-06,6.4
2005-12-05,6.19
2005-12-02,6.2
2005-12-01,6.22
2005-11-30,6.2
2005-11-29,6.1
2005-11-28,6.08
2005-11-25,6.0
2005-11-24,6.0
2005-11-23,6.0
2005-11-22,5.97
2005-11-21,5.95
2005-11-18,5.95
2005-11-17,5.93
2005-11-16,5.95
2005-11-15,5.96
2005-11-14,5.91
2005-11-11,5.92
2005-11-10,5.98
2005-11-09,5.87
2005-11-08,5.75
2005-11-07,5.75
2005-11-04,5.78
2005-11-03,5.73
2005-11-02,5.72
2005-11-01,5.72
2005-10-31,5.7
2005-10-28,5.7
2005-10-27,5.62
2005-10-26,5.68
2005-10-25,5.7
2005-10-24,5.82
2005-10-21,5.8
2005-10-20,5.8
2005-10-19,5.8
2005-10-18,5.8
2005-10-17,5.7
2005-10-14,5.75
2005-10-13,5.82
2005-10-12,5.83
2005-10-11,5.86
2005-10-10,5.88
2005-10-07,5.86
2005-10-06,5.89
2005-10-05,5.9
2005-10-04,5.9
2005-10-03,5.66
2005-09-30,5.65
2005-09-29,5.55
2005-09-28,5.4
2005-09-27,5.41
2005-09-26,5.5
2005-09-23,5.5
2005-09-22,5.4
2005-09-21,5.23
2005-09-20,5.15
2005-09-19,5.1
2005-09-16,5.02
2005-09-15,5.0
2005-09-14,5.06
2005-09-13,4.96
2005-09-12,4.93
2005-09-09,4.88
2005-09-08,4.89
2005-09-07,4.81
2005-09-06,4.82
2005-09-05,4.78
2005-09-02,4.82
2005-09-01,4.82
2005-08-31,4.82
2005-08-30,4.8
2005-08-29,4.8
2005-08-26,4.8
2005-08-25,4.82
2005-08-24,4.82
2005-08-23,4.82
2005-08-22,4.83
2005-08-19,4.79
2005-08-18,4.82
2005-08-17,4.82
2005-08-16,4.78
2005-08-15,8.09
2005-08-12,8.0
2005-08-11,4.81
2005-08-10,4.77
2005-08-09,7.99
2005-08-08,4.84
2005-08-05,4.84
2005-08-04,4.72
2005-08-03,4.75
2005-08-02,4.73
2005-08-01,4.77
2005-07-29,4.75
2005-07-28,4.75
2005-07-27,4.75
2005-07-26,7.83
2005-07-25,4.72
2005-07-22,4.8
2005-07-21,4.8
2005-07-20,4.8
2005-07-19,4.72
2005-07-18,4.66
2005-07-15,4.7
2005-07-14,4.64
2005-07-13,4.68
2005-07-12,4.6
2005-07-11,4.63
2005-07-08,4.68
2005-07-07,4.68
2005-07-06,4.72
2005-07-05,4.71
2005-07-04,4.67
2005-07-01,4.6
2005-06-30,4.64
2005-06-29,4.64
2005-06-28,4.6
2005-06-27,4.6
2005-06-24,4.6
2005-06-23,4.64
2005-06-22,4.6
2005-06-21,4.65
2005-06-20,4.6
2005-06-17,4.59
2005-06-16,4.59
2005-06-15,4.6
2005-06-14,8.0
2005-06-13,4.68
2005-06-10,4.68
2005-06-09,4.67
2005-06-08,4.59
2005-06-07,4.57
2005-06-06,4.59
2005-06-03,7.95
2005-06-02,4.63
2005-06-01,4.57
2005-05-31,4.6
2005-05-30,4.57
2005-05-27,4.59
2005-05-26,4.58
2005-05-25,4.6
2005-05-24,4.59
2005-05-23,4.66
2005-05-20,4.62
2005-05-19,4.69
2005-05-18,4.69
2005-05-17,4.6
2005-05-16,4.62
2005-05-13,4.64
2005-05-12,4.65
2005-05-11,4.62
2005-05-10,4.7
2005-05-09,4.7
2005-05-06,4.7
2005-05-05,4.7
2005-05-04,4.75
2005-05-03,4.7
2005-05-02,4.71
2005-04-29,4.76
2005-04-28,4.77
2005-04-27,4.79
2005-04-26,4.79
2005-04-25,8.98
2005-04-22,4.78
2005-04-21,4.78
2005-04-20,4.7
2005-04-19,4.72
2005-04-18,4.72
2005-04-15,4.79
2005-04-14,4.8
2005-04-13,4.81
2005-04-12,4.79
2005-04-11,4.71
2005-04-08,4.8
2005-04-07,4.8
2005-04-06,4.8
2005-04-05,4.67
2005-04-04,4.71
2005-04-01,4.67
2005-03-31,4.72
2005-03-30,4.78
2005-03-29,4.73
2005-03-28,9.03
2005-03-25,9.03
2005-03-24,4.75
2005-03-23,4.74
2005-03-22,4.61
2005-03-21,4.64
2005-03-18,4.61
2005-03-17,4.64
2005-03-16,4.65
2005-03-15,4.63
2005-03-14,4.64
2005-03-11,4.69
2005-03-10,4.71
2005-03-09,4.7
2005-03-08,4.7
2005-03-07,4.68
2005-03-04,4.74
2005-03-03,4.72
2005-03-02,4.8
2005-03-01,4.83
2005-02-28,4.84
2005-02-25,4.74
2005-02-24,4.72
2005-02-23,4.71
2005-02-22,4.75
2005-02-21,4.78
2005-02-18,4.85
2005-02-17,4.82
2005-02-16,4.9
2005-02-15,4.76
2005-02-14,4.7
2005-02-11,4.7
2005-02-10,4.73
2005-02-09,4.68
2005-02-08,4.7
2005-02-07,4.72
2005-02-04,4.75
2005-02-03,4.75
2005-02-02,4.72
2005-02-01,4.65
2005-01-31,4.74
2005-01-28,4.7
2005-01-27,4.57
2005-01-26,4.46
2005-01-25,4.32
2005-01-24,4.24
2005-01-21,4.25
2005-01-20,4.21
2005-01-19,4.26
2005-01-18,4.13
2005-01-17,4.11
2005-01-14,4.1
2005-01-13,4.09
2005-01-12,4.1
2005-01-11,4.07
2005-01-10,4.1
2005-01-07,4.09
2005-01-06,4.09
2005-01-05,4.05
2005-01-04,4.07
2005-01-03,4.05
2004-12-31,4.1
2004-12-30,4.08
2004-12-29,4.09
2004-12-28,4.1
2004-12-27,4.1
2004-12-24,4.07
2004-12-23,4.1
2004-12-22,4.08
2004-12-21,4.11
2004-12-20,4.13
2004-12-17,4.09
2004-12-16,4.14
2004-12-15,4.1
2004-12-14,4.09
2004-12-13,4.08
2004-12-10,4.05
2004-12-09,4.09
2004-12-08,4.12
2004-12-07,4.11
2004-12-06,4.04
2004-12-03,4.11
2004-12-02,4.11
2004-12-01,4.13
2004-11-30,4.15
2004-11-29,4.18
2004-11-26,4.16
2004-11-25,4.16
2004-11-24,4.2
2004-11-23,4.2
2004-11-22,4.2
2004-11-19,4.2
2004-11-18,4.15
2004-11-17,4.15
2004-11-16,4.18
2004-11-15,4.2
2004-11-12,4.2
2004-11-11,4.16
2004-11-10,4.17
2004-11-09,4.17
2004-11-08,4.17
2004-11-05,4.2
2004-11-04,4.19
2004-11-03,4.2
2004-11-02,4.19
2004-11-01,4.14
2004-10-29,4.17
2004-10-28,4.2
2004-10-27,4.19
2004-10-26,4.13
2004-10-25,4.18
2004-10-22,4.19
2004-10-21,4.22
2004-10-20,4.2
2004-10-19,4.22
2004-10-18,4.22
2004-10-15,4.22
2004-10-14,4.24
2004-10-13,4.19
2004-10-12,4.16
2004-10-11,4.18
2004-10-08,4.14
2004-10-07,4.2
2004-10-06,4.15
2004-10-05,4.0
2004-10-04,4.0
2004-10-01,3.9
2004-09-30,3.91
2004-09-29,3.96
2004-09-28,3.96
2004-09-27,3.97
2004-09-24,3.95
2004-09-23,3.93
2004-09-22,3.93
2004-09-21,4.0
2004-09-20,3.92
2004-09-17,3.91
2004-09-16,3.88
2004-09-15,3.88
2004-09-14,3.87
2004-09-13,3.87
2004-09-10,3.86
2004-09-09,3.84
2004-09-08,3.77
2004-09-07,3.79
2004-09-06,3.81
2004-09-03,3.8
2004-09-02,3.84
2004-09-01,3.72
2004-08-31,3.82
2004-08-30,3.82
2004-08-27,3.81
2004-08-26,3.85
2004-08-25,3.75
2004-08-24,3.71
2004-08-23,3.71
2004-08-20,3.75
2004-08-19,3.8
2004-08-18,3.75
2004-08-17,3.63
2004-08-16,3.61
2004-08-13,3.61
2004-08-12,3.65
2004-08-11,3.6
2004-08-10,3.69
2004-08-09,3.6
2004-08-06,3.65
2004-08-05,3.67
2004-08-04,3.65
2004-08-03,3.7
2004-08-02,3.74
2004-07-30,3.78
2004-07-29,3.77
2004-07-28,3.7
2004-07-27,3.71
2004-07-26,3.7
2004-07-23,3.72
2004-07-22,3.79
2004-07-21,3.76
2004-07-20,3.8
2004-07-19,3.71
2004-07-16,3.8
2004-07-15,3.85
2004-07-14,3.82
2004-07-13,3.7
2004-07-12,3.56
2004-07-09,3.56
2004-07-08,3.55
2004-07-07,3.5
2004-07-06,3.71
2004-07-05,3.73
2004-07-02,3.83
2004-07-01,3.83
2004-06-30,3.85
2004-06-29,3.85
2004-06-28,3.76
2004-06-25,3.79
2004-06-24,3.76
2004-06-23,3.77
2004-06-22,3.78
2004-06-21,3.78
2004-06-18,3.74
2004-06-17,3.75
2004-06-16,3.75
2004-06-15,3.78
2004-06-14,3.78
2004-06-11,3.79
2004-06-10,3.79
2004-06-09,3.72
2004-06-08,3.75
2004-06-07,3.69
2004-06-04,3.76
2004-06-03,3.79
2004-06-02,3.79
2004-06-01,3.75
2004-05-31,3.71
2004-05-28,3.75
2004-05-27,3.66
2004-05-26,3.75
2004-05-25,3.76
2004-05-24,3.8
2004-05-21,3.8
2004-05-20,3.86
2004-05-19,3.81
2004-05-18,3.69
2004-05-17,3.87
2004-05-14,3.9
2004-05-13,3.9
2004-05-12,4.01
2004-05-11,3.91
2004-05-10,3.9
2004-05-07,4.05
2004-05-06,4.05
2004-05-05,4.05
2004-05-04,4.04
2004-05-03,4.01
2004-04-30,4.0
2004-04-29,4.01
2004-04-28,3.99
2004-04-27,3.98
2004-04-26,4.0
2004-04-23,3.96
2004-04-22,4.0
2004-04-21,4.0
2004-04-20,4.01
2004-04-19,3.98
2004-04-16,3.98
2004-04-15,4.09
2004-04-14,4.06
2004-04-13,4.1
2004-04-12,9.06
2004-04-09,9.06
2004-04-08,4.15
2004-04-07,4.05
2004-04-06,4.13
2004-04-05,4.09
2004-04-02,4.1
2004-04-01,4.1
2004-03-31,4.1
2004-03-30,4.11
2004-03-29,4.12
2004-03-26,3.95
2004-03-25,3.93
2004-03-24,3.8
2004-03-23,3.87
2004-03-22,3.86
2004-03-19,3.8
2004-03-18,3.8
2004-03-17,3.83
2004-03-16,3.76
2004-03-15,3.76
2004-03-12,3.88
2004-03-11,3.9
2004-03-10,3.9
2004-03-09,3.91
2004-03-08,3.92
2004-03-05,3.87
2004-03-04,3.87
2004-03-03,3.87
2004-03-02,3.86
2004-03-01,3.82
2004-02-27,3.87
2004-02-26,3.88
2004-02-25,3.89
2004-02-24,3.88
2004-02-23,3.88
2004-02-20,3.84
2004-02-19,3.9
2004-02-18,3.92
2004-02-17,3.83
2004-02-16,3.83
2004-02-13,3.8
2004-02-12,3.84
2004-02-11,3.83
2004-02-10,3.84
2004-02-09,3.85
2004-02-06,3.84
2004-02-05,3.9
2004-02-04,3.75
2004-02-03,3.67
2004-02-02,3.53
2004-01-30,3.52
2004-01-29,3.47
2004-01-28,3.53
2004-01-27,3.5
2004-01-26,3.5
2004-01-23,3.5
2004-01-22,3.46
2004-01-21,3.55
2004-01-20,3.56
2004-01-19,3.59
2004-01-16,3.6
2004-01-15,3.6
2004-01-14,3.6
2004-01-13,3.58
2004-01-12,3.54
2004-01-09,3.62
2004-01-08,3.6
2004-01-07,3.58
2004-01-06,3.59
2004-01-05,3.63
2004-01-02,3.61
2004-01-01,7.98
2003-12-31,3.6
2003-12-30,3.55
2003-12-29,3.64
2003-12-26,7.8
2003-12-25,7.8
2003-12-24,3.64
2003-12-23,3.6
2003-12-22,3.6
2003-12-19,3.6
2003-12-18,3.63
2003-12-17,3.58
2003-12-16,3.57
2003-12-15,3.7
2003-12-12,3.68
2003-12-11,3.65
2003-12-10,3.64
2003-12-09,3.53
2003-12-08,3.46
2003-12-05,3.41
2003-12-04,3.45
2003-12-03,3.54
2003-12-02,3.65
2003-12-01,3.8
2003-11-28,3.75
2003-11-27,3.7
2003-11-26,3.45
2003-11-25,3.48
2003-11-24,3.5
2003-11-21,3.3
2003-11-20,3.3
2003-11-19,3.31
2003-11-18,3.35
2003-11-17,3.25
2003-11-14,3.3
2003-11-13,3.3
2003-11-12,3.3
2003-11-11,3.22
2003-11-10,3.27
2003-11-07,3.34
2003-11-06,3.35
2003-11-05,3.33
2003-11-04,3.33
2003-11-03,3.32
2003-10-31,3.21
2003-10-30,3.18
2003-10-29,3.2
2003-10-28,3.06
2003-10-27,3.05
2003-10-24,3.0
2003-10-23,3.02
2003-10-22,3.01
2003-10-21,3.02
2003-10-20,3.0
2003-10-17,2.97
2003-10-16,2.97
2003-10-15,3.03
2003-10-14,3.0
2003-10-13,3.0
2003-10-10,3.0
2003-10-09,2.95
2003-10-08,2.94
2003-10-07,2.93
2003-10-06,2.94
2003-10-03,2.95
2003-10-02,2.97
2003-10-01,2.97
2003-09-30,2.96
2003-09-29,3.01
2003-09-26,3.03
2003-09-25,3.01
2003-09-24,3.01
2003-09-23,3.01
2003-09-22,3.05
2003-09-19,3.01
2003-09-18,3.04
2003-09-17,3.05
2003-09-16,3.01
2003-09-15,3.01
2003-09-12,3.02
2003-09-11,3.06
2003-09-10,3.0
2003-09-09,3.04
2003-09-08,3.07
2003-09-05,3.04
2003-09-04,3.09
2003-09-03,3.09
2003-09-02,3.1
2003-09-01,3.09
2003-08-29,3.11
2003-08-28,3.07
2003-08-27,3.09
2003-08-26,3.1
2003-08-25,3.1
2003-08-22,2.99
2003-08-21,2.96
2003-08-20,2.95
2003-08-19,2.96
2003-08-18,2.93
2003-08-15,2.95
2003-08-14,2.95
2003-08-13,2.95
2003-08-12,2.95
2003-08-11,2.92
2003-08-08,2.82
2003-08-07,2.79
2003-08-06,2.79
2003-08-05,2.81
2003-08-04,2.82
2003-08-01,2.89
2003-07-31,2.86
2003-07-30,2.87
2003-07-29,2.87
2003-07-28,2.88
2003-07-25,2.94
2003-07-24,2.93
2003-07-23,2.93
2003-07-22,2.93
2003-07-21,2.95
2003-07-18,2.93
2003-07-17,2.93
2003-07-16,2.92
2003-07-15,2.9
2003-07-14,2.83
2003-07-11,2.8
2003-07-10,2.79
2003-07-09,2.8
2003-07-08,2.78
2003-07-07,2.8
2003-07-04,2.75
2003-07-03,2.8
2003-07-02,2.76
2003-07-01,2.74
2003-06-30,2.83
2003-06-27,2.86
2003-06-26,2.87
2003-06-25,2.88
2003-06-24,2.87
2003-06-23,2.9
2003-06-20,2.88
2003-06-19,2.89
2003-06-18,2.89
2003-06-17,2.92
2003-06-16,2.89
2003-06-13,2.9
2003-06-12,2.93
2003-06-11,2.94
2003-06-10,2.96
2003-06-09,2.92
2003-06-06,2.85
2003-06-05,2.75
2003-06-04,2.7
2003-06-03,2.69
2003-06-02,2.69
2003-05-30,2.68
2003-05-29,2.69
2003-05-28,2.67
2003-05-27,2.62
2003-05-26,2.65
2003-05-23,2.66
2003-05-22,2.64
2003-05-21,2.66
2003-05-20,2.66
2003-05-19,2.65
2003-05-16,2.65
2003-05-15,2.64
2003-05-14,2.65
2003-05-13,2.65
2003-05-12,2.67
2003-05-09,2.67
2003-05-08,2.66
2003-05-07,2.7
2003-05-06,2.7
2003-05-05,2.67
2003-05-02,2.65
2003-05-01,2.69
2003-04-30,2.69
2003-04-29,2.65
2003-04-28,2.65
2003-04-25,2.66
2003-04-24,2.67
2003-04-23,2.58
2003-04-22,2.62
2003-04-21,2.64
2003-04-18,2.64
2003-04-17,2.64
2003-04-16,2.68
2003-04-15,2.7
2003-04-14,2.72
2003-04-11,2.76
2003-04-10,2.76
2003-04-09,2.75
2003-04-08,2.74
2003-04-07,2.76
2003-04-04,2.67
2003-04-03,2.67
2003-04-02,2.68
2003-04-01,2.7
2003-03-31,2.66
2003-03-28,2.79
2003-03-27,2.79
2003-03-26,2.75
2003-03-25,2.72
2003-03-24,2.85
2003-03-21,2.87
2003-03-20,2.75
2003-03-19,2.75
2003-03-18,2.8
2003-03-17,2.82
2003-03-14,2.83
2003-03-13,2.9
2003-03-12,2.87
2003-03-11,2.87
2003-03-10,2.88
2003-03-07,2.91
2003-03-06,2.87
2003-03-05,2.86
2003-03-04,2.89
2003-03-03,2.91
2003-02-28,2.94
2003-02-27,2.91
2003-02-26,2.94
2003-02-25,2.93
2003-02-24,2.97
2003-02-21,3.0
2003-02-20,2.97
2003-02-19,2.99
2003-02-18,3.0
2003-02-17,2.99
2003-02-14,2.99
2003-02-13,3.0
2003-02-12,3.01
2003-02-11,3.04
2003-02-10,3.0
2003-02-07,3.09
2003-02-06,3.08
2003-02-05,3.07
2003-02-04,3.07
2003-02-03,3.09
2003-01-31,3.0
2003-01-30,3.05
2003-01-29,3.07
2003-01-28,3.06
2003-01-27,3.04
2003-01-24,3.08
2003-01-23,3.14
2003-01-22,3.11
2003-01-21,3.11
2003-01-20,3.15
2003-01-17,3.15
2003-01-16,3.23
2003-01-15,3.24
2003-01-14,3.23
2003-01-13,3.23
2003-01-10,3.26
2003-01-09,3.25
2003-01-08,3.2
2003-01-07,3.25
2003-01-06,3.29
2003-01-03,3.28
2003-01-02,3.32
2003-01-01,3.3
2002-12-31,3.3
2002-12-30,3.33
2002-12-27,3.3
2002-12-26,3.3
2002-12-25,3.3
2002-12-24,3.3
2002-12-23,3.3
2002-12-20,3.32
2002-12-19,3.33
2002-12-18,3.4
2002-12-17,3.31
2002-12-16,3.34
2002-12-13,3.34
2002-12-12,3.4
2002-12-11,3.4
2002-12-10,3.42
2002-12-09,3.41
2002-12-06,3.4
2002-12-05,3.43
2002-12-04,3.44
2002-12-03,3.47
2002-12-02,3.45
2002-11-29,3.47
2002-11-28,3.5
2002-11-27,3.43
2002-11-26,3.42
2002-11-25,3.48
2002-11-22,3.49
2002-11-21,3.46
2002-11-20,3.45
2002-11-19,3.45
2002-11-18,3.5
2002-11-15,3.49
2002-11-14,3.5
2002-11-13,3.5
2002-11-12,3.49
2002-11-11,3.5
2002-11-08,3.44
2002-11-07,3.46
2002-11-06,3.46
2002-11-05,3.47
2002-11-04,3.5
2002-11-01,3.47
2002-10-31,3.47
2002-10-30,3.5
2002-10-29,3.48
2002-10-28,3.46
2002-10-25,3.45
2002-10-24,3.49
2002-10-23,3.45
2002-10-22,3.5
2002-10-21,3.55
2002-10-18,3.5
2002-10-17,3.49
2002-10-16,3.49
2002-10-15,3.49
2002-10-14,3.45
2002-10-11,3.55
2002-10-10,3.6
2002-10-09,3.56
2002-10-08,3.51
2002-10-07,3.45
2002-10-04,3.3
2002-10-03,3.33
2002-10-02,3.25
2002-10-01,3.29
2002-09-30,3.37
2002-09-27,3.4
2002-09-26,3.49
2002-09-25,3.22
2002-09-24,3.32
2002-09-23,3.46
2002-09-20,3.57
2002-09-19,3.6
2002-09-18,3.6
2002-09-17,3.62
2002-09-16,3.64
2002-09-13,3.73
2002-09-12,3.76
2002-09-11,3.7
2002-09-10,3.72
2002-09-09,3.72
2002-09-06,3.75
2002-09-05,3.72
2002-09-04,3.72
2002-09-03,3.74
2002-09-02,3.79
2002-08-30,3.84
2002-08-29,3.81
2002-08-28,3.83
2002-08-27,3.9
2002-08-26,3.81
2002-08-23,3.78
2002-08-22,3.75
2002-08-21,3.75
2002-08-20,3.75
2002-08-19,3.8
2002-08-16,3.8
2002-08-15,3.85
2002-08-14,3.85
2002-08-13,3.94
2002-08-12,3.94
2002-08-09,3.97
2002-08-08,3.9
2002-08-07,3.78
2002-08-06,3.83
2002-08-05,3.95
2002-08-02,3.93
2002-08-01,3.95
2002-07-31,3.98
2002-07-30,4.02
2002-07-29,4.04
2002-07-26,3.94
2002-07-25,4.01
2002-07-24,4.04
2002-07-23,4.2
2002-07-22,4.4
2002-07-19,4.41
2002-07-18,4.5
2002-07-17,4.53
2002-07-16,4.5
2002-07-15,4.53
2002-07-12,4.49
2002-07-11,4.49
2002-07-10,4.5
2002-07-09,4.48
2002-07-08,4.55
2002-07-05,4.56
2002-07-04,4.55
2002-07-03,4.55
2002-07-02,4.6
2002-07-01,4.56
2002-06-28,4.69
2002-06-27,4.73
2002-06-26,4.6
2002-06-25,4.7
2002-06-24,4.67
2002-06-21,4.79
2002-06-20,4.71
2002-06-19,4.78
2002-06-18,4.76
2002-06-17,4.78
2002-06-14,4.82
2002-06-13,4.69
2002-06-12,4.6
2002-06-11,4.51
2002-06-10,4.58
2002-06-07,4.58
2002-06-06,4.7
2002-06-05,4.69
2002-06-04,4.6
2002-06-03,4.65
2002-05-31,4.59
2002-05-30,4.62
2002-05-29,4.62
2002-05-28,4.7
2002-05-27,4.7
2002-05-24,4.85
2002-05-23,5.0
2002-05-22,4.66
2002-05-21,4.6
2002-05-20,4.5
2002-05-17,4.5
2002-05-16,4.55
2002-05-15,4.55
2002-05-14,4.5
2002-05-13,4.54
2002-05-10,4.48
2002-05-09,4.5
2002-05-08,4.4
2002-05-07,4.35
2002-05-06,4.33
2002-05-03,4.41
2002-05-02,4.48
2002-05-01,4.58
2002-04-30,4.58
2002-04-29,4.54
2002-04-26,4.54
2002-04-25,4.54
2002-04-24,4.54
2002-04-23,4.5
2002-04-22,4.45
2002-04-19,4.54
2002-04-18,4.5
2002-04-17,4.56
2002-04-16,4.5
2002-04-15,4.5
2002-04-12,4.5
2002-04-11,4.55
2002-04-10,4.5
2002-04-09,4.64
2002-04-08,4.67
2002-04-05,4.69
2002-04-04,4.69
2002-04-03,4.65
2002-04-02,4.78
2002-04-01,4.75
2002-03-29,4.75
2002-03-28,4.75
2002-03-27,4.75
2002-03-26,4.76
2002-03-25,4.76
2002-03-22,4.7
2002-03-21,4.64
2002-03-20,4.69
2002-03-19,4.7
2002-03-18,4.71
2002-03-15,4.69
2002-03-14,4.64
2002-03-13,4.54
2002-03-12,4.4
2002-03-11,4.39
2002-03-08,4.4
2002-03-07,4.4
2002-03-06,4.46
2002-03-05,4.4
2002-03-04,4.37
2002-03-01,4.3
2002-02-28,4.32
2002-02-27,4.4
2002-02-26,4.4
2002-02-25,4.39
2002-02-22,4.38
2002-02-21,4.39
2002-02-20,4.39
2002-02-19,4.35
2002-02-18,4.28
2002-02-15,4.34
2002-02-14,4.28
2002-02-13,4.3
2002-02-12,4.28
2002-02-11,4.28
2002-02-08,4.29
2002-02-07,4.32
2002-02-06,4.37
2002-02-05,4.43
2002-02-04,4.41
2002-02-01,4.45
2002-01-31,4.5
2002-01-30,4.49
2002-01-29,4.4
2002-01-28,4.4
2002-01-25,4.39
2002-01-24,4.38
2002-01-23,4.4
2002-01-22,4.39
2002-01-21,4.38
2002-01-18,4.4
2002-01-17,4.43
2002-01-16,4.4
2002-01-15,4.44
2002-01-14,4.37
2002-01-11,4.37
2002-01-10,4.42
2002-01-09,4.45
2002-01-08,4.51
2002-01-07,4.51
2002-01-04,4.5
2002-01-03,4.5
2002-01-02,4.5
2002-01-01,4.74
2001-12-31,4.74
2001-12-28,4.74
2001-12-27,4.27
2001-12-26,4.32
2001-12-25,4.32
2001-12-24,4.32
2001-12-21,4.32
2001-12-20,4.35
2001-12-19,4.44
2001-12-18,4.4
2001-12-17,4.39
2001-12-14,4.41
2001-12-13,4.43
2001-12-12,4.44
2001-12-11,4.44
2001-12-10,4.46
2001-12-07,4.51
2001-12-06,4.5
2001-12-05,4.6
2001-12-04,4.64
2001-12-03,4.58
2001-11-30,4.5
2001-11-29,4.37
2001-11-28,4.45
2001-11-27,4.47
2001-11-26,4.57
2001-11-23,4.34
2001-11-22,4.2
2001-11-21,4.21
2001-11-20,4.24
2001-11-19,4.15
2001-11-16,4.15
2001-11-15,4.09
2001-11-14,4.1
2001-11-13,4.15
2001-11-12,4.08
2001-11-09,4.09
2001-11-08,4.08
2001-11-07,4.07
2001-11-06,4.04
2001-11-05,4.04
2001-11-02,4.0
2001-11-01,4.01
2001-10-31,4.01
2001-10-30,3.96
2001-10-29,3.96
2001-10-26,4.0
2001-10-25,4.0
2001-10-24,4.01
2001-10-23,4.01
2001-10-22,4.03
2001-10-19,3.99
2001-10-18,4.03
2001-10-17,4.05
2001-10-16,4.0
2001-10-15,4.0
2001-10-12,4.04
2001-10-11,4.0
2001-10-10,4.02
2001-10-09,3.97
2001-10-08,3.97
2001-10-05,4.07
2001-10-04,4.07
2001-10-03,3.98
2001-10-02,4.01
2001-10-01,3.99
2001-09-28,3.83
2001-09-27,3.83
2001-09-26,4.0
2001-09-25,3.79
2001-09-24,3.7
2001-09-21,3.6
2001-09-20,3.7
2001-09-19,3.64
2001-09-18,3.61
2001-09-17,3.52
2001-09-14,3.7
2001-09-13,3.8
2001-09-12,3.8
2001-09-11,3.9
2001-09-10,3.95
2001-09-07,3.83
2001-09-06,4.0
2001-09-05,4.0
2001-09-04,4.02
2001-09-03,4.0
2001-08-31,3.96
2001-08-30,4.0
2001-08-29,3.98
2001-08-28,3.98
2001-08-27,3.99
2001-08-24,3.87
2001-08-23,3.88
2001-08-22,3.82
2001-08-21,3.88
2001-08-20,3.81
2001-08-17,3.85
2001-08-16,3.99
2001-08-15,3.97
2001-08-14,3.97
2001-08-13,3.94
2001-08-10,4.0
2001-08-09,3.99
2001-08-08,3.92
2001-08-07,3.9
2001-08-06,3.92
2001-08-03,3.96
2001-08-02,3.99
2001-08-01,4.0
2001-07-31,4.03
2001-07-30,4.03
2001-07-27,4.02
2001-07-26,4.03
2001-07-25,4.03
2001-07-24,4.0
2001-07-23,3.98
2001-07-20,3.97
2001-07-19,4.0
2001-07-18,3.96
2001-07-17,3.97
2001-07-16,3.99
2001-07-13,4.0
2001-07-12,4.0
2001-07-11,4.0
2001-07-10,4.0
2001-07-09,4.0
2001-07-06,3.96
2001-07-05,4.0
2001-07-04,4.0
2001-07-03,4.0
2001-07-02,3.9
2001-06-29,3.92
2001-06-28,3.92
2001-06-27,3.89
2001-06-26,3.93
2001-06-25,3.85
2001-06-22,3.8
2001-06-21,3.72
2001-06-20,3.65
2001-06-19,3.7
2001-06-18,3.75
2001-06-15,3.91
2001-06-14,3.52
2001-06-13,3.52
2001-06-12,4.03
2001-06-11,4.2
2001-06-08,4.25
2001-06-07,4.2
2001-06-06,4.25
2001-06-05,4.29
2001-06-04,4.31
2001-06-01,4.34
2001-05-31,4.39
2001-05-30,4.32
2001-05-29,4.34
2001-05-28,4.36
2001-05-25,4.45
2001-05-24,4.44
2001-05-23,4.44
2001-05-22,4.49
2001-05-21,4.5
2001-05-18,4.5
2001-05-17,4.55
2001-05-16,4.55
2001-05-15,4.64
2001-05-14,4.57
2001-05-11,4.53
2001-05-10,4.53
2001-05-09,4.54
2001-05-08,4.5
2001-05-07,4.6
2001-05-04,4.6
2001-05-03,4.49
2001-05-02,4.25
2001-05-01,4.25
2001-04-30,4.25
2001-04-27,4.19
2001-04-26,4.19
2001-04-25,4.2
2001-04-24,4.2
2001-04-23,4.2
2001-04-20,4.3
2001-04-19,4.25
2001-04-18,4.3
2001-04-17,4.24
2001-04-16,4.3
2001-04-13,4.3
2001-04-12,4.3
2001-04-11,4.31
2001-04-10,4.35
2001-04-09,4.36
2001-04-06,4.33
2001-04-05,4.35
2001-04-04,4.25
2001-04-03,4.34
2001-04-02,4.45
2001-03-30,4.38
2001-03-29,4.39
2001-03-28,4.35
2001-03-27,4.33
2001-03-26,4.35
2001-03-23,4.3
2001-03-22,4.22
2001-03-21,4.3
2001-03-20,4.3
2001-03-19,4.15
2001-03-16,4.14
2001-03-15,4.08
2001-03-13,4.23
2001-03-12,4.24
2001-03-09,4.28
2001-03-08,4.36
2001-03-07,4.36
2001-03-06,4.38
2001-03-05,4.36
2001-03-02,4.25
2001-03-01,4.25
2001-02-28,4.27
2001-02-27,4.33
2001-02-26,4.33
2001-02-23,4.3
2001-02-22,4.32
2001-02-21,4.3
2001-02-20,4.28
2001-02-19,4.2
2001-02-16,4.17
2001-02-15,4.2
2001-02-14,4.18
2001-02-13,4.2
2001-02-12,4.15
2001-02-09,4.2
2001-02-08,4.4
2001-02-07,4.46
2001-02-06,4.5
2001-02-05,4.56
2001-02-02,4.47
2001-02-01,4.6
2001-01-31,4.6
2001-01-30,4.35
2001-01-29,4.35
2001-01-25,4.31
2001-01-23,4.31
2001-01-22,4.39
2001-01-19,4.26
2001-01-18,4.18
2001-01-17,4.05
2001-01-16,3.94
2001-01-15,3.95
2001-01-12,4.0
2001-01-11,3.88
2001-01-10,3.85
2001-01-09,3.85
2001-01-08,3.88
2001-01-05,3.8
2001-01-04,3.69
2001-01-03,3.7
2001-01-02,3.83
2001-01-01,3.85
2000-12-29,3.85
2000-12-28,3.87
2000-12-27,3.84
2000-12-22,3.84
2000-12-21,3.8
2000-12-20,3.72
2000-12-19,3.8
2000-12-18,3.65
2000-12-15,3.65
2000-12-14,3.83
2000-12-13,4.0
2000-12-12,4.04
2000-12-11,4.01
2000-12-08,4.03
2000-12-07,4.03
2000-12-06,4.06
2000-12-05,4.14
2000-12-04,4.05
2000-12-01,4.15
2000-11-30,4.15
2000-11-29,4.15
2000-11-28,4.0
2000-11-27,4.03
2000-11-24,3.99
2000-11-23,3.99
2000-11-22,3.94
2000-11-21,4.09
2000-11-20,4.15
2000-11-17,4.05
2000-11-16,3.7
2000-11-15,3.5
2000-11-14,3.51
2000-11-13,3.37
2000-11-10,3.53
2000-11-09,3.57
2000-11-08,3.63
2000-11-07,3.62
2000-11-06,3.6
2000-11-03,3.56
2000-11-02,3.7
2000-11-01,3.7
2000-10-31,3.7
2000-10-30,3.7
2000-10-27,3.66
2000-10-26,3.65
2000-10-25,3.69
2000-10-24,3.69
2000-10-23,3.66
2000-10-20,3.71
2000-10-19,3.75
2000-10-18,3.74
2000-10-17,3.81
2000-10-16,3.84
2000-10-13,3.81
2000-10-12,3.8
2000-10-11,3.75
2000-10-10,3.8
2000-10-09,3.8
2000-10-06,3.82
2000-10-05,3.89
2000-10-04,3.89
2000-10-03,3.85
2000-10-02,3.81
2000-09-29,3.84
2000-09-28,3.84
2000-09-27,3.89
2000-09-26,3.88
2000-09-25,3.92
2000-09-22,3.85
2000-09-21,3.85
2000-09-20,3.9
2000-09-19,3.76
2000-09-18,3.78
2000-09-15,3.9
2000-09-14,3.96
2000-09-13,19.98
2000-09-12,19.8
2000-09-11,19.82
2000-09-08,19.92
2000-09-07,19.81
2000-09-06,20.0
2000-09-05,20.4
2000-09-04,20.5
2000-09-01,20.49
2000-08-31,20.1
2000-08-30,20.2
2000-08-29,20.35
2000-08-28,19.75
2000-08-25,19.5
2000-08-24,19.6
2000-08-23,19.99
2000-08-22,20.2
2000-08-21,19.95
2000-08-18,19.61
2000-08-17,20.0
2000-08-16,19.9
2000-08-15,20.4
2000-08-14,20.4
2000-08-11,21.55
2000-08-10,21.55
2000-08-09,21.9
2000-08-08,21.44
2000-08-07,21.3
2000-08-04,21.3
2000-08-03,21.65
2000-08-02,22.15
2000-08-01,21.68
2000-07-31,20.05
2000-07-28,20.0
2000-07-27,19.99
2000-07-26,19.99
2000-07-25,18.4
2000-07-24,18.3
2000-07-21,18.3
2000-07-20,18.3
2000-07-19,18.15
2000-07-18,18.1
2000-07-17,18.29
2000-07-14,18.45
2000-07-13,18.49
2000-07-12,18.0
2000-07-11,17.52
2000-07-10,17.68
2000-07-07,17.33
2000-07-06,17.33
2000-07-05,17.01
2000-07-04,17.31
2000-07-03,17.3
2000-06-30,16.71
2000-06-29,16.54
2000-06-28,16.75
2000-06-27,17.1
2000-06-26,17.66
2000-06-23,18.39
2000-06-22,18.4
2000-06-21,18.4
2000-06-20,19.0
2000-06-19,19.0
2000-06-16,19.0
2000-06-15,18.7
2000-06-14,18.9
2000-06-13,18.41
2000-06-12,18.5
2000-06-09,18.5
2000-06-08,18.3
2000-06-07,18.17
2000-06-06,18.4
2000-06-05,18.99
2000-06-02,19.11
2000-06-01,19.0
