,vaf:pl
2018-11-23,1.65
2018-11-22,1.66
2018-11-20,1.75
2018-11-19,1.65
2018-11-16,1.77
2018-11-15,1.66
2018-11-14,1.75
2018-11-13,1.7
2018-11-09,1.61
2018-11-05,1.79
2018-11-02,1.5
2018-11-01,1.75
2018-10-30,1.75
2018-10-25,1.75
2018-10-18,1.79
2018-10-17,1.72
2018-10-16,1.73
2018-10-12,1.75
2018-10-11,1.73
2018-10-08,1.77
2018-10-02,1.75
2018-10-01,1.8
2018-09-28,1.79
2018-09-27,1.75
2018-09-26,1.75
2018-09-21,1.8
2018-09-20,1.8
2018-09-19,1.8
2018-09-17,1.8
2018-09-14,1.8
2018-09-13,1.74
2018-09-12,1.8
2018-09-11,0.185
2018-09-10,0.185
2018-09-07,0.185
2018-09-06,0.17
2018-09-05,0.18
2018-09-04,0.18
2018-09-03,0.18
2018-08-31,0.175
2018-08-30,0.161
2018-08-29,0.17
2018-08-28,0.168
2018-08-23,0.161
2018-08-22,0.167
2018-08-21,0.168
2018-08-16,0.168
2018-08-09,0.168
2018-08-08,0.168
2018-08-03,0.175
2018-08-02,0.175
2018-08-01,0.168
2018-07-30,0.167
2018-07-27,0.167
2018-07-26,0.168
2018-07-24,0.168
2018-07-23,0.17
2018-07-20,0.17
2018-07-19,0.17
2018-07-18,0.17
2018-07-17,0.175
2018-07-16,0.174
2018-07-12,0.169
2018-07-10,0.169
2018-07-09,0.173
2018-07-06,0.15
2018-07-05,0.169
2018-07-04,0.169
2018-07-03,0.169
2018-07-02,0.17
2018-06-29,0.17
2018-06-27,0.17
2018-06-25,0.175
2018-06-23,0.169
2018-06-22,0.169
2018-06-21,0.17
2018-06-20,0.175
2018-06-19,0.173
2018-06-18,0.17
2018-06-15,0.175
2018-06-14,0.17
2018-06-11,0.169
2018-06-08,0.169
2018-06-07,0.169
2018-06-06,0.172
2018-06-05,0.172
2018-06-04,0.174
2018-06-01,0.171
2018-05-31,0.171
2018-05-30,0.17
2018-05-29,0.17
2018-05-28,0.162
2018-05-25,0.17
2018-05-24,0.169
2018-05-22,0.167
2018-05-17,0.167
2018-05-16,0.16
2018-05-15,0.16
2018-05-14,0.166
2018-05-07,0.165
2018-05-04,0.166
2018-05-03,0.166
2018-05-02,0.165
2018-04-30,0.155
2018-04-27,0.167
2018-04-26,0.165
2018-04-25,0.168
2018-04-24,0.165
2018-04-23,0.168
2018-04-20,0.165
2018-04-19,0.168
2018-04-18,0.169
2018-04-17,0.169
2018-04-16,0.169
2018-04-13,0.169
2018-04-12,0.165
2018-04-10,0.16
2018-04-09,0.165
2018-04-06,0.175
2018-04-05,0.168
2018-04-04,0.165
2018-03-29,0.165
2018-03-28,0.17
2018-03-27,0.17
2018-03-26,0.168
2018-03-23,0.158
2018-03-22,0.168
2018-03-21,0.165
2018-03-20,0.168
2018-03-19,0.155
2018-03-16,0.15
2018-03-15,0.175
2018-03-14,0.17
2018-03-13,0.15
2018-03-12,0.15
2018-03-08,0.146
2018-03-07,0.143
2018-03-05,0.14
2018-03-02,0.141
2018-03-01,0.139
2018-02-28,0.139
2018-02-27,0.143
2018-02-22,0.142
2018-02-16,0.14
2018-02-12,0.14
2018-02-09,0.147
2018-02-07,0.135
2018-02-06,0.141
2018-02-05,0.14
2018-02-02,0.143
2018-02-01,0.143
2018-01-30,0.147
2018-01-29,0.14
2018-01-24,0.14
2018-01-23,0.14
2018-01-22,0.141
2018-01-18,0.14
2018-01-17,0.14
2018-01-16,0.149
2018-01-15,0.14
2018-01-12,0.14
2018-01-11,0.15
2018-01-10,0.14
2018-01-09,0.15
2018-01-08,0.15
2018-01-05,0.15
2018-01-02,0.15
2017-12-29,0.15
2017-12-28,0.15
2017-12-27,0.14
2017-12-22,0.14
2017-12-21,0.14
2017-12-20,0.15
2017-12-19,0.14
2017-12-18,0.14
2017-12-15,0.13
2017-12-14,0.13
2017-12-13,0.13
2017-12-12,0.13
2017-12-11,0.13
2017-12-05,0.13
2017-12-01,0.14
2017-11-30,0.14
2017-11-29,0.14
2017-11-28,0.15
2017-11-27,0.14
2017-11-24,0.14
2017-11-23,0.15
2017-11-21,0.14
2017-11-20,0.13
2017-11-17,0.14
2017-11-15,0.14
2017-11-14,0.14
2017-11-13,0.14
2017-11-10,0.15
2017-11-08,0.15
2017-11-07,0.15
2017-11-06,0.14
2017-11-03,0.13
2017-11-01,0.15
2017-10-31,0.14
2017-10-30,0.14
2017-10-27,0.14
2017-10-25,0.14
2017-10-24,0.15
2017-10-23,0.14
2017-10-20,0.14
2017-10-19,0.14
2017-10-18,0.14
2017-10-17,0.14
2017-10-16,0.14
2017-10-13,0.14
2017-10-12,0.14
2017-10-11,0.14
2017-10-10,0.14
2017-10-09,0.14
2017-10-06,0.14
2017-10-05,0.14
2017-10-04,0.15
2017-10-03,0.14
2017-10-02,0.14
2017-09-26,0.14
2017-09-25,0.13
2017-09-22,0.13
2017-09-21,0.14
2017-09-19,0.13
2017-09-14,0.14
2017-09-11,0.14
2017-09-07,0.13
2017-09-06,0.13
2017-08-31,0.14
2017-08-30,0.13
2017-08-29,0.13
2017-08-25,0.13
2017-08-24,0.14
2017-08-23,0.13
2017-08-21,0.14
2017-08-18,0.14
2017-08-17,0.13
2017-08-16,0.13
2017-08-14,0.13
2017-08-11,0.13
2017-08-10,0.13
2017-08-08,0.14
2017-08-04,0.14
2017-08-03,0.14
2017-08-02,0.14
2017-08-01,0.14
2017-07-31,0.14
2017-07-28,0.14
2017-07-26,0.14
2017-07-25,0.14
2017-07-24,0.13
2017-07-21,0.13
2017-07-20,0.13
2017-07-18,0.13
2017-07-17,0.13
2017-07-14,0.13
2017-07-13,0.14
2017-07-12,0.14
2017-07-11,0.13
2017-07-10,0.13
2017-07-07,0.13
2017-07-06,0.14
2017-07-05,0.14
2017-07-04,0.13
2017-07-03,0.13
2017-06-30,0.14
2017-06-29,0.13
2017-06-28,0.14
2017-06-27,0.13
2017-06-23,0.14
2017-06-22,0.13
2017-06-20,0.12
2017-06-19,0.13
2017-06-16,0.14
2017-06-15,0.13
2017-06-13,0.13
2017-06-12,0.12
2017-06-09,0.13
2017-06-08,0.13
2017-06-07,0.14
2017-06-06,0.12
2017-06-05,0.11
2017-06-02,0.11
2017-06-01,0.11
2017-05-31,0.1
2017-05-30,0.11
2017-05-29,0.11
2017-05-26,0.11
2017-05-25,0.1
2017-05-24,0.08
2017-05-23,0.08
2017-05-22,0.09
2017-05-19,0.08
2017-05-18,0.09
2017-05-17,0.09
2017-05-16,0.09
2017-05-15,0.09
2017-05-12,0.09
2017-05-11,0.09
2017-05-10,0.08
2017-05-09,0.09
2017-05-05,0.09
2017-05-04,0.08
2017-05-02,0.08
2017-04-28,0.09
2017-04-27,0.09
2017-04-26,0.09
2017-04-25,0.09
2017-04-24,0.09
2017-04-21,0.09
2017-04-20,0.09
2017-04-19,0.09
2017-04-18,0.09
2017-04-13,0.09
2017-04-12,0.08
2017-04-11,0.09
2017-04-10,0.08
2017-04-07,0.08
2017-04-06,0.08
2017-04-05,0.08
2017-04-03,0.09
2017-03-30,0.09
2017-03-28,0.1
2017-03-27,0.09
2017-03-24,0.09
2017-03-23,0.09
2017-03-17,0.09
2017-03-16,0.08
2017-03-13,0.09
2017-03-10,0.09
2017-03-08,0.08
2017-03-07,0.08
2017-03-06,0.08
2017-03-03,0.08
2017-03-01,0.09
2017-02-27,0.08
2017-02-24,0.08
2017-02-23,0.08
2017-02-22,0.08
2017-02-20,0.07
2017-02-15,0.08
2017-02-13,0.08
2017-02-09,0.08
2017-02-03,0.08
2017-02-02,0.07
2017-02-01,0.07
2017-01-31,0.08
2017-01-30,0.08
2017-01-27,0.08
2017-01-26,0.07
2017-01-25,0.08
2017-01-24,0.08
2017-01-23,0.08
2017-01-20,0.08
2017-01-18,0.07
2017-01-17,0.08
2017-01-13,0.08
2017-01-11,0.08
2017-01-10,0.08
2017-01-09,0.08
2017-01-06,0.08
2017-01-05,0.08
2017-01-03,0.08
2017-01-02,0.08
2016-12-30,0.09
2016-12-29,0.08
2016-12-27,0.08
2016-12-26,0.07
2016-12-23,0.07
2016-12-22,0.07
2016-12-21,0.07
2016-12-20,0.07
2016-12-19,0.07
2016-12-16,0.07
2016-12-15,0.07
2016-12-14,0.07
2016-12-13,0.07
2016-12-08,0.08
2016-12-07,0.07
2016-12-06,0.07
2016-12-05,0.07
2016-12-02,0.07
2016-12-01,0.07
2016-11-30,0.07
2016-11-29,0.08
2016-11-28,0.08
2016-11-24,0.06
2016-11-23,0.07
2016-11-18,0.08
2016-11-17,0.07
2016-11-15,0.08
2016-11-10,0.08
2016-11-09,0.07
2016-11-07,0.07
2016-11-04,0.07
2016-11-01,0.07
2016-10-31,0.07
2016-10-27,0.06
2016-10-26,0.07
2016-10-24,0.07
2016-10-21,0.07
2016-10-20,0.07
2016-10-18,0.07
2016-10-13,0.07
2016-10-06,0.08
2016-10-03,0.07
2016-09-30,0.08
2016-09-29,0.07
2016-09-28,0.08
2016-09-26,0.07
2016-09-20,0.08
2016-09-19,0.07
2016-09-15,0.08
2016-09-13,0.07
2016-09-12,0.08
2016-09-09,0.08
2016-09-08,0.08
2016-09-07,0.08
2016-09-06,0.08
2016-09-05,0.08
2016-09-02,0.08
2016-09-01,0.08
2016-08-31,0.08
2016-08-29,0.07
2016-08-25,0.08
2016-08-18,0.08
2016-08-17,0.07
2016-08-16,0.08
2016-08-15,0.08
2016-08-12,0.08
2016-08-11,0.08
2016-08-10,0.08
2016-08-09,0.07
2016-08-08,0.07
2016-08-05,0.07
2016-08-04,0.07
2016-08-02,0.07
2016-07-29,0.07
2016-07-26,0.07
2016-07-25,0.08
2016-07-22,0.08
2016-07-21,0.08
2016-07-19,0.08
2016-07-18,0.07
2016-07-15,0.08
2016-07-14,0.08
2016-07-13,0.08
2016-07-12,0.08
2016-07-11,0.08
2016-07-08,0.08
2016-07-07,0.07
2016-07-06,0.07
2016-07-05,0.07
2016-07-04,0.08
2016-07-01,0.08
2016-06-30,0.08
2016-06-27,0.08
2016-06-24,0.08
2016-06-20,0.08
2016-06-17,0.07
2016-06-14,0.07
2016-06-09,0.08
2016-06-08,0.07
2016-06-06,0.08
2016-06-02,0.08
2016-06-01,0.07
2016-05-30,0.08
2016-05-25,0.08
2016-05-24,0.07
2016-05-23,0.08
2016-05-20,0.08
2016-05-19,0.07
2016-05-18,0.07
2016-05-17,0.08
2016-05-13,0.07
2016-05-12,0.06
2016-04-15,0.08
2016-04-13,0.08
2016-04-12,0.08
2016-04-07,0.07
2016-04-05,0.08
2016-04-04,0.07
2016-04-01,0.08
2016-03-31,0.08
2016-03-30,0.08
2016-03-24,0.07
2016-03-22,0.08
2016-03-18,0.08
2016-03-16,0.08
2016-03-11,0.07
2016-02-29,0.08
2016-02-25,0.07
2016-02-22,0.08
2016-02-18,0.07
2016-02-17,0.08
2016-02-16,0.07
2016-02-15,0.07
2016-02-12,0.07
2016-02-11,0.07
2016-02-10,0.07
2016-02-09,0.07
2016-02-08,0.07
2016-02-05,0.07
2016-02-04,0.07
2016-02-03,0.07
2016-02-02,0.07
2016-01-29,0.07
2016-01-28,0.08
2016-01-27,0.07
2016-01-26,0.07
2016-01-25,0.07
2016-01-22,0.07
2016-01-21,0.07
2016-01-20,0.07
2016-01-19,0.08
2016-01-18,0.08
2016-01-15,0.08
2016-01-14,0.08
2016-01-13,0.08
2016-01-12,0.07
2016-01-11,0.07
2016-01-08,0.07
2016-01-07,0.08
2016-01-06,0.08
2016-01-05,0.08
2016-01-04,0.08
2016-01-01,0.08
2015-12-31,0.08
2015-12-30,0.08
2015-12-29,0.08
2015-12-28,0.09
2015-12-25,0.09
2015-12-24,0.09
2015-12-23,0.09
2015-12-22,0.08
2015-12-21,0.07
2015-12-18,0.08
2015-12-17,0.08
2015-12-16,0.08
2015-12-15,0.08
2015-12-14,0.08
2015-12-11,0.08
2015-12-10,0.08
2015-12-09,0.08
2015-12-08,0.08
2015-12-07,0.08
2015-12-04,0.08
2015-12-03,0.08
2015-12-02,0.08
2015-12-01,0.08
2015-11-30,0.08
2015-11-27,0.08
2015-11-26,0.08
2015-11-25,0.08
2015-11-24,0.08
2015-11-23,0.08
2015-11-20,0.08
2015-11-19,0.08
2015-11-18,0.08
2015-11-17,0.08
2015-11-16,0.08
2015-11-13,0.08
2015-11-12,0.08
2015-11-11,0.08
2015-11-10,0.08
2015-11-09,0.08
2015-11-06,0.09
2015-11-05,0.09
2015-11-04,0.09
2015-11-03,0.09
2015-11-02,0.09
2015-10-30,0.09
2015-10-29,0.08
2015-10-28,0.08
2015-10-27,0.08
2015-10-26,0.08
2015-10-23,0.09
2015-10-22,0.09
2015-10-21,0.09
2015-10-20,0.09
2015-10-19,0.09
2015-10-16,0.08
2015-10-15,0.08
2015-10-14,0.08
2015-10-13,0.08
2015-10-12,0.08
2015-10-09,0.08
2015-10-08,0.07
2015-10-07,0.07
2015-10-06,0.07
2015-10-05,0.07
2015-10-02,0.07
2015-10-01,0.07
2015-09-30,0.07
2015-09-29,0.07
2015-09-28,0.08
2015-09-25,0.08
2015-09-24,0.08
2015-09-23,0.08
2015-09-22,0.08
2015-09-21,0.08
2015-09-18,0.08
2015-09-17,0.08
2015-09-16,0.08
2015-09-15,0.07
2015-09-14,0.07
2015-09-11,0.08
2015-09-10,0.08
2015-09-09,0.07
2015-09-08,0.07
2015-09-07,0.07
2015-09-04,0.07
2015-09-03,0.09
2015-09-02,0.09
2015-09-01,0.09
2015-08-31,0.09
2015-08-28,0.08
2015-08-27,0.08
2015-08-26,0.08
2015-08-25,0.08
2015-08-24,0.08
2015-08-21,0.08
2015-08-20,0.08
2015-08-19,0.08
2015-08-18,0.08
2015-08-17,0.08
2015-08-14,0.08
2015-08-13,0.08
2015-08-12,0.09
2015-08-11,0.09
2015-08-10,0.09
2015-08-07,0.09
2015-08-06,0.09
2015-08-05,0.09
2015-08-04,0.09
2015-08-03,0.08
2015-07-31,0.08
2015-07-30,0.08
2015-07-29,0.08
2015-07-28,0.09
2015-07-27,0.09
2015-07-24,0.09
2015-07-23,0.09
2015-07-22,0.09
2015-07-21,0.09
2015-07-20,0.08
2015-07-17,0.08
2015-07-16,0.08
2015-07-15,0.08
2015-07-14,0.09
2015-07-13,0.09
2015-07-10,0.09
2015-07-09,0.08
2015-07-08,0.09
2015-07-07,0.09
2015-07-06,0.09
2015-07-03,0.09
2015-07-02,0.09
2015-07-01,0.09
2015-06-30,0.09
2015-06-29,0.09
2015-06-26,0.09
2015-06-25,0.09
2015-06-24,0.09
2015-06-23,0.09
2015-06-22,0.09
2015-06-19,0.08
2015-06-18,0.09
2015-06-17,0.09
2015-06-16,0.09
2015-06-15,0.09
2015-06-12,0.09
2015-06-11,0.09
2015-06-10,0.09
2015-06-09,0.09
2015-06-08,0.09
2015-06-05,0.09
2015-06-04,0.09
2015-06-03,0.09
2015-06-02,0.09
2015-06-01,0.09
2015-05-29,0.09
2015-05-28,0.09
2015-05-27,0.08
2015-05-26,0.09
2015-05-25,0.08
2015-05-22,0.08
2015-05-21,0.08
2015-05-20,0.09
2015-05-19,0.1
2015-05-18,0.1
2015-05-15,0.1
2015-05-14,0.1
2015-05-13,0.09
2015-05-12,0.09
2015-05-11,0.09
2015-05-08,0.08
2015-05-07,0.09
2015-05-06,0.09
2015-05-05,0.09
2015-05-04,0.09
2015-05-01,0.09
2015-04-30,0.09
2015-04-29,0.09
2015-04-28,0.09
2015-04-27,0.09
2015-04-24,0.09
2015-04-23,0.09
2015-04-22,0.09
2015-04-21,0.1
2015-04-20,0.1
2015-04-17,0.09
2015-04-16,0.1
2015-04-15,0.1
2015-04-14,0.1
2015-04-13,0.1
2015-04-10,0.1
2015-04-09,0.11
2015-04-08,0.1
2015-04-07,0.09
2015-04-06,0.09
2015-04-03,0.09
2015-04-02,0.09
2015-04-01,0.09
2015-03-31,0.1
2015-03-30,0.1
2015-03-27,0.1
2015-03-26,0.09
2015-03-25,0.09
2015-03-24,0.09
2015-03-23,0.09
2015-03-20,0.09
2015-03-19,0.09
2015-03-18,0.08
2015-03-17,0.09
2015-03-16,0.1
2015-03-13,0.08
2015-03-12,0.08
2015-03-11,0.08
2015-03-10,0.08
2015-03-09,0.08
2015-03-06,0.08
2015-03-05,0.08
2015-03-04,0.08
2015-03-03,0.08
2015-03-02,0.08
2015-02-27,0.08
2015-02-26,0.08
2015-02-25,0.09
2015-02-24,0.09
2015-02-23,0.09
2015-02-20,0.09
2015-02-19,0.09
2015-02-18,0.09
2015-02-17,0.09
2015-02-16,0.09
2015-02-13,0.1
2015-02-12,0.11
2015-02-11,0.11
2015-02-10,0.11
2015-02-09,0.11
2015-02-06,0.11
2015-02-05,0.11
2015-02-04,0.11
2015-02-03,0.11
2015-02-02,0.11
2015-01-30,0.11
2015-01-29,0.11
2015-01-28,0.12
2015-01-27,0.12
2015-01-26,0.12
2015-01-23,0.12
2015-01-22,0.1
2015-01-21,0.1
2015-01-20,0.1
2015-01-19,0.12
2015-01-16,0.12
2015-01-15,0.12
2015-01-14,0.11
2015-01-13,0.11
2015-01-12,0.1
2015-01-09,0.1
2015-01-08,0.1
2015-01-07,0.1
2015-01-06,0.1
2015-01-05,0.1
2015-01-02,0.11
2015-01-01,0.11
2014-12-31,0.11
2014-12-30,0.1
2014-12-29,0.08
2014-12-26,0.09
2014-12-25,0.09
2014-12-24,0.09
2014-12-23,0.09
2014-12-22,0.09
2014-12-19,0.09
2014-12-18,0.09
2014-12-17,0.09
2014-12-16,0.09
2014-12-15,0.09
2014-12-12,0.09
2014-12-11,0.08
2014-12-10,0.09
2014-12-09,0.09
2014-12-08,0.07
2014-12-05,0.08
2014-12-04,0.08
2014-12-03,0.08
2014-12-02,0.06
2014-12-01,0.06
2014-11-28,0.06
2014-11-27,0.06
2014-11-26,0.06
2014-11-25,0.06
2014-11-24,0.06
2014-11-21,0.06
2014-11-20,0.06
2014-11-19,0.06
2014-11-18,0.06
2014-11-17,0.06
2014-11-14,0.06
2014-11-13,0.06
2014-11-12,0.06
2014-11-11,0.07
2014-11-10,0.07
2014-11-07,0.07
2014-11-06,0.07
2014-11-05,0.07
2014-11-04,0.05
2014-11-03,0.06
2014-10-31,0.07
2014-10-30,0.06
2014-10-29,0.08
2014-10-28,0.08
2014-10-27,0.08
2014-10-24,0.07
2014-10-23,0.07
2014-10-22,0.07
2014-10-21,0.07
2014-10-20,0.07
2014-10-17,0.06
2014-10-16,0.07
2014-10-15,0.07
2014-10-14,0.07
2014-10-13,0.07
2014-10-10,0.07
2014-10-09,0.07
2014-10-08,0.07
2014-10-07,0.06
2014-10-06,0.06
2014-10-03,0.04
2014-10-02,0.08
2014-10-01,0.08
2014-09-30,0.08
2014-09-29,0.08
2014-09-26,0.08
2014-09-25,0.08
2014-09-24,0.08
2014-09-23,0.08
2014-09-22,0.08
2014-09-19,0.08
2014-09-18,0.07
2014-09-17,0.07
2014-09-16,0.07
2014-09-15,0.07
2014-09-12,0.07
2014-09-11,0.07
2014-09-10,0.07
2014-09-09,0.07
2014-09-08,0.07
2014-09-05,0.07
2014-09-04,0.07
2014-09-03,0.07
2014-09-02,0.07
2014-09-01,0.07
2014-08-29,0.07
2014-08-28,0.07
2014-08-27,0.07
2014-08-26,0.07
2014-08-25,0.07
2014-08-22,0.07
2014-08-21,0.07
2014-08-20,0.07
2014-08-19,0.07
2014-08-18,0.07
2014-08-15,0.07
2014-08-14,0.07
2014-08-13,0.07
2014-08-12,0.07
2014-08-11,0.07
2014-08-08,0.07
2014-08-07,0.07
2014-08-06,0.07
2014-08-05,0.07
2014-08-04,0.07
2014-08-01,0.07
2014-07-31,0.07
2014-07-30,0.08
2014-07-29,0.08
2014-07-28,0.07
2014-07-25,0.07
2014-07-24,0.07
2014-07-23,0.07
2014-07-22,0.07
2014-07-21,0.07
2014-07-18,0.07
2014-07-17,0.07
2014-07-16,0.07
2014-07-15,0.07
2014-07-14,0.07
2014-07-11,0.07
2014-07-10,0.07
2014-07-09,0.07
2014-07-08,0.07
2014-07-07,0.07
2014-07-04,0.07
2014-07-03,0.08
2014-07-02,0.07
2014-07-01,0.07
2014-06-30,0.07
2014-06-27,0.07
2014-06-26,0.07
2014-06-25,0.08
2014-06-24,0.08
2014-06-23,0.08
2014-06-20,0.08
2014-06-19,0.08
2014-06-18,0.08
2014-06-17,0.08
2014-06-16,0.08
2014-06-13,0.08
2014-06-12,0.08
2014-06-11,0.08
2014-06-10,0.08
2014-06-09,0.08
2014-06-06,0.08
2014-06-05,0.08
2014-06-04,0.07
2014-06-03,0.08
2014-06-02,0.08
2014-05-30,0.08
2014-05-29,0.07
2014-05-28,0.08
2014-05-27,0.08
2014-05-26,0.08
2014-05-23,0.08
2014-05-22,0.08
2014-05-21,0.08
2014-05-20,0.08
2014-05-19,0.07
2014-05-16,0.08
2014-05-15,0.08
2014-05-14,0.08
2014-05-13,0.08
2014-05-12,0.08
2014-05-09,0.08
2014-05-08,0.08
2014-05-07,0.08
2014-05-06,0.08
2014-05-05,0.08
2014-05-02,0.08
2014-05-01,0.08
2014-04-30,0.08
2014-04-29,0.08
2014-04-28,0.08
2014-04-25,0.08
2014-04-24,0.08
2014-04-23,0.08
2014-04-22,0.08
2014-04-21,0.08
2014-04-18,0.08
2014-04-17,0.08
2014-04-16,0.08
2014-04-15,0.08
2014-04-14,0.08
2014-04-11,0.08
2014-04-10,0.08
2014-04-09,0.08
2014-04-08,0.08
2014-04-07,0.08
2014-04-04,0.09
2014-04-03,0.09
2014-04-02,0.09
2014-04-01,0.09
2014-03-31,0.09
2014-03-28,0.08
2014-03-27,0.08
2014-03-26,0.08
2014-03-25,0.08
2014-03-24,0.08
2014-03-21,0.09
2014-03-20,0.09
2014-03-19,0.09
2014-03-18,0.09
2014-03-17,0.09
2014-03-14,0.09
2014-03-13,0.09
2014-03-12,0.09
2014-03-11,0.09
2014-03-10,0.08
2014-03-07,0.08
2014-03-06,0.08
2014-03-05,0.08
2014-03-04,0.09
2014-03-03,0.09
2014-02-28,0.09
2014-02-27,0.09
2014-02-26,0.09
2014-02-25,0.09
2014-02-24,0.09
2014-02-21,0.09
2014-02-20,0.09
2014-02-19,0.09
2014-02-18,0.09
2014-02-17,0.09
2014-02-14,0.08
2014-02-13,0.08
2014-02-12,0.08
2014-02-11,0.08
2014-02-10,0.09
2014-02-07,0.09
2014-02-06,0.09
2014-02-05,0.09
2014-02-04,0.09
2014-02-03,0.1
2014-01-31,0.09
2014-01-30,0.09
2014-01-29,0.11
2014-01-28,0.11
2014-01-27,0.1
2014-01-24,0.1
2014-01-23,0.1
2014-01-22,0.1
2014-01-21,0.1
2014-01-20,0.1
2014-01-17,0.1
2014-01-16,0.11
2014-01-15,0.11
2014-01-14,0.11
2014-01-13,0.11
2014-01-10,0.11
2014-01-09,0.1
2014-01-08,0.1
2014-01-07,0.09
2014-01-06,0.09
2014-01-03,0.08
2014-01-02,0.08
2014-01-01,0.08
2013-12-31,0.08
2013-12-30,0.07
2013-12-27,0.08
2013-12-26,0.08
2013-12-25,0.08
2013-12-24,0.08
2013-12-23,0.08
2013-12-20,0.08
2013-12-19,0.07
2013-12-18,0.07
2013-12-17,0.07
2013-12-16,0.07
2013-12-13,0.07
2013-12-12,0.07
2013-12-11,0.07
2013-12-10,0.07
2013-12-09,0.07
2013-12-06,0.07
2013-12-05,0.07
2013-12-04,0.07
2013-12-03,0.07
2013-12-02,0.07
2013-11-29,0.07
2013-11-28,0.07
2013-11-27,0.07
2013-11-26,0.07
2013-11-25,0.07
2013-11-22,0.07
2013-11-21,0.07
2013-11-20,0.07
2013-11-19,0.07
2013-11-18,0.07
2013-11-15,0.07
2013-11-14,0.07
2013-11-13,0.07
2013-11-12,0.07
2013-11-11,0.07
2013-11-08,0.07
2013-11-07,0.07
2013-11-06,0.07
2013-11-05,0.07
2013-11-04,0.07
2013-11-01,0.07
2013-10-31,0.07
2013-10-30,0.07
2013-10-29,0.07
2013-10-28,0.07
2013-10-25,0.07
2013-10-24,0.07
2013-10-23,0.07
2013-10-22,0.08
2013-10-21,0.08
2013-10-18,0.08
2013-10-17,0.07
2013-10-16,0.07
2013-10-15,0.07
2013-10-14,0.07
2013-10-11,0.07
2013-10-10,0.07
2013-10-09,0.07
2013-10-08,0.07
2013-10-07,0.07
2013-10-04,0.07
2013-10-03,0.07
2013-10-02,0.07
2013-10-01,0.07
2013-09-30,0.07
2013-09-27,0.07
2013-09-26,0.07
2013-09-25,0.07
2013-09-24,0.07
2013-09-23,0.07
2013-09-20,0.07
2013-09-19,0.07
2013-09-18,0.07
2013-09-17,0.07
2013-09-16,0.07
2013-09-13,0.07
2013-09-12,0.08
2013-09-11,0.07
2013-09-10,0.07
2013-09-09,0.07
2013-09-06,0.07
2013-09-05,0.07
2013-09-04,0.07
2013-09-03,0.07
2013-09-02,0.07
2013-08-30,0.07
2013-08-29,0.07
2013-08-28,0.07
2013-08-27,0.07
2013-08-26,0.07
2013-08-23,0.07
2013-08-22,0.07
2013-08-21,0.07
2013-08-20,0.07
2013-08-19,0.07
2013-08-16,0.07
2013-08-15,0.07
2013-08-14,0.07
2013-08-13,0.07
2013-08-12,0.07
2013-08-09,0.08
2013-08-08,0.08
2013-08-07,0.08
2013-08-06,0.09
2013-08-05,0.09
2013-08-02,0.09
2013-08-01,0.08
2013-07-31,0.08
2013-07-30,0.07
2013-07-29,0.08
2013-07-26,0.08
2013-07-25,0.08
2013-07-24,0.09
2013-07-23,0.09
2013-07-22,0.08
2013-07-19,0.08
2013-07-18,0.08
2013-07-17,0.08
2013-07-16,0.08
2013-07-15,0.08
2013-07-12,0.08
2013-07-11,0.08
2013-07-10,0.08
2013-07-09,0.08
2013-07-08,0.08
2013-07-05,0.08
2013-07-04,0.08
2013-07-03,0.08
2013-07-02,0.08
2013-07-01,0.08
2013-06-28,0.08
2013-06-27,0.08
2013-06-26,0.08
2013-06-25,0.08
2013-06-24,0.09
2013-06-21,0.09
2013-06-20,0.09
2013-06-19,0.09
2013-06-18,0.09
2013-06-17,0.09
2013-06-14,0.09
2013-06-13,0.09
2013-06-12,0.09
2013-06-11,0.09
2013-06-10,0.09
2013-06-07,0.09
2013-06-06,0.09
2013-06-05,0.09
2013-06-04,0.09
2013-06-03,0.09
2013-05-31,0.09
2013-05-30,0.08
2013-05-29,0.08
2013-05-28,0.08
2013-05-27,0.09
2013-05-24,0.09
2013-05-23,0.09
2013-05-22,0.09
2013-05-21,0.09
2013-05-20,0.09
2013-05-17,0.09
2013-05-16,0.09
2013-05-15,0.09
2013-05-14,0.09
2013-05-13,0.09
2013-05-10,0.09
2013-05-09,0.09
2013-05-08,0.09
2013-05-07,0.09
2013-05-06,0.09
2013-05-03,0.09
2013-05-02,0.09
2013-05-01,0.09
2013-04-30,0.09
2013-04-29,0.09
2013-04-26,0.09
2013-04-25,0.09
2013-04-24,0.09
2013-04-23,0.09
2013-04-22,0.09
2013-04-19,0.09
2013-04-18,0.09
2013-04-17,0.09
2013-04-16,0.09
2013-04-15,0.09
2013-04-12,0.09
2013-04-11,0.09
2013-04-10,0.09
2013-04-09,0.09
2013-04-08,0.09
2013-04-05,0.09
2013-04-04,0.1
2013-04-03,0.09
2013-04-02,0.09
2013-04-01,0.09
2013-03-29,0.09
2013-03-28,0.09
2013-03-27,0.08
2013-03-26,0.09
2013-03-25,0.09
2013-03-22,0.09
2013-03-21,0.09
2013-03-20,0.09
2013-03-19,0.09
2013-03-18,0.09
2013-03-15,0.09
2013-03-14,0.09
2013-03-13,0.09
2013-03-12,0.09
2013-03-11,0.09
2013-03-08,0.09
2013-03-07,0.09
2013-03-06,0.09
2013-03-05,0.09
2013-03-04,0.09
2013-03-01,0.09
2013-02-28,0.09
2013-02-27,0.09
2013-02-26,0.09
2013-02-25,0.09
2013-02-22,0.09
2013-02-21,0.09
2013-02-20,0.09
2013-02-19,0.1
2013-02-18,0.09
2013-02-15,0.09
2013-02-14,0.09
2013-02-13,0.09
2013-02-12,0.09
2013-02-11,0.09
2013-02-08,0.09
2013-02-07,0.09
2013-02-06,0.08
2013-02-05,0.08
2013-02-04,0.08
2013-02-01,0.08
2013-01-31,0.09
2013-01-30,0.09
2013-01-29,0.09
2013-01-28,0.09
2013-01-25,0.09
2013-01-24,0.09
2013-01-23,0.08
2013-01-22,0.08
2013-01-21,0.08
2013-01-18,0.08
2013-01-17,0.08
2013-01-16,0.08
2013-01-15,0.08
2013-01-14,0.08
2013-01-11,0.08
2013-01-10,0.08
2013-01-09,0.08
2013-01-08,0.08
2013-01-07,0.08
2013-01-04,0.08
2013-01-03,0.08
2013-01-02,0.08
2013-01-01,0.08
2012-12-31,0.08
2012-12-28,0.08
2012-12-27,0.07
2012-12-26,0.07
2012-12-25,0.07
2012-12-24,0.07
2012-12-21,0.07
2012-12-20,0.07
2012-12-19,0.07
2012-12-18,0.07
2012-12-17,0.07
2012-12-14,0.07
2012-12-13,0.07
2012-12-12,0.07
2012-12-11,0.07
2012-12-10,0.07
2012-12-07,0.07
2012-12-06,0.07
2012-12-05,0.07
2012-12-04,0.07
2012-12-03,0.07
2012-11-30,0.07
2012-11-29,0.07
2012-11-28,0.07
2012-11-27,0.07
2012-11-26,0.07
2012-11-23,0.07
2012-11-22,0.07
2012-11-21,0.07
2012-11-20,0.07
2012-11-19,0.07
2012-11-16,0.07
2012-11-15,0.07
2012-11-14,0.07
2012-11-13,0.07
2012-11-12,0.07
2012-11-09,0.07
2012-11-08,0.07
2012-11-07,0.07
2012-11-06,0.07
2012-11-05,0.07
2012-11-02,0.07
2012-11-01,0.07
2012-10-31,0.07
2012-10-30,0.07
2012-10-29,0.07
2012-10-26,0.07
2012-10-25,0.07
2012-10-24,0.07
2012-10-23,0.07
2012-10-22,0.07
2012-10-19,0.07
2012-10-18,0.07
2012-10-17,0.06
2012-10-16,0.06
2012-10-15,0.06
2012-10-12,0.06
2012-10-11,0.06
2012-10-10,0.06
2012-10-09,0.06
2012-10-08,0.06
2012-10-05,0.06
2012-10-04,0.06
2012-10-03,0.06
2012-10-02,0.06
2012-10-01,0.06
2012-09-28,0.06
2012-09-27,0.07
2012-09-26,0.07
2012-09-25,0.07
2012-09-24,0.07
2012-09-21,0.07
2012-09-20,0.07
2012-09-19,0.07
2012-09-18,0.07
2012-09-17,0.07
2012-09-14,0.07
2012-09-13,0.08
2012-09-12,0.07
2012-09-11,0.08
2012-09-10,0.08
2012-09-07,0.08
2012-09-06,0.08
2012-09-05,0.08
2012-09-04,0.08
2012-09-03,0.08
2012-08-31,0.08
2012-08-30,0.08
2012-08-29,0.08
2012-08-28,0.08
2012-08-27,0.09
2012-08-24,0.09
2012-08-23,0.09
2012-08-22,0.09
2012-08-21,0.09
2012-08-20,0.09
2012-08-17,0.09
2012-08-16,0.09
2012-08-15,0.09
2012-08-14,0.09
2012-08-13,0.09
2012-08-10,0.09
2012-08-09,0.09
2012-08-08,0.09
2012-08-07,0.09
2012-08-06,0.09
2012-08-03,0.09
2012-08-02,0.09
2012-08-01,0.09
2012-07-31,0.09
2012-07-30,0.09
2012-07-27,0.09
2012-07-26,0.09
2012-07-25,0.09
2012-07-24,0.09
2012-07-23,0.09
2012-07-20,0.09
2012-07-19,0.09
2012-07-18,0.09
2012-07-17,0.09
2012-07-16,0.09
2012-07-13,0.09
2012-07-12,0.09
2012-07-11,0.09
2012-07-10,0.09
2012-07-09,0.09
2012-07-06,0.09
2012-07-05,0.09
2012-07-04,0.09
2012-07-03,0.09
2012-07-02,0.08
2012-06-29,0.08
2012-06-28,0.08
2012-06-27,0.08
2012-06-26,0.08
2012-06-25,0.08
2012-06-22,0.08
2012-06-21,0.08
2012-06-20,0.08
2012-06-19,0.08
2012-06-18,0.08
2012-06-15,0.08
2012-06-14,0.08
2012-06-13,0.07
2012-06-12,0.07
2012-06-11,0.07
2012-06-08,0.07
2012-06-07,0.07
2012-06-06,0.07
2012-06-05,0.07
2012-06-04,0.07
2012-06-01,0.07
2012-05-31,0.07
2012-05-30,0.07
2012-05-29,0.07
2012-05-28,0.07
2012-05-25,0.07
2012-05-24,0.07
2012-05-23,0.07
2012-05-22,0.07
2012-05-21,0.07
2012-05-18,0.07
2012-05-17,0.07
2012-05-16,0.07
2012-05-15,0.07
2012-05-14,0.07
2012-05-11,0.07
2012-05-10,0.07
2012-05-09,0.07
2012-05-08,0.07
2012-05-07,0.07
2012-05-04,0.07
2012-05-03,0.07
2012-05-02,0.07
2012-05-01,0.07
2012-04-30,0.07
2012-04-27,0.07
2012-04-26,0.07
2012-04-25,0.07
2012-04-24,0.07
2012-04-23,0.07
2012-04-20,0.07
2012-04-19,0.07
2012-04-18,0.07
2012-04-17,0.07
2012-04-16,0.07
2012-04-13,0.07
2012-04-12,0.07
2012-04-11,0.07
2012-04-10,0.07
2012-04-09,0.07
2012-04-06,0.07
2012-04-05,0.07
2012-04-04,0.07
2012-04-03,0.07
2012-04-02,0.07
2012-03-30,0.08
2012-03-29,0.08
2012-03-28,0.08
2012-03-27,0.07
2012-03-26,0.07
2012-03-23,0.07
2012-03-22,0.07
2012-03-21,0.07
2012-03-20,0.07
2012-03-19,0.08
2012-03-16,0.07
2012-03-15,0.07
2012-03-14,0.07
2012-03-13,0.07
2012-03-12,0.07
2012-03-09,0.07
2012-03-08,0.07
2012-03-07,0.07
2012-03-06,0.07
2012-03-05,0.07
2012-03-02,0.07
2012-03-01,0.07
2012-02-29,0.07
2012-02-28,0.07
2012-02-27,0.07
2012-02-24,0.07
2012-02-23,0.07
2012-02-22,0.07
2012-02-21,0.07
2012-02-20,0.07
2012-02-17,0.07
2012-02-16,0.07
2012-02-15,0.07
2012-02-14,0.07
2012-02-13,0.07
2012-02-10,0.07
2012-02-09,0.07
2012-02-08,0.07
2012-02-07,0.07
2012-02-06,0.07
2012-02-03,0.07
2012-02-02,0.07
2012-02-01,0.07
2012-01-31,0.07
2012-01-30,0.07
2012-01-27,0.07
2012-01-26,0.07
2012-01-25,0.07
2012-01-24,0.07
2012-01-23,0.07
2012-01-20,0.07
2012-01-19,0.07
2012-01-18,0.07
2012-01-17,0.07
2012-01-16,0.07
2012-01-13,0.07
2012-01-12,0.07
2012-01-11,0.07
2012-01-10,0.07
2012-01-09,0.07
2012-01-06,0.07
2012-01-05,0.06
2012-01-04,0.06
2012-01-03,0.06
2012-01-02,0.07
2011-12-30,0.07
2011-12-29,0.07
2011-12-28,0.06
2011-12-27,0.06
2011-12-26,0.07
2011-12-23,0.07
2011-12-22,0.05
2011-12-21,0.05
2011-12-20,0.05
2011-12-19,0.05
2011-12-16,0.06
2011-12-15,0.06
2011-12-14,0.05
2011-12-13,0.05
2011-12-12,0.05
2011-12-09,0.05
2011-12-08,0.05
2011-12-07,0.05
2011-12-06,0.05
2011-12-05,0.05
2011-12-02,0.05
2011-12-01,0.05
2011-11-30,0.05
2011-11-29,0.05
2011-11-28,0.05
2011-11-25,0.06
2011-11-24,0.06
2011-11-23,0.06
2011-11-22,0.06
2011-11-21,0.06
2011-11-18,0.07
2011-11-17,0.05
2011-11-16,0.06
2011-11-15,1.54
2011-11-14,0.06
2011-11-11,1.59
2011-11-10,0.06
2011-11-09,0.06
2011-11-08,1.51
2011-11-07,0.06
2011-11-04,0.06
2011-11-03,0.04
2011-11-02,2.01
2011-11-01,0.04
2011-10-31,0.04
2011-10-28,0.05
2011-10-27,0.05
2011-10-26,0.05
2011-10-25,0.05
2011-10-24,0.06
2011-10-21,0.05
2011-10-20,1.84
2011-10-19,0.05
2011-10-18,1.89
2011-10-17,0.05
2011-10-14,1.93
2011-10-13,1.98
2011-10-12,1.92
2011-10-11,1.84
2011-10-10,1.81
2011-10-07,1.77
2011-10-06,1.82
2011-10-05,1.76
2011-10-04,0.06
2011-10-03,1.7
2011-09-30,1.75
2011-09-29,1.77
2011-09-28,1.81
2011-09-27,0.06
2011-09-26,1.88
2011-09-23,0.05
2011-09-22,1.65
2011-09-21,0.05
2011-09-20,1.83
2011-09-19,1.9
2011-09-16,1.9
2011-09-15,0.04
2011-09-14,0.04
2011-09-13,0.04
2011-09-12,0.05
2011-09-09,0.05
2011-09-08,1.94
2011-09-07,2.02
2011-09-06,0.05
2011-09-02,0.05
2011-09-01,1.94
2011-08-31,1.91
2011-08-30,0.05
2011-08-29,0.05
2011-08-26,0.06
2011-08-25,1.68
2011-08-24,1.75
2011-08-23,1.74
2011-08-22,1.71
2011-08-19,1.71
2011-08-18,1.65
2011-08-17,0.07
2011-08-16,0.05
2011-08-15,1.58
2011-08-12,0.05
2011-08-11,1.57
2011-08-10,1.61
2011-08-09,0.06
2011-08-08,1.45
2011-08-05,1.61
2011-08-04,1.6
2011-08-03,0.06
2011-08-02,0.05
2011-08-01,0.05
2011-07-29,1.63
2011-07-28,1.57
2011-07-27,1.57
2011-07-26,0.06
2011-07-25,0.07
2011-07-22,1.61
2011-07-21,0.07
2011-07-20,1.5
2011-07-19,0.06
2011-07-18,0.06
2011-07-15,1.61
2011-07-14,1.54
2011-07-13,1.57
2011-07-12,1.51
2011-07-11,1.53
2011-07-08,1.47
2011-07-07,1.43
2011-07-06,1.35
2011-07-05,1.36
2011-07-01,1.36
2011-06-30,0.07
2011-06-29,1.36
2011-06-28,1.3
2011-06-27,1.28
2011-06-24,0.07
2011-06-23,1.3
2011-06-22,1.32
2011-06-21,1.3
2011-06-20,1.29
2011-06-17,1.37
2011-06-16,1.42
2011-06-15,1.29
2011-06-14,1.3
2011-06-13,1.28
2011-06-10,1.3
2011-06-09,1.29
2011-06-08,1.28
2011-06-07,0.07
2011-06-06,0.07
2011-06-03,0.06
2011-06-02,1.31
2011-06-01,0.07
2011-05-31,1.32
2011-05-30,0.07
2011-05-27,1.33
2011-05-26,0.07
2011-05-25,1.32
2011-05-24,0.08
2011-05-23,0.07
2011-05-20,0.07
2011-05-19,0.07
2011-05-18,0.07
2011-05-17,0.06
2011-05-16,0.06
2011-05-13,0.07
2011-05-12,0.07
2011-05-11,0.06
2011-05-10,0.06
2011-05-09,0.06
2011-05-06,0.07
2011-05-05,0.06
2011-05-04,0.07
2011-05-03,0.05
2011-05-02,0.06
2011-04-29,0.07
2011-04-28,0.07
2011-04-27,0.07
2011-04-26,0.06
2011-04-25,0.07
2011-04-22,0.07
2011-04-21,0.07
2011-04-20,0.08
2011-04-19,0.08
2011-04-18,0.08
2011-04-15,0.07
2011-04-14,0.08
2011-04-13,0.07
2011-04-12,0.07
2011-04-11,0.08
2011-04-08,0.07
2011-04-07,0.07
2011-04-06,0.07
2011-04-05,0.08
2011-04-04,0.08
2011-04-01,0.08
2011-03-31,0.07
2011-03-30,0.07
2011-03-29,0.07
2011-03-28,0.09
2011-03-25,0.09
2011-03-24,0.08
2011-03-23,0.07
2011-03-22,0.07
2011-03-21,0.08
2011-03-18,0.08
2011-03-17,0.07
2011-03-16,0.08
2011-03-15,0.09
2011-03-14,0.07
2011-03-11,0.09
2011-03-10,0.07
2011-03-09,0.07
2011-03-08,0.09
2011-03-07,0.08
2011-03-04,0.09
2011-03-03,0.09
2011-03-02,0.09
2011-03-01,0.09
2011-02-28,0.09
2011-02-25,0.07
2011-02-24,0.08
2011-02-23,0.08
2011-02-22,0.08
2011-02-21,0.07
2011-02-18,0.09
2011-02-17,0.09
2011-02-16,0.09
2011-02-15,0.08
2011-02-14,0.08
2011-02-11,0.09
2011-02-10,0.09
2011-02-09,0.08
2011-02-08,0.09
2011-02-07,0.09
2011-02-04,0.09
2011-02-03,0.09
2011-02-02,0.09
2011-02-01,0.08
2011-01-31,0.07
2011-01-28,0.07
2011-01-27,0.08
2011-01-26,0.08
2011-01-25,0.09
2011-01-24,0.09
2011-01-21,0.07
2011-01-20,0.09
2011-01-19,0.09
2011-01-18,0.09
2011-01-17,0.08
2011-01-14,0.09
2011-01-13,0.07
2011-01-12,0.07
2011-01-11,0.07
2011-01-10,0.07
2011-01-07,0.07
2011-01-06,0.07
2011-01-05,0.07
2011-01-04,0.07
2011-01-03,0.08
2010-12-31,0.08
2010-12-30,0.07
2010-12-29,0.08
2010-12-28,0.07
2010-12-27,0.08
2010-12-24,0.07
2010-12-23,0.07
2010-12-22,0.07
2010-12-21,0.07
2010-12-20,0.08
2010-12-17,0.07
2010-12-16,0.08
2010-12-15,0.07
2010-12-14,0.07
2010-12-13,0.08
2010-12-10,0.07
2010-12-09,0.06
2010-12-08,0.08
2010-12-07,0.06
2010-12-06,0.06
2010-12-03,0.07
2010-12-02,0.06
2010-12-01,0.06
2010-11-30,0.07
2010-11-29,0.07
2010-11-26,0.07
2010-11-25,0.07
2010-11-24,0.07
2010-11-23,0.07
2010-11-22,0.08
2010-11-19,0.08
2010-11-18,0.08
2010-11-17,0.07
2010-11-16,0.07
2010-11-15,0.07
2010-11-12,0.07
2010-11-11,0.07
2010-11-10,0.07
2010-11-09,0.07
2010-11-08,0.07
2010-11-05,0.07
2010-11-04,0.08
2010-11-03,0.08
2010-11-02,0.08
2010-11-01,0.08
2010-10-29,0.08
2010-10-28,0.07
2010-10-27,0.07
2010-10-26,0.07
2010-10-25,0.08
2010-10-22,0.07
2010-10-21,0.07
2010-10-20,0.08
2010-10-19,0.07
2010-10-18,0.07
2010-10-15,0.07
2010-10-14,0.08
2010-10-13,0.07
2010-10-12,0.08
2010-10-11,0.07
2010-10-08,0.07
2010-10-07,0.07
2010-10-06,0.09
2010-10-05,0.08
2010-10-04,0.08
2010-10-01,0.07
2010-09-30,0.07
2010-09-29,0.07
2010-09-28,0.07
2010-09-27,0.08
2010-09-24,0.07
2010-09-23,0.07
2010-09-22,0.07
2010-09-21,0.07
2010-09-20,0.07
2010-09-17,0.08
2010-09-16,0.07
2010-09-15,0.07
2010-09-14,0.07
2010-09-13,0.07
2010-09-10,0.08
2010-09-09,0.08
2010-09-08,0.07
2010-09-07,0.07
2010-09-06,0.07
2010-09-03,0.07
2010-09-02,0.07
2010-09-01,0.07
2010-08-31,0.07
2010-08-30,0.07
2010-08-27,0.07
2010-08-26,0.07
2010-08-25,0.08
2010-08-24,0.07
2010-08-23,0.07
2010-08-20,0.07
2010-08-19,0.07
2010-08-18,0.07
2010-08-17,0.07
2010-08-16,0.08
2010-08-13,0.07
2010-08-12,0.08
2010-08-11,0.08
2010-08-10,0.07
2010-08-09,0.08
2010-08-06,0.07
2010-08-05,0.08
2010-08-04,0.08
2010-08-03,0.08
2010-08-02,0.07
2010-07-30,0.08
2010-07-29,0.07
2010-07-28,0.07
2010-07-27,0.98
2010-07-26,0.9
2010-07-23,0.08
2010-07-22,0.9
2010-07-21,0.07
2010-07-20,0.07
2010-07-19,0.08
2010-07-16,0.07
2010-07-15,0.9
2010-07-14,0.9
2010-07-13,0.08
2010-07-12,0.07
2010-07-09,0.08
2010-07-08,0.08
2010-07-07,0.08
2010-07-06,0.08
2010-07-05,0.07
2010-07-02,0.08
2010-07-01,0.07
2010-06-30,0.08
2010-06-29,0.0633
2010-06-28,0.88
2010-06-25,0.0814
2010-06-24,0.88
2010-06-23,0.0724
2010-06-22,0.94
2010-06-21,0.96
2010-06-18,0.88
2010-06-17,0.0724
2010-06-16,0.0724
2010-06-15,0.89
2010-06-14,0.0814
2010-06-11,0.0724
2010-06-10,0.0814
2010-06-09,0.0724
2010-06-08,0.9
2010-06-07,0.0814
2010-06-04,0.91
2010-06-03,0.0814
2010-06-02,0.0724
2010-06-01,0.0814
2010-05-28,0.96
2010-05-27,0.97
2010-05-26,0.93
2010-05-25,0.0814
2010-05-24,0.86
2010-05-21,0.0724
2010-05-20,0.0724
2010-05-19,0.0724
2010-05-18,0.0814
2010-05-17,0.0724
2010-05-14,0.0814
2010-05-13,0.0814
2010-05-12,0.0814
2010-05-11,0.94
2010-05-10,0.95
2010-05-07,0.97
2010-05-06,0.0814
2010-05-05,0.0905
2010-05-04,0.0814
2010-05-03,0.0814
2010-04-30,0.0905
2010-04-29,0.0814
2010-04-28,0.0814
2010-04-27,0.0905
2010-04-26,0.0814
2010-04-23,0.0724
2010-04-22,0.0724
2010-04-21,0.0724
2010-04-20,0.0724
2010-04-19,0.0905
2010-04-16,0.0814
2010-04-15,0.0814
2010-04-14,0.78
2010-04-13,0.8
2010-04-12,0.0905
2010-04-09,0.8
2010-04-08,0.74
2010-04-07,0.0814
2010-04-06,0.0814
2010-04-05,0.8
2010-04-01,0.8
2010-03-31,0.77
2010-03-30,0.0905
2010-03-29,0.79
2010-03-26,0.0905
2010-03-25,0.81
2010-03-24,0.82
2010-03-23,0.82
2010-03-22,0.82
2010-03-19,0.0905
2010-03-18,0.82
2010-03-17,0.82
2010-03-16,0.0905
2010-03-15,0.0905
2010-03-12,0.83
2010-03-11,0.0814
2010-03-10,0.82
2010-03-09,0.83
2010-03-08,0.79
2010-03-05,0.79
2010-03-04,0.81
2010-03-03,0.81
2010-03-02,0.0814
2010-03-01,0.83
2010-02-26,0.0814
2010-02-25,0.0814
2010-02-24,0.85
2010-02-23,0.84
2010-02-22,0.84
2010-02-19,0.84
2010-02-18,0.0905
2010-02-17,0.89
2010-02-16,0.85
2010-02-15,0.0905
2010-02-12,0.87
2010-02-11,0.84
2010-02-10,0.0814
2010-02-09,0.0905
2010-02-08,0.0814
2010-02-05,0.85
2010-02-04,0.0814
2010-02-03,0.85
2010-02-02,0.0995
2010-02-01,0.0995
2010-01-29,0.0814
2010-01-28,0.83
2010-01-27,0.91
2010-01-26,0.0814
2010-01-25,0.0905
2010-01-22,0.0814
2010-01-21,0.9
2010-01-20,0.0905
2010-01-19,0.92
2010-01-18,0.0905
2010-01-15,0.0905
2010-01-14,0.91
2010-01-13,0.93
2010-01-12,0.9
2010-01-11,0.9
2010-01-08,0.96
2010-01-07,0.96
2010-01-06,0.92
2010-01-05,0.0995
2010-01-04,0.0995
2009-12-31,0.0995
2009-12-30,0.95
2009-12-29,0.0995
2009-12-28,0.91
2009-12-24,0.0905
2009-12-23,0.0995
2009-12-22,0.88
2009-12-21,0.89
2009-12-18,0.89
2009-12-17,0.0905
2009-12-16,0.0995
2009-12-15,0.0905
2009-12-14,0.0995
2009-12-11,0.0905
2009-12-10,0.0905
2009-12-09,0.88
2009-12-08,0.88
2009-12-07,0.0995
2009-12-04,0.0905
2009-12-03,0.0995
2009-12-02,0.96
2009-12-01,0.0995
2009-11-30,0.0905
2009-11-27,0.0905
2009-11-26,0.0905
2009-11-25,0.0905
2009-11-24,0.0905
2009-11-23,0.0905
2009-11-20,0.0905
2009-11-19,1.0
2009-11-18,1.05
2009-11-17,1.05
2009-11-16,1.08
2009-11-13,1.03
2009-11-12,0.0814
2009-11-11,0.0814
2009-11-10,0.0814
2009-11-09,0.0814
2009-11-06,0.0814
2009-11-05,0.0814
2009-11-04,0.0814
2009-11-03,0.0814
2009-11-02,0.0814
2009-10-30,0.0814
2009-10-29,0.0814
2009-10-28,0.0814
2009-10-27,0.0814
2009-10-26,0.0814
2009-10-23,0.0814
2009-10-22,0.0814
2009-10-21,0.0814
2009-10-20,0.0814
2009-10-19,0.0814
2009-10-16,0.0814
2009-10-15,0.0814
2009-10-14,0.0814
2009-10-13,0.0814
2009-10-12,0.0814
2009-10-09,0.0814
2009-10-08,0.0814
2009-10-07,0.0814
2009-10-06,0.0814
2009-10-05,0.0814
2009-10-02,0.0814
2009-10-01,0.0814
2009-09-30,0.0814
2009-09-29,0.0814
2009-09-28,0.0814
2009-09-25,0.0814
2009-09-24,0.0814
2009-09-23,0.0814
2009-09-22,0.0814
2009-09-21,0.0814
2009-09-18,0.0814
2009-09-17,0.0814
2009-09-16,0.0814
2009-09-15,0.0814
2009-09-14,0.0814
2009-09-11,0.0814
2009-09-10,0.0814
2009-09-09,0.0814
2009-09-08,0.0814
2009-09-07,0.0814
2009-09-04,0.0814
2009-09-03,0.0814
2009-09-02,0.0814
2009-09-01,0.0814
2009-08-31,0.0814
2009-08-28,0.0814
2009-08-27,0.0814
2009-08-26,0.0814
2009-08-25,0.0814
2009-08-24,0.0814
2009-08-21,0.0814
2009-08-20,0.0814
2009-08-19,0.0814
2009-08-18,0.0814
2009-08-17,0.0814
2009-08-14,0.0814
2009-08-13,0.0814
2009-08-12,0.0814
2009-08-11,0.0814
2009-08-10,0.0814
2009-08-07,0.0814
2009-08-06,0.0814
2009-08-05,0.0814
2009-08-04,0.0814
2009-08-03,0.0814
2009-07-31,0.0814
2009-07-30,0.0814
2009-07-29,0.0814
2009-07-28,0.0814
2009-07-27,0.0814
2009-07-24,0.0814
2009-07-23,0.0814
2009-07-22,0.0814
2009-07-21,0.0814
2009-07-20,0.0814
2009-07-17,0.0814
2009-07-16,0.0814
2009-07-15,0.0814
2009-07-14,0.0814
2009-07-13,0.0814
2009-07-10,0.0814
2009-07-09,0.0814
2009-07-08,0.0814
2009-07-07,0.0814
2009-07-06,0.0814
2009-07-03,0.0814
2009-07-02,0.0814
2009-07-01,0.0814
2009-06-30,0.0814
2009-06-29,0.0814
2009-06-26,0.0814
2009-06-25,0.0814
2009-06-24,0.0814
2009-06-23,0.0814
2009-06-22,0.0814
2009-06-19,0.0814
2009-06-18,0.0814
2009-06-17,0.0814
2009-06-16,0.0814
2009-06-15,0.0814
2009-06-12,0.0814
2009-06-11,0.0814
2009-06-10,0.0814
2009-06-09,0.0814
2009-06-08,0.0814
2009-06-05,0.0814
2009-06-04,0.0814
2009-06-03,0.0814
2009-06-02,0.0814
2009-06-01,0.0814
2009-05-29,0.0814
2009-05-28,0.0814
2009-05-27,0.0814
2009-05-26,0.0814
2009-05-25,0.0814
2009-05-22,0.0814
2009-05-21,0.0814
2009-05-20,0.0814
2009-05-19,0.0814
2009-05-18,0.0814
2009-05-15,0.0814
2009-05-14,0.0814
2009-05-13,0.0814
2009-05-12,0.0814
2009-05-11,0.0814
2009-05-08,0.0814
2009-05-07,0.0814
2009-05-06,0.0814
2009-05-05,0.0814
2009-05-04,0.0814
2009-05-01,0.0814
2009-04-30,0.0814
2009-04-29,0.0814
2009-04-28,0.0814
2009-04-27,0.0814
2009-04-24,0.0814
2009-04-23,0.0814
2009-04-22,0.0814
2009-04-21,0.0814
2009-04-20,0.0814
2009-04-17,0.0814
2009-04-16,0.0814
2009-04-15,0.0814
2009-04-14,0.0814
2009-04-13,0.0814
2009-04-10,0.0814
2009-04-09,0.0814
2009-04-08,0.0814
2009-04-07,0.0814
2009-04-06,0.0905
2009-04-03,0.0814
2009-04-02,0.0814
2009-04-01,0.0814
2009-03-31,0.0905
2009-03-30,0.0905
2009-03-27,0.0814
2009-03-26,0.0814
2009-03-25,0.0814
2009-03-24,0.0905
2009-03-23,0.0905
2009-03-20,0.0905
2009-03-19,0.0905
2009-03-18,0.0814
2009-03-17,0.0814
2009-03-16,0.0814
2009-03-13,0.0905
2009-03-12,0.0905
2009-03-11,0.0905
2009-03-10,0.0814
2009-03-09,0.0905
2009-03-06,0.0814
2009-03-05,0.0814
2009-03-04,0.0814
2009-03-03,0.0814
2009-03-02,0.0814
2009-02-27,0.0814
2009-02-26,0.0814
2009-02-25,0.0814
2009-02-24,0.0814
2009-02-23,0.0814
2009-02-20,0.0814
2009-02-19,0.0814
2009-02-18,0.0814
2009-02-17,0.0905
2009-02-16,0.0814
2009-02-13,0.0814
2009-02-12,0.0814
2009-02-11,0.0814
2009-02-10,0.0814
2009-02-09,0.0814
2009-02-06,0.0814
2009-02-05,0.0814
2009-02-04,0.0814
2009-02-03,0.0905
2009-02-02,0.0905
2009-01-30,0.0905
2009-01-29,0.0905
2009-01-28,0.0905
2009-01-27,0.0905
2009-01-26,0.0814
2009-01-23,0.0814
2009-01-22,0.0814
2009-01-21,0.0905
2009-01-20,0.0814
2009-01-19,0.0905
2009-01-16,0.0905
2009-01-15,0.0814
2009-01-14,0.0814
2009-01-13,0.0724
2009-01-12,0.0724
2009-01-09,0.0633
2009-01-08,0.0724
2009-01-07,0.0724
2009-01-06,0.0724
2009-01-05,0.0633
2009-01-02,0.0633
2009-01-01,0.0633
2008-12-31,0.0633
2008-12-30,0.0724
2008-12-29,0.0633
2008-12-26,0.0633
2008-12-25,0.0633
2008-12-24,0.0633
2008-12-23,0.0633
2008-12-22,0.0633
2008-12-19,0.0724
2008-12-18,0.0633
2008-12-17,0.0633
2008-12-16,0.0724
2008-12-15,0.0724
2008-12-12,0.0724
2008-12-11,0.0724
2008-12-10,0.0724
2008-12-09,0.0724
2008-12-08,0.0724
2008-12-05,0.0633
2008-12-04,0.0633
2008-12-03,0.0633
2008-12-02,0.0633
2008-12-01,0.0633
2008-11-28,0.0633
2008-11-27,0.0724
2008-11-26,0.0724
2008-11-25,0.0724
2008-11-24,0.0724
2008-11-21,0.0724
2008-11-20,0.0724
2008-11-19,0.0633
2008-11-18,0.0724
2008-11-17,0.0724
2008-11-14,0.0724
2008-11-13,0.0724
2008-11-12,0.0814
2008-11-11,0.0814
2008-11-10,0.0814
2008-11-07,0.0905
2008-11-06,0.0905
2008-11-05,0.0905
2008-11-04,0.0905
2008-11-03,0.0905
2008-10-31,0.0905
2008-10-30,0.0905
2008-10-29,0.0905
2008-10-28,0.0814
2008-10-27,0.0905
2008-10-24,0.0814
2008-10-23,0.0724
2008-10-22,0.0724
2008-10-21,0.0814
2008-10-20,0.0905
2008-10-17,0.0814
2008-10-16,0.0814
2008-10-15,0.0905
2008-10-14,0.0905
2008-10-13,0.0814
2008-10-10,0.0724
2008-10-09,0.0724
2008-10-08,0.0814
2008-10-07,0.0814
2008-10-06,0.0814
2008-10-03,0.0905
2008-10-02,0.0814
2008-10-01,0.0905
2008-09-30,0.0905
2008-09-29,0.0905
2008-09-26,0.0905
2008-09-25,0.0905
2008-09-24,0.0995
2008-09-23,0.0995
2008-09-22,0.0995
2008-09-19,0.0995
2008-09-18,0.0905
2008-09-17,0.0905
2008-09-16,0.0905
2008-09-15,0.0995
2008-09-12,0.0995
2008-09-11,0.0995
2008-09-10,0.0995
2008-09-09,0.0995
2008-09-08,0.0995
2008-09-05,0.0995
2008-09-04,0.0995
2008-09-03,0.0995
2008-09-02,0.0995
2008-09-01,0.0995
2008-08-29,0.0995
2008-08-28,0.0995
2008-08-27,0.1085
2008-08-26,0.0995
2008-08-25,0.1085
2008-08-22,0.1085
2008-08-21,0.0995
2008-08-20,0.0995
2008-08-19,0.1085
2008-08-18,0.1085
2008-08-15,0.1085
2008-08-14,0.1085
2008-08-13,0.1085
2008-08-12,0.1266
2008-08-11,0.0995
2008-08-08,0.0995
2008-08-07,0.0995
2008-08-06,0.0995
2008-08-05,0.0995
2008-08-04,0.1085
2008-08-01,0.0995
2008-07-31,0.0995
2008-07-30,0.1085
2008-07-29,0.0995
2008-07-28,0.0995
2008-07-25,0.0995
2008-07-24,0.1085
2008-07-23,0.1085
2008-07-22,0.1085
2008-07-21,0.0995
2008-07-18,0.0995
2008-07-17,0.0995
2008-07-16,0.0995
2008-07-15,0.0995
2008-07-14,0.0995
2008-07-11,0.0995
2008-07-10,0.0995
2008-07-09,0.1085
2008-07-08,0.0995
2008-07-07,0.1085
2008-07-04,0.1085
2008-07-03,0.0995
2008-07-02,0.1085
2008-07-01,0.0995
2008-06-30,0.1085
2008-06-27,0.1266
2008-06-26,0.1266
2008-06-25,0.1085
2008-06-24,0.1085
2008-06-23,0.1176
2008-06-20,0.1357
2008-06-19,0.1176
2008-06-18,0.1266
2008-06-17,0.1266
2008-06-16,0.1085
2008-06-13,0.1176
2008-06-12,0.1266
2008-06-11,0.1176
2008-06-10,0.1176
2008-06-09,0.1176
2008-06-06,0.1176
2008-06-05,0.1176
2008-06-04,0.1266
2008-06-03,0.1176
2008-06-02,0.1176
2008-05-30,0.1266
2008-05-29,0.1266
2008-05-28,0.1176
2008-05-27,0.1176
2008-05-26,0.1266
2008-05-23,0.1176
2008-05-22,0.1176
2008-05-21,0.1357
2008-05-20,0.1357
2008-05-19,0.1266
2008-05-16,0.1266
2008-05-15,0.1357
2008-05-14,0.1266
2008-05-13,0.1357
2008-05-12,0.1357
2008-05-09,0.1357
2008-05-08,0.1266
2008-05-07,0.1266
2008-05-06,0.1266
2008-05-05,0.1266
2008-05-02,0.1266
2008-05-01,0.1266
2008-04-30,0.1266
2008-04-29,0.1266
2008-04-28,0.1357
2008-04-25,0.1266
2008-04-24,0.1266
2008-04-23,0.1266
2008-04-22,0.1266
2008-04-21,0.1357
2008-04-18,0.1357
2008-04-17,0.1266
2008-04-16,0.1357
2008-04-15,0.1176
2008-04-14,0.1357
2008-04-11,0.1266
2008-04-10,0.1266
2008-04-09,0.1266
2008-04-08,0.1266
2008-04-07,0.1266
2008-04-04,0.1266
2008-04-03,0.1266
2008-04-02,0.1357
2008-04-01,0.1357
2008-03-31,0.1266
2008-03-28,0.1266
2008-03-27,0.1266
2008-03-26,0.1266
2008-03-25,0.1266
2008-03-24,0.1266
2008-03-21,0.1266
2008-03-20,0.1266
2008-03-19,0.1266
2008-03-18,0.1357
2008-03-17,0.1357
2008-03-14,0.1357
2008-03-13,0.1357
2008-03-12,0.1357
2008-03-11,0.1357
2008-03-10,0.1357
2008-03-07,0.1447
2008-03-06,0.1447
2008-03-05,0.1447
2008-03-04,0.1447
2008-03-03,0.1357
2008-02-29,0.1266
2008-02-28,0.1357
2008-02-27,0.1447
2008-02-26,0.1538
2008-02-25,0.1809
2008-02-22,0.1176
2008-02-21,0.1176
2008-02-20,0.1085
2008-02-19,0.1176
2008-02-18,0.1176
2008-02-15,0.1176
2008-02-14,0.1176
2008-02-13,0.1176
2008-02-12,0.1085
2008-02-11,0.1176
2008-02-08,0.1176
2008-02-07,0.1176
2008-02-06,0.1266
2008-02-05,0.1176
2008-02-04,0.1266
2008-02-01,0.1176
2008-01-31,0.1176
2008-01-30,0.1266
2008-01-29,0.1176
2008-01-28,0.1176
2008-01-25,0.1176
2008-01-24,0.1176
2008-01-23,0.1176
2008-01-22,0.1266
2008-01-21,0.1176
2008-01-18,0.1266
2008-01-17,0.1176
2008-01-16,0.1176
2008-01-15,0.1176
2008-01-14,0.1176
2008-01-11,0.1266
2008-01-10,0.1176
2008-01-09,0.1266
2008-01-08,0.1176
2008-01-07,0.1176
2008-01-04,0.1266
2008-01-03,0.1266
2008-01-02,0.1357
2008-01-01,0.1447
2007-12-31,0.1447
2007-12-28,0.1357
2007-12-27,0.1357
2007-12-26,0.1357
2007-12-25,0.1357
2007-12-24,0.1357
2007-12-21,0.1357
2007-12-20,0.1357
2007-12-19,0.1447
2007-12-18,0.1357
2007-12-17,0.1357
2007-12-14,0.1357
2007-12-13,0.1357
2007-12-12,0.1447
2007-12-11,0.1447
2007-12-10,0.1357
2007-12-07,0.1447
2007-12-06,0.1357
2007-12-05,0.1447
2007-12-04,0.1357
2007-12-03,0.1447
2007-11-30,0.1357
2007-11-29,0.1447
2007-11-28,0.1357
2007-11-27,0.1357
2007-11-26,0.1447
2007-11-23,0.1357
2007-11-22,0.1357
2007-11-21,0.1447
2007-11-20,0.1447
2007-11-19,0.1447
2007-11-16,0.1447
2007-11-15,0.1447
2007-11-14,0.1538
2007-11-13,0.1447
2007-11-12,0.1447
2007-11-09,0.1538
2007-11-08,0.1447
2007-11-07,0.1447
2007-11-06,0.1447
2007-11-05,0.1447
2007-11-02,0.1447
2007-11-01,0.1447
2007-10-31,0.1538
2007-10-30,0.1447
2007-10-29,0.1538
2007-10-26,0.1538
2007-10-25,0.1447
2007-10-24,0.1447
2007-10-23,0.1538
2007-10-22,0.1538
2007-10-19,0.1447
2007-10-18,0.1538
2007-10-17,0.1628
2007-10-16,0.1538
2007-10-15,0.1447
2007-10-12,0.1447
2007-10-11,0.1447
2007-10-10,0.1447
2007-10-09,0.1447
2007-10-08,0.1447
2007-10-05,0.1538
2007-10-04,0.1538
2007-10-03,0.1538
2007-10-02,0.1538
2007-10-01,0.1538
2007-09-28,0.1538
2007-09-27,0.1538
2007-09-26,0.1538
2007-09-25,0.1538
2007-09-24,0.1447
2007-09-21,0.1628
2007-09-20,0.1538
2007-09-19,0.1538
2007-09-18,0.1447
2007-09-17,0.1538
2007-09-14,0.1538
2007-09-13,0.1538
2007-09-12,0.1538
2007-09-11,0.1628
2007-09-10,0.1538
2007-09-07,0.1628
2007-09-06,0.1628
2007-09-05,0.1538
2007-09-04,0.1538
2007-09-03,0.1538
2007-08-31,0.1538
2007-08-30,0.1538
2007-08-29,0.1538
2007-08-28,0.1538
2007-08-27,0.1628
2007-08-24,0.1628
2007-08-23,0.1628
2007-08-22,0.1628
2007-08-21,0.1628
2007-08-20,0.1628
2007-08-17,0.1628
2007-08-16,0.1447
2007-08-15,0.1538
2007-08-14,0.1628
2007-08-13,0.1628
2007-08-10,0.1628
2007-08-09,0.1628
2007-08-08,0.1628
2007-08-07,0.1628
2007-08-06,0.1628
2007-08-03,0.1628
2007-08-02,0.1628
2007-08-01,0.1628
2007-07-31,0.1719
2007-07-30,0.1628
2007-07-27,0.1719
2007-07-26,0.1628
2007-07-25,0.1628
2007-07-24,0.1719
2007-07-23,0.1719
2007-07-20,0.1809
2007-07-19,0.1809
2007-07-18,0.1719
2007-07-17,0.1809
2007-07-16,0.1809
2007-07-13,0.1809
2007-07-12,0.1809
2007-07-11,0.1809
2007-07-10,0.19
2007-07-09,0.1809
2007-07-06,0.1809
2007-07-05,0.1809
2007-07-04,0.1809
2007-07-03,0.1809
2007-07-02,0.1809
2007-06-29,0.1719
2007-06-28,0.1809
2007-06-27,0.1719
2007-06-26,0.1809
2007-06-25,0.1719
2007-06-22,0.1719
2007-06-21,0.1719
2007-06-20,0.1809
2007-06-19,0.1719
2007-06-18,0.1719
2007-06-15,0.1719
2007-06-14,0.1719
2007-06-13,0.1719
2007-06-12,0.1809
2007-06-11,0.1809
2007-06-08,0.1809
2007-06-07,0.1809
2007-06-06,0.1809
2007-06-05,0.1809
2007-06-04,0.1809
2007-06-01,0.1809
2007-05-31,0.1809
2007-05-30,0.19
2007-05-29,0.19
2007-05-28,0.19
2007-05-25,0.199
2007-05-24,0.199
2007-05-23,0.199
2007-05-22,0.1809
2007-05-21,0.19
2007-05-18,0.199
2007-05-17,0.208
2007-05-16,0.1809
2007-05-15,0.1809
2007-05-14,0.1809
2007-05-11,0.1719
2007-05-10,0.1719
2007-05-09,0.1719
2007-05-08,0.1628
2007-05-07,0.1628
2007-05-04,0.1719
2007-05-03,0.1719
2007-05-02,0.1719
2007-05-01,0.1809
2007-04-30,0.1809
2007-04-27,0.1719
2007-04-26,0.1809
2007-04-25,0.1809
2007-04-24,0.1628
2007-04-23,0.1719
2007-04-20,0.1719
2007-04-19,0.1719
2007-04-18,0.1719
2007-04-17,0.1719
2007-04-16,0.1719
2007-04-13,0.1628
2007-04-12,0.1628
2007-04-11,0.1628
2007-04-10,0.1719
2007-04-09,0.1628
2007-04-06,0.1628
2007-04-05,0.1628
2007-04-04,0.1719
2007-04-03,0.1628
2007-04-02,0.1809
2007-03-30,0.1719
2007-03-29,0.1809
2007-03-28,0.1719
2007-03-27,0.1719
2007-03-26,0.1719
2007-03-23,0.1719
2007-03-22,0.1719
2007-03-21,0.1719
2007-03-20,0.1809
2007-03-19,0.1809
2007-03-16,0.1719
2007-03-15,0.1719
2007-03-14,0.1719
2007-03-13,0.1809
2007-03-12,0.1719
2007-03-09,0.1809
2007-03-08,0.19
2007-03-07,0.19
2007-03-06,0.1538
2007-03-05,0.1538
2007-03-02,0.1628
2007-03-01,0.1628
2007-02-28,0.1628
2007-02-27,0.1538
2007-02-26,0.1719
2007-02-23,0.1719
2007-02-22,0.1809
2007-02-21,0.1809
2007-02-20,0.1809
2007-02-19,0.19
2007-02-16,0.19
2007-02-15,0.19
2007-02-14,0.199
2007-02-13,0.199
2007-02-12,0.208
2007-02-09,0.208
2007-02-08,0.208
2007-02-07,0.2171
2007-02-06,0.208
2007-02-05,0.208
2007-02-02,0.208
2007-02-01,0.2171
2007-01-31,0.2171
2007-01-30,0.2261
2007-01-29,0.19
2007-01-26,0.199
2007-01-25,0.2261
2007-01-24,0.2442
2007-01-23,0.2533
2007-01-22,0.208
2007-01-19,0.1628
2007-01-18,0.1357
2007-01-17,0.1357
2007-01-16,0.1357
2007-01-15,0.1357
2007-01-12,0.1266
2007-01-11,0.1266
2007-01-10,0.1266
2007-01-09,0.1357
2007-01-08,0.1266
2007-01-05,0.1357
2007-01-04,0.1357
2007-01-03,0.1357
2007-01-02,0.1266
2007-01-01,0.1357
2006-12-29,0.1357
2006-12-28,0.1357
2006-12-27,0.1357
2006-12-26,0.1357
2006-12-25,0.1357
2006-12-22,0.1357
2006-12-21,0.1266
2006-12-20,0.1266
2006-12-19,0.1266
2006-12-18,0.1266
2006-12-15,0.1266
2006-12-14,0.1266
2006-12-13,0.1266
2006-12-12,0.1266
2006-12-11,0.1266
2006-12-08,0.1176
2006-12-07,0.1176
2006-12-06,0.1266
2006-12-05,0.1266
2006-12-04,0.1266
2006-12-01,0.1176
2006-11-30,0.1266
2006-11-29,0.1266
2006-11-28,0.1176
2006-11-27,0.1266
2006-11-24,0.1266
2006-11-23,0.1266
2006-11-22,0.1266
2006-11-21,0.1176
2006-11-20,0.1266
2006-11-17,0.1266
2006-11-16,0.1266
2006-11-15,0.1266
2006-11-14,0.1266
2006-11-13,0.1266
2006-11-10,0.1176
2006-11-09,0.1266
2006-11-08,0.1176
2006-11-07,0.1266
2006-11-06,0.1266
2006-11-03,0.1266
2006-11-02,0.1266
2006-11-01,0.1266
2006-10-31,0.1357
2006-10-30,0.1266
2006-10-27,0.1266
2006-10-26,0.1357
2006-10-25,0.1266
2006-10-24,0.1266
2006-10-23,0.1266
2006-10-20,0.1266
2006-10-19,0.1357
2006-10-18,0.1266
2006-10-17,0.1357
2006-10-16,0.1357
2006-10-13,0.1266
2006-10-12,0.1266
2006-10-11,0.1266
2006-10-10,0.1266
2006-10-09,0.1266
2006-10-06,0.1266
2006-10-05,0.1266
2006-10-04,0.1357
2006-10-03,0.1357
2006-10-02,0.1357
2006-09-29,0.1357
2006-09-28,0.1357
2006-09-27,0.1357
2006-09-26,0.1357
2006-09-25,0.1266
2006-09-22,0.1357
2006-09-21,0.1357
2006-09-20,0.1357
2006-09-19,0.1357
2006-09-18,0.1266
2006-09-15,0.1266
2006-09-14,0.1357
2006-09-13,0.1266
2006-09-12,0.1266
2006-09-11,0.1266
2006-09-08,0.1266
2006-09-07,0.1266
2006-09-06,0.1266
2006-09-05,0.1266
2006-09-04,0.1266
2006-09-01,0.1266
2006-08-31,0.1357
2006-08-30,0.1266
2006-08-29,0.1266
2006-08-28,0.1266
2006-08-25,0.1266
2006-08-24,0.1266
2006-08-23,0.1357
2006-08-22,0.1266
2006-08-21,0.1357
2006-08-18,0.1266
2006-08-17,0.1266
2006-08-16,0.1266
2006-08-15,0.1266
2006-08-14,0.1266
2006-08-11,0.1176
2006-08-10,0.1266
2006-08-09,0.1176
2006-08-08,0.1266
2006-08-07,0.1266
2006-08-04,0.1266
2006-08-03,0.1266
2006-08-02,0.1266
2006-08-01,0.1266
2006-07-31,0.1357
2006-07-28,0.1266
2006-07-27,0.1357
2006-07-26,0.1357
2006-07-25,0.1357
2006-07-24,0.1357
2006-07-21,0.1266
2006-07-20,0.1357
2006-07-19,0.1266
2006-07-18,0.1357
2006-07-17,0.1357
2006-07-14,0.1357
2006-07-13,0.1357
2006-07-12,0.1266
2006-07-11,0.1266
2006-07-10,0.1266
2006-07-07,0.1266
2006-07-06,0.1266
2006-07-05,0.1357
2006-07-04,0.1357
2006-07-03,0.1357
2006-06-30,0.1357
2006-06-29,0.1357
2006-06-28,0.1357
2006-06-27,0.1266
2006-06-26,0.1357
2006-06-23,0.1357
2006-06-22,0.1357
2006-06-21,0.1266
2006-06-20,0.1266
2006-06-19,0.1266
2006-06-16,0.1266
2006-06-15,0.1266
2006-06-14,0.1266
2006-06-13,0.1266
2006-06-12,0.1266
2006-06-09,0.1266
2006-06-08,0.1357
2006-06-07,0.1357
2006-06-06,0.1266
2006-06-05,0.1266
2006-06-02,0.1357
2006-06-01,0.1266
2006-05-31,0.1357
2006-05-30,0.1266
2006-05-29,0.1357
2006-05-26,0.1266
2006-05-25,0.1266
2006-05-24,0.1266
2006-05-23,0.1266
2006-05-22,0.1266
2006-05-19,0.1266
2006-05-18,0.1266
2006-05-17,0.1266
2006-05-16,0.1357
2006-05-15,0.1357
2006-05-12,0.1357
2006-05-11,0.1357
2006-05-10,0.1357
2006-05-09,0.1357
2006-05-08,0.1357
2006-05-05,0.1357
2006-05-04,0.1357
2006-05-03,0.1357
2006-05-02,0.1447
2006-05-01,9.5
2006-04-28,0.1447
2006-04-27,0.1447
2006-04-26,0.1357
2006-04-25,0.1447
2006-04-24,0.1447
2006-04-21,0.1357
2006-04-20,0.1809
2006-04-19,0.1809
2006-04-18,0.1809
2006-04-17,0.1809
2006-04-14,0.1809
2006-04-13,0.1809
2006-04-12,0.1809
2006-04-11,0.1809
2006-04-10,0.1809
2006-04-07,0.1809
2006-04-06,0.1809
2006-04-05,0.1719
2006-04-04,0.1809
2006-04-03,0.1809
2006-03-31,0.1809
2006-03-30,0.1809
2006-03-29,0.0362
2006-03-28,0.0362
2006-03-27,0.1809
2006-03-24,0.038
2006-03-23,0.038
2006-03-22,0.0362
2006-03-21,0.0362
2006-03-20,0.038
2006-03-17,0.038
2006-03-16,0.0398
2006-03-15,0.0362
2006-03-14,0.0398
2006-03-13,0.0398
2006-03-10,0.0434
2006-03-09,0.0453
2006-03-08,0.0453
2006-03-07,0.0453
2006-03-06,0.0416
2006-03-03,0.0434
2006-03-02,0.038
2006-03-01,0.038
2006-02-28,0.038
2006-02-27,0.0362
2006-02-24,0.038
2006-02-23,0.038
2006-02-22,0.038
2006-02-21,0.038
2006-02-20,0.0362
2006-02-17,0.0362
2006-02-16,0.0362
2006-02-15,0.0362
2006-02-14,0.0362
2006-02-13,0.0362
2006-02-10,0.0362
2006-02-09,0.0362
2006-02-08,0.0362
2006-02-07,0.0362
2006-02-06,0.0362
2006-02-03,0.0344
2006-02-02,0.0344
2006-02-01,0.0362
2006-01-31,0.0362
2006-01-30,0.0344
2006-01-27,0.0362
2006-01-26,0.0362
2006-01-25,0.0344
2006-01-24,0.0362
2006-01-23,0.0344
2006-01-20,0.0362
2006-01-19,0.0362
2006-01-18,0.0362
2006-01-17,0.0362
2006-01-16,0.038
2006-01-13,0.0362
2006-01-12,0.0362
2006-01-11,0.0362
2006-01-10,0.038
2006-01-09,0.0362
2006-01-06,0.038
2006-01-05,0.0362
2006-01-04,0.038
2006-01-03,0.038
2006-01-02,0.0398
2005-12-30,0.0398
2005-12-29,0.038
2005-12-28,0.038
2005-12-27,0.038
2005-12-26,0.0362
2005-12-23,0.0362
2005-12-22,0.038
2005-12-21,0.038
2005-12-20,0.038
2005-12-19,0.0398
2005-12-16,0.0398
2005-12-15,0.0398
2005-12-14,0.0398
2005-12-13,0.0416
2005-12-12,0.0398
2005-12-09,0.0398
2005-12-08,0.0398
2005-12-07,0.0416
2005-12-06,0.0416
2005-12-05,0.0416
2005-12-02,0.0398
2005-12-01,0.0416
2005-11-30,0.0398
2005-11-29,0.0398
2005-11-28,0.0416
2005-11-25,0.0416
2005-11-24,0.0398
2005-11-23,0.0398
2005-11-22,0.0416
2005-11-21,0.0398
2005-11-18,0.0398
2005-11-17,0.0416
2005-11-16,0.0416
2005-11-15,0.0434
2005-11-14,0.0434
2005-11-11,0.0434
2005-11-10,0.0434
2005-11-09,0.0416
2005-11-08,0.038
2005-11-07,0.0398
2005-11-04,0.0416
2005-11-03,0.0398
2005-11-02,0.0398
2005-11-01,0.0398
2005-10-31,0.0398
2005-10-28,0.0398
2005-10-27,0.0416
2005-10-26,0.0416
2005-10-25,0.0362
2005-10-24,0.038
2005-10-21,0.0416
2005-10-20,0.0471
2005-10-19,0.0471
2005-10-18,0.0471
2005-10-17,0.0471
2005-10-14,0.0489
2005-10-13,0.0507
2005-10-12,0.0507
2005-10-11,0.0507
2005-10-10,0.0525
2005-10-07,0.0507
2005-10-06,0.0507
2005-10-05,0.0507
2005-10-04,0.0507
2005-10-03,0.0543
2005-09-30,0.0561
2005-09-29,0.0561
2005-09-28,0.0525
2005-09-27,0.0543
2005-09-26,0.0525
2005-09-23,0.0525
2005-09-22,0.0525
2005-09-21,0.0525
2005-09-20,0.0543
2005-09-19,0.0543
2005-09-16,0.0543
2005-09-15,0.0543
2005-09-14,0.0561
2005-09-13,0.0561
2005-09-12,0.0561
2005-09-09,0.0561
2005-09-08,0.0579
2005-09-07,0.0543
2005-09-06,0.0561
2005-09-05,0.0561
2005-09-02,0.0561
2005-09-01,0.0543
2005-08-31,0.0579
2005-08-30,0.0561
2005-08-29,0.0561
2005-08-26,0.0597
2005-08-25,0.0579
2005-08-24,0.0579
2005-08-23,0.0579
2005-08-22,0.0579
2005-08-19,0.0579
2005-08-18,0.0579
2005-08-17,0.0561
2005-08-16,0.0561
2005-08-15,0.0561
2005-08-12,0.0579
2005-08-11,0.0543
2005-08-10,0.0561
2005-08-09,0.0579
2005-08-08,0.0579
2005-08-05,0.0579
2005-08-04,0.0579
2005-08-03,0.0579
2005-08-02,0.0561
2005-08-01,0.0579
2005-07-29,0.0579
2005-07-28,0.0579
2005-07-27,0.0561
2005-07-26,0.0579
2005-07-25,0.0579
2005-07-22,0.0561
2005-07-21,0.0561
2005-07-20,0.0561
2005-07-19,0.0579
2005-07-18,0.0597
2005-07-15,0.0561
2005-07-14,0.0561
2005-07-13,0.0561
2005-07-12,0.0561
2005-07-11,0.0561
2005-07-08,0.0561
2005-07-07,0.0561
2005-07-06,0.0561
2005-07-05,0.0561
2005-07-04,0.0597
2005-07-01,0.0579
2005-06-30,0.0615
2005-06-29,0.0561
2005-06-28,0.0561
2005-06-27,0.0579
2005-06-24,0.0543
2005-06-23,0.0543
2005-06-22,0.0525
2005-06-21,0.0525
2005-06-20,0.0525
2005-06-17,0.0561
2005-06-16,0.0561
2005-06-15,0.0561
2005-06-14,0.0561
2005-06-13,0.0561
2005-06-10,0.0561
2005-06-09,0.0561
2005-06-08,0.0561
2005-06-07,0.0579
2005-06-06,0.0597
2005-06-03,0.0615
2005-06-02,0.0615
2005-06-01,0.0633
2005-05-31,0.0633
2005-05-30,0.067
2005-05-27,0.067
2005-05-26,0.0651
2005-05-25,0.0651
2005-05-24,0.0651
2005-05-23,0.0651
2005-05-20,0.0651
2005-05-19,0.0688
2005-05-18,0.0688
2005-05-17,0.0688
2005-05-16,0.0688
2005-05-13,0.0688
2005-05-12,0.0706
2005-05-11,0.0706
2005-05-10,0.0706
2005-05-09,0.0724
2005-05-06,0.076
2005-05-05,0.076
2005-05-04,0.0724
2005-05-03,0.0724
2005-05-02,0.0688
2005-04-29,0.0688
2005-04-28,0.0633
2005-04-27,0.0615
2005-04-26,0.0633
2005-04-25,0.0615
2005-04-22,0.0615
2005-04-21,0.067
2005-04-20,0.0688
2005-04-19,0.0688
2005-04-18,0.0724
2005-04-15,0.0706
2005-04-14,0.0724
2005-04-13,0.0724
2005-04-12,0.0724
2005-04-11,0.076
2005-04-08,0.0742
2005-04-07,0.0742
2005-04-06,0.0742
2005-04-05,0.0742
2005-04-04,0.0742
2005-04-01,0.0742
2005-03-31,0.0742
2005-03-30,0.0724
2005-03-29,0.0778
2005-03-28,0.0778
2005-03-25,0.0778
2005-03-24,0.0778
2005-03-23,0.0778
2005-03-22,0.0796
2005-03-21,0.0796
2005-03-18,0.0814
2005-03-17,0.0814
2005-03-16,0.0832
2005-03-15,0.0814
2005-03-14,0.0814
2005-03-11,0.0832
2005-03-10,0.0832
2005-03-09,0.085
2005-03-08,0.085
2005-03-07,0.085
2005-03-04,0.0832
2005-03-03,0.0887
2005-03-02,0.0941
2005-03-01,0.0977
2005-02-28,0.0977
2005-02-25,0.0959
2005-02-24,0.0977
2005-02-23,0.0977
2005-02-22,0.0995
2005-02-21,0.1013
2005-02-18,0.1013
2005-02-17,0.0995
2005-02-16,0.1013
2005-02-15,0.0995
2005-02-14,0.1031
2005-02-11,0.1031
2005-02-10,0.1049
2005-02-09,0.1049
2005-02-08,0.1049
2005-02-07,0.1049
2005-02-04,0.1068
2005-02-03,0.1068
2005-02-02,0.1086
2005-02-01,0.1068
2005-01-31,0.1086
2005-01-28,0.1086
2005-01-27,0.1086
2005-01-26,0.1086
2005-01-25,0.1086
2005-01-24,0.1086
2005-01-21,0.1104
2005-01-20,0.1104
2005-01-19,0.1104
2005-01-18,0.1104
2005-01-17,0.1122
2005-01-14,0.114
2005-01-13,0.1176
2005-01-12,0.1212
2005-01-11,0.1248
2005-01-10,0.1086
2005-01-07,0.114
2005-01-06,0.1122
2005-01-05,0.1104
2005-01-04,0.1122
2005-01-03,0.1104
2004-12-31,0.1086
2004-12-30,0.1086
2004-12-29,0.1086
2004-12-28,0.1086
2004-12-27,0.1049
2004-12-24,0.1049
2004-12-23,0.1049
2004-12-22,0.1049
2004-12-21,0.1086
2004-12-20,0.1068
2004-12-17,0.1068
2004-12-16,0.1086
2004-12-15,0.1086
2004-12-14,0.1104
2004-12-13,0.1104
2004-12-10,0.114
2004-12-09,0.1122
2004-12-08,0.114
2004-12-07,0.1122
2004-12-06,0.1122
2004-12-03,0.114
2004-12-02,0.114
2004-12-01,0.114
2004-11-30,0.114
2004-11-29,0.114
2004-11-26,0.114
2004-11-25,0.114
2004-11-24,0.114
2004-11-23,0.114
2004-11-22,0.114
2004-11-19,0.1158
2004-11-18,0.114
2004-11-17,0.114
2004-11-16,0.1158
2004-11-15,0.1158
2004-11-12,0.1158
2004-11-11,0.1212
2004-11-10,0.123
2004-11-09,0.1194
2004-11-08,0.1194
2004-11-05,0.1212
2004-11-04,0.1194
2004-11-03,0.123
2004-11-02,0.1212
2004-11-01,0.1194
2004-10-29,0.1194
2004-10-28,0.1194
2004-10-27,0.123
2004-10-26,0.1212
2004-10-25,0.1267
2004-10-22,0.1267
2004-10-21,0.123
2004-10-20,0.1194
2004-10-19,0.1194
2004-10-18,0.1194
2004-10-15,0.1194
2004-10-14,0.1194
2004-10-13,0.1194
2004-10-12,0.1194
2004-10-11,0.1194
2004-10-08,0.1194
2004-10-07,0.1212
2004-10-06,0.1194
2004-10-05,0.1194
2004-10-04,0.1212
2004-10-01,0.1212
2004-09-30,0.1212
2004-09-29,0.1285
2004-09-28,0.1212
2004-09-27,0.1212
2004-09-24,0.1212
2004-09-23,0.1285
2004-09-22,0.1248
2004-09-21,0.1248
2004-09-20,0.1248
2004-09-17,0.1285
2004-09-16,0.1285
2004-09-15,0.1248
2004-09-14,0.1248
2004-09-13,0.123
2004-09-10,0.1212
2004-09-09,0.123
2004-09-08,0.1267
2004-09-07,0.1212
2004-09-06,0.1194
2004-09-03,0.1176
2004-09-02,0.1158
2004-09-01,0.1158
2004-08-31,0.1158
2004-08-30,0.114
2004-08-27,0.1158
2004-08-26,0.1158
2004-08-25,0.1158
2004-08-24,0.1176
2004-08-23,0.1176
2004-08-20,0.114
2004-08-19,0.114
2004-08-18,0.114
2004-08-17,0.114
2004-08-16,0.1158
2004-08-13,0.114
2004-08-12,0.1158
2004-08-11,0.1158
2004-08-10,0.1176
2004-08-09,0.1212
2004-08-06,0.1212
2004-08-05,0.1212
2004-08-04,0.1212
2004-08-03,0.1212
2004-08-02,0.123
2004-07-30,0.1212
2004-07-29,0.1212
2004-07-28,0.1212
2004-07-27,0.1212
2004-07-26,0.1212
2004-07-23,0.1248
2004-07-22,0.1212
2004-07-21,0.1212
2004-07-20,0.1248
2004-07-19,0.1248
2004-07-16,0.1248
2004-07-15,0.1248
2004-07-14,0.123
2004-07-13,0.1248
2004-07-12,0.1267
2004-07-09,0.1212
2004-07-08,0.1248
2004-07-07,0.1267
2004-07-06,0.1248
2004-07-05,0.1285
2004-07-02,0.1303
2004-07-01,0.1321
2004-06-30,0.1267
2004-06-29,0.1267
2004-06-28,0.1248
2004-06-25,0.1248
2004-06-24,0.1285
2004-06-23,0.1267
2004-06-22,0.1267
2004-06-21,0.1267
2004-06-18,0.1267
2004-06-17,0.1267
2004-06-16,0.1267
2004-06-15,0.1267
2004-06-14,0.1285
2004-06-11,0.1321
2004-06-10,0.1321
2004-06-09,0.1339
2004-06-08,0.1321
2004-06-07,0.1321
2004-06-04,0.1321
2004-06-03,0.1357
2004-06-02,0.1339
2004-06-01,0.1285
2004-05-31,0.1321
2004-05-28,0.1321
2004-05-27,0.1339
2004-05-26,0.1357
2004-05-25,0.1339
2004-05-24,0.1339
2004-05-21,0.1339
2004-05-20,0.1357
2004-05-19,0.1393
2004-05-18,0.1357
2004-05-17,0.1375
2004-05-14,0.1502
2004-05-13,0.1466
2004-05-12,0.1447
2004-05-11,0.1447
2004-05-10,0.1466
2004-05-07,0.1466
2004-05-06,0.1447
2004-05-05,0.1502
2004-05-04,0.1538
2004-05-03,0.1502
2004-04-30,0.1538
2004-04-29,0.1646
2004-04-28,0.1628
2004-04-27,0.1592
2004-04-26,0.1701
2004-04-23,0.1683
2004-04-22,0.1773
2004-04-21,0.1809
2004-04-20,0.1791
2004-04-19,0.1574
2004-04-16,0.1466
2004-04-15,0.1393
2004-04-14,0.1411
2004-04-13,0.1447
2004-04-12,0.1429
2004-04-09,0.1429
2004-04-08,0.1429
2004-04-07,0.1429
2004-04-06,0.1429
2004-04-05,0.1447
2004-04-02,0.1393
2004-04-01,0.1393
2004-03-31,0.1393
2004-03-30,0.1429
2004-03-29,0.1393
2004-03-26,0.1393
2004-03-25,0.1411
2004-03-24,0.1411
2004-03-23,0.1393
2004-03-22,0.1447
2004-03-19,0.1429
2004-03-18,0.1393
2004-03-17,0.1411
2004-03-16,0.1447
2004-03-15,0.1411
2004-03-12,0.1411
2004-03-11,0.1393
2004-03-10,0.1447
2004-03-09,0.1466
2004-03-08,0.1447
2004-03-05,0.1447
2004-03-04,0.1447
2004-03-03,0.1484
2004-03-02,0.1484
2004-03-01,0.1466
2004-02-27,0.1466
2004-02-26,0.1393
2004-02-25,0.1393
2004-02-24,0.1393
2004-02-23,0.1484
2004-02-20,0.1502
2004-02-19,0.1502
2004-02-18,0.1339
2004-02-17,0.1321
2004-02-16,0.1285
2004-02-13,0.1285
2004-02-12,0.1303
2004-02-11,0.1321
2004-02-10,0.1321
2004-02-09,0.1321
2004-02-06,0.1303
2004-02-05,0.1303
2004-02-04,0.1321
2004-02-03,0.1339
2004-02-02,0.1393
2004-01-30,0.1357
2004-01-29,0.1339
2004-01-28,0.1321
2004-01-27,0.1321
2004-01-26,0.1357
2004-01-23,0.1321
2004-01-22,0.1357
2004-01-21,0.1321
2004-01-20,0.1357
2004-01-19,0.1303
2004-01-16,0.1303
2004-01-15,0.1303
2004-01-14,0.1303
2004-01-13,0.1303
2004-01-12,0.1303
2004-01-09,0.1357
2004-01-08,0.1321
2004-01-07,0.1321
2004-01-06,0.1321
2004-01-05,0.1321
2004-01-02,0.1321
2004-01-01,0.1375
2003-12-31,0.1375
2003-12-30,0.1375
2003-12-29,0.1375
2003-12-26,0.1357
2003-12-25,0.1357
2003-12-24,0.1357
2003-12-23,0.1339
2003-12-22,0.1303
2003-12-19,0.1303
2003-12-18,0.1303
2003-12-17,0.1339
2003-12-16,0.1321
2003-12-15,0.1339
2003-12-12,0.1303
2003-12-11,0.1321
2003-12-10,0.1303
2003-12-09,0.1285
2003-12-08,0.1285
2003-12-05,0.1357
2003-12-04,0.1357
2003-12-03,0.1267
2003-12-02,0.1248
2003-12-01,0.1267
2003-11-28,0.1285
2003-11-27,0.1285
2003-11-26,0.1285
2003-11-25,0.1285
2003-11-24,0.1303
2003-11-21,0.1303
2003-11-20,0.1375
2003-11-19,0.1303
2003-11-18,0.1303
2003-11-17,0.1303
2003-11-14,0.1303
2003-11-13,0.1321
2003-11-12,0.1303
2003-11-11,0.1267
2003-11-10,0.1321
2003-11-07,0.1321
2003-11-06,0.1303
2003-11-05,0.1303
2003-11-04,0.1303
2003-11-03,0.1303
2003-10-31,0.1321
2003-10-30,0.1339
2003-10-29,0.1357
2003-10-28,0.1357
2003-10-27,0.1321
2003-10-24,0.1303
2003-10-23,0.1303
2003-10-22,0.1303
2003-10-21,0.1321
2003-10-20,0.1321
2003-10-17,0.1285
2003-10-16,0.1303
2003-10-15,0.1339
2003-10-14,0.1339
2003-10-13,0.1339
2003-10-10,0.1321
2003-10-09,0.1339
2003-10-08,0.1321
2003-10-07,0.1321
2003-10-06,0.1321
2003-10-03,0.1303
2003-10-02,0.1321
2003-10-01,0.1303
2003-09-30,0.1285
2003-09-29,0.1285
2003-09-26,0.1321
2003-09-25,0.1321
2003-09-24,0.1303
2003-09-23,0.1321
2003-09-22,0.1321
2003-09-19,0.1303
2003-09-18,0.1303
2003-09-17,0.1303
2003-09-16,0.1357
2003-09-15,0.1321
2003-09-12,0.1339
2003-09-11,0.1321
2003-09-10,0.1357
2003-09-09,0.1321
2003-09-08,0.1321
2003-09-05,0.1339
2003-09-04,0.1339
2003-09-03,0.1375
2003-09-02,0.1375
2003-09-01,0.1339
2003-08-29,0.1321
2003-08-28,0.1321
2003-08-27,0.1321
2003-08-26,0.1321
2003-08-25,0.1321
2003-08-22,0.1321
2003-08-21,0.1321
2003-08-20,0.1321
2003-08-19,0.1321
2003-08-18,0.1321
2003-08-15,0.1321
2003-08-14,0.1321
2003-08-13,0.1321
2003-08-12,0.1321
2003-08-11,0.1321
2003-08-08,0.1321
2003-08-07,0.1321
2003-08-06,0.1321
2003-08-05,0.1375
2003-08-04,0.1321
2003-08-01,0.1321
2003-07-31,0.1393
2003-07-30,0.1339
2003-07-29,0.1339
2003-07-28,0.1339
2003-07-25,0.1339
2003-07-24,0.1339
2003-07-23,0.1339
2003-07-22,0.1375
2003-07-21,0.1339
2003-07-18,0.1339
2003-07-17,0.1357
2003-07-16,0.1339
2003-07-15,0.1357
2003-07-14,0.1357
2003-07-11,0.1357
2003-07-10,0.1339
2003-07-09,0.1447
2003-07-08,0.1339
2003-07-07,0.1393
2003-07-04,0.1339
2003-07-03,0.1393
2003-07-02,0.1339
2003-07-01,0.1339
2003-06-30,0.1375
2003-06-27,0.1357
2003-06-26,0.1357
2003-06-25,0.1357
2003-06-24,0.1357
2003-06-23,0.1375
2003-06-20,0.1357
2003-06-19,0.1375
2003-06-18,0.1429
2003-06-17,0.1447
2003-06-16,0.1375
2003-06-13,0.1375
2003-06-12,0.1357
2003-06-11,0.1339
2003-06-10,0.1357
2003-06-09,0.1375
2003-06-06,0.1375
2003-06-05,0.1339
2003-06-04,0.1339
2003-06-03,0.1357
2003-06-02,0.1357
2003-05-30,0.1357
2003-05-29,0.1375
2003-05-28,0.1357
2003-05-27,0.1357
2003-05-26,0.1375
2003-05-23,0.1357
2003-05-22,0.1339
2003-05-21,0.1375
2003-05-20,0.1357
2003-05-19,0.1321
2003-05-16,0.1339
2003-05-15,0.1321
2003-05-14,0.1321
2003-05-13,0.1321
2003-05-12,0.1339
2003-05-09,0.1375
2003-05-08,0.1339
2003-05-07,0.1375
2003-05-06,0.1357
2003-05-05,0.1357
2003-05-02,0.1357
2003-05-01,0.1357
2003-04-30,0.1357
2003-04-29,0.1357
2003-04-28,0.1357
2003-04-25,0.1357
2003-04-24,0.1357
2003-04-23,0.1357
2003-04-22,0.1375
2003-04-21,0.1339
2003-04-18,0.1339
2003-04-17,0.1339
2003-04-16,0.1357
2003-04-15,0.1357
2003-04-14,0.1303
2003-04-11,0.1321
2003-04-10,0.1321
2003-04-09,0.1321
2003-04-08,0.1303
2003-04-07,0.1285
2003-04-04,0.1285
2003-04-03,0.1285
2003-04-02,0.1267
2003-04-01,0.1267
2003-03-31,0.1285
2003-03-28,0.1267
2003-03-27,0.1267
2003-03-26,0.1285
2003-03-25,0.1267
2003-03-24,0.1357
2003-03-21,0.1303
2003-03-20,0.1357
2003-03-19,0.1321
2003-03-18,0.1267
2003-03-17,0.1267
2003-03-14,0.1267
2003-03-13,0.1267
2003-03-12,0.1285
2003-03-11,0.1267
2003-03-10,0.1285
2003-03-07,0.1267
2003-03-06,0.1285
2003-03-05,0.1285
2003-03-04,0.1285
2003-03-03,0.1321
2003-02-28,0.1267
2003-02-27,0.1339
2003-02-26,0.1267
2003-02-25,0.1267
2003-02-24,0.1285
2003-02-21,0.1357
2003-02-20,0.1339
2003-02-19,0.1267
2003-02-18,0.1285
2003-02-17,0.1285
2003-02-14,0.1267
2003-02-13,0.1303
2003-02-12,0.1303
2003-02-11,0.1285
2003-02-10,0.1321
2003-02-07,0.1357
2003-02-06,0.1285
2003-02-05,0.1321
2003-02-04,0.1357
2003-02-03,0.1447
2003-01-31,0.1375
2003-01-30,0.1447
2003-01-29,0.1321
2003-01-28,0.1411
2003-01-27,0.1411
2003-01-24,0.1429
2003-01-23,0.1484
2003-01-22,0.1429
2003-01-21,0.1411
2003-01-20,0.1447
2003-01-17,0.1411
2003-01-16,0.1411
2003-01-15,0.1411
2003-01-14,0.1484
2003-01-13,0.1484
2003-01-10,0.1484
2003-01-09,0.1484
2003-01-08,0.1466
2003-01-07,0.1556
2003-01-06,0.1556
2003-01-03,0.1556
2003-01-02,0.1556
2003-01-01,0.1592
2002-12-31,0.1592
2002-12-30,0.1592
2002-12-27,0.1646
2002-12-26,0.1574
2002-12-25,0.1574
2002-12-24,0.1574
2002-12-23,0.1574
2002-12-20,0.1592
2002-12-19,0.1502
2002-12-18,0.1502
2002-12-17,0.1357
2002-12-16,0.1357
2002-12-13,0.1357
2002-12-12,0.1357
2002-12-11,0.1357
2002-12-10,0.1357
2002-12-09,0.1357
2002-12-06,0.1357
2002-12-05,0.1411
2002-12-04,0.1393
2002-12-03,0.1357
2002-12-02,0.1339
2002-11-29,0.1339
2002-11-28,0.1411
2002-11-27,0.1411
2002-11-26,0.1393
2002-11-25,0.1357
2002-11-22,0.1357
2002-11-21,0.1357
2002-11-20,0.1357
2002-11-19,0.1357
2002-11-18,0.1321
2002-11-15,0.1321
2002-11-14,0.1321
2002-11-13,0.1321
2002-11-12,0.1303
2002-11-11,0.1303
2002-11-08,0.1303
2002-11-07,0.1303
2002-11-06,0.1339
2002-11-05,0.1303
2002-11-04,0.1303
2002-11-01,0.1303
2002-10-31,0.1303
2002-10-30,0.1285
2002-10-29,0.1267
2002-10-28,0.1267
2002-10-25,0.1393
2002-10-24,0.1267
2002-10-23,0.1267
2002-10-22,0.1267
2002-10-21,0.1267
2002-10-18,0.1267
2002-10-17,0.1303
2002-10-16,0.1303
2002-10-15,0.1303
2002-10-14,0.1303
2002-10-11,0.1303
2002-10-10,0.1303
2002-10-09,0.1339
2002-10-08,0.1285
2002-10-07,0.1285
2002-10-04,0.1303
2002-10-03,0.1303
2002-10-02,0.1303
2002-10-01,0.1303
2002-09-30,0.1303
2002-09-27,0.1375
2002-09-26,0.1303
2002-09-25,0.1303
2002-09-24,0.1339
2002-09-23,0.1339
2002-09-20,0.1411
2002-09-19,0.1303
2002-09-18,0.1339
2002-09-17,0.1357
2002-09-16,0.1303
2002-09-13,0.1357
2002-09-12,0.1357
2002-09-11,0.1357
2002-09-10,0.1357
2002-09-09,0.1357
2002-09-06,0.1357
2002-09-05,0.1357
2002-09-04,0.1357
2002-09-03,0.1285
2002-09-02,0.1285
2002-08-30,0.1321
2002-08-29,0.1429
2002-08-28,0.1357
2002-08-27,0.1285
2002-08-26,0.1447
2002-08-23,0.1357
2002-08-22,0.1357
2002-08-21,0.1357
2002-08-20,0.1357
2002-08-19,0.1357
2002-08-16,0.1357
2002-08-15,0.1357
2002-08-14,0.1357
2002-08-13,0.1357
2002-08-12,0.1357
2002-08-09,0.1357
2002-08-08,0.1357
2002-08-07,0.1357
2002-08-06,0.1357
2002-08-05,0.1357
2002-08-02,0.1357
2002-08-01,0.1357
2002-07-31,0.1357
2002-07-30,0.1357
2002-07-29,0.1357
2002-07-26,0.1357
2002-07-25,0.1357
2002-07-24,0.1357
2002-07-23,0.1375
2002-07-22,0.1375
2002-07-19,0.1393
2002-07-18,0.1393
2002-07-17,0.1393
2002-07-16,0.1447
2002-07-15,0.1466
2002-07-12,0.1357
2002-07-11,0.1357
2002-07-10,0.1375
2002-07-09,0.1375
2002-07-08,0.1393
2002-07-05,0.1447
2002-07-04,0.1375
2002-07-03,0.1429
2002-07-02,0.1429
2002-07-01,0.1357
2002-06-28,0.1357
2002-06-27,0.1375
2002-06-26,0.1357
2002-06-25,0.1393
2002-06-24,0.1375
2002-06-21,0.1411
2002-06-20,0.1375
2002-06-19,0.1411
2002-06-18,0.1411
2002-06-17,0.1411
2002-06-14,0.1411
2002-06-13,0.1411
2002-06-12,0.1411
2002-06-11,0.1411
2002-06-10,0.1411
2002-06-07,0.1411
2002-06-06,0.1447
2002-06-05,0.1411
2002-06-04,0.1411
2002-06-03,0.1411
2002-05-31,0.1429
2002-05-30,0.1411
2002-05-29,0.1411
2002-05-28,0.1411
2002-05-27,0.1411
2002-05-24,0.1411
2002-05-23,0.1447
2002-05-22,0.1429
2002-05-21,0.1411
2002-05-20,0.1466
2002-05-17,0.1447
2002-05-16,0.1411
2002-05-15,0.1411
2002-05-14,0.1411
2002-05-13,0.1411
2002-05-10,0.1429
2002-05-09,0.1411
2002-05-08,0.1429
2002-05-07,0.1411
2002-05-06,0.1411
2002-05-03,0.1411
2002-05-02,0.1411
2002-05-01,0.1411
2002-04-30,0.1411
2002-04-29,0.1411
2002-04-26,0.1411
2002-04-25,0.1411
2002-04-24,0.1411
2002-04-23,0.1411
2002-04-22,0.1393
2002-04-19,0.1393
2002-04-18,0.1411
2002-04-17,0.1393
2002-04-16,0.1411
2002-04-15,0.1411
2002-04-12,0.1429
2002-04-11,0.1411
2002-04-10,0.1466
2002-04-09,0.1411
2002-04-08,0.1447
2002-04-05,0.1429
2002-04-04,0.1393
2002-04-03,0.1393
2002-04-02,0.1375
2002-04-01,0.1429
2002-03-29,0.1429
2002-03-28,0.1429
2002-03-27,0.1429
2002-03-26,0.1393
2002-03-25,0.1393
2002-03-22,0.1411
2002-03-21,0.1429
2002-03-20,0.1393
2002-03-19,0.1393
2002-03-18,0.1393
2002-03-15,0.1375
2002-03-14,0.1375
2002-03-13,0.1393
2002-03-12,0.1393
2002-03-11,0.1447
2002-03-08,0.1429
2002-03-07,0.1447
2002-03-06,0.1447
2002-03-05,0.1484
2002-03-04,0.1466
2002-03-01,0.1466
2002-02-28,0.1447
2002-02-27,0.1484
2002-02-26,0.1484
2002-02-25,0.1484
2002-02-22,0.1466
2002-02-21,0.1466
2002-02-20,0.1502
2002-02-19,0.1502
2002-02-18,0.1466
2002-02-15,0.1502
2002-02-14,0.152
2002-02-13,0.152
2002-02-12,0.152
2002-02-11,0.152
2002-02-08,0.1502
2002-02-07,0.1466
2002-02-06,0.1502
2002-02-05,0.1466
2002-02-04,0.1484
2002-02-01,0.1484
2002-01-31,0.1502
2002-01-30,0.1502
2002-01-29,0.1502
2002-01-28,0.1502
2002-01-25,0.152
2002-01-24,0.1502
2002-01-23,0.152
2002-01-22,0.1502
2002-01-21,0.1502
2002-01-18,0.152
2002-01-17,0.152
2002-01-16,0.1502
2002-01-15,0.1502
2002-01-14,0.1502
2002-01-11,0.1538
2002-01-10,0.152
2002-01-09,0.152
2002-01-08,0.1538
2002-01-07,0.1538
2002-01-04,0.152
2002-01-03,0.1538
2002-01-02,0.1502
2002-01-01,0.1484
2001-12-31,0.1484
2001-12-28,0.1484
2001-12-27,0.152
2001-12-26,0.1502
2001-12-25,0.1502
2001-12-24,0.1502
2001-12-21,0.1502
2001-12-20,0.1466
2001-12-19,0.152
2001-12-18,0.1574
2001-12-17,0.1538
2001-12-14,0.152
2001-12-13,0.152
2001-12-12,0.1484
2001-12-11,0.1538
2001-12-10,0.1484
2001-12-07,0.1484
2001-12-06,0.1447
2001-12-05,0.1484
2001-12-04,0.1484
2001-12-03,0.1484
2001-11-30,0.1502
2001-11-29,0.1502
2001-11-28,0.152
2001-11-27,0.1574
2001-11-26,0.1502
2001-11-23,0.152
2001-11-22,0.1502
2001-11-21,0.1447
2001-11-20,0.1466
2001-11-19,0.1393
2001-11-16,0.1447
2001-11-15,0.1429
2001-11-14,0.1357
2001-11-13,0.1466
2001-11-12,0.1447
2001-11-09,0.1375
2001-11-08,0.1375
2001-11-07,0.1375
2001-11-06,0.1429
2001-11-05,0.1447
2001-11-02,0.1447
2001-11-01,0.1429
2001-10-31,0.1429
2001-10-30,0.1393
2001-10-29,0.1339
2001-10-26,0.1411
2001-10-25,0.1411
2001-10-24,0.1393
2001-10-23,0.1339
2001-10-22,0.1303
2001-10-19,0.1285
2001-10-18,0.1248
2001-10-17,0.1248
2001-10-16,0.1212
2001-10-15,0.1212
2001-10-12,0.1158
2001-10-11,0.1176
2001-10-10,0.1122
2001-10-09,0.1122
2001-10-08,0.1122
2001-10-05,0.1122
2001-10-04,0.1122
2001-10-03,0.1122
2001-10-02,0.1122
2001-10-01,0.114
2001-09-28,0.1122
2001-09-27,0.1122
2001-09-26,0.1158
2001-09-25,0.1158
2001-09-24,0.1122
2001-09-21,0.1176
2001-09-20,0.1194
2001-09-19,0.1194
2001-09-18,0.1194
2001-09-17,0.1176
2001-09-14,0.1194
2001-09-13,0.1194
2001-09-12,0.123
2001-09-11,0.123
2001-09-10,0.123
2001-09-07,0.1267
2001-09-06,0.1285
2001-09-05,0.1285
2001-09-04,0.1285
2001-09-03,0.1248
2001-08-31,0.1267
2001-08-30,0.1285
2001-08-29,0.1285
2001-08-28,0.1285
2001-08-27,0.1321
2001-08-24,0.1303
2001-08-23,0.1303
2001-08-22,0.1303
2001-08-21,0.1267
2001-08-20,0.1267
2001-08-17,0.1321
2001-08-16,0.1339
2001-08-15,0.1267
2001-08-14,0.1267
2001-08-13,0.1321
2001-08-10,0.1375
2001-08-09,0.1375
2001-08-08,0.1375
2001-08-07,0.1393
2001-08-06,0.1411
2001-08-03,0.1393
2001-08-02,0.1375
2001-08-01,0.1411
2001-07-31,0.1447
2001-07-30,0.1375
2001-07-27,0.1393
2001-07-26,0.1357
2001-07-25,0.1357
2001-07-24,0.1393
2001-07-23,0.1411
2001-07-20,0.1429
2001-07-19,0.1429
2001-07-18,0.1429
2001-07-17,0.1357
2001-07-16,0.1375
2001-07-13,0.1411
2001-07-12,0.1411
2001-07-11,0.1429
2001-07-10,0.1429
2001-07-09,0.1502
2001-07-06,0.152
2001-07-05,0.1538
2001-07-04,0.1447
2001-07-03,0.1447
2001-07-02,0.1411
2001-06-29,0.1429
2001-06-28,0.1429
2001-06-27,0.1574
2001-06-26,0.1574
2001-06-25,0.1574
2001-06-22,0.1592
2001-06-21,0.1447
2001-06-20,0.1429
2001-06-19,0.1628
2001-06-18,0.1665
2001-06-15,0.1719
2001-06-14,0.1538
2001-06-13,0.1538
2001-06-12,0.161
2001-06-11,0.1628
2001-06-08,0.1665
2001-06-07,0.1737
2001-06-06,0.2008
2001-06-05,0.2063
2001-06-04,0.2117
2001-06-01,0.2171
2001-05-31,0.2171
2001-05-30,0.2063
2001-05-29,0.2171
2001-05-28,0.8684
2001-05-25,0.8611
2001-05-24,0.8611
2001-05-23,0.8575
2001-05-22,0.8629
2001-05-21,0.8864
2001-05-18,0.9045
2001-05-17,0.8702
2001-05-16,0.8702
2001-05-15,0.9045
2001-05-14,0.8864
2001-05-11,0.9027
2001-05-10,0.9009
2001-05-09,0.9769
2001-05-08,0.9859
2001-05-07,0.9932
2001-05-04,0.9932
2001-05-03,0.9932
2001-05-02,0.9606
2001-05-01,1.0619
2001-04-30,1.0619
2001-04-27,1.0312
2001-04-26,1.0131
2001-04-25,1.0927
2001-04-24,1.0927
2001-04-23,1.0836
2001-04-20,1.0854
2001-04-19,1.1035
2001-04-18,1.0493
2001-04-17,1.0004
2001-04-16,1.0854
2001-04-13,1.0854
2001-04-12,1.0854
2001-04-11,1.1108
2001-04-10,1.0854
2001-04-09,1.0854
2001-04-06,1.0854
2001-04-05,1.1488
2001-04-04,1.1488
2001-04-03,1.071
2001-04-02,1.2482
2001-03-30,1.3351
2001-03-29,1.3297
2001-03-28,1.3297
2001-03-27,1.2718
2001-03-26,1.3369
2001-03-23,1.3459
2001-03-22,1.2302
2001-03-21,1.3206
2001-03-20,1.3676
2001-03-19,1.3007
2001-03-16,1.3731
2001-03-15,1.3731
2001-03-14,2.1875
2001-03-13,1.3568
2001-03-12,1.3713
2001-03-09,1.3821
2001-03-08,1.3912
2001-03-07,1.4074
2001-03-06,1.4074
2001-03-05,1.3912
2001-03-02,1.3912
2001-03-01,1.3206
2001-02-28,1.3984
2001-02-27,1.4074
2001-02-26,1.4074
2001-02-23,1.4074
2001-02-22,1.364
2001-02-21,1.3658
2001-02-20,1.4074
2001-02-19,1.4074
2001-02-16,1.3966
2001-02-15,1.4074
2001-02-14,1.4056
2001-02-13,1.3767
2001-02-12,1.3767
2001-02-09,1.3839
2001-02-08,1.4093
2001-02-07,1.4111
2001-02-06,1.4111
2001-02-05,1.4292
2001-02-02,1.44
2001-02-01,1.4292
2001-01-31,1.4436
2001-01-30,1.4436
2001-01-29,1.4093
2001-01-26,2.25
2001-01-25,1.4183
2001-01-24,2.25
2001-01-23,1.4273
2001-01-22,1.4382
2001-01-19,1.4472
2001-01-18,1.4472
2001-01-17,1.5359
2001-01-16,1.5196
2001-01-15,1.5648
2001-01-12,1.5721
2001-01-11,1.563
2001-01-10,1.5196
2001-01-09,1.5196
2001-01-08,1.5992
2001-01-05,1.5829
2001-01-04,1.5811
2001-01-03,1.592
2001-01-02,1.6101
2001-01-01,1.6263
2000-12-29,1.6263
2000-12-28,1.5522
2000-12-27,1.5522
2000-12-26,2.125
2000-12-22,1.5811
2000-12-21,1.5902
2000-12-20,1.5485
2000-12-19,1.5865
2000-12-18,1.6082
2000-12-15,1.6064
2000-12-14,1.6082
2000-12-13,1.5594
2000-12-12,1.6101
2000-12-11,1.6101
2000-12-08,1.6101
2000-12-07,1.6101
2000-12-06,1.6281
2000-12-05,1.6281
2000-12-04,1.5992
2000-12-01,1.601
2000-11-30,1.601
2000-11-29,1.6101
2000-11-28,1.6064
2000-11-27,1.6101
2000-11-24,1.6101
2000-11-23,1.5829
2000-11-22,1.6281
2000-11-21,1.6191
2000-11-20,1.5594
2000-11-17,1.6263
2000-11-16,1.6263
2000-11-15,1.6101
2000-11-14,1.6281
2000-11-13,1.7186
2000-11-10,1.809
2000-11-09,1.7403
2000-11-08,1.7783
2000-11-07,1.791
2000-11-06,1.8452
2000-11-03,1.8362
2000-11-02,1.8452
2000-11-01,1.8814
2000-10-31,1.8814
2000-10-30,1.8814
2000-10-27,1.8452
2000-10-26,1.8452
2000-10-25,1.8452
2000-10-24,1.8796
2000-10-23,1.8814
2000-10-20,1.8452
2000-10-19,1.8905
2000-10-18,1.809
2000-10-17,1.8452
2000-10-16,1.8452
2000-10-13,1.8452
2000-10-12,1.8271
2000-10-11,1.5938
2000-10-10,1.8217
2000-10-09,1.8488
2000-10-06,1.8452
2000-10-05,1.9266
2000-10-04,1.9266
2000-10-03,1.8579
2000-10-02,1.8579
2000-09-29,1.9266
2000-09-28,1.9158
2000-09-27,1.9393
2000-09-26,1.9465
2000-09-25,1.952
2000-09-22,1.9357
2000-09-21,1.9465
2000-09-20,1.9357
2000-09-19,1.9791
2000-09-18,1.9538
2000-09-15,1.923
2000-09-14,1.9339
2000-09-13,1.952
2000-09-12,1.9266
2000-09-11,1.9719
2000-09-08,1.9719
2000-09-07,1.9357
2000-09-06,1.9791
2000-09-05,1.9827
2000-09-04,1.9863
2000-09-01,1.9266
2000-08-31,1.9085
2000-08-30,1.8995
2000-08-29,1.8995
2000-08-28,1.8977
2000-08-25,1.8977
2000-08-24,1.8615
2000-08-23,1.8488
2000-08-22,1.9104
2000-08-21,1.9194
2000-08-18,1.8995
2000-08-17,1.914
2000-08-16,1.8995
2000-08-15,1.9248
2000-08-14,1.9248
2000-08-11,1.8959
2000-08-10,1.9248
2000-08-09,1.9284
2000-08-08,1.9266
2000-08-07,1.8995
2000-08-04,1.9538
2000-08-03,1.9176
2000-08-02,1.9339
2000-08-01,1.923
2000-07-31,1.923
2000-07-28,1.9158
2000-07-27,1.9158
2000-07-26,1.9158
2000-07-25,1.8995
2000-07-24,1.9013
2000-07-21,1.9013
2000-07-20,1.9122
2000-07-19,1.9357
2000-07-18,1.9393
2000-07-17,1.9339
2000-07-14,1.9411
2000-07-13,1.9122
2000-07-12,1.923
2000-07-11,1.9628
2000-07-10,1.9321
2000-07-07,1.9212
2000-07-06,1.9212
2000-07-05,1.885
2000-07-04,1.9321
2000-07-03,1.9556
2000-06-30,2.0352
2000-06-29,1.9429
2000-06-28,1.9429
2000-06-27,1.9502
2000-06-26,2.1075
2000-06-23,2.0985
2000-06-22,2.0985
2000-06-21,2.0985
2000-06-20,2.1075
2000-06-19,2.0822
2000-06-16,2.0822
2000-06-15,2.0858
2000-06-14,2.1148
2000-06-13,2.0931
2000-06-12,2.1148
2000-06-09,2.1112
2000-06-08,2.113
2000-06-07,2.0894
2000-06-06,2.1112
2000-06-05,2.0804
2000-06-02,2.1256
2000-06-01,2.1166
2000-05-31,2.1166
2000-05-30,2.1166
2000-05-29,2.113
2000-05-26,2.0985
2000-05-25,2.0949
2000-05-24,2.0985
2000-05-23,2.0985
2000-05-22,2.1039
2000-05-19,2.0985
2000-05-18,2.1166
2000-05-17,2.1166
2000-05-16,2.113
2000-05-15,2.1347
2000-05-12,2.1238
2000-05-11,2.1075
2000-05-10,2.1238
2000-05-09,2.0985
2000-05-08,2.0985
2000-05-05,2.0623
2000-05-04,2.1166
2000-05-03,2.0985
2000-05-02,2.122
2000-05-01,2.0985
2000-04-28,2.0985
2000-04-27,2.0623
2000-04-26,2.0623
2000-04-25,2.0243
2000-04-24,2.0243
2000-04-21,2.0243
2000-04-20,2.0243
2000-04-19,2.1057
2000-04-18,2.1075
2000-04-17,1.9357
2000-04-14,2.0442
2000-04-13,2.113
2000-04-12,2.1166
2000-04-11,2.1202
2000-04-10,2.1202
2000-04-07,2.1256
2000-04-06,2.0442
2000-04-05,2.1238
2000-04-04,2.1256
2000-04-03,2.0913
2000-03-31,2.1347
2000-03-30,2.1347
2000-03-29,2.1329
2000-03-28,2.1202
2000-03-27,2.1166
2000-03-24,2.1347
2000-03-23,2.0804
2000-03-22,2.1383
2000-03-21,2.1347
2000-03-20,2.1528
2000-03-17,2.1437
2000-03-16,2.1437
2000-03-15,2.1528
2000-03-14,2.1347
2000-03-13,2.1347
2000-03-10,2.1347
2000-03-09,2.151
2000-03-08,2.1709
2000-03-07,2.1709
2000-03-06,2.1709
2000-03-03,2.1709
2000-03-02,2.1709
2000-03-01,2.1709
2000-02-29,2.1709
2000-02-28,2.1709
2000-02-25,2.1709
2000-02-24,2.1709
2000-02-23,2.2432
2000-02-22,2.2432
2000-02-21,2.2504
2000-02-18,2.2523
2000-02-17,2.1709
2000-02-16,2.2541
2000-02-15,2.1908
2000-02-14,2.2541
2000-02-11,2.1618
2000-02-10,2.1491
2000-02-09,2.1401
2000-02-08,2.0894
2000-02-07,2.0804
2000-02-04,2.084
2000-02-03,2.1166
2000-02-02,2.1347
2000-02-01,2.1347
2000-01-31,2.1329
2000-01-28,2.122
2000-01-27,2.1166
2000-01-26,2.075
2000-01-25,2.1709
2000-01-24,2.1709
2000-01-21,2.1166
2000-01-20,2.0623
2000-01-19,2.169
2000-01-18,2.046
2000-01-17,2.037
2000-01-14,2.0171
2000-01-13,2.0768
2000-01-12,2.0714
2000-01-11,2.0985
2000-01-10,2.0804
2000-01-07,2.0442
2000-01-06,2.0768
2000-01-05,1.9899
2000-01-04,2.0352
2000-01-03,2.0804
