2018.04.09,02:43,16.396,16.396,16.392,16.392,13
2018.04.09,02:44,16.390,16.392,16.390,16.392,8
2018.04.09,02:45,16.391,16.392,16.390,16.391,11
2018.04.09,02:46,16.390,16.390,16.386,16.386,3
2018.04.09,02:47,16.387,16.387,16.387,16.387,1
2018.04.09,02:48,16.386,16.389,16.386,16.386,7
2018.04.09,02:49,16.388,16.388,16.386,16.386,3
2018.04.09,02:50,16.388,16.392,16.386,16.392,8
2018.04.09,02:51,16.391,16.392,16.390,16.391,4
2018.04.09,02:52,16.392,16.392,16.391,16.391,2
2018.04.09,02:53,16.390,16.392,16.386,16.391,8
2018.04.09,02:54,16.394,16.396,16.391,16.396,31
2018.04.09,02:55,16.397,16.398,16.397,16.398,4
2018.04.09,02:56,16.397,16.398,16.391,16.396,10
2018.04.09,02:57,16.393,16.396,16.391,16.393,9
2018.04.09,02:58,16.394,16.397,16.391,16.391,9
2018.04.09,02:59,16.395,16.395,16.391,16.391,4
2018.04.09,03:00,16.390,16.396,16.383,16.393,23
2018.04.09,03:01,16.394,16.403,16.394,16.398,39
2018.04.09,03:02,16.399,16.403,16.398,16.398,47
2018.04.09,03:03,16.395,16.396,16.388,16.388,24
2018.04.09,03:04,16.389,16.393,16.383,16.388,37
2018.04.09,03:05,16.386,16.388,16.382,16.383,35
2018.04.09,03:06,16.382,16.383,16.381,16.383,22
2018.04.09,03:07,16.384,16.388,16.383,16.388,18
2018.04.09,03:08,16.387,16.388,16.382,16.388,18
2018.04.09,03:10,16.389,16.393,16.385,16.388,19
2018.04.09,03:11,16.387,16.388,16.386,16.388,6
2018.04.09,03:12,16.387,16.388,16.386,16.388,26
2018.04.09,03:13,16.386,16.388,16.378,16.378,19
2018.04.09,03:14,16.380,16.383,16.375,16.378,17
2018.04.09,03:15,16.377,16.378,16.369,16.369,23
2018.04.09,03:16,16.367,16.374,16.363,16.374,29
2018.04.09,03:17,16.372,16.374,16.363,16.374,45
2018.04.09,03:18,16.372,16.376,16.371,16.374,16
2018.04.09,03:19,16.376,16.378,16.373,16.378,29
2018.04.09,03:20,16.376,16.378,16.373,16.373,11
2018.04.09,03:21,16.375,16.378,16.372,16.378,27
2018.04.09,03:22,16.376,16.378,16.373,16.373,17
2018.04.09,03:23,16.374,16.374,16.374,16.374,1
2018.04.09,03:24,16.373,16.374,16.368,16.374,19
2018.04.09,03:25,16.373,16.374,16.373,16.374,12
2018.04.09,03:26,16.372,16.374,16.372,16.374,4
2018.04.09,03:27,16.373,16.374,16.363,16.363,11
2018.04.09,03:28,16.365,16.370,16.363,16.364,13
2018.04.09,03:29,16.362,16.362,16.359,16.359,18
2018.04.09,03:30,16.360,16.370,16.360,16.370,46
2018.04.09,03:31,16.369,16.375,16.369,16.375,21
2018.04.09,03:32,16.373,16.375,16.369,16.369,16
2018.04.09,03:33,16.371,16.375,16.368,16.374,12
2018.04.09,03:34,16.373,16.375,16.369,16.373,27
2018.04.09,03:35,16.374,16.374,16.372,16.374,16
2018.04.09,03:36,16.373,16.375,16.372,16.374,9
2018.04.09,03:37,16.373,16.379,16.373,16.378,17
2018.04.09,03:38,16.379,16.384,16.375,16.380,29
2018.04.09,03:39,16.379,16.384,16.379,16.379,20
2018.04.09,03:40,16.377,16.380,16.377,16.379,23
2018.04.09,03:41,16.378,16.384,16.377,16.384,9
2018.04.09,03:42,16.383,16.383,16.377,16.378,16
2018.04.09,03:43,16.377,16.384,16.374,16.384,20
2018.04.09,03:44,16.382,16.384,16.379,16.379,21
2018.04.09,03:45,16.381,16.384,16.379,16.384,12
2018.04.09,03:46,16.382,16.384,16.382,16.383,18
2018.04.09,03:47,16.382,16.384,16.382,16.384,10
2018.04.09,03:48,16.383,16.384,16.379,16.379,35
2018.04.09,03:49,16.381,16.384,16.379,16.379,8
2018.04.09,03:50,16.381,16.384,16.379,16.379,11
2018.04.09,03:51,16.381,16.384,16.381,16.384,8
2018.04.09,03:54,16.383,16.384,16.381,16.383,10
2018.04.09,03:55,16.384,16.384,16.382,16.382,19
2018.04.09,03:56,16.381,16.381,16.379,16.379,6
2018.04.09,03:57,16.378,16.380,16.374,16.380,14
2018.04.09,03:58,16.379,16.379,16.374,16.374,14
2018.04.09,03:59,16.376,16.380,16.374,16.374,21
2018.04.09,04:00,16.375,16.380,16.374,16.379,37
2018.04.09,04:01,16.380,16.380,16.377,16.380,21
2018.04.09,04:02,16.379,16.379,16.379,16.379,1
2018.04.09,04:03,16.378,16.379,16.378,16.379,2
2018.04.09,04:06,16.380,16.380,16.379,16.379,10
2018.04.09,04:07,16.381,16.389,16.380,16.383,20
2018.04.09,04:08,16.384,16.384,16.384,16.384,1
2018.04.09,04:09,16.383,16.384,16.382,16.384,13
2018.04.09,04:10,16.383,16.384,16.382,16.383,24
2018.04.09,04:11,16.384,16.384,16.379,16.379,24
2018.04.09,04:12,16.381,16.384,16.381,16.384,10
2018.04.09,04:13,16.383,16.384,16.383,16.384,4
2018.04.09,04:14,16.383,16.384,16.383,16.384,6
2018.04.09,04:15,16.385,16.389,16.385,16.389,8
2018.04.09,04:16,16.387,16.389,16.387,16.388,15
2018.04.09,04:17,16.389,16.389,16.389,16.389,1
2018.04.09,04:18,16.388,16.389,16.387,16.388,20
2018.04.09,04:19,16.389,16.389,16.387,16.389,5
2018.04.09,04:20,16.388,16.389,16.388,16.389,2
2018.04.09,04:21,16.388,16.390,16.383,16.390,16
2018.04.09,04:22,16.389,16.389,16.388,16.389,9
2018.04.09,04:23,16.388,16.389,16.388,16.389,4
2018.04.09,04:25,16.391,16.394,16.391,16.394,16
2018.04.09,04:26,16.393,16.394,16.393,16.394,8
2018.04.09,04:27,16.393,16.394,16.393,16.394,2
2018.04.09,04:28,16.393,16.394,16.392,16.393,23
2018.04.09,04:29,16.392,16.395,16.392,16.394,18
2018.04.09,04:30,16.396,16.400,16.394,16.398,36
2018.04.09,04:31,16.399,16.401,16.397,16.399,23
2018.04.09,04:32,16.400,16.401,16.398,16.399,8
2018.04.09,04:33,16.400,16.400,16.397,16.399,6
2018.04.09,04:34,16.398,16.399,16.397,16.398,24
2018.04.09,04:35,16.399,16.399,16.398,16.399,3
2018.04.09,04:36,16.398,16.400,16.393,16.399,13
2018.04.09,04:37,16.398,16.399,16.398,16.399,2
2018.04.09,04:38,16.400,16.401,16.396,16.400,18
2018.04.09,04:39,16.399,16.400,16.397,16.400,10
2018.04.09,04:40,16.399,16.399,16.398,16.399,21
2018.04.09,04:41,16.398,16.404,16.398,16.404,10
2018.04.09,04:42,16.402,16.404,16.402,16.403,22
2018.04.09,04:43,16.404,16.404,16.402,16.403,17
2018.04.09,04:44,16.404,16.404,16.403,16.403,16
2018.04.09,04:45,16.404,16.404,16.402,16.403,14
2018.04.09,04:46,16.404,16.404,16.403,16.404,3
2018.04.09,04:47,16.403,16.404,16.403,16.404,22
2018.04.09,04:48,16.403,16.404,16.403,16.404,4
2018.04.09,04:49,16.403,16.404,16.402,16.402,9
2018.04.09,04:50,16.401,16.410,16.401,16.403,12
2018.04.09,04:51,16.405,16.410,16.404,16.404,9
2018.04.09,04:52,16.403,16.404,16.403,16.404,2
2018.04.09,04:53,16.403,16.404,16.403,16.403,9
2018.04.09,04:54,16.404,16.404,16.402,16.404,9
2018.04.09,04:55,16.403,16.404,16.402,16.404,3
2018.04.09,04:56,16.405,16.410,16.404,16.410,6
2018.04.09,04:57,16.408,16.415,16.408,16.409,24
2018.04.09,04:58,16.411,16.415,16.409,16.409,34
2018.04.09,04:59,16.411,16.416,16.408,16.415,27
2018.04.09,05:00,16.414,16.420,16.414,16.414,20
2018.04.09,05:01,16.413,16.414,16.408,16.409,18
2018.04.09,05:02,16.408,16.411,16.408,16.408,12
2018.04.09,05:03,16.405,16.405,16.403,16.404,12
2018.04.09,05:04,16.403,16.404,16.403,16.404,2
2018.04.09,05:05,16.405,16.405,16.404,16.404,2
2018.04.09,05:06,16.403,16.404,16.402,16.404,13
2018.04.09,05:07,16.403,16.404,16.400,16.400,11
2018.04.09,05:08,16.399,16.405,16.398,16.404,19
2018.04.09,05:09,16.400,16.400,16.398,16.399,8
2018.04.09,05:10,16.401,16.405,16.401,16.404,6
2018.04.09,05:11,16.405,16.405,16.400,16.405,13
2018.04.09,05:12,16.404,16.404,16.403,16.403,4
2018.04.09,05:13,16.404,16.404,16.403,16.404,3
2018.04.09,05:14,16.405,16.405,16.404,16.404,2
2018.04.09,05:15,16.403,16.404,16.402,16.403,9
2018.04.09,05:16,16.404,16.405,16.399,16.399,14
2018.04.09,05:17,16.398,16.399,16.398,16.398,5
2018.04.09,05:18,16.399,16.399,16.397,16.397,14
2018.04.09,05:19,16.399,16.399,16.397,16.399,10
2018.04.09,05:20,16.398,16.400,16.398,16.400,3
2018.04.09,05:21,16.399,16.399,16.397,16.399,13
2018.04.09,05:22,16.398,16.405,16.397,16.405,12
2018.04.09,05:23,16.403,16.405,16.398,16.399,7
2018.04.09,05:24,16.401,16.405,16.399,16.399,15
2018.04.09,05:25,16.398,16.400,16.398,16.399,9
2018.04.09,05:26,16.398,16.399,16.397,16.398,7
2018.04.09,05:27,16.397,16.399,16.397,16.399,20
2018.04.09,05:28,16.398,16.399,16.398,16.399,14
2018.04.09,05:29,16.401,16.405,16.401,16.405,4
2018.04.09,05:30,16.404,16.405,16.400,16.400,23
2018.04.09,05:31,16.401,16.402,16.398,16.399,7
2018.04.09,05:32,16.400,16.400,16.398,16.399,3
2018.04.09,05:33,16.400,16.405,16.399,16.404,7
2018.04.09,05:34,16.403,16.406,16.397,16.399,24
2018.04.09,05:35,16.400,16.406,16.400,16.403,11
2018.04.09,05:36,16.402,16.403,16.401,16.403,3
2018.04.09,05:37,16.404,16.404,16.404,16.404,1
2018.04.09,05:38,16.403,16.405,16.400,16.400,17
2018.04.09,05:39,16.399,16.405,16.399,16.399,15
2018.04.09,05:40,16.398,16.399,16.398,16.399,2
2018.04.09,05:41,16.400,16.404,16.399,16.403,16
2018.04.09,05:42,16.402,16.404,16.402,16.404,4
2018.04.09,05:43,16.403,16.410,16.403,16.408,18
2018.04.09,05:44,16.409,16.412,16.407,16.408,7
2018.04.09,05:45,16.409,16.413,16.407,16.407,15
2018.04.09,05:46,16.408,16.410,16.406,16.408,15
2018.04.09,05:47,16.409,16.415,16.409,16.409,8
2018.04.09,05:48,16.408,16.409,16.406,16.409,8
2018.04.09,05:49,16.408,16.409,16.403,16.403,13
2018.04.09,05:50,16.404,16.404,16.403,16.403,6
2018.04.09,05:51,16.402,16.404,16.400,16.404,16
2018.04.09,05:52,16.403,16.404,16.403,16.404,2
2018.04.09,05:53,16.402,16.404,16.399,16.404,11
2018.04.09,05:54,16.402,16.404,16.400,16.403,18
2018.04.09,05:55,16.402,16.404,16.399,16.400,14
2018.04.09,05:56,16.399,16.399,16.398,16.399,5
2018.04.09,05:57,16.398,16.399,16.397,16.399,27
2018.04.09,05:58,16.398,16.399,16.397,16.399,7
2018.04.09,05:59,16.397,16.399,16.397,16.399,12
2018.04.09,06:00,16.401,16.401,16.397,16.397,15
2018.04.09,06:01,16.396,16.402,16.395,16.402,10
2018.04.09,06:02,16.400,16.402,16.398,16.400,15
2018.04.09,06:03,16.399,16.402,16.397,16.402,12
2018.04.09,06:04,16.400,16.402,16.397,16.402,16
2018.04.09,06:05,16.401,16.401,16.399,16.401,4
2018.04.09,06:06,16.400,16.401,16.399,16.401,5
2018.04.09,06:07,16.399,16.401,16.399,16.401,2
2018.04.09,06:08,16.400,16.401,16.399,16.400,4
2018.04.09,06:09,16.401,16.401,16.400,16.401,11
2018.04.09,06:12,16.400,16.401,16.399,16.401,9
2018.04.09,06:13,16.400,16.402,16.399,16.401,6
2018.04.09,06:17,16.402,16.407,16.402,16.407,12
2018.04.09,06:18,16.405,16.407,16.402,16.407,9
2018.04.09,06:19,16.405,16.405,16.400,16.401,6
2018.04.09,06:20,16.400,16.401,16.400,16.401,32
2018.04.09,06:21,16.400,16.401,16.400,16.401,8
2018.04.09,06:22,16.399,16.401,16.399,16.401,12
2018.04.09,06:23,16.400,16.401,16.400,16.401,4
2018.04.09,06:24,16.402,16.407,16.402,16.404,11
2018.04.09,06:25,16.406,16.406,16.401,16.401,7
2018.04.09,06:26,16.400,16.401,16.400,16.401,2
2018.04.09,06:28,16.400,16.401,16.400,16.401,2
2018.04.09,06:29,16.402,16.407,16.402,16.405,10
2018.04.09,06:30,16.404,16.407,16.402,16.402,15
2018.04.09,06:31,16.403,16.406,16.401,16.401,8
2018.04.09,06:32,16.400,16.407,16.400,16.406,15
2018.04.09,06:33,16.405,16.407,16.403,16.407,10
2018.04.09,06:34,16.404,16.407,16.404,16.405,8
2018.04.09,06:35,16.406,16.407,16.404,16.405,13
2018.04.09,06:36,16.406,16.406,16.404,16.406,10
2018.04.09,06:37,16.404,16.408,16.404,16.406,16
2018.04.09,06:38,16.405,16.406,16.404,16.406,8
2018.04.09,06:39,16.407,16.408,16.405,16.405,5
2018.04.09,06:40,16.406,16.406,16.406,16.406,1
2018.04.09,06:41,16.405,16.407,16.405,16.405,7
2018.04.09,06:42,16.408,16.412,16.408,16.412,16
2018.04.09,06:43,16.410,16.415,16.410,16.411,12
2018.04.09,06:44,16.409,16.412,16.409,16.411,10
2018.04.09,06:45,16.410,16.411,16.405,16.405,8
2018.04.09,06:46,16.408,16.411,16.405,16.405,20
2018.04.09,06:47,16.406,16.406,16.403,16.405,16
2018.04.09,06:48,16.406,16.406,16.405,16.406,5
2018.04.09,06:49,16.405,16.406,16.405,16.405,7
2018.04.09,06:50,16.406,16.406,16.403,16.405,7
2018.04.09,06:51,16.404,16.406,16.404,16.406,6
2018.04.09,06:52,16.405,16.406,16.404,16.406,7
2018.04.09,06:53,16.405,16.406,16.405,16.406,2
2018.04.09,06:55,16.405,16.406,16.404,16.406,6
2018.04.09,06:56,16.405,16.406,16.404,16.406,3
2018.04.09,06:57,16.405,16.406,16.400,16.401,15
2018.04.09,06:58,16.400,16.403,16.400,16.400,7
2018.04.09,06:59,16.401,16.406,16.401,16.406,4
2018.04.09,07:00,16.405,16.405,16.400,16.401,18
2018.04.09,07:01,16.400,16.406,16.400,16.406,18
2018.04.09,07:02,16.405,16.405,16.405,16.405,1
2018.04.09,07:03,16.406,16.406,16.405,16.406,3
2018.04.09,07:04,16.405,16.406,16.404,16.405,9
2018.04.09,07:05,16.406,16.406,16.400,16.401,10
2018.04.09,07:06,16.400,16.401,16.399,16.400,7
2018.04.09,07:07,16.401,16.401,16.401,16.401,1
2018.04.09,07:08,16.403,16.406,16.403,16.405,10
2018.04.09,07:09,16.406,16.406,16.403,16.405,12
2018.04.09,07:10,16.404,16.406,16.404,16.406,13
2018.04.09,07:11,16.404,16.406,16.400,16.406,34
2018.04.09,07:12,16.404,16.404,16.400,16.401,10
2018.04.09,07:13,16.399,16.401,16.399,16.399,8
2018.04.09,07:14,16.401,16.401,16.399,16.400,11
2018.04.09,07:15,16.401,16.402,16.400,16.402,9
2018.04.09,07:16,16.400,16.402,16.396,16.401,20
2018.04.09,07:17,16.400,16.401,16.399,16.401,11
2018.04.09,07:18,16.400,16.402,16.397,16.402,18
2018.04.09,07:19,16.401,16.401,16.399,16.401,15
2018.04.09,07:21,16.400,16.401,16.400,16.401,12
2018.04.09,07:22,16.400,16.401,16.399,16.401,13
2018.04.09,07:23,16.400,16.401,16.399,16.401,7
2018.04.09,07:24,16.400,16.402,16.398,16.401,30
2018.04.09,07:25,16.400,16.401,16.400,16.401,2
2018.04.09,07:27,16.403,16.405,16.401,16.401,6
2018.04.09,07:30,16.400,16.401,16.400,16.401,2
2018.04.09,07:32,16.402,16.413,16.402,16.411,28
2018.04.09,07:33,16.414,16.417,16.409,16.411,19
2018.04.09,07:34,16.414,16.421,16.411,16.421,13
2018.04.09,07:35,16.419,16.421,16.416,16.419,36
2018.04.09,07:36,16.420,16.426,16.419,16.424,24
2018.04.09,07:37,16.425,16.425,16.419,16.420,10
2018.04.09,07:38,16.419,16.421,16.415,16.421,25
2018.04.09,07:39,16.418,16.420,16.418,16.419,14
2018.04.09,07:40,16.420,16.420,16.418,16.420,7
2018.04.09,07:41,16.419,16.419,16.415,16.415,4
2018.04.09,07:42,16.416,16.416,16.412,16.414,17
2018.04.09,07:43,16.413,16.416,16.413,16.415,8
2018.04.09,07:44,16.414,16.416,16.414,16.415,6
2018.04.09,07:45,16.414,16.416,16.414,16.415,4
2018.04.09,07:46,16.414,16.416,16.409,16.415,9
2018.04.09,07:47,16.413,16.415,16.409,16.410,18
2018.04.09,07:48,16.411,16.411,16.410,16.411,11
2018.04.09,07:49,16.410,16.415,16.410,16.410,13
2018.04.09,07:50,16.413,16.416,16.413,16.415,6
2018.04.09,07:51,16.419,16.420,16.410,16.415,18
2018.04.09,07:52,16.416,16.416,16.415,16.416,7
2018.04.09,07:53,16.415,16.416,16.410,16.415,21
2018.04.09,07:54,16.416,16.419,16.415,16.415,22
2018.04.09,07:55,16.419,16.421,16.415,16.420,12
2018.04.09,07:56,16.419,16.419,16.419,16.419,1
2018.04.09,07:57,16.420,16.420,16.418,16.420,18
2018.04.09,07:58,16.419,16.420,16.415,16.415,10
2018.04.09,07:59,16.418,16.420,16.414,16.416,29
2018.04.09,08:00,16.415,16.416,16.408,16.412,34
2018.04.09,08:01,16.409,16.412,16.408,16.412,23
2018.04.09,08:02,16.409,16.409,16.403,16.404,35
2018.04.09,08:03,16.406,16.406,16.401,16.401,49
2018.04.09,08:04,16.402,16.406,16.402,16.405,7
2018.04.09,08:05,16.404,16.406,16.401,16.401,26
2018.04.09,08:06,16.400,16.401,16.396,16.396,31
2018.04.09,08:07,16.397,16.402,16.391,16.391,25
2018.04.09,08:08,16.393,16.402,16.393,16.396,36
2018.04.09,08:09,16.399,16.404,16.396,16.400,36
2018.04.09,08:10,16.401,16.406,16.400,16.406,32
2018.04.09,08:11,16.407,16.416,16.407,16.410,20
2018.04.09,08:12,16.411,16.416,16.410,16.415,8
2018.04.09,08:13,16.413,16.416,16.408,16.410,15
2018.04.09,08:14,16.409,16.411,16.405,16.405,32
2018.04.09,08:15,16.404,16.406,16.400,16.405,21
2018.04.09,08:16,16.403,16.405,16.400,16.405,7
2018.04.09,08:17,16.404,16.411,16.400,16.405,48
2018.04.09,08:18,16.407,16.408,16.404,16.405,9
2018.04.09,08:19,16.407,16.411,16.405,16.411,26
2018.04.09,08:20,16.410,16.411,16.405,16.405,42
2018.04.09,08:21,16.408,16.411,16.405,16.405,31
2018.04.09,08:22,16.406,16.408,16.397,16.397,24
2018.04.09,08:23,16.396,16.405,16.396,16.400,47
2018.04.09,08:24,16.401,16.409,16.401,16.404,16
2018.04.09,08:25,16.403,16.407,16.403,16.406,14
2018.04.09,08:26,16.405,16.412,16.405,16.405,25
2018.04.09,08:27,16.404,16.406,16.399,16.406,28
2018.04.09,08:28,16.405,16.410,16.401,16.406,33
2018.04.09,08:29,16.409,16.409,16.404,16.406,27
2018.04.09,08:30,16.405,16.408,16.399,16.405,28
2018.04.09,08:31,16.404,16.408,16.403,16.405,16
2018.04.09,08:32,16.406,16.412,16.406,16.411,20
2018.04.09,08:33,16.410,16.411,16.409,16.410,8
2018.04.09,08:34,16.411,16.411,16.406,16.406,15
2018.04.09,08:35,16.405,16.412,16.405,16.411,28
2018.04.09,08:36,16.410,16.412,16.408,16.411,15
2018.04.09,08:37,16.409,16.411,16.409,16.411,16
2018.04.09,08:38,16.410,16.411,16.409,16.410,20
2018.04.09,08:39,16.411,16.417,16.409,16.417,25
2018.04.09,08:40,16.416,16.417,16.412,16.415,33
2018.04.09,08:41,16.414,16.417,16.411,16.417,26
2018.04.09,08:42,16.415,16.417,16.411,16.417,26
2018.04.09,08:43,16.416,16.422,16.415,16.422,47
2018.04.09,08:44,16.420,16.422,16.415,16.418,11
2018.04.09,08:45,16.415,16.418,16.410,16.416,21
2018.04.09,08:46,16.415,16.416,16.410,16.411,19
2018.04.09,08:47,16.410,16.411,16.409,16.411,35
2018.04.09,08:48,16.410,16.416,16.410,16.414,15
2018.04.09,08:49,16.416,16.416,16.410,16.410,16
2018.04.09,08:50,16.411,16.414,16.409,16.411,52
2018.04.09,08:51,16.414,16.416,16.410,16.415,44
2018.04.09,08:52,16.414,16.416,16.412,16.416,14
2018.04.09,08:53,16.414,16.415,16.410,16.410,20
2018.04.09,08:54,16.411,16.411,16.410,16.410,2
2018.04.09,08:55,16.413,16.414,16.409,16.410,12
2018.04.09,08:56,16.409,16.415,16.409,16.415,17
2018.04.09,08:57,16.414,16.416,16.410,16.414,36
2018.04.09,08:58,16.415,16.416,16.413,16.415,24
2018.04.09,08:59,16.413,16.414,16.409,16.410,14
2018.04.09,09:00,16.409,16.410,16.395,16.410,96
2018.04.09,09:01,16.409,16.409,16.380,16.380,79
2018.04.09,09:02,16.379,16.382,16.361,16.376,147
2018.04.09,09:03,16.375,16.378,16.368,16.370,62
2018.04.09,09:04,16.372,16.378,16.370,16.376,44
2018.04.09,09:05,16.375,16.380,16.375,16.380,34
2018.04.09,09:06,16.378,16.380,16.375,16.375,53
2018.04.09,09:07,16.376,16.376,16.365,16.370,36
2018.04.09,09:08,16.367,16.368,16.360,16.360,25
2018.04.09,09:09,16.363,16.370,16.363,16.368,53
2018.04.09,09:10,16.366,16.376,16.365,16.368,84
2018.04.09,09:11,16.366,16.371,16.365,16.371,26
2018.04.09,09:12,16.370,16.371,16.364,16.365,33
2018.04.09,09:13,16.364,16.366,16.360,16.365,33
2018.04.09,09:14,16.366,16.368,16.360,16.361,31
2018.04.09,09:15,16.360,16.361,16.351,16.356,52
2018.04.09,09:16,16.355,16.356,16.355,16.356,2
2018.04.09,09:17,16.357,16.362,16.356,16.362,38
2018.04.09,09:18,16.360,16.362,16.359,16.361,12
2018.04.09,09:19,16.362,16.363,16.356,16.362,41
2018.04.09,09:20,16.360,16.362,16.356,16.361,10
2018.04.09,09:21,16.362,16.372,16.361,16.366,102
2018.04.09,09:22,16.368,16.374,16.368,16.371,17
2018.04.09,09:23,16.374,16.377,16.371,16.371,34
2018.04.09,09:24,16.370,16.372,16.361,16.365,42
2018.04.09,09:25,16.364,16.366,16.361,16.365,28
2018.04.09,09:26,16.366,16.377,16.366,16.371,43
2018.04.09,09:27,16.370,16.373,16.370,16.371,12
2018.04.09,09:28,16.370,16.372,16.367,16.372,43
2018.04.09,09:29,16.371,16.373,16.367,16.371,15
2018.04.09,09:30,16.374,16.377,16.371,16.372,11
2018.04.09,09:31,16.374,16.377,16.371,16.371,18
2018.04.09,09:32,16.374,16.374,16.362,16.363,45
2018.04.09,09:33,16.362,16.363,16.357,16.362,50
2018.04.09,09:34,16.363,16.367,16.362,16.367,7
2018.04.09,09:35,16.365,16.367,16.362,16.362,40
2018.04.09,09:36,16.363,16.371,16.362,16.367,48
2018.04.09,09:37,16.368,16.372,16.367,16.371,18
2018.04.09,09:38,16.373,16.374,16.371,16.371,13
2018.04.09,09:39,16.372,16.374,16.367,16.372,27
2018.04.09,09:40,16.373,16.374,16.372,16.372,9
2018.04.09,09:41,16.373,16.373,16.367,16.367,24
2018.04.09,09:42,16.368,16.373,16.367,16.372,16
2018.04.09,09:43,16.371,16.373,16.367,16.369,26
2018.04.09,09:44,16.367,16.368,16.367,16.368,2
2018.04.09,09:45,16.367,16.369,16.361,16.363,16
2018.04.09,09:46,16.362,16.368,16.362,16.362,15
2018.04.09,09:47,16.367,16.368,16.366,16.367,9
2018.04.09,09:48,16.366,16.367,16.366,16.367,14
2018.04.09,09:49,16.366,16.368,16.362,16.368,31
2018.04.09,09:50,16.370,16.374,16.370,16.371,25
2018.04.09,09:51,16.372,16.372,16.371,16.371,6
2018.04.09,09:52,16.373,16.373,16.371,16.372,3
2018.04.09,09:53,16.371,16.377,16.371,16.376,13
2018.04.09,09:54,16.377,16.377,16.376,16.376,2
2018.04.09,09:55,16.377,16.377,16.371,16.371,7
2018.04.09,09:56,16.370,16.370,16.366,16.366,4
2018.04.09,09:57,16.367,16.369,16.365,16.367,9
2018.04.09,09:58,16.364,16.367,16.364,16.367,4
2018.04.09,09:59,16.369,16.372,16.367,16.372,13
2018.04.09,10:00,16.371,16.373,16.370,16.373,5
2018.04.09,10:01,16.371,16.373,16.368,16.368,18
2018.04.09,10:02,16.369,16.373,16.368,16.368,28
2018.04.09,10:03,16.367,16.367,16.363,16.363,15
2018.04.09,10:04,16.364,16.368,16.363,16.363,20
2018.04.09,10:05,16.362,16.363,16.362,16.363,6
2018.04.09,10:06,16.364,16.368,16.363,16.363,16
2018.04.09,10:07,16.364,16.374,16.364,16.373,16
2018.04.09,10:08,16.375,16.378,16.373,16.374,23
2018.04.09,10:09,16.373,16.378,16.373,16.375,37
2018.04.09,10:10,16.374,16.375,16.368,16.368,23
2018.04.09,10:11,16.369,16.373,16.368,16.371,17
2018.04.09,10:12,16.373,16.377,16.373,16.373,8
2018.04.09,10:13,16.371,16.373,16.371,16.373,11
2018.04.09,10:14,16.371,16.375,16.369,16.373,18
2018.04.09,10:15,16.372,16.373,16.369,16.373,8
2018.04.09,10:16,16.374,16.383,16.373,16.383,24
2018.04.09,10:17,16.381,16.383,16.376,16.378,35
2018.04.09,10:18,16.376,16.376,16.371,16.371,13
2018.04.09,10:19,16.372,16.373,16.367,16.367,9
2018.04.09,10:20,16.369,16.373,16.369,16.373,24
2018.04.09,10:21,16.371,16.373,16.370,16.373,9
2018.04.09,10:22,16.371,16.373,16.370,16.371,9
2018.04.09,10:23,16.370,16.373,16.367,16.371,38
2018.04.09,10:24,16.369,16.369,16.367,16.367,2
2018.04.09,10:25,16.366,16.368,16.362,16.367,24
2018.04.09,10:26,16.365,16.373,16.365,16.373,8
2018.04.09,10:27,16.371,16.373,16.371,16.371,5
2018.04.09,10:28,16.370,16.373,16.370,16.371,22
2018.04.09,10:29,16.370,16.371,16.370,16.371,10
2018.04.09,10:30,16.373,16.378,16.372,16.378,24
2018.04.09,10:31,16.376,16.376,16.371,16.372,15
2018.04.09,10:32,16.371,16.373,16.359,16.362,19
2018.04.09,10:33,16.363,16.368,16.357,16.357,14
2018.04.09,10:34,16.355,16.355,16.329,16.332,33
2018.04.09,10:35,16.331,16.331,16.308,16.319,112
2018.04.09,10:36,16.317,16.325,16.317,16.324,44
2018.04.09,10:37,16.322,16.329,16.322,16.329,14
2018.04.09,10:38,16.331,16.332,16.324,16.329,36
2018.04.09,10:39,16.331,16.349,16.331,16.349,13
2018.04.09,10:40,16.348,16.352,16.341,16.342,47
2018.04.09,10:41,16.343,16.347,16.342,16.346,31
2018.04.09,10:42,16.344,16.349,16.342,16.348,28
2018.04.09,10:43,16.346,16.347,16.342,16.343,27
2018.04.09,10:44,16.344,16.348,16.343,16.344,12
2018.04.09,10:45,16.348,16.348,16.342,16.343,18
2018.04.09,10:46,16.344,16.348,16.343,16.345,25
2018.04.09,10:47,16.347,16.349,16.344,16.347,17
2018.04.09,10:48,16.348,16.348,16.342,16.344,30
2018.04.09,10:49,16.343,16.351,16.342,16.351,36
2018.04.09,10:50,16.353,16.354,16.352,16.354,5
2018.04.09,10:51,16.355,16.358,16.354,16.355,21
2018.04.09,10:52,16.354,16.358,16.354,16.358,22
2018.04.09,10:53,16.357,16.358,16.354,16.358,9
2018.04.09,10:54,16.357,16.358,16.354,16.354,11
2018.04.09,10:55,16.355,16.355,16.349,16.354,10
2018.04.09,10:56,16.351,16.354,16.349,16.350,25
2018.04.09,10:57,16.348,16.354,16.348,16.354,6
2018.04.09,10:58,16.355,16.355,16.353,16.354,12
2018.04.09,10:59,16.355,16.358,16.349,16.350,46
2018.04.09,11:00,16.349,16.354,16.348,16.353,19
2018.04.09,11:01,16.354,16.354,16.348,16.348,24
2018.04.09,11:02,16.350,16.355,16.350,16.354,9
2018.04.09,11:03,16.353,16.358,16.353,16.355,21
2018.04.09,11:04,16.354,16.354,16.353,16.354,13
2018.04.09,11:05,16.353,16.357,16.353,16.355,21
2018.04.09,11:06,16.352,16.354,16.348,16.353,18
2018.04.09,11:07,16.354,16.360,16.354,16.358,10
2018.04.09,11:08,16.360,16.360,16.358,16.358,4
2018.04.09,11:09,16.359,16.363,16.358,16.358,28
2018.04.09,11:10,16.359,16.359,16.357,16.358,9
2018.04.09,11:11,16.360,16.360,16.358,16.358,6
2018.04.09,11:12,16.357,16.358,16.355,16.357,16
2018.04.09,11:13,16.358,16.362,16.357,16.357,33
2018.04.09,11:14,16.356,16.357,16.352,16.352,11
2018.04.09,11:15,16.354,16.358,16.354,16.357,7
2018.04.09,11:16,16.360,16.362,16.360,16.362,5
2018.04.09,11:17,16.363,16.367,16.362,16.366,26
2018.04.09,11:18,16.365,16.367,16.362,16.366,20
2018.04.09,11:19,16.365,16.366,16.365,16.365,7
2018.04.09,11:20,16.366,16.366,16.362,16.362,11
2018.04.09,11:21,16.365,16.372,16.365,16.371,21
2018.04.09,11:22,16.370,16.370,16.366,16.366,9
2018.04.09,11:23,16.367,16.367,16.361,16.361,12
2018.04.09,11:24,16.362,16.368,16.361,16.361,15
2018.04.09,11:26,16.362,16.363,16.356,16.356,12
2018.04.09,11:27,16.357,16.357,16.357,16.357,1
2018.04.09,11:28,16.356,16.356,16.355,16.356,11
2018.04.09,11:29,16.355,16.357,16.355,16.357,7
2018.04.09,11:30,16.356,16.358,16.347,16.347,29
2018.04.09,11:31,16.346,16.348,16.345,16.348,10
2018.04.09,11:32,16.346,16.346,16.346,16.346,1
2018.04.09,11:33,16.349,16.351,16.345,16.346,15
2018.04.09,11:34,16.345,16.348,16.342,16.342,19
2018.04.09,11:35,16.345,16.350,16.342,16.347,17
2018.04.09,11:36,16.346,16.348,16.342,16.348,10
2018.04.09,11:37,16.347,16.348,16.342,16.346,16
2018.04.09,11:38,16.345,16.346,16.345,16.346,2
2018.04.09,11:39,16.347,16.347,16.343,16.343,4
2018.04.09,11:40,16.342,16.342,16.341,16.342,3
2018.04.09,11:41,16.341,16.342,16.337,16.342,11
2018.04.09,11:42,16.341,16.342,16.337,16.337,10
2018.04.09,11:43,16.340,16.342,16.338,16.342,18
2018.04.09,11:44,16.341,16.347,16.341,16.341,25
2018.04.09,11:45,16.343,16.348,16.342,16.346,12
2018.04.09,11:46,16.347,16.347,16.346,16.346,2
2018.04.09,11:47,16.347,16.350,16.346,16.347,13
2018.04.09,11:48,16.346,16.348,16.342,16.342,11
2018.04.09,11:49,16.343,16.348,16.342,16.345,32
2018.04.09,11:50,16.343,16.348,16.342,16.346,6
2018.04.09,11:51,16.347,16.347,16.346,16.346,4
2018.04.09,11:52,16.344,16.347,16.342,16.347,14
2018.04.09,11:53,16.346,16.347,16.340,16.342,19
2018.04.09,11:54,16.341,16.341,16.337,16.337,10
2018.04.09,11:55,16.336,16.337,16.331,16.331,7
2018.04.09,11:56,16.330,16.337,16.327,16.331,35
2018.04.09,11:57,16.330,16.332,16.327,16.331,10
2018.04.09,11:58,16.330,16.332,16.327,16.331,8
2018.04.09,11:59,16.330,16.331,16.327,16.327,10
2018.04.09,12:00,16.326,16.328,16.323,16.328,25
2018.04.09,12:01,16.327,16.328,16.323,16.328,68
2018.04.09,12:02,16.327,16.332,16.323,16.327,23
2018.04.09,12:03,16.326,16.328,16.323,16.327,19
2018.04.09,12:04,16.326,16.326,16.317,16.318,11
2018.04.09,12:05,16.319,16.323,16.319,16.323,6
2018.04.09,12:06,16.322,16.322,16.322,16.322,1
2018.04.09,12:07,16.323,16.328,16.322,16.327,19
2018.04.09,12:08,16.326,16.326,16.322,16.322,25
2018.04.09,12:09,16.324,16.325,16.322,16.322,5
2018.04.09,12:10,16.324,16.328,16.322,16.327,39
2018.04.09,12:11,16.329,16.333,16.328,16.331,17
2018.04.09,12:12,16.332,16.332,16.323,16.328,18
2018.04.09,12:13,16.327,16.327,16.322,16.323,7
2018.04.09,12:14,16.320,16.323,16.318,16.323,11
2018.04.09,12:15,16.322,16.323,16.318,16.323,18
2018.04.09,12:16,16.321,16.321,16.318,16.318,3
2018.04.09,12:17,16.320,16.323,16.318,16.318,31
2018.04.09,12:18,16.319,16.323,16.318,16.323,11
2018.04.09,12:19,16.324,16.328,16.323,16.328,28
2018.04.09,12:20,16.327,16.328,16.323,16.323,14
2018.04.09,12:21,16.321,16.323,16.318,16.321,12
2018.04.09,12:22,16.320,16.323,16.318,16.318,36
2018.04.09,12:23,16.321,16.322,16.318,16.318,11
2018.04.09,12:24,16.319,16.319,16.318,16.318,2
2018.04.09,12:25,16.319,16.323,16.318,16.323,14
2018.04.09,12:26,16.322,16.323,16.321,16.323,4
2018.04.09,12:27,16.322,16.323,16.318,16.323,9
2018.04.09,12:28,16.322,16.323,16.318,16.323,18
2018.04.09,12:29,16.322,16.323,16.318,16.319,54
2018.04.09,12:30,16.320,16.323,16.318,16.318,20
2018.04.09,12:31,16.320,16.323,16.320,16.322,37
2018.04.09,12:32,16.325,16.329,16.322,16.322,13
2018.04.09,12:33,16.325,16.329,16.323,16.323,38
2018.04.09,12:34,16.326,16.328,16.323,16.327,14
2018.04.09,12:35,16.328,16.336,16.328,16.333,23
2018.04.09,12:36,16.336,16.339,16.333,16.339,41
2018.04.09,12:37,16.337,16.339,16.333,16.333,23
2018.04.09,12:38,16.332,16.334,16.327,16.327,14
2018.04.09,12:39,16.328,16.334,16.328,16.332,9
2018.04.09,12:41,16.331,16.334,16.331,16.331,8
2018.04.09,12:42,16.332,16.334,16.331,16.334,32
2018.04.09,12:43,16.331,16.332,16.331,16.331,15
2018.04.09,12:44,16.330,16.334,16.328,16.333,15
2018.04.09,12:45,16.331,16.333,16.331,16.331,11
2018.04.09,12:46,16.332,16.339,16.331,16.339,28
2018.04.09,12:47,16.337,16.337,16.333,16.336,23
2018.04.09,12:48,16.334,16.338,16.333,16.333,14
2018.04.09,12:49,16.332,16.333,16.328,16.333,10
2018.04.09,12:50,16.331,16.333,16.328,16.333,20
2018.04.09,12:51,16.331,16.333,16.326,16.326,16
2018.04.09,12:52,16.328,16.328,16.325,16.328,6
2018.04.09,12:53,16.326,16.328,16.323,16.328,22
2018.04.09,12:54,16.327,16.333,16.327,16.333,9
2018.04.09,12:55,16.332,16.338,16.332,16.338,31
2018.04.09,12:56,16.337,16.338,16.332,16.332,12
2018.04.09,12:57,16.334,16.338,16.333,16.333,30
2018.04.09,12:58,16.334,16.334,16.333,16.333,2
2018.04.09,12:59,16.335,16.335,16.328,16.331,15
2018.04.09,13:00,16.333,16.333,16.318,16.318,18
2018.04.09,13:01,16.319,16.328,16.319,16.328,15
2018.04.09,13:02,16.326,16.328,16.325,16.327,9
2018.04.09,13:03,16.329,16.333,16.329,16.333,5
2018.04.09,13:04,16.332,16.343,16.332,16.342,26
2018.04.09,13:05,16.341,16.342,16.335,16.338,35
2018.04.09,13:06,16.337,16.337,16.331,16.332,6
2018.04.09,13:07,16.333,16.338,16.328,16.333,33
2018.04.09,13:08,16.332,16.334,16.328,16.328,22
2018.04.09,13:09,16.327,16.329,16.324,16.328,34
2018.04.09,13:10,16.327,16.328,16.322,16.323,28
2018.04.09,13:11,16.322,16.323,16.322,16.323,10
2018.04.09,13:12,16.322,16.323,16.322,16.323,14
2018.04.09,13:13,16.322,16.323,16.322,16.323,16
2018.04.09,13:14,16.322,16.323,16.322,16.323,10
2018.04.09,13:15,16.322,16.323,16.317,16.323,12
2018.04.09,13:16,16.322,16.323,16.322,16.322,7
2018.04.09,13:17,16.323,16.323,16.322,16.323,5
2018.04.09,13:18,16.322,16.323,16.317,16.317,8
2018.04.09,13:19,16.320,16.323,16.318,16.322,9
2018.04.09,13:20,16.323,16.327,16.322,16.323,6
2018.04.09,13:21,16.325,16.328,16.323,16.328,5
2018.04.09,13:22,16.327,16.338,16.326,16.338,25
2018.04.09,13:23,16.336,16.338,16.333,16.333,8
2018.04.09,13:24,16.331,16.332,16.327,16.327,17
2018.04.09,13:25,16.326,16.332,16.325,16.332,13
2018.04.09,13:26,16.331,16.338,16.331,16.331,19
2018.04.09,13:27,16.332,16.332,16.326,16.327,18
2018.04.09,13:28,16.326,16.328,16.323,16.326,14
2018.04.09,13:29,16.325,16.327,16.323,16.327,25
2018.04.09,13:31,16.329,16.336,16.329,16.336,10
2018.04.09,13:32,16.337,16.342,16.336,16.342,16
2018.04.09,13:33,16.341,16.341,16.336,16.337,6
2018.04.09,13:34,16.336,16.337,16.333,16.333,6
2018.04.09,13:35,16.334,16.341,16.334,16.337,28
2018.04.09,13:36,16.339,16.340,16.333,16.333,14
2018.04.09,13:37,16.332,16.336,16.332,16.333,10
2018.04.09,13:38,16.332,16.332,16.331,16.331,2
2018.04.09,13:39,16.330,16.331,16.327,16.327,17
2018.04.09,13:40,16.331,16.332,16.327,16.327,9
2018.04.09,13:41,16.328,16.332,16.327,16.331,9
2018.04.09,13:42,16.332,16.336,16.331,16.332,15
2018.04.09,13:43,16.335,16.338,16.335,16.337,4
2018.04.09,13:44,16.336,16.337,16.336,16.337,4
2018.04.09,13:45,16.336,16.338,16.336,16.337,12
2018.04.09,13:46,16.339,16.340,16.328,16.329,42
2018.04.09,13:47,16.331,16.333,16.328,16.328,23
2018.04.09,13:48,16.327,16.327,16.327,16.327,1
2018.04.09,13:49,16.328,16.331,16.323,16.323,11
2018.04.09,13:50,16.322,16.333,16.322,16.332,17
2018.04.09,13:51,16.331,16.340,16.328,16.340,21
2018.04.09,13:52,16.338,16.343,16.336,16.337,17
2018.04.09,13:53,16.339,16.343,16.338,16.343,28
2018.04.09,13:54,16.341,16.343,16.341,16.342,5
2018.04.09,13:55,16.345,16.348,16.342,16.343,10
2018.04.09,13:56,16.345,16.348,16.345,16.346,4
2018.04.09,13:57,16.347,16.348,16.347,16.348,2
2018.04.09,13:58,16.346,16.346,16.341,16.341,4
2018.04.09,13:59,16.344,16.348,16.344,16.346,8
2018.04.09,14:00,16.348,16.353,16.348,16.348,37
2018.04.09,14:01,16.346,16.348,16.346,16.346,9
2018.04.09,14:02,16.349,16.353,16.342,16.346,40
2018.04.09,14:03,16.345,16.351,16.345,16.348,21
2018.04.09,14:04,16.346,16.346,16.338,16.346,32
2018.04.09,14:05,16.348,16.348,16.341,16.348,22
2018.04.09,14:06,16.349,16.363,16.349,16.357,74
2018.04.09,14:07,16.355,16.358,16.347,16.347,49
2018.04.09,14:08,16.345,16.358,16.345,16.358,32
2018.04.09,14:09,16.355,16.363,16.352,16.363,42
2018.04.09,14:10,16.362,16.373,16.357,16.372,108
2018.04.09,14:11,16.371,16.377,16.362,16.368,96
2018.04.09,14:12,16.367,16.372,16.366,16.367,28
2018.04.09,14:13,16.368,16.379,16.367,16.376,61
2018.04.09,14:14,16.375,16.377,16.371,16.372,32
2018.04.09,14:15,16.371,16.376,16.366,16.372,36
2018.04.09,14:16,16.371,16.372,16.366,16.366,31
2018.04.09,14:17,16.370,16.372,16.366,16.371,55
2018.04.09,14:18,16.370,16.377,16.370,16.377,9
2018.04.09,14:19,16.376,16.377,16.371,16.371,33
2018.04.09,14:20,16.370,16.377,16.366,16.371,25
2018.04.09,14:21,16.375,16.377,16.371,16.375,24
2018.04.09,14:22,16.376,16.382,16.376,16.376,14
2018.04.09,14:23,16.375,16.376,16.370,16.376,10
2018.04.09,14:24,16.375,16.382,16.374,16.377,26
2018.04.09,14:25,16.376,16.382,16.375,16.376,25
2018.04.09,14:26,16.375,16.378,16.375,16.376,5
2018.04.09,14:27,16.379,16.382,16.379,16.381,19
2018.04.09,14:28,16.380,16.382,16.376,16.376,16
2018.04.09,14:29,16.375,16.377,16.365,16.365,18
2018.04.09,14:30,16.369,16.382,16.361,16.380,55
2018.04.09,14:31,16.379,16.379,16.371,16.371,21
2018.04.09,14:32,16.377,16.382,16.377,16.380,8
2018.04.09,14:33,16.381,16.391,16.380,16.386,12
2018.04.09,14:34,16.388,16.392,16.382,16.383,44
2018.04.09,14:35,16.382,16.392,16.382,16.386,70
2018.04.09,14:36,16.389,16.392,16.386,16.387,24
2018.04.09,14:37,16.389,16.392,16.380,16.380,21
2018.04.09,14:38,16.383,16.388,16.382,16.382,14
2018.04.09,14:39,16.380,16.380,16.380,16.380,1
2018.04.09,14:40,16.384,16.388,16.382,16.385,8
2018.04.09,14:41,16.386,16.388,16.385,16.385,7
2018.04.09,14:42,16.387,16.387,16.385,16.386,6
2018.04.09,14:43,16.384,16.388,16.382,16.385,24
2018.04.09,14:44,16.384,16.392,16.382,16.391,43
2018.04.09,14:45,16.389,16.392,16.389,16.389,6
2018.04.09,14:46,16.390,16.390,16.385,16.385,8
2018.04.09,14:47,16.386,16.392,16.386,16.387,28
2018.04.09,14:48,16.386,16.388,16.382,16.386,33
2018.04.09,14:49,16.388,16.392,16.385,16.387,44
2018.04.09,14:50,16.385,16.392,16.385,16.390,10
2018.04.09,14:52,16.394,16.398,16.393,16.397,20
2018.04.09,14:53,16.395,16.403,16.395,16.403,25
2018.04.09,14:54,16.400,16.413,16.400,16.411,21
2018.04.09,14:55,16.410,16.418,16.406,16.412,35
2018.04.09,14:56,16.411,16.411,16.410,16.411,9
2018.04.09,14:57,16.414,16.417,16.411,16.417,26
2018.04.09,14:58,16.415,16.422,16.410,16.411,59
2018.04.09,14:59,16.412,16.412,16.405,16.410,14
2018.04.09,15:00,16.412,16.414,16.405,16.405,38
2018.04.09,15:01,16.407,16.414,16.405,16.410,37
2018.04.09,15:02,16.409,16.416,16.405,16.405,18
2018.04.09,15:03,16.408,16.411,16.405,16.405,13
2018.04.09,15:04,16.404,16.404,16.396,16.396,12
2018.04.09,15:05,16.397,16.400,16.394,16.400,18
2018.04.09,15:06,16.399,16.406,16.396,16.396,33
2018.04.09,15:07,16.394,16.394,16.388,16.389,6
2018.04.09,15:08,16.388,16.391,16.383,16.383,23
2018.04.09,15:10,16.380,16.380,16.379,16.379,2
2018.04.09,15:11,16.378,16.395,16.378,16.395,14
2018.04.09,15:12,16.392,16.410,16.392,16.410,18
2018.04.09,15:13,16.411,16.420,16.405,16.410,48
2018.04.09,15:14,16.411,16.415,16.407,16.410,25
2018.04.09,15:15,16.412,16.420,16.412,16.415,22
2018.04.09,15:16,16.416,16.419,16.413,16.418,21
2018.04.09,15:17,16.417,16.425,16.405,16.405,52
2018.04.09,15:18,16.403,16.409,16.400,16.409,17
2018.04.09,15:19,16.408,16.409,16.403,16.409,34
2018.04.09,15:20,16.408,16.415,16.408,16.408,19
2018.04.09,15:21,16.411,16.420,16.408,16.415,67
2018.04.09,15:22,16.412,16.414,16.408,16.408,23
2018.04.09,15:23,16.406,16.409,16.399,16.399,29
2018.04.09,15:24,16.398,16.399,16.397,16.399,6
2018.04.09,15:25,16.398,16.400,16.392,16.400,49
2018.04.09,15:26,16.398,16.404,16.398,16.399,8
2018.04.09,15:27,16.398,16.408,16.398,16.408,20
2018.04.09,15:28,16.407,16.408,16.403,16.408,8
2018.04.09,15:29,16.407,16.408,16.403,16.407,9
2018.04.09,15:30,16.411,16.423,16.411,16.422,60
2018.04.09,15:31,16.424,16.429,16.414,16.414,82
2018.04.09,15:32,16.412,16.415,16.401,16.404,42
2018.04.09,15:33,16.403,16.403,16.376,16.388,74
2018.04.09,15:34,16.391,16.391,16.378,16.383,27
2018.04.09,15:35,16.382,16.383,16.378,16.378,33
2018.04.09,15:36,16.381,16.384,16.373,16.373,26
2018.04.09,15:37,16.372,16.379,16.368,16.379,22
2018.04.09,15:38,16.378,16.378,16.371,16.371,8
2018.04.09,15:39,16.373,16.373,16.368,16.373,10
2018.04.09,15:40,16.375,16.377,16.368,16.373,25
2018.04.09,15:41,16.377,16.379,16.373,16.378,18
2018.04.09,15:42,16.380,16.382,16.375,16.379,10
2018.04.09,15:43,16.380,16.384,16.379,16.383,13
2018.04.09,15:44,16.381,16.383,16.372,16.375,53
2018.04.09,15:45,16.376,16.384,16.376,16.383,17
2018.04.09,15:46,16.381,16.389,16.380,16.388,33
2018.04.09,15:47,16.391,16.400,16.390,16.394,34
2018.04.09,15:48,16.397,16.397,16.388,16.395,15
2018.04.09,15:49,16.392,16.395,16.388,16.395,22
2018.04.09,15:50,16.394,16.394,16.384,16.384,15
2018.04.09,15:51,16.383,16.385,16.379,16.383,14
2018.04.09,15:52,16.382,16.389,16.379,16.388,38
2018.04.09,15:53,16.387,16.395,16.384,16.394,29
2018.04.09,15:54,16.395,16.409,16.394,16.404,45
2018.04.09,15:55,16.403,16.404,16.398,16.398,10
2018.04.09,15:56,16.401,16.406,16.401,16.403,10
2018.04.09,15:57,16.402,16.404,16.402,16.404,5
2018.04.09,15:58,16.403,16.414,16.403,16.408,47
2018.04.09,15:59,16.410,16.412,16.400,16.403,23
2018.04.09,16:00,16.404,16.409,16.403,16.403,40
2018.04.09,16:01,16.402,16.404,16.398,16.404,11
2018.04.09,16:02,16.403,16.404,16.398,16.404,14
2018.04.09,16:03,16.403,16.404,16.398,16.398,11
2018.04.09,16:04,16.397,16.397,16.388,16.388,23
2018.04.09,16:05,16.390,16.394,16.382,16.383,34
2018.04.09,16:06,16.382,16.389,16.382,16.383,36
2018.04.09,16:07,16.387,16.389,16.383,16.387,15
2018.04.09,16:08,16.388,16.389,16.385,16.388,16
2018.04.09,16:09,16.387,16.389,16.386,16.389,5
2018.04.09,16:10,16.388,16.389,16.384,16.388,36
2018.04.09,16:11,16.387,16.387,16.382,16.384,11
2018.04.09,16:12,16.383,16.383,16.378,16.378,10
2018.04.09,16:13,16.380,16.384,16.378,16.378,14
2018.04.09,16:14,16.380,16.384,16.378,16.384,14
2018.04.09,16:15,16.382,16.382,16.377,16.378,8
2018.04.09,16:16,16.381,16.389,16.381,16.389,64
2018.04.09,16:17,16.390,16.409,16.388,16.408,55
2018.04.09,16:18,16.409,16.409,16.394,16.394,28
2018.04.09,16:19,16.393,16.400,16.393,16.400,14
2018.04.09,16:20,16.401,16.408,16.399,16.405,30
2018.04.09,16:21,16.403,16.409,16.402,16.403,69
2018.04.09,16:22,16.402,16.407,16.402,16.402,41
2018.04.09,16:23,16.403,16.407,16.398,16.403,29
2018.04.09,16:24,16.402,16.403,16.398,16.402,23
2018.04.09,16:25,16.403,16.403,16.398,16.402,20
2018.04.09,16:26,16.403,16.403,16.401,16.403,8
2018.04.09,16:27,16.402,16.403,16.398,16.398,7
2018.04.09,16:28,16.397,16.398,16.393,16.393,9
2018.04.09,16:29,16.395,16.403,16.395,16.403,15
2018.04.09,16:30,16.404,16.413,16.403,16.413,61
2018.04.09,16:31,16.411,16.413,16.403,16.407,48
2018.04.09,16:32,16.403,16.413,16.403,16.408,43
2018.04.09,16:33,16.410,16.412,16.403,16.403,32
2018.04.09,16:34,16.402,16.408,16.400,16.403,26
2018.04.09,16:35,16.404,16.413,16.404,16.413,11
2018.04.09,16:36,16.415,16.423,16.414,16.416,17
2018.04.09,16:37,16.419,16.423,16.418,16.423,35
2018.04.09,16:38,16.421,16.428,16.419,16.428,21
2018.04.09,16:39,16.427,16.428,16.423,16.426,56
2018.04.09,16:40,16.427,16.439,16.426,16.431,58
2018.04.09,16:41,16.432,16.436,16.429,16.432,19
2018.04.09,16:42,16.431,16.439,16.431,16.435,9
2018.04.09,16:43,16.440,16.446,16.436,16.446,40
2018.04.09,16:44,16.445,16.447,16.441,16.441,24
2018.04.09,16:45,16.442,16.446,16.436,16.442,33
2018.04.09,16:46,16.441,16.446,16.440,16.446,18
2018.04.09,16:47,16.444,16.444,16.436,16.436,19
2018.04.09,16:48,16.439,16.441,16.438,16.440,10
2018.04.09,16:49,16.438,16.440,16.434,16.434,24
2018.04.09,16:50,16.435,16.435,16.429,16.429,9
2018.04.09,16:51,16.428,16.429,16.428,16.429,2
2018.04.09,16:54,16.427,16.429,16.415,16.415,22
2018.04.09,16:55,16.416,16.420,16.414,16.420,16
2018.04.09,16:56,16.419,16.422,16.414,16.420,14
2018.04.09,16:57,16.423,16.425,16.414,16.414,20
2018.04.09,16:58,16.415,16.419,16.410,16.415,41
2018.04.09,16:59,16.418,16.420,16.414,16.414,15
2018.04.09,17:00,16.416,16.420,16.412,16.415,25
2018.04.09,17:01,16.414,16.415,16.410,16.411,32
2018.04.09,17:02,16.410,16.415,16.410,16.414,15
2018.04.09,17:03,16.418,16.420,16.415,16.419,7
2018.04.09,17:04,16.418,16.425,16.418,16.419,15
2018.04.09,17:05,16.423,16.423,16.417,16.419,10
2018.04.09,17:06,16.420,16.420,16.417,16.419,17
2018.04.09,17:07,16.421,16.425,16.419,16.419,10
2018.04.09,17:08,16.418,16.420,16.414,16.414,12
2018.04.09,17:09,16.416,16.420,16.416,16.420,10
2018.04.09,17:10,16.418,16.420,16.415,16.419,14
2018.04.09,17:11,16.421,16.437,16.420,16.434,28
2018.04.09,17:12,16.435,16.435,16.426,16.429,15
2018.04.09,17:13,16.435,16.435,16.429,16.429,22
2018.04.09,17:14,16.430,16.440,16.430,16.440,13
2018.04.09,17:15,16.439,16.443,16.434,16.443,25
2018.04.09,17:16,16.442,16.450,16.439,16.450,37
2018.04.09,17:17,16.449,16.451,16.444,16.451,11
2018.04.09,17:18,16.450,16.451,16.444,16.450,31
2018.04.09,17:19,16.449,16.454,16.444,16.450,24
2018.04.09,17:20,16.451,16.456,16.451,16.456,22
2018.04.09,17:21,16.455,16.456,16.449,16.455,14
2018.04.09,17:22,16.454,16.456,16.450,16.450,25
2018.04.09,17:23,16.449,16.461,16.449,16.461,48
2018.04.09,17:24,16.462,16.469,16.455,16.455,58
2018.04.09,17:25,16.454,16.457,16.450,16.455,20
2018.04.09,17:26,16.456,16.461,16.450,16.451,19
2018.04.09,17:27,16.450,16.450,16.440,16.442,21
2018.04.09,17:28,16.443,16.445,16.436,16.441,16
2018.04.09,17:29,16.440,16.440,16.435,16.435,7
2018.04.09,17:30,16.433,16.440,16.433,16.438,5
2018.04.09,17:31,16.442,16.446,16.440,16.440,18
2018.04.09,17:32,16.438,16.446,16.436,16.440,26
2018.04.09,17:33,16.444,16.445,16.435,16.435,19
2018.04.09,17:34,16.439,16.441,16.434,16.434,9
2018.04.09,17:35,16.435,16.441,16.425,16.425,29
2018.04.09,17:36,16.427,16.431,16.425,16.431,18
2018.04.09,17:37,16.430,16.431,16.425,16.425,25
2018.04.09,17:38,16.427,16.430,16.419,16.420,30
2018.04.09,17:39,16.419,16.426,16.419,16.421,37
2018.04.09,17:40,16.422,16.432,16.422,16.432,28
2018.04.09,17:41,16.430,16.431,16.429,16.430,10
2018.04.09,17:43,16.432,16.436,16.431,16.436,20
2018.04.09,17:44,16.438,16.441,16.436,16.441,11
2018.04.09,17:45,16.440,16.441,16.436,16.436,54
2018.04.09,17:46,16.439,16.445,16.439,16.444,10
2018.04.09,17:47,16.445,16.448,16.444,16.445,11
2018.04.09,17:48,16.444,16.445,16.440,16.441,8
2018.04.09,17:49,16.439,16.440,16.435,16.435,15
2018.04.09,17:50,16.436,16.437,16.432,16.437,16
2018.04.09,17:51,16.436,16.440,16.433,16.437,18
2018.04.09,17:52,16.435,16.440,16.435,16.435,15
2018.04.09,17:53,16.436,16.436,16.435,16.435,2
2018.04.09,17:54,16.434,16.435,16.425,16.432,41
2018.04.09,17:55,16.430,16.437,16.429,16.437,26
2018.04.09,17:56,16.436,16.437,16.435,16.435,3
2018.04.09,17:57,16.437,16.437,16.434,16.434,3
2018.04.09,17:58,16.438,16.442,16.437,16.437,12
2018.04.09,17:59,16.435,16.442,16.432,16.441,15
2018.04.09,18:00,16.443,16.445,16.436,16.440,15
2018.04.09,18:01,16.438,16.440,16.433,16.436,20
2018.04.09,18:02,16.435,16.441,16.435,16.441,26
2018.04.09,18:03,16.440,16.446,16.440,16.441,24
2018.04.09,18:04,16.443,16.446,16.437,16.437,35
2018.04.09,18:05,16.439,16.442,16.437,16.442,44
2018.04.09,18:06,16.441,16.446,16.441,16.446,14
2018.04.09,18:07,16.447,16.451,16.446,16.446,11
2018.04.09,18:08,16.445,16.452,16.441,16.441,17
2018.04.09,18:09,16.442,16.446,16.441,16.443,21
2018.04.09,18:10,16.445,16.452,16.443,16.446,41
2018.04.09,18:11,16.450,16.452,16.446,16.446,36
2018.04.09,18:12,16.447,16.449,16.441,16.441,23
2018.04.09,18:13,16.442,16.446,16.441,16.444,28
2018.04.09,18:14,16.445,16.446,16.441,16.444,29
2018.04.09,18:15,16.446,16.452,16.440,16.441,25
2018.04.09,18:16,16.440,16.442,16.432,16.437,34
2018.04.09,18:17,16.436,16.437,16.435,16.436,6
2018.04.09,18:18,16.437,16.439,16.435,16.436,8
2018.04.09,18:19,16.437,16.437,16.431,16.432,31
2018.04.09,18:20,16.434,16.437,16.433,16.437,8
2018.04.09,18:21,16.439,16.446,16.439,16.441,22
2018.04.09,18:22,16.443,16.446,16.443,16.445,10
2018.04.09,18:23,16.446,16.446,16.444,16.445,11
2018.04.09,18:24,16.444,16.447,16.442,16.447,9
2018.04.09,18:25,16.450,16.450,16.445,16.446,15
2018.04.09,18:26,16.447,16.450,16.446,16.446,9
2018.04.09,18:27,16.447,16.451,16.447,16.451,5
2018.04.09,18:28,16.450,16.451,16.446,16.450,47
2018.04.09,18:29,16.451,16.451,16.445,16.448,26
2018.04.09,18:30,16.451,16.456,16.451,16.451,24
2018.04.09,18:31,16.450,16.454,16.450,16.451,9
2018.04.09,18:32,16.454,16.454,16.450,16.450,3
2018.04.09,18:33,16.453,16.456,16.450,16.451,26
2018.04.09,18:34,16.455,16.455,16.455,16.455,1
2018.04.09,18:35,16.458,16.482,16.455,16.471,63
2018.04.09,18:36,16.474,16.476,16.470,16.470,39
2018.04.09,18:37,16.473,16.479,16.473,16.475,17
2018.04.09,18:38,16.474,16.489,16.474,16.487,34
2018.04.09,18:39,16.486,16.489,16.483,16.483,35
2018.04.09,18:40,16.487,16.493,16.483,16.488,24
2018.04.09,18:41,16.492,16.493,16.488,16.488,9
2018.04.09,18:42,16.487,16.489,16.482,16.484,19
2018.04.09,18:43,16.485,16.488,16.485,16.488,35
2018.04.09,18:44,16.487,16.488,16.486,16.487,10
2018.04.09,18:45,16.488,16.488,16.482,16.488,8
2018.04.09,18:46,16.486,16.492,16.484,16.487,19
2018.04.09,18:47,16.486,16.487,16.479,16.481,11
2018.04.09,18:48,16.483,16.483,16.481,16.483,7
2018.04.09,18:49,16.485,16.488,16.483,16.483,28
2018.04.09,18:50,16.485,16.488,16.485,16.488,14
2018.04.09,18:51,16.487,16.488,16.485,16.487,25
2018.04.09,18:52,16.486,16.488,16.483,16.487,19
2018.04.09,18:53,16.485,16.488,16.479,16.481,44
2018.04.09,18:54,16.482,16.482,16.478,16.482,19
2018.04.09,18:55,16.481,16.489,16.477,16.477,26
2018.04.09,18:56,16.478,16.485,16.477,16.480,26
2018.04.09,18:57,16.481,16.482,16.477,16.477,33
2018.04.09,18:58,16.476,16.481,16.475,16.476,14
2018.04.09,18:59,16.480,16.481,16.477,16.481,5
2018.04.09,19:00,16.479,16.498,16.479,16.491,65
2018.04.09,19:01,16.489,16.491,16.488,16.489,8
2018.04.09,19:02,16.492,16.496,16.490,16.490,29
2018.04.09,19:03,16.492,16.496,16.491,16.495,32
2018.04.09,19:04,16.494,16.495,16.494,16.495,16
2018.04.09,19:05,16.497,16.500,16.496,16.500,39
2018.04.09,19:06,16.499,16.509,16.499,16.507,25
2018.04.09,19:07,16.505,16.515,16.505,16.511,32
2018.04.09,19:08,16.515,16.530,16.511,16.525,41
2018.04.09,19:09,16.524,16.525,16.520,16.525,20
2018.04.09,19:10,16.523,16.525,16.521,16.524,12
2018.04.09,19:11,16.528,16.532,16.524,16.524,29
2018.04.09,19:12,16.525,16.530,16.525,16.525,11
2018.04.09,19:13,16.524,16.531,16.524,16.530,21
2018.04.09,19:14,16.533,16.541,16.533,16.535,12
2018.04.09,19:15,16.538,16.540,16.535,16.535,22
2018.04.09,19:16,16.532,16.535,16.526,16.530,15
2018.04.09,19:17,16.527,16.537,16.527,16.530,22
2018.04.09,19:18,16.533,16.535,16.529,16.530,19
2018.04.09,19:19,16.528,16.531,16.525,16.525,29
2018.04.09,19:20,16.524,16.524,16.518,16.520,16
2018.04.09,19:21,16.519,16.525,16.519,16.525,21
2018.04.09,19:22,16.523,16.533,16.523,16.533,14
2018.04.09,19:23,16.534,16.537,16.529,16.529,16
2018.04.09,19:24,16.530,16.539,16.520,16.520,31
2018.04.09,19:25,16.523,16.525,16.517,16.518,27
2018.04.09,19:26,16.522,16.534,16.522,16.524,42
2018.04.09,19:27,16.521,16.526,16.520,16.520,15
2018.04.09,19:28,16.523,16.525,16.515,16.515,33
2018.04.09,19:29,16.516,16.519,16.510,16.510,44
2018.04.09,19:30,16.511,16.514,16.506,16.506,44
2018.04.09,19:31,16.507,16.508,16.506,16.508,25
2018.04.09,19:32,16.507,16.515,16.507,16.515,26
2018.04.09,19:33,16.513,16.517,16.513,16.513,5
2018.04.09,19:34,16.512,16.515,16.509,16.510,24
2018.04.09,19:35,16.513,16.516,16.509,16.513,13
2018.04.09,19:36,16.512,16.512,16.512,16.512,1
2018.04.09,19:37,16.515,16.515,16.512,16.513,5
2018.04.09,19:38,16.512,16.514,16.512,16.514,9
2018.04.09,19:39,16.517,16.520,16.517,16.518,11
2018.04.09,19:40,16.516,16.519,16.516,16.519,25
2018.04.09,19:41,16.518,16.524,16.517,16.517,18
2018.04.09,19:42,16.518,16.518,16.516,16.518,8
2018.04.09,19:43,16.521,16.530,16.519,16.528,33
2018.04.09,19:44,16.525,16.528,16.524,16.524,8
2018.04.09,19:45,16.526,16.528,16.524,16.524,18
2018.04.09,19:46,16.522,16.528,16.522,16.528,5
2018.04.09,19:47,16.527,16.528,16.527,16.527,3
2018.04.09,19:48,16.528,16.534,16.528,16.531,31
2018.04.09,19:49,16.532,16.533,16.525,16.529,16
2018.04.09,19:50,16.528,16.529,16.528,16.528,5
2018.04.09,19:51,16.527,16.529,16.527,16.529,6
2018.04.09,19:52,16.528,16.528,16.528,16.528,1
2018.04.09,19:53,16.527,16.528,16.524,16.524,8
2018.04.09,19:54,16.526,16.529,16.521,16.522,15
2018.04.09,19:55,16.521,16.523,16.508,16.508,29
2018.04.09,19:56,16.506,16.515,16.506,16.515,8
2018.04.09,19:57,16.511,16.518,16.511,16.518,42
2018.04.09,19:58,16.517,16.518,16.513,16.517,24
2018.04.09,19:59,16.518,16.518,16.516,16.516,17
2018.04.09,20:00,16.515,16.518,16.513,16.513,15
2018.04.09,20:01,16.512,16.525,16.512,16.524,15
2018.04.09,20:02,16.522,16.529,16.520,16.523,25
2018.04.09,20:03,16.521,16.523,16.518,16.518,8
2018.04.09,20:04,16.516,16.523,16.516,16.523,7
2018.04.09,20:06,16.521,16.521,16.516,16.516,5
2018.04.09,20:07,16.517,16.518,16.516,16.518,5
2018.04.09,20:08,16.517,16.520,16.517,16.520,3
2018.04.09,20:09,16.517,16.520,16.514,16.515,29
2018.04.09,20:10,16.512,16.520,16.512,16.515,14
2018.04.09,20:11,16.513,16.520,16.513,16.520,9
2018.04.09,20:12,16.518,16.518,16.513,16.513,4
2018.04.09,20:13,16.515,16.515,16.513,16.513,2
2018.04.09,20:14,16.511,16.521,16.511,16.520,12
2018.04.09,20:15,16.518,16.520,16.518,16.520,4
2018.04.09,20:16,16.518,16.518,16.516,16.516,3
2018.04.09,20:17,16.513,16.521,16.513,16.516,21
2018.04.09,20:18,16.518,16.521,16.514,16.519,16
2018.04.09,20:20,16.521,16.521,16.516,16.516,7
2018.04.09,20:21,16.518,16.521,16.514,16.514,12
2018.04.09,20:22,16.516,16.516,16.514,16.516,3
2018.04.09,20:23,16.514,16.514,16.514,16.514,1
2018.04.09,20:24,16.516,16.517,16.514,16.514,8
2018.04.09,20:26,16.513,16.517,16.511,16.514,22
2018.04.09,20:27,16.513,16.517,16.513,16.516,7
2018.04.09,20:28,16.514,16.514,16.514,16.514,1
2018.04.09,20:29,16.515,16.517,16.511,16.517,13
2018.04.09,20:30,16.514,16.517,16.511,16.516,33
2018.04.09,20:31,16.515,16.516,16.515,16.516,2
2018.04.09,20:32,16.515,16.515,16.515,16.515,1
2018.04.09,20:33,16.521,16.521,16.517,16.518,8
2018.04.09,20:34,16.517,16.517,16.514,16.516,7
2018.04.09,20:35,16.515,16.515,16.515,16.515,1
2018.04.09,20:36,16.519,16.521,16.519,16.519,6
2018.04.09,20:37,16.520,16.526,16.520,16.524,8
2018.04.09,20:38,16.523,16.525,16.520,16.520,10
2018.04.09,20:39,16.523,16.525,16.520,16.521,30
2018.04.09,20:40,16.520,16.523,16.519,16.521,28
2018.04.09,20:41,16.523,16.525,16.519,16.520,9
2018.04.09,20:42,16.519,16.520,16.519,16.520,2
2018.04.09,20:43,16.519,16.519,16.516,16.517,13
2018.04.09,20:44,16.518,16.525,16.517,16.523,14
2018.04.09,20:45,16.525,16.525,16.523,16.523,14
2018.04.09,20:46,16.525,16.525,16.523,16.523,6
2018.04.09,20:47,16.524,16.530,16.523,16.530,23
2018.04.09,20:48,16.529,16.529,16.528,16.528,4
2018.04.09,20:49,16.529,16.529,16.528,16.528,14
2018.04.09,20:50,16.526,16.529,16.524,16.528,13
2018.04.09,20:51,16.526,16.529,16.525,16.526,6
2018.04.09,20:52,16.528,16.529,16.524,16.528,9
2018.04.09,20:53,16.526,16.529,16.526,16.529,14
2018.04.09,20:54,16.527,16.527,16.526,16.526,2
2018.04.09,20:55,16.529,16.530,16.524,16.528,30
2018.04.09,20:56,16.529,16.529,16.524,16.524,29
2018.04.09,20:57,16.527,16.529,16.524,16.524,30
2018.04.09,20:58,16.525,16.529,16.525,16.527,11
2018.04.09,20:59,16.525,16.525,16.519,16.524,13
2018.04.09,21:00,16.523,16.524,16.506,16.506,21
2018.04.09,21:01,16.507,16.510,16.505,16.505,38
2018.04.09,21:02,16.508,16.510,16.504,16.504,34
2018.04.09,21:03,16.503,16.508,16.503,16.504,9
2018.04.09,21:04,16.505,16.509,16.505,16.508,3
2018.04.09,21:05,16.509,16.513,16.509,16.509,4
2018.04.09,21:06,16.508,16.508,16.508,16.508,1
2018.04.09,21:07,16.507,16.510,16.507,16.510,6
2018.04.09,21:08,16.511,16.511,16.508,16.508,3
2018.04.09,21:09,16.510,16.510,16.509,16.510,5
2018.04.09,21:10,16.509,16.509,16.494,16.499,23
2018.04.09,21:11,16.500,16.500,16.495,16.500,23
2018.04.09,21:12,16.496,16.500,16.496,16.496,4
2018.04.09,21:13,16.499,16.500,16.494,16.494,22
2018.04.09,21:14,16.499,16.499,16.496,16.496,8
2018.04.09,21:15,16.499,16.500,16.495,16.495,16
2018.04.09,21:16,16.494,16.500,16.494,16.500,8
2018.04.09,21:17,16.497,16.500,16.497,16.500,2
2018.04.09,21:18,16.497,16.500,16.497,16.497,3
2018.04.09,21:19,16.500,16.503,16.498,16.498,8
2018.04.09,21:20,16.497,16.501,16.496,16.500,8
2018.04.09,21:21,16.498,16.501,16.495,16.500,25
2018.04.09,21:22,16.499,16.500,16.495,16.495,14
2018.04.09,21:23,16.494,16.495,16.488,16.489,17
2018.04.09,21:24,16.493,16.494,16.488,16.489,22
2018.04.09,21:25,16.490,16.490,16.488,16.490,36
2018.04.09,21:26,16.489,16.490,16.488,16.488,22
2018.04.09,21:27,16.490,16.492,16.488,16.490,6
2018.04.09,21:28,16.489,16.490,16.489,16.489,5
2018.04.09,21:29,16.490,16.490,16.485,16.486,26
2018.04.09,21:30,16.487,16.490,16.485,16.488,14
2018.04.09,21:31,16.489,16.490,16.488,16.488,8
2018.04.09,21:32,16.492,16.495,16.488,16.489,13
2018.04.09,21:33,16.488,16.489,16.487,16.489,8
2018.04.09,21:34,16.492,16.493,16.489,16.489,11
2018.04.09,21:35,16.491,16.491,16.488,16.489,6
2018.04.09,21:36,16.488,16.489,16.488,16.489,2
2018.04.09,21:37,16.488,16.490,16.486,16.488,25
2018.04.09,21:38,16.489,16.489,16.488,16.489,3
2018.04.09,21:39,16.488,16.489,16.488,16.489,4
2018.04.09,21:40,16.487,16.488,16.483,16.483,24
2018.04.09,21:41,16.484,16.486,16.483,16.485,40
2018.04.09,21:42,16.486,16.486,16.484,16.485,31
2018.04.09,21:43,16.486,16.490,16.485,16.488,10
2018.04.09,21:44,16.489,16.489,16.488,16.488,6
2018.04.09,21:45,16.489,16.493,16.488,16.488,33
2018.04.09,21:46,16.491,16.494,16.491,16.493,5
2018.04.09,21:49,16.490,16.490,16.489,16.489,4
2018.04.09,21:50,16.488,16.491,16.488,16.489,7
2018.04.09,21:51,16.488,16.493,16.488,16.493,7
2018.04.09,21:52,16.492,16.494,16.492,16.492,4
2018.04.09,21:53,16.490,16.493,16.489,16.492,18
2018.04.09,21:54,16.489,16.490,16.486,16.490,9
2018.04.09,21:55,16.489,16.489,16.487,16.489,3
2018.04.09,21:56,16.488,16.494,16.488,16.494,4
2018.04.09,21:57,16.493,16.493,16.493,16.493,1
2018.04.09,21:58,16.495,16.495,16.493,16.493,5
2018.04.09,21:59,16.494,16.494,16.488,16.488,7
2018.04.09,22:00,16.487,16.487,16.487,16.487,1
2018.04.09,22:01,16.489,16.492,16.487,16.492,16
2018.04.09,22:02,16.490,16.490,16.487,16.487,6
2018.04.09,22:03,16.488,16.488,16.487,16.488,7
2018.04.09,22:04,16.487,16.487,16.487,16.487,1
2018.04.09,22:05,16.486,16.487,16.486,16.487,4
2018.04.09,22:06,16.486,16.493,16.486,16.492,8
2018.04.09,22:11,16.490,16.490,16.488,16.488,3
2018.04.09,22:12,16.487,16.487,16.487,16.487,1
2018.04.09,22:13,16.485,16.488,16.485,16.488,13
2018.04.09,22:15,16.487,16.489,16.484,16.484,11
2018.04.09,22:16,16.482,16.484,16.482,16.484,2
2018.04.09,22:17,16.482,16.482,16.482,16.482,1
2018.04.09,22:20,16.484,16.489,16.484,16.488,6
2018.04.09,22:21,16.487,16.489,16.486,16.489,9
2018.04.09,22:22,16.487,16.489,16.487,16.487,5
2018.04.09,22:27,16.485,16.487,16.485,16.486,4
2018.04.09,22:28,16.485,16.489,16.484,16.487,9
2018.04.09,22:29,16.488,16.488,16.487,16.487,2
2018.04.09,22:30,16.488,16.488,16.482,16.482,10
2018.04.09,22:32,16.480,16.481,16.480,16.480,5
2018.04.09,22:33,16.481,16.482,16.480,16.481,4
2018.04.09,22:34,16.480,16.483,16.477,16.477,6
2018.04.09,22:35,16.480,16.481,16.476,16.477,10
2018.04.09,22:36,16.478,16.478,16.477,16.477,2
2018.04.09,22:37,16.478,16.478,16.477,16.477,2
2018.04.09,22:39,16.478,16.478,16.475,16.476,6
2018.04.09,22:40,16.477,16.477,16.475,16.476,8
2018.04.09,22:41,16.475,16.478,16.475,16.476,5
2018.04.09,22:42,16.475,16.477,16.475,16.476,5
2018.04.09,22:43,16.478,16.479,16.476,16.476,5
2018.04.09,22:44,16.475,16.478,16.475,16.478,2
2018.04.09,22:45,16.480,16.480,16.476,16.477,4
2018.04.09,22:46,16.476,16.478,16.476,16.476,3
2018.04.09,22:47,16.477,16.478,16.476,16.476,6
2018.04.09,22:48,16.475,16.476,16.475,16.476,4
2018.04.09,22:49,16.478,16.479,16.476,16.479,19
2018.04.09,22:50,16.476,16.481,16.476,16.476,11
2018.04.09,22:51,16.475,16.475,16.472,16.472,16
2018.04.09,22:52,16.473,16.473,16.472,16.472,8
2018.04.09,22:53,16.473,16.478,16.472,16.477,8
2018.04.09,22:54,16.476,16.476,16.475,16.476,3
2018.04.09,22:55,16.477,16.479,16.476,16.476,8
2018.04.09,22:56,16.478,16.478,16.476,16.478,3
2018.04.09,22:57,16.475,16.478,16.475,16.476,13
2018.04.09,22:58,16.449,16.476,16.445,16.476,9
2018.04.09,22:59,16.467,16.471,16.448,16.451,9
2018.04.10,00:00,16.478,16.491,16.478,16.479,8
2018.04.10,00:01,16.481,16.481,16.465,16.481,6
2018.04.10,00:02,16.479,16.486,16.479,16.481,17
2018.04.10,00:03,16.480,16.486,16.479,16.479,11
2018.04.10,00:04,16.480,16.481,16.479,16.479,4
2018.04.10,00:05,16.480,16.480,16.479,16.480,9
2018.04.10,00:06,16.479,16.480,16.478,16.479,10
2018.04.10,00:08,16.480,16.486,16.479,16.481,8
2018.04.10,00:09,16.483,16.487,16.483,16.486,4
2018.04.10,00:10,16.484,16.485,16.484,16.485,10
2018.04.10,00:11,16.487,16.487,16.485,16.485,7
2018.04.10,00:13,16.486,16.486,16.485,16.485,4
2018.04.10,00:14,16.486,16.487,16.485,16.485,10
2018.04.10,00:15,16.486,16.487,16.485,16.486,7
2018.04.10,00:16,16.485,16.486,16.481,16.481,9
2018.04.10,00:17,16.482,16.487,16.481,16.487,16
2018.04.10,00:18,16.485,16.486,16.484,16.485,9
2018.04.10,00:19,16.484,16.486,16.484,16.485,4
2018.04.10,00:20,16.486,16.490,16.485,16.490,10
2018.04.10,00:21,16.489,16.490,16.479,16.485,18
2018.04.10,00:22,16.484,16.485,16.475,16.475,24
2018.04.10,00:24,16.476,16.476,16.475,16.475,2
2018.04.10,00:25,16.474,16.476,16.474,16.475,14
2018.04.10,00:26,16.474,16.475,16.474,16.475,2
2018.04.10,00:27,16.474,16.475,16.474,16.475,2
2018.04.10,00:29,16.474,16.475,16.474,16.475,2
2018.04.10,00:30,16.477,16.477,16.475,16.475,2
2018.04.10,00:31,16.476,16.476,16.475,16.475,2
2018.04.10,00:32,16.474,16.475,16.474,16.475,2
2018.04.10,00:33,16.473,16.474,16.472,16.473,7
2018.04.10,00:35,16.475,16.475,16.474,16.474,2
2018.04.10,00:37,16.473,16.475,16.473,16.475,2
2018.04.10,00:38,16.474,16.475,16.473,16.473,8
2018.04.10,00:39,16.474,16.475,16.474,16.474,3
2018.04.10,00:40,16.475,16.475,16.474,16.475,7
2018.04.10,00:41,16.474,16.477,16.474,16.475,8
2018.04.10,00:42,16.474,16.475,16.474,16.474,3
2018.04.10,00:43,16.475,16.475,16.474,16.474,10
2018.04.10,00:44,16.475,16.475,16.469,16.469,12
2018.04.10,00:45,16.470,16.470,16.470,16.470,1
2018.04.10,00:46,16.471,16.475,16.471,16.474,7
2018.04.10,00:47,16.476,16.476,16.474,16.474,8
2018.04.10,00:48,16.475,16.475,16.474,16.474,4
2018.04.10,00:49,16.475,16.475,16.474,16.475,3
2018.04.10,00:50,16.474,16.474,16.469,16.469,4
2018.04.10,00:51,16.471,16.471,16.469,16.469,2
2018.04.10,00:52,16.470,16.471,16.468,16.470,5
2018.04.10,00:54,16.469,16.469,16.464,16.465,8
2018.04.10,00:55,16.464,16.466,16.464,16.466,2
2018.04.10,00:57,16.464,16.466,16.464,16.464,3
2018.04.10,00:58,16.465,16.465,16.464,16.464,2
2018.04.10,00:59,16.466,16.466,16.466,16.466,1
2018.04.10,01:00,16.465,16.465,16.464,16.464,10
2018.04.10,01:01,16.465,16.465,16.464,16.464,12
2018.04.10,01:02,16.465,16.465,16.464,16.465,19
2018.04.10,01:03,16.464,16.465,16.464,16.465,6
2018.04.10,01:05,16.464,16.465,16.464,16.465,2
2018.04.10,01:07,16.464,16.464,16.464,16.464,1
2018.04.10,01:08,16.465,16.468,16.465,16.468,5
2018.04.10,01:09,16.466,16.467,16.464,16.465,9
2018.04.10,01:14,16.464,16.464,16.459,16.459,11
2018.04.10,01:15,16.461,16.461,16.461,16.461,1
2018.04.10,01:16,16.459,16.466,16.459,16.465,7
2018.04.10,01:17,16.464,16.466,16.464,16.464,3
2018.04.10,01:18,16.462,16.464,16.462,16.464,2
2018.04.10,01:19,16.465,16.465,16.464,16.464,4
2018.04.10,01:20,16.462,16.462,16.459,16.459,5
2018.04.10,01:21,16.461,16.461,16.461,16.461,1
2018.04.10,01:22,16.459,16.465,16.459,16.464,9
2018.04.10,01:23,16.462,16.462,16.459,16.461,5
2018.04.10,01:26,16.462,16.464,16.462,16.464,6
2018.04.10,01:27,16.466,16.466,16.464,16.464,2
2018.04.10,01:28,16.465,16.466,16.464,16.466,4
2018.04.10,01:29,16.464,16.466,16.464,16.464,3
2018.04.10,01:30,16.465,16.470,16.465,16.470,12
2018.04.10,01:31,16.469,16.470,16.468,16.470,6
2018.04.10,01:35,16.473,16.476,16.473,16.475,7
2018.04.10,01:37,16.474,16.475,16.473,16.475,9
2018.04.10,01:38,16.474,16.475,16.474,16.474,7
2018.04.10,01:39,16.475,16.475,16.470,16.470,20
2018.04.10,01:40,16.473,16.475,16.464,16.466,25
2018.04.10,01:41,16.465,16.465,16.465,16.465,1
2018.04.10,01:42,16.467,16.469,16.465,16.465,16
2018.04.10,01:43,16.464,16.466,16.464,16.465,6
2018.04.10,01:44,16.464,16.470,16.464,16.470,12
2018.04.10,01:45,16.468,16.471,16.467,16.470,14
2018.04.10,01:46,16.469,16.475,16.469,16.474,6
2018.04.10,01:47,16.475,16.475,16.475,16.475,1
2018.04.10,01:48,16.474,16.475,16.474,16.475,2
2018.04.10,01:49,16.474,16.478,16.474,16.476,7
2018.04.10,01:50,16.475,16.478,16.475,16.475,5
2018.04.10,01:51,16.478,16.478,16.475,16.475,6
2018.04.10,01:52,16.478,16.483,16.478,16.480,6
2018.04.10,01:53,16.479,16.480,16.479,16.480,4
2018.04.10,01:54,16.479,16.479,16.475,16.475,4
2018.04.10,01:57,16.476,16.476,16.475,16.476,3
2018.04.10,01:58,16.475,16.476,16.474,16.476,5
2018.04.10,01:59,16.474,16.477,16.473,16.475,8
2018.04.10,02:00,16.476,16.482,16.475,16.480,14
2018.04.10,02:01,16.479,16.479,16.474,16.475,8
2018.04.10,02:03,16.478,16.481,16.475,16.479,9
2018.04.10,02:04,16.477,16.477,16.471,16.476,17
2018.04.10,02:06,16.478,16.480,16.475,16.479,16
2018.04.10,02:08,16.482,16.490,16.482,16.485,19
2018.04.10,02:09,16.486,16.486,16.485,16.486,7
2018.04.10,02:10,16.485,16.486,16.485,16.486,2
2018.04.10,02:11,16.485,16.486,16.485,16.486,2
2018.04.10,02:12,16.485,16.486,16.485,16.486,4
2018.04.10,02:14,16.488,16.491,16.488,16.490,8
2018.04.10,02:15,16.491,16.491,16.485,16.485,7
2018.04.10,02:16,16.486,16.489,16.485,16.489,26
2018.04.10,02:17,16.490,16.490,16.485,16.485,5
2018.04.10,02:18,16.484,16.485,16.484,16.485,6
2018.04.10,02:19,16.484,16.485,16.480,16.484,10
2018.04.10,02:20,16.485,16.489,16.484,16.489,7
2018.04.10,02:21,16.490,16.490,16.489,16.489,2
2018.04.10,02:22,16.490,16.490,16.489,16.490,3
2018.04.10,02:23,16.489,16.490,16.485,16.489,19
2018.04.10,02:24,16.490,16.496,16.490,16.490,8
2018.04.10,02:25,16.489,16.494,16.489,16.490,7
2018.04.10,02:27,16.489,16.492,16.489,16.490,6
2018.04.10,02:28,16.491,16.494,16.490,16.490,8
2018.04.10,02:29,16.489,16.489,16.489,16.489,1
2018.04.10,02:30,16.492,16.494,16.490,16.490,10
2018.04.10,02:31,16.489,16.489,16.484,16.484,10
2018.04.10,02:32,16.483,16.483,16.483,16.483,1
2018.04.10,02:33,16.484,16.485,16.479,16.484,28
2018.04.10,02:35,16.483,16.484,16.483,16.484,2
2018.04.10,02:37,16.483,16.484,16.483,16.483,3
2018.04.10,02:38,16.484,16.484,16.482,16.484,15
2018.04.10,02:39,16.483,16.484,16.482,16.483,11
2018.04.10,02:40,16.484,16.484,16.482,16.483,14
2018.04.10,02:41,16.484,16.485,16.483,16.484,7
2018.04.10,02:42,16.482,16.484,16.481,16.483,10
2018.04.10,02:43,16.482,16.483,16.481,16.482,9
2018.04.10,02:44,16.484,16.485,16.479,16.483,25
2018.04.10,02:45,16.482,16.484,16.482,16.484,13
2018.04.10,02:46,16.483,16.484,16.483,16.484,10
2018.04.10,02:47,16.483,16.490,16.483,16.489,7
2018.04.10,02:48,16.488,16.490,16.484,16.488,9
2018.04.10,02:49,16.492,16.494,16.492,16.493,5
2018.04.10,02:50,16.494,16.500,16.494,16.498,14
2018.04.10,02:51,16.501,16.503,16.497,16.503,19
2018.04.10,02:52,16.502,16.503,16.497,16.498,13
2018.04.10,02:53,16.500,16.503,16.498,16.502,21
2018.04.10,02:54,16.503,16.509,16.502,16.507,16
2018.04.10,02:55,16.506,16.507,16.503,16.503,8
2018.04.10,02:56,16.504,16.506,16.498,16.498,20
2018.04.10,02:57,16.499,16.502,16.496,16.496,18
2018.04.10,02:58,16.495,16.497,16.491,16.497,8
2018.04.10,02:59,16.496,16.503,16.496,16.496,16
2018.04.10,03:00,16.499,16.502,16.493,16.493,31
2018.04.10,03:01,16.491,16.497,16.491,16.493,20
2018.04.10,03:02,16.491,16.491,16.486,16.488,9
2018.04.10,03:03,16.486,16.488,16.485,16.487,6
2018.04.10,03:04,16.489,16.495,16.489,16.491,14
2018.04.10,03:05,16.490,16.491,16.490,16.491,8
2018.04.10,03:06,16.490,16.491,16.490,16.490,11
2018.04.10,03:07,16.491,16.491,16.490,16.490,8
2018.04.10,03:08,16.493,16.494,16.490,16.490,4
2018.04.10,03:09,16.489,16.490,16.486,16.486,15
2018.04.10,03:10,16.485,16.491,16.485,16.490,5
2018.04.10,03:11,16.489,16.491,16.486,16.490,16
2018.04.10,03:12,16.488,16.488,16.484,16.486,10
2018.04.10,03:13,16.485,16.487,16.484,16.486,23
2018.04.10,03:14,16.485,16.487,16.485,16.486,4
2018.04.10,03:15,16.485,16.492,16.485,16.491,7
2018.04.10,03:16,16.490,16.492,16.480,16.481,19
2018.04.10,03:17,16.480,16.482,16.476,16.476,7
2018.04.10,03:18,16.475,16.478,16.475,16.478,10
2018.04.10,03:19,16.476,16.484,16.476,16.483,6
2018.04.10,03:20,16.481,16.493,16.481,16.493,33
2018.04.10,03:21,16.492,16.493,16.486,16.486,10
2018.04.10,03:22,16.490,16.493,16.483,16.483,22
2018.04.10,03:23,16.482,16.483,16.481,16.483,4
2018.04.10,03:24,16.482,16.487,16.482,16.483,7
2018.04.10,03:25,16.481,16.483,16.478,16.478,14
2018.04.10,03:26,16.479,16.479,16.473,16.473,6
2018.04.10,03:27,16.471,16.474,16.466,16.473,20
2018.04.10,03:28,16.476,16.480,16.476,16.477,8
2018.04.10,03:29,16.476,16.479,16.473,16.476,24
2018.04.10,03:30,16.475,16.481,16.473,16.478,16
2018.04.10,03:31,16.481,16.483,16.477,16.477,12
2018.04.10,03:32,16.480,16.482,16.476,16.481,20
2018.04.10,03:33,16.482,16.483,16.478,16.478,12
2018.04.10,03:34,16.477,16.477,16.477,16.477,1
2018.04.10,03:35,16.476,16.476,16.473,16.473,3
2018.04.10,03:36,16.474,16.479,16.474,16.477,7
2018.04.10,03:38,16.480,16.482,16.478,16.478,6
2018.04.10,03:39,16.477,16.477,16.473,16.473,28
2018.04.10,03:40,16.472,16.472,16.472,16.472,1
2018.04.10,03:41,16.469,16.469,16.466,16.466,7
2018.04.10,03:42,16.467,16.473,16.466,16.471,50
2018.04.10,03:43,16.467,16.473,16.466,16.466,28
2018.04.10,03:44,16.470,16.473,16.467,16.471,15
2018.04.10,03:45,16.470,16.473,16.466,16.466,25
2018.04.10,03:46,16.464,16.464,16.457,16.457,11
2018.04.10,03:47,16.456,16.462,16.456,16.461,24
2018.04.10,03:48,16.462,16.462,16.457,16.461,24
2018.04.10,03:49,16.462,16.467,16.461,16.464,13
2018.04.10,03:50,16.462,16.467,16.462,16.467,10
2018.04.10,03:51,16.466,16.467,16.466,16.467,4
2018.04.10,03:52,16.466,16.468,16.466,16.466,5
2018.04.10,03:53,16.467,16.468,16.462,16.462,8
2018.04.10,03:54,16.464,16.467,16.462,16.462,9
2018.04.10,03:55,16.464,16.467,16.462,16.462,16
2018.04.10,03:56,16.465,16.467,16.462,16.462,9
2018.04.10,03:57,16.465,16.465,16.461,16.462,5
2018.04.10,03:58,16.461,16.462,16.453,16.453,26
2018.04.10,03:59,16.455,16.463,16.455,16.456,17
2018.04.10,04:00,16.457,16.458,16.453,16.453,23
2018.04.10,04:01,16.456,16.458,16.456,16.457,6
2018.04.10,04:02,16.458,16.462,16.458,16.462,10
2018.04.10,04:03,16.461,16.462,16.456,16.456,12
2018.04.10,04:04,16.458,16.458,16.440,16.452,31
2018.04.10,04:05,16.453,16.459,16.453,16.457,10
2018.04.10,04:06,16.459,16.459,16.452,16.457,33
2018.04.10,04:07,16.456,16.458,16.452,16.452,27
2018.04.10,04:08,16.455,16.459,16.452,16.452,20
2018.04.10,04:09,16.453,16.453,16.453,16.453,1
2018.04.10,04:10,16.452,16.452,16.447,16.447,4
2018.04.10,04:11,16.448,16.452,16.447,16.449,7
2018.04.10,04:12,16.448,16.454,16.447,16.448,18
2018.04.10,04:13,16.450,16.454,16.447,16.448,25
2018.04.10,04:14,16.451,16.454,16.448,16.453,22
2018.04.10,04:15,16.451,16.451,16.447,16.448,6
2018.04.10,04:16,16.449,16.450,16.442,16.450,46
2018.04.10,04:17,16.448,16.456,16.444,16.455,13
2018.04.10,04:18,16.456,16.459,16.449,16.455,43
2018.04.10,04:19,16.454,16.455,16.453,16.455,27
2018.04.10,04:20,16.454,16.454,16.453,16.454,9
2018.04.10,04:21,16.455,16.464,16.455,16.464,16
2018.04.10,04:22,16.462,16.464,16.459,16.462,52
2018.04.10,04:23,16.463,16.464,16.462,16.463,14
2018.04.10,04:24,16.464,16.464,16.459,16.459,10
2018.04.10,04:25,16.460,16.460,16.454,16.459,33
2018.04.10,04:26,16.461,16.463,16.459,16.459,5
2018.04.10,04:27,16.460,16.463,16.459,16.460,25
2018.04.10,04:28,16.459,16.460,16.459,16.459,3
2018.04.10,04:29,16.458,16.459,16.458,16.459,2
2018.04.10,04:30,16.460,16.470,16.459,16.463,20
2018.04.10,04:31,16.465,16.470,16.464,16.464,12
2018.04.10,04:32,16.466,16.467,16.464,16.464,7
2018.04.10,04:33,16.466,16.467,16.464,16.465,21
2018.04.10,04:34,16.467,16.470,16.467,16.470,5
2018.04.10,04:35,16.469,16.470,16.469,16.470,2
2018.04.10,04:36,16.468,16.470,16.468,16.469,3
2018.04.10,04:37,16.472,16.474,16.467,16.469,15
2018.04.10,04:38,16.468,16.468,16.463,16.464,11
2018.04.10,04:39,16.463,16.466,16.459,16.465,23
2018.04.10,04:40,16.464,16.465,16.464,16.465,4
2018.04.10,04:41,16.469,16.470,16.464,16.464,11
2018.04.10,04:42,16.466,16.470,16.464,16.465,21
2018.04.10,04:43,16.464,16.466,16.464,16.466,6
2018.04.10,04:44,16.464,16.466,16.463,16.464,10
2018.04.10,04:45,16.465,16.465,16.463,16.465,10
2018.04.10,04:46,16.463,16.465,16.463,16.465,6
2018.04.10,04:49,16.468,16.469,16.468,16.469,2
2018.04.10,04:50,16.470,16.470,16.470,16.470,1
2018.04.10,04:51,16.466,16.467,16.465,16.467,7
2018.04.10,04:52,16.465,16.471,16.465,16.466,20
2018.04.10,04:53,16.468,16.471,16.465,16.466,12
2018.04.10,04:54,16.467,16.471,16.466,16.466,15
2018.04.10,04:55,16.468,16.471,16.468,16.471,14
2018.04.10,04:56,16.470,16.470,16.469,16.470,3
2018.04.10,04:57,16.469,16.471,16.466,16.470,21
2018.04.10,04:58,16.469,16.471,16.465,16.465,7
2018.04.10,04:59,16.466,16.466,16.465,16.465,2
2018.04.10,05:00,16.464,16.464,16.460,16.460,9
2018.04.10,05:01,16.459,16.461,16.456,16.461,15
2018.04.10,05:02,16.459,16.461,16.455,16.459,11
2018.04.10,05:03,16.463,16.463,16.456,16.456,11
2018.04.10,05:04,16.459,16.459,16.456,16.459,3
2018.04.10,05:05,16.455,16.455,16.451,16.453,7
2018.04.10,05:06,16.455,16.456,16.451,16.451,7
2018.04.10,05:07,16.452,16.458,16.451,16.453,12
2018.04.10,05:08,16.451,16.456,16.451,16.453,9
2018.04.10,05:09,16.456,16.457,16.452,16.452,6
2018.04.10,05:10,16.453,16.456,16.453,16.456,9
2018.04.10,05:11,16.455,16.457,16.454,16.456,8
2018.04.10,05:12,16.455,16.456,16.453,16.456,11
2018.04.10,05:13,16.454,16.456,16.453,16.453,8
2018.04.10,05:14,16.455,16.456,16.453,16.453,12
2018.04.10,05:15,16.455,16.455,16.453,16.453,2
2018.04.10,05:18,16.455,16.455,16.453,16.453,2
2018.04.10,05:19,16.455,16.456,16.452,16.452,10
2018.04.10,05:20,16.455,16.456,16.452,16.453,5
2018.04.10,05:23,16.452,16.453,16.452,16.453,2
2018.04.10,05:24,16.452,16.453,16.447,16.452,38
2018.04.10,05:25,16.451,16.451,16.447,16.447,3
2018.04.10,05:26,16.448,16.448,16.441,16.441,7
2018.04.10,05:27,16.442,16.446,16.441,16.442,12
2018.04.10,05:28,16.446,16.447,16.446,16.447,2
2018.04.10,05:29,16.448,16.448,16.448,16.448,1
2018.04.10,05:30,16.450,16.451,16.446,16.447,12
2018.04.10,05:31,16.448,16.448,16.446,16.448,5
2018.04.10,05:32,16.447,16.453,16.447,16.447,12
2018.04.10,05:33,16.450,16.451,16.446,16.447,35
2018.04.10,05:34,16.448,16.451,16.443,16.443,17
2018.04.10,05:35,16.445,16.446,16.438,16.438,49
2018.04.10,05:36,16.441,16.444,16.438,16.438,18
2018.04.10,05:37,16.439,16.443,16.436,16.438,17
2018.04.10,05:38,16.435,16.438,16.432,16.434,15
2018.04.10,05:39,16.432,16.434,16.432,16.433,16
2018.04.10,05:40,16.434,16.434,16.418,16.424,11
2018.04.10,05:41,16.425,16.429,16.425,16.429,9
2018.04.10,05:42,16.428,16.429,16.428,16.429,6
2018.04.10,05:43,16.430,16.434,16.427,16.427,27
2018.04.10,05:44,16.429,16.429,16.423,16.427,27
2018.04.10,05:45,16.429,16.429,16.418,16.418,24
2018.04.10,05:46,16.421,16.424,16.418,16.420,32
2018.04.10,05:47,16.425,16.427,16.424,16.425,6
2018.04.10,05:48,16.426,16.433,16.426,16.432,9
2018.04.10,05:49,16.431,16.434,16.427,16.434,8
2018.04.10,05:50,16.433,16.434,16.433,16.434,2
2018.04.10,05:51,16.433,16.435,16.433,16.434,14
2018.04.10,05:52,16.435,16.435,16.433,16.433,3
2018.04.10,05:53,16.434,16.438,16.433,16.435,8
2018.04.10,05:54,16.436,16.436,16.435,16.435,2
2018.04.10,05:55,16.436,16.436,16.435,16.435,6
2018.04.10,05:56,16.434,16.438,16.434,16.437,6
2018.04.10,05:57,16.438,16.438,16.438,16.438,1
2018.04.10,05:58,16.437,16.439,16.437,16.439,5
2018.04.10,05:59,16.438,16.440,16.438,16.440,7
2018.04.10,06:00,16.442,16.442,16.440,16.441,6
2018.04.10,06:01,16.442,16.442,16.440,16.441,8
2018.04.10,06:02,16.440,16.442,16.440,16.440,19
2018.04.10,06:03,16.441,16.441,16.440,16.441,9
2018.04.10,06:04,16.440,16.442,16.439,16.441,21
2018.04.10,06:05,16.439,16.443,16.439,16.443,26
2018.04.10,06:06,16.440,16.446,16.440,16.445,8
2018.04.10,06:07,16.446,16.446,16.446,16.446,1
2018.04.10,06:10,16.445,16.445,16.441,16.441,7
2018.04.10,06:11,16.443,16.443,16.442,16.442,2
2018.04.10,06:12,16.441,16.441,16.441,16.441,1
2018.04.10,06:14,16.442,16.442,16.441,16.442,3
2018.04.10,06:15,16.441,16.442,16.441,16.441,3
2018.04.10,06:16,16.444,16.447,16.443,16.446,14
2018.04.10,06:17,16.445,16.446,16.445,16.445,11
2018.04.10,06:18,16.446,16.446,16.445,16.446,7
2018.04.10,06:19,16.445,16.446,16.442,16.442,12
2018.04.10,06:20,16.443,16.443,16.441,16.442,8
2018.04.10,06:21,16.443,16.446,16.443,16.443,8
2018.04.10,06:22,16.442,16.446,16.442,16.442,14
2018.04.10,06:23,16.441,16.446,16.441,16.445,7
2018.04.10,06:24,16.444,16.447,16.442,16.442,11
2018.04.10,06:25,16.443,16.447,16.440,16.441,27
2018.04.10,06:26,16.443,16.443,16.440,16.440,3
2018.04.10,06:27,16.444,16.446,16.444,16.445,4
2018.04.10,06:28,16.444,16.445,16.441,16.441,10
2018.04.10,06:29,16.443,16.443,16.440,16.440,12
2018.04.10,06:30,16.441,16.441,16.440,16.440,2
2018.04.10,06:32,16.444,16.446,16.442,16.446,12
2018.04.10,06:33,16.445,16.447,16.443,16.445,11
2018.04.10,06:35,16.447,16.449,16.446,16.446,7
2018.04.10,06:36,16.445,16.447,16.445,16.446,3
2018.04.10,06:37,16.445,16.446,16.445,16.445,3
2018.04.10,06:42,16.446,16.447,16.446,16.447,2
2018.04.10,06:43,16.445,16.447,16.445,16.447,2
2018.04.10,06:44,16.445,16.445,16.445,16.445,1
2018.04.10,06:45,16.443,16.445,16.443,16.445,3
2018.04.10,06:51,16.444,16.444,16.444,16.444,1
2018.04.10,06:52,16.445,16.447,16.444,16.447,6
2018.04.10,06:53,16.449,16.452,16.449,16.451,6
2018.04.10,06:54,16.449,16.452,16.447,16.452,14
2018.04.10,06:55,16.450,16.450,16.446,16.447,5
2018.04.10,06:56,16.445,16.452,16.445,16.450,10
2018.04.10,06:57,16.449,16.452,16.448,16.452,14
2018.04.10,06:58,16.450,16.450,16.450,16.450,1
2018.04.10,06:59,16.452,16.452,16.451,16.451,2
2018.04.10,07:00,16.450,16.452,16.447,16.450,11
2018.04.10,07:01,16.452,16.452,16.450,16.450,5
2018.04.10,07:05,16.451,16.452,16.447,16.447,6
2018.04.10,07:06,16.445,16.448,16.445,16.447,6
2018.04.10,07:07,16.445,16.446,16.442,16.442,7
2018.04.10,07:08,16.441,16.441,16.441,16.441,1
2018.04.10,07:09,16.440,16.443,16.440,16.440,18
2018.04.10,07:10,16.441,16.441,16.440,16.440,4
2018.04.10,07:11,16.441,16.441,16.436,16.436,9
2018.04.10,07:13,16.439,16.439,16.432,16.437,13
2018.04.10,07:14,16.438,16.438,16.426,16.434,16
2018.04.10,07:15,16.432,16.432,16.426,16.426,5
2018.04.10,07:16,16.428,16.429,16.426,16.429,9
2018.04.10,07:17,16.426,16.431,16.425,16.429,12
2018.04.10,07:18,16.427,16.429,16.426,16.426,5
2018.04.10,07:19,16.430,16.434,16.428,16.428,37
2018.04.10,07:20,16.430,16.434,16.430,16.432,7
2018.04.10,07:21,16.431,16.432,16.431,16.432,12
2018.04.10,07:22,16.431,16.432,16.431,16.432,4
2018.04.10,07:24,16.431,16.435,16.428,16.434,25
2018.04.10,07:25,16.432,16.432,16.418,16.428,21
2018.04.10,07:26,16.431,16.432,16.428,16.428,11
2018.04.10,07:27,16.430,16.433,16.427,16.428,17
2018.04.10,07:28,16.427,16.428,16.426,16.426,6
2018.04.10,07:29,16.427,16.429,16.426,16.428,16
2018.04.10,07:30,16.427,16.435,16.423,16.428,26
2018.04.10,07:31,16.427,16.434,16.427,16.434,4
2018.04.10,07:32,16.432,16.434,16.430,16.432,13
2018.04.10,07:33,16.430,16.432,16.429,16.432,5
2018.04.10,07:34,16.431,16.434,16.430,16.434,12
2018.04.10,07:35,16.433,16.434,16.432,16.432,5
2018.04.10,07:37,16.435,16.441,16.435,16.438,10
2018.04.10,07:38,16.440,16.443,16.437,16.437,9
2018.04.10,07:39,16.439,16.443,16.438,16.443,24
2018.04.10,07:40,16.442,16.443,16.438,16.442,22
2018.04.10,07:41,16.441,16.442,16.437,16.437,18
2018.04.10,07:42,16.438,16.443,16.437,16.442,20
2018.04.10,07:43,16.441,16.442,16.440,16.441,7
2018.04.10,07:44,16.442,16.442,16.437,16.437,12
2018.04.10,07:45,16.438,16.442,16.437,16.442,10
2018.04.10,07:46,16.441,16.442,16.440,16.441,4
2018.04.10,07:47,16.442,16.442,16.441,16.441,4
2018.04.10,07:48,16.440,16.441,16.440,16.441,4
2018.04.10,07:51,16.440,16.442,16.436,16.436,8
2018.04.10,07:54,16.435,16.441,16.435,16.441,7
2018.04.10,07:55,16.440,16.441,16.440,16.441,4
2018.04.10,07:57,16.440,16.441,16.436,16.441,19
2018.04.10,07:58,16.439,16.441,16.436,16.441,10
2018.04.10,07:59,16.440,16.441,16.440,16.441,6
2018.04.10,08:00,16.440,16.440,16.432,16.436,18
2018.04.10,08:01,16.435,16.436,16.432,16.435,15
2018.04.10,08:02,16.434,16.435,16.434,16.435,2
2018.04.10,08:03,16.433,16.436,16.429,16.430,20
2018.04.10,08:04,16.429,16.436,16.429,16.435,14
2018.04.10,08:05,16.442,16.442,16.435,16.441,20
2018.04.10,08:06,16.438,16.441,16.436,16.441,19
2018.04.10,08:07,16.439,16.440,16.435,16.435,14
2018.04.10,08:08,16.436,16.437,16.432,16.437,10
2018.04.10,08:09,16.436,16.437,16.431,16.437,29
2018.04.10,08:10,16.435,16.441,16.435,16.436,9
2018.04.10,08:11,16.435,16.441,16.435,16.441,9
2018.04.10,08:12,16.440,16.441,16.437,16.441,6
2018.04.10,08:13,16.440,16.441,16.435,16.436,7
2018.04.10,08:14,16.435,16.437,16.432,16.437,6
2018.04.10,08:15,16.435,16.436,16.431,16.435,14
2018.04.10,08:16,16.433,16.436,16.431,16.436,31
2018.04.10,08:17,16.435,16.435,16.435,16.435,1
2018.04.10,08:18,16.439,16.440,16.439,16.440,4
2018.04.10,08:19,16.438,16.441,16.434,16.435,12
2018.04.10,08:20,16.433,16.442,16.433,16.440,15
2018.04.10,08:21,16.442,16.446,16.440,16.446,19
2018.04.10,08:22,16.443,16.446,16.440,16.440,33
2018.04.10,08:23,16.442,16.446,16.440,16.444,11
2018.04.10,08:24,16.443,16.446,16.443,16.444,14
2018.04.10,08:25,16.445,16.446,16.440,16.446,29
2018.04.10,08:26,16.445,16.446,16.440,16.440,8
2018.04.10,08:27,16.439,16.440,16.439,16.440,4
2018.04.10,08:28,16.438,16.441,16.438,16.440,14
2018.04.10,08:29,16.439,16.440,16.435,16.435,36
2018.04.10,08:30,16.437,16.440,16.435,16.440,17
2018.04.10,08:31,16.439,16.442,16.436,16.440,21
2018.04.10,08:32,16.442,16.445,16.440,16.440,15
2018.04.10,08:33,16.442,16.446,16.440,16.446,12
2018.04.10,08:34,16.444,16.446,16.441,16.444,8
2018.04.10,08:36,16.447,16.453,16.445,16.452,26
2018.04.10,08:37,16.450,16.455,16.449,16.452,44
2018.04.10,08:38,16.453,16.455,16.452,16.453,15
2018.04.10,08:39,16.455,16.455,16.452,16.454,21
2018.04.10,08:40,16.453,16.455,16.452,16.452,46
2018.04.10,08:41,16.453,16.455,16.449,16.449,30
2018.04.10,08:42,16.451,16.455,16.449,16.455,20
2018.04.10,08:43,16.453,16.455,16.452,16.453,10
2018.04.10,08:45,16.452,16.453,16.452,16.453,4
2018.04.10,08:46,16.455,16.455,16.452,16.453,4
2018.04.10,08:47,16.456,16.461,16.455,16.459,12
2018.04.10,08:48,16.457,16.457,16.452,16.452,6
2018.04.10,08:49,16.455,16.455,16.454,16.454,4
2018.04.10,08:50,16.452,16.454,16.451,16.452,12
2018.04.10,08:51,16.451,16.451,16.447,16.447,7
2018.04.10,08:52,16.448,16.448,16.444,16.446,22
2018.04.10,08:53,16.447,16.450,16.447,16.448,11
2018.04.10,08:54,16.447,16.456,16.447,16.452,30
2018.04.10,08:55,16.451,16.452,16.447,16.451,10
2018.04.10,08:56,16.453,16.458,16.451,16.455,28
2018.04.10,08:57,16.456,16.457,16.451,16.451,8
2018.04.10,08:58,16.454,16.457,16.451,16.451,18
2018.04.10,08:59,16.454,16.457,16.451,16.456,17
2018.04.10,09:00,16.455,16.455,16.448,16.452,15
2018.04.10,09:01,16.453,16.453,16.451,16.452,4
2018.04.10,09:02,16.451,16.453,16.447,16.452,23
2018.04.10,09:03,16.451,16.458,16.451,16.458,9
2018.04.10,09:04,16.456,16.456,16.456,16.456,1
2018.04.10,09:05,16.460,16.464,16.457,16.460,50
2018.04.10,09:06,16.458,16.464,16.457,16.458,78
2018.04.10,09:07,16.460,16.460,16.448,16.448,20
2018.04.10,09:08,16.449,16.450,16.442,16.449,15
2018.04.10,09:09,16.450,16.453,16.447,16.447,10
2018.04.10,09:10,16.448,16.450,16.447,16.447,5
2018.04.10,09:11,16.446,16.449,16.443,16.447,60
2018.04.10,09:12,16.446,16.446,16.442,16.443,6
2018.04.10,09:13,16.442,16.445,16.440,16.440,9
2018.04.10,09:14,16.442,16.446,16.440,16.442,26
2018.04.10,09:15,16.444,16.446,16.440,16.440,68
2018.04.10,09:16,16.442,16.446,16.442,16.444,11
2018.04.10,09:17,16.443,16.448,16.443,16.445,11
2018.04.10,09:18,16.447,16.452,16.446,16.450,19
2018.04.10,09:19,16.449,16.456,16.448,16.456,29
2018.04.10,09:20,16.454,16.466,16.454,16.465,57
2018.04.10,09:21,16.464,16.466,16.460,16.464,38
2018.04.10,09:22,16.467,16.471,16.460,16.460,15
2018.04.10,09:23,16.461,16.465,16.460,16.465,36
2018.04.10,09:24,16.464,16.465,16.463,16.464,17
2018.04.10,09:25,16.465,16.465,16.464,16.464,26
2018.04.10,09:26,16.465,16.465,16.463,16.464,24
2018.04.10,09:27,16.466,16.470,16.466,16.469,22
2018.04.10,09:28,16.470,16.471,16.469,16.470,8
2018.04.10,09:29,16.469,16.471,16.466,16.466,32
2018.04.10,09:30,16.467,16.470,16.467,16.469,6
2018.04.10,09:31,16.470,16.470,16.469,16.469,2
2018.04.10,09:32,16.470,16.473,16.469,16.470,9
2018.04.10,09:33,16.469,16.483,16.469,16.480,18
2018.04.10,09:34,16.479,16.484,16.479,16.480,4
2018.04.10,09:35,16.484,16.489,16.484,16.488,38
2018.04.10,09:36,16.487,16.489,16.479,16.479,38
2018.04.10,09:37,16.480,16.483,16.479,16.481,26
2018.04.10,09:38,16.480,16.486,16.479,16.486,24
2018.04.10,09:39,16.483,16.489,16.481,16.484,51
2018.04.10,09:40,16.483,16.487,16.477,16.482,51
2018.04.10,09:41,16.483,16.487,16.481,16.483,43
2018.04.10,09:42,16.484,16.487,16.481,16.481,17
2018.04.10,09:43,16.480,16.481,16.480,16.481,2
2018.04.10,09:44,16.480,16.480,16.479,16.479,4
2018.04.10,09:46,16.483,16.487,16.481,16.484,22
2018.04.10,09:47,16.483,16.485,16.480,16.480,9
2018.04.10,09:48,16.479,16.480,16.479,16.480,14
2018.04.10,09:49,16.481,16.482,16.478,16.479,11
2018.04.10,09:50,16.478,16.481,16.475,16.475,17
2018.04.10,09:51,16.477,16.491,16.476,16.486,22
2018.04.10,09:52,16.489,16.490,16.484,16.484,7
2018.04.10,09:53,16.485,16.485,16.485,16.485,1
2018.04.10,09:54,16.486,16.487,16.484,16.487,11
2018.04.10,09:55,16.486,16.487,16.481,16.487,22
2018.04.10,09:56,16.485,16.487,16.485,16.487,2
2018.04.10,09:57,16.484,16.492,16.484,16.491,8
2018.04.10,09:58,16.490,16.502,16.486,16.497,58
2018.04.10,09:59,16.495,16.498,16.492,16.497,36
2018.04.10,10:00,16.496,16.497,16.487,16.487,32
2018.04.10,10:01,16.485,16.487,16.483,16.483,25
2018.04.10,10:02,16.481,16.484,16.481,16.484,9
2018.04.10,10:03,16.480,16.485,16.480,16.482,10
2018.04.10,10:04,16.480,16.482,16.476,16.482,41
2018.04.10,10:05,16.480,16.482,16.478,16.480,9
2018.04.10,10:06,16.483,16.488,16.483,16.487,15
2018.04.10,10:07,16.485,16.487,16.481,16.481,31
2018.04.10,10:08,16.480,16.482,16.476,16.482,31
2018.04.10,10:09,16.481,16.485,16.481,16.481,6
2018.04.10,10:10,16.482,16.482,16.481,16.481,2
2018.04.10,10:11,16.484,16.487,16.481,16.481,18
2018.04.10,10:13,16.480,16.482,16.477,16.481,11
2018.04.10,10:14,16.479,16.479,16.471,16.471,14
2018.04.10,10:16,16.472,16.477,16.471,16.477,9
2018.04.10,10:17,16.476,16.476,16.476,16.476,1
2018.04.10,10:18,16.475,16.478,16.473,16.476,7
2018.04.10,10:19,16.478,16.483,16.477,16.483,12
2018.04.10,10:20,16.481,16.481,16.472,16.472,28
2018.04.10,10:21,16.474,16.475,16.467,16.472,20
2018.04.10,10:22,16.470,16.473,16.466,16.467,37
2018.04.10,10:23,16.466,16.473,16.465,16.471,31
2018.04.10,10:24,16.472,16.472,16.467,16.472,37
2018.04.10,10:25,16.471,16.471,16.465,16.466,9
2018.04.10,10:26,16.465,16.467,16.465,16.466,17
2018.04.10,10:27,16.465,16.473,16.465,16.472,12
2018.04.10,10:28,16.470,16.478,16.470,16.471,16
2018.04.10,10:29,16.470,16.473,16.457,16.461,51
2018.04.10,10:30,16.463,16.466,16.457,16.462,62
2018.04.10,10:31,16.460,16.463,16.457,16.463,29
2018.04.10,10:32,16.461,16.470,16.461,16.470,28
2018.04.10,10:33,16.468,16.478,16.467,16.476,54
2018.04.10,10:34,16.475,16.478,16.474,16.478,10
2018.04.10,10:35,16.475,16.483,16.475,16.481,32
2018.04.10,10:36,16.483,16.483,16.477,16.480,30
2018.04.10,10:37,16.482,16.483,16.481,16.483,7
2018.04.10,10:38,16.480,16.480,16.479,16.479,8
2018.04.10,10:39,16.480,16.488,16.479,16.488,9
2018.04.10,10:40,16.487,16.488,16.482,16.482,18
2018.04.10,10:41,16.481,16.481,16.480,16.480,4
2018.04.10,10:42,16.481,16.488,16.480,16.480,19
2018.04.10,10:43,16.481,16.483,16.475,16.475,13
2018.04.10,10:45,16.476,16.476,16.476,16.476,1
2018.04.10,10:46,16.475,16.483,16.475,16.477,11
2018.04.10,10:47,16.478,16.484,16.478,16.483,12
2018.04.10,10:48,16.481,16.481,16.476,16.476,31
2018.04.10,10:49,16.477,16.482,16.477,16.480,9
2018.04.10,10:50,16.479,16.487,16.479,16.487,18
2018.04.10,10:51,16.488,16.492,16.485,16.487,24
2018.04.10,10:52,16.485,16.489,16.485,16.487,5
2018.04.10,10:53,16.488,16.488,16.484,16.485,7
2018.04.10,10:55,16.487,16.487,16.484,16.487,5
2018.04.10,10:56,16.485,16.487,16.481,16.481,30
2018.04.10,10:57,16.480,16.492,16.480,16.492,20
2018.04.10,10:58,16.489,16.497,16.489,16.497,4
2018.04.10,10:59,16.499,16.502,16.497,16.501,21
2018.04.10,11:00,16.502,16.502,16.497,16.502,34
2018.04.10,11:01,16.500,16.502,16.497,16.497,47
2018.04.10,11:02,16.495,16.502,16.494,16.502,39
2018.04.10,11:03,16.500,16.502,16.494,16.494,22
2018.04.10,11:04,16.495,16.497,16.495,16.495,5
2018.04.10,11:05,16.494,16.511,16.493,16.511,35
2018.04.10,11:06,16.509,16.511,16.504,16.504,38
2018.04.10,11:07,16.503,16.505,16.499,16.499,22
2018.04.10,11:08,16.497,16.499,16.497,16.499,2
2018.04.10,11:09,16.497,16.499,16.497,16.499,2
2018.04.10,11:11,16.497,16.500,16.495,16.500,15
2018.04.10,11:12,16.498,16.500,16.498,16.498,15
2018.04.10,11:13,16.499,16.499,16.490,16.490,15
2018.04.10,11:14,16.489,16.492,16.489,16.490,7
2018.04.10,11:15,16.489,16.490,16.488,16.488,6
2018.04.10,11:16,16.487,16.489,16.487,16.487,13
2018.04.10,11:17,16.488,16.490,16.487,16.489,6
2018.04.10,11:18,16.487,16.489,16.485,16.485,13
2018.04.10,11:19,16.484,16.489,16.484,16.489,6
2018.04.10,11:20,16.492,16.494,16.489,16.493,15
2018.04.10,11:21,16.492,16.493,16.488,16.489,21
2018.04.10,11:22,16.493,16.494,16.489,16.493,18
2018.04.10,11:23,16.494,16.494,16.492,16.493,10
2018.04.10,11:24,16.496,16.499,16.493,16.498,11
2018.04.10,11:25,16.497,16.499,16.496,16.498,13
2018.04.10,11:26,16.497,16.502,16.497,16.498,9
2018.04.10,11:27,16.497,16.499,16.494,16.499,6
2018.04.10,11:28,16.498,16.498,16.498,16.498,1
2018.04.10,11:29,16.497,16.498,16.497,16.497,3
2018.04.10,11:30,16.498,16.498,16.497,16.497,2
2018.04.10,11:31,16.498,16.498,16.497,16.498,3
2018.04.10,11:32,16.497,16.498,16.497,16.497,3
2018.04.10,11:33,16.498,16.499,16.496,16.497,6
2018.04.10,11:34,16.496,16.497,16.496,16.497,6
2018.04.10,11:35,16.498,16.498,16.492,16.492,9
2018.04.10,11:37,16.493,16.494,16.487,16.493,13
2018.04.10,11:39,16.492,16.494,16.492,16.492,7
2018.04.10,11:40,16.496,16.499,16.492,16.492,10
2018.04.10,11:41,16.493,16.493,16.488,16.488,5
2018.04.10,11:42,16.487,16.488,16.487,16.488,4
2018.04.10,11:43,16.487,16.488,16.485,16.485,4
2018.04.10,11:44,16.483,16.484,16.481,16.483,17
2018.04.10,11:46,16.482,16.483,16.482,16.483,4
2018.04.10,11:47,16.482,16.484,16.480,16.480,16
2018.04.10,11:48,16.478,16.480,16.476,16.479,11
2018.04.10,11:49,16.478,16.479,16.476,16.478,8
2018.04.10,11:51,16.476,16.479,16.476,16.478,5
2018.04.10,11:52,16.476,16.476,16.473,16.473,2
2018.04.10,11:53,16.476,16.479,16.476,16.478,11
2018.04.10,11:54,16.476,16.479,16.476,16.478,4
2018.04.10,11:55,16.481,16.485,16.480,16.480,14
2018.04.10,11:56,16.478,16.480,16.473,16.480,12
2018.04.10,11:57,16.478,16.480,16.475,16.476,22
2018.04.10,11:58,16.475,16.480,16.475,16.476,26
2018.04.10,11:59,16.475,16.480,16.475,16.480,18
2018.04.10,12:00,16.478,16.481,16.478,16.480,4
2018.04.10,12:01,16.478,16.478,16.477,16.478,3
2018.04.10,12:02,16.477,16.480,16.473,16.480,12
2018.04.10,12:03,16.478,16.478,16.473,16.473,4
2018.04.10,12:04,16.476,16.485,16.475,16.485,46
2018.04.10,12:05,16.483,16.483,16.483,16.483,1
2018.04.10,12:06,16.482,16.485,16.478,16.482,19
2018.04.10,12:08,16.485,16.490,16.484,16.490,28
2018.04.10,12:09,16.488,16.495,16.485,16.493,57
2018.04.10,12:10,16.491,16.492,16.487,16.487,16
2018.04.10,12:13,16.488,16.494,16.487,16.492,9
2018.04.10,12:14,16.491,16.494,16.491,16.492,7
2018.04.10,12:15,16.491,16.494,16.489,16.494,20
2018.04.10,12:16,16.492,16.495,16.490,16.491,14
2018.04.10,12:17,16.489,16.493,16.487,16.487,12
2018.04.10,12:18,16.488,16.490,16.484,16.485,26
2018.04.10,12:19,16.483,16.483,16.478,16.480,24
2018.04.10,12:20,16.478,16.480,16.478,16.478,5
2018.04.10,12:21,16.481,16.483,16.478,16.478,9
2018.04.10,12:22,16.480,16.480,16.478,16.478,2
2018.04.10,12:24,16.480,16.482,16.480,16.481,3
2018.04.10,12:25,16.482,16.484,16.477,16.481,12
2018.04.10,12:26,16.479,16.479,16.479,16.479,1
2018.04.10,12:29,16.478,16.481,16.478,16.479,6
2018.04.10,12:30,16.480,16.482,16.477,16.481,15
2018.04.10,12:31,16.480,16.487,16.480,16.485,8
2018.04.10,12:33,16.486,16.487,16.482,16.482,9
2018.04.10,12:34,16.480,16.482,16.480,16.482,2
2018.04.10,12:35,16.480,16.480,16.480,16.480,1
2018.04.10,12:36,16.484,16.487,16.482,16.486,27
2018.04.10,12:37,16.487,16.487,16.482,16.482,14
2018.04.10,12:38,16.481,16.487,16.481,16.487,8
2018.04.10,12:39,16.486,16.488,16.485,16.488,35
2018.04.10,12:40,16.486,16.486,16.481,16.483,6
2018.04.10,12:41,16.481,16.488,16.481,16.486,19
2018.04.10,12:42,16.489,16.493,16.484,16.489,28
2018.04.10,12:43,16.487,16.489,16.481,16.488,22
2018.04.10,12:44,16.489,16.493,16.488,16.493,18
2018.04.10,12:45,16.491,16.493,16.488,16.488,10
2018.04.10,12:46,16.491,16.492,16.485,16.486,14
2018.04.10,12:47,16.484,16.488,16.481,16.481,13
2018.04.10,12:48,16.483,16.489,16.481,16.489,13
2018.04.10,12:49,16.485,16.489,16.480,16.484,16
2018.04.10,12:50,16.481,16.489,16.481,16.481,9
2018.04.10,12:51,16.482,16.489,16.481,16.483,21
2018.04.10,12:52,16.485,16.489,16.485,16.486,14
2018.04.10,12:53,16.487,16.487,16.483,16.483,18
2018.04.10,12:54,16.482,16.486,16.482,16.483,13
2018.04.10,12:55,16.482,16.482,16.482,16.482,1
2018.04.10,12:56,16.480,16.484,16.478,16.478,20
2018.04.10,12:57,16.479,16.484,16.478,16.480,35
2018.04.10,12:58,16.478,16.482,16.478,16.478,15
2018.04.10,12:59,16.480,16.482,16.478,16.481,12
2018.04.10,13:00,16.478,16.481,16.459,16.463,46
2018.04.10,13:01,16.465,16.473,16.465,16.473,8
2018.04.10,13:02,16.475,16.484,16.475,16.484,22
2018.04.10,13:03,16.485,16.489,16.476,16.479,15
2018.04.10,13:04,16.477,16.479,16.473,16.479,27
2018.04.10,13:05,16.477,16.480,16.477,16.478,4
2018.04.10,13:06,16.481,16.484,16.481,16.481,7
2018.04.10,13:07,16.480,16.484,16.473,16.473,32
2018.04.10,13:08,16.475,16.479,16.475,16.478,9
2018.04.10,13:09,16.479,16.484,16.478,16.484,18
2018.04.10,13:10,16.482,16.484,16.481,16.481,12
2018.04.10,13:11,16.483,16.484,16.481,16.483,43
2018.04.10,13:12,16.484,16.484,16.481,16.484,7
2018.04.10,13:13,16.481,16.484,16.481,16.481,7
2018.04.10,13:14,16.482,16.484,16.481,16.481,6
2018.04.10,13:15,16.482,16.484,16.481,16.482,25
2018.04.10,13:16,16.481,16.494,16.481,16.489,34
2018.04.10,13:17,16.488,16.488,16.486,16.487,6
2018.04.10,13:18,16.488,16.493,16.486,16.491,36
2018.04.10,13:19,16.490,16.498,16.490,16.498,14
2018.04.10,13:20,16.496,16.498,16.495,16.495,7
2018.04.10,13:22,16.498,16.502,16.497,16.499,29
2018.04.10,13:23,16.501,16.504,16.498,16.503,9
2018.04.10,13:24,16.501,16.503,16.498,16.498,10
2018.04.10,13:25,16.499,16.502,16.497,16.498,13
2018.04.10,13:26,16.497,16.504,16.497,16.502,8
2018.04.10,13:28,16.505,16.509,16.503,16.503,23
2018.04.10,13:29,16.504,16.509,16.502,16.509,27
2018.04.10,13:30,16.507,16.509,16.503,16.509,46
2018.04.10,13:31,16.511,16.516,16.505,16.508,132
2018.04.10,13:32,16.509,16.525,16.508,16.523,128
2018.04.10,13:33,16.521,16.530,16.518,16.528,111
2018.04.10,13:34,16.530,16.531,16.522,16.526,44
2018.04.10,13:35,16.525,16.536,16.525,16.532,55
2018.04.10,13:36,16.531,16.538,16.528,16.538,69
2018.04.10,13:37,16.537,16.542,16.536,16.540,43
2018.04.10,13:38,16.541,16.547,16.541,16.542,35
2018.04.10,13:39,16.545,16.548,16.542,16.542,62
2018.04.10,13:40,16.541,16.544,16.540,16.541,5
2018.04.10,13:41,16.542,16.542,16.536,16.536,5
2018.04.10,13:42,16.538,16.543,16.532,16.543,45
2018.04.10,13:43,16.541,16.543,16.539,16.543,7
2018.04.10,13:44,16.544,16.547,16.537,16.537,22
2018.04.10,13:45,16.536,16.538,16.532,16.532,15
2018.04.10,13:46,16.530,16.531,16.526,16.528,6
2018.04.10,13:47,16.526,16.532,16.526,16.532,31
2018.04.10,13:48,16.531,16.532,16.527,16.531,31
2018.04.10,13:49,16.534,16.538,16.534,16.536,7
2018.04.10,13:50,16.538,16.542,16.535,16.535,22
2018.04.10,13:51,16.537,16.542,16.535,16.540,12
2018.04.10,13:52,16.542,16.542,16.535,16.537,22
2018.04.10,13:53,16.535,16.538,16.532,16.535,46
2018.04.10,13:54,16.537,16.537,16.532,16.537,31
2018.04.10,13:55,16.535,16.537,16.529,16.529,10
2018.04.10,13:56,16.532,16.532,16.527,16.527,16
2018.04.10,13:57,16.524,16.527,16.512,16.512,22
2018.04.10,13:58,16.514,16.517,16.512,16.517,40
2018.04.10,13:59,16.515,16.517,16.512,16.512,44
2018.04.10,14:00,16.511,16.518,16.507,16.518,20
2018.04.10,14:01,16.519,16.522,16.517,16.520,30
2018.04.10,14:02,16.519,16.522,16.517,16.517,18
2018.04.10,14:03,16.519,16.522,16.517,16.517,27
2018.04.10,14:04,16.518,16.522,16.517,16.522,23
2018.04.10,14:05,16.520,16.526,16.520,16.525,28
2018.04.10,14:06,16.524,16.526,16.520,16.520,32
2018.04.10,14:07,16.521,16.525,16.520,16.525,10
2018.04.10,14:08,16.524,16.524,16.517,16.520,10
2018.04.10,14:10,16.523,16.532,16.523,16.529,40
2018.04.10,14:11,16.532,16.541,16.531,16.541,19
2018.04.10,14:12,16.540,16.546,16.537,16.546,17
2018.04.10,14:13,16.544,16.545,16.541,16.541,10
2018.04.10,14:14,16.543,16.552,16.541,16.541,24
2018.04.10,14:15,16.539,16.547,16.539,16.547,6
2018.04.10,14:16,16.544,16.551,16.544,16.551,17
2018.04.10,14:17,16.549,16.554,16.545,16.545,31
2018.04.10,14:18,16.547,16.555,16.547,16.555,24
2018.04.10,14:19,16.554,16.558,16.551,16.555,36
2018.04.10,14:20,16.556,16.563,16.555,16.555,37
2018.04.10,14:21,16.556,16.566,16.555,16.555,38
2018.04.10,14:22,16.556,16.571,16.555,16.560,51
2018.04.10,14:23,16.556,16.560,16.555,16.555,28
2018.04.10,14:24,16.553,16.560,16.553,16.560,24
2018.04.10,14:25,16.563,16.573,16.560,16.570,27
2018.04.10,14:26,16.572,16.579,16.571,16.577,78
2018.04.10,14:27,16.574,16.579,16.574,16.574,24
2018.04.10,14:28,16.577,16.579,16.574,16.577,29
2018.04.10,14:29,16.579,16.579,16.577,16.578,3
2018.04.10,14:30,16.576,16.580,16.574,16.578,28
2018.04.10,14:31,16.577,16.579,16.577,16.579,15
2018.04.10,14:32,16.578,16.583,16.578,16.581,15
2018.04.10,14:33,16.582,16.596,16.581,16.593,20
2018.04.10,14:34,16.591,16.614,16.588,16.591,41
2018.04.10,14:35,16.590,16.592,16.582,16.582,18
2018.04.10,14:36,16.578,16.582,16.571,16.571,15
2018.04.10,14:37,16.568,16.572,16.565,16.565,21
2018.04.10,14:38,16.568,16.580,16.568,16.576,18
2018.04.10,14:39,16.574,16.574,16.558,16.565,30
2018.04.10,14:40,16.564,16.580,16.551,16.576,46
2018.04.10,14:41,16.574,16.576,16.570,16.571,41
2018.04.10,14:42,16.573,16.577,16.571,16.571,8
2018.04.10,14:43,16.570,16.573,16.561,16.573,38
2018.04.10,14:44,16.576,16.579,16.570,16.571,33
2018.04.10,14:45,16.570,16.570,16.562,16.567,32
2018.04.10,14:46,16.568,16.572,16.566,16.571,20
2018.04.10,14:47,16.569,16.576,16.566,16.572,25
2018.04.10,14:48,16.571,16.578,16.570,16.577,29
2018.04.10,14:49,16.576,16.583,16.571,16.571,14
2018.04.10,14:50,16.574,16.577,16.569,16.569,37
2018.04.10,14:51,16.570,16.572,16.540,16.541,35
2018.04.10,14:52,16.540,16.562,16.536,16.560,58
2018.04.10,14:53,16.561,16.577,16.561,16.575,26
2018.04.10,14:54,16.576,16.581,16.573,16.581,11
2018.04.10,14:55,16.583,16.587,16.576,16.587,34
2018.04.10,14:56,16.585,16.587,16.581,16.587,21
2018.04.10,14:57,16.585,16.587,16.581,16.581,45
2018.04.10,14:58,16.583,16.586,16.579,16.579,18
2018.04.10,14:59,16.580,16.586,16.578,16.580,20
2018.04.10,15:00,16.576,16.576,16.565,16.576,52
2018.04.10,15:01,16.575,16.581,16.570,16.576,62
2018.04.10,15:02,16.575,16.576,16.570,16.575,56
2018.04.10,15:03,16.579,16.581,16.575,16.581,43
2018.04.10,15:04,16.580,16.581,16.570,16.570,30
2018.04.10,15:05,16.574,16.581,16.570,16.580,68
2018.04.10,15:06,16.584,16.585,16.575,16.580,34
2018.04.10,15:07,16.579,16.588,16.575,16.588,25
2018.04.10,15:08,16.591,16.596,16.585,16.586,39
2018.04.10,15:09,16.587,16.602,16.586,16.599,67
2018.04.10,15:10,16.602,16.609,16.595,16.604,106
2018.04.10,15:11,16.602,16.613,16.599,16.610,116
2018.04.10,15:12,16.611,16.616,16.604,16.609,36
2018.04.10,15:13,16.612,16.623,16.607,16.618,52
2018.04.10,15:14,16.624,16.625,16.613,16.613,34
2018.04.10,15:15,16.614,16.626,16.612,16.618,69
2018.04.10,15:16,16.619,16.621,16.616,16.616,13
2018.04.10,15:17,16.617,16.622,16.616,16.621,27
2018.04.10,15:18,16.624,16.627,16.621,16.627,9
2018.04.10,15:19,16.626,16.627,16.622,16.622,15
2018.04.10,15:20,16.619,16.622,16.612,16.612,14
2018.04.10,15:21,16.615,16.617,16.612,16.612,33
2018.04.10,15:22,16.611,16.612,16.611,16.612,2
2018.04.10,15:23,16.610,16.612,16.607,16.612,12
2018.04.10,15:24,16.614,16.617,16.607,16.607,18
2018.04.10,15:25,16.608,16.612,16.607,16.608,46
2018.04.10,15:26,16.611,16.614,16.604,16.604,13
2018.04.10,15:27,16.600,16.613,16.600,16.613,29
2018.04.10,15:28,16.611,16.619,16.609,16.619,10
2018.04.10,15:29,16.617,16.619,16.612,16.612,14
2018.04.10,15:30,16.614,16.625,16.613,16.618,48
2018.04.10,15:31,16.621,16.630,16.614,16.624,45
2018.04.10,15:32,16.626,16.631,16.620,16.628,48
2018.04.10,15:33,16.627,16.631,16.618,16.627,59
2018.04.10,15:34,16.628,16.630,16.619,16.623,67
2018.04.10,15:35,16.624,16.628,16.618,16.627,78
2018.04.10,15:36,16.629,16.635,16.627,16.633,30
2018.04.10,15:37,16.631,16.633,16.621,16.622,21
2018.04.10,15:38,16.621,16.623,16.613,16.613,47
2018.04.10,15:39,16.614,16.617,16.611,16.616,11
2018.04.10,15:40,16.619,16.623,16.616,16.622,48
2018.04.10,15:41,16.621,16.628,16.621,16.622,31
2018.04.10,15:42,16.621,16.622,16.617,16.622,40
2018.04.10,15:43,16.620,16.623,16.612,16.616,57
2018.04.10,15:44,16.615,16.620,16.611,16.616,39
2018.04.10,15:45,16.615,16.617,16.607,16.607,40
2018.04.10,15:46,16.605,16.613,16.605,16.607,13
2018.04.10,15:47,16.610,16.612,16.607,16.612,19
2018.04.10,15:48,16.613,16.613,16.606,16.606,6
2018.04.10,15:49,16.610,16.613,16.603,16.603,48
2018.04.10,15:50,16.602,16.603,16.593,16.596,43
2018.04.10,15:51,16.599,16.601,16.571,16.571,66
2018.04.10,15:52,16.574,16.581,16.571,16.577,42
2018.04.10,15:53,16.576,16.581,16.545,16.550,79
2018.04.10,15:54,16.551,16.556,16.545,16.550,26
2018.04.10,15:55,16.553,16.556,16.549,16.550,26
2018.04.10,15:56,16.549,16.549,16.506,16.512,65
2018.04.10,15:57,16.511,16.517,16.502,16.507,66
